{"nodes_data": [[[0, 1, 2, 3, 4, 5, 6, 7, 8, 9, 10, 11, 12, 13, 14, 15, 16, 17, 18, 19, 20], [15.7, 78.92, 47.37, 79.03, 82.22, 80.82, 83.24, 83.65, 83.88, 84.31, 85.07, 84.95, 84.03, 85.42, 84.19, 85.4, 85.13, 84.59, 85.8, 85.89, 85.82], [0, 0, 0.005560790654271841, 0.0009781429544091225, 0.0008270791149698198, 0.0005156429833732545, 0.0004188041784800589, 0.00036098656710237265, 0.00032352478592656553, 0.0002995275426656008, 0.00027278103516437113, 0.0002633089025039226, 0.00025412722607143223, 0.00025756709510460496, 0.00024338300863746554, 0.00023158034309744835, 0.000235273182624951, 0.00023097287339624017, 0.00022526097018271685, 0.0002307401882717386, 0.00023683950712438673]], [[0, 1, 2, 3, 4, 5, 6, 7, 8, 9, 10, 11, 12, 13, 14, 15, 16, 17, 18, 19, 20], [9.23, 35.29, 78.74, 78.18, 81.14, 82.27, 82.64, 83.06, 83.89, 84.16, 84.96, 85.19, 85.37, 84.91, 85.87, 83.44, 86.21, 86.23, 85.82, 86.32, 86.05], [0, 0.005361340008676052, 0.002620663493871689, 0.002013079822063446, 0.0009487436036579311, 0.000632853654678911, 0.0005156228435225785, 0.00044010733836330473, 0.0004013333818875253, 0.0004023285291623324, 0.0003844959137495607, 0.0003699075314216316, 0.00035415563615970314, 0.0003472183016128838, 0.00035087132710032165, 0.0003393637016415596, 0.00034087823587469757, 0.000334390060743317, 0.00033568005892448127, 0.0003410362114664167, 0.0003530971007421613]]], "msds": [[[0, 1, 2, 3, 4, 5, 6, 7, 8, 9, 10, 11, 12, 13, 14, 15, 16, 17, 18, 19, 20], [15.7, 78.92, 47.37, 79.03, 82.22, 80.82, 83.24, 83.65, 83.88, 84.31, 85.07, 84.95, 84.03, 85.42, 84.19, 85.4, 85.13, 84.59, 85.8, 85.89, 85.82], [0, 0, 0.005560790654271841, 0.0009781429544091225, 0.0008270791149698198, 0.0005156429833732545, 0.0004188041784800589, 0.00036098656710237265, 0.00032352478592656553, 0.0002995275426656008, 0.00027278103516437113, 0.0002633089025039226, 0.00025412722607143223, 0.00025756709510460496, 0.00024338300863746554, 0.00023158034309744835, 0.000235273182624951, 0.00023097287339624017, 0.00022526097018271685, 0.0002307401882717386, 0.00023683950712438673]], [[0, 1, 2, 3, 4, 5, 6, 7, 8, 9, 10, 11, 12, 13, 14, 15, 16, 17, 18, 19, 20], [8.38, 43.36, 78.61, 80.45, 82.7, 80.75, 82.77, 83.92, 83.75, 84.77, 84.65, 84.5, 84.79, 85.38, 84.9, 85.37, 84.87, 84.7, 85.78, 85.5, 85.95], [0, 0.005377671681344509, 0.0015934318071231246, 0.0005725000519305468, 0.0003460303123574704, 0.00018521209130994976, 0.00015279928629752249, 0.00014880789967719465, 0.00014654106053058058, 0.00012755976058542728, 0.00012818152026738971, 0.000134235669975169, 0.0001265774917555973, 0.0001253620139323175, 0.0001344215706922114, 0.00012977833102922887, 0.00013422049232758582, 0.00012579227040987462, 0.00013115898764226586, 0.00013612268958240747, 0.0001422995701432228]]], "alpha": 0.5, "beta": 2.0, "gamma": 0.0, "num_samples": 6000, "node_count": 10, "density": 0.0, "startup_delay": 0.0, "forward_prob": 0}