{"nodes_data": [[[0, 1, 2, 3, 4, 5, 6, 7, 8, 9, 10, 11, 12, 13, 14, 15, 16, 17, 18, 19, 20], [14.2, 32.96, 73.63, 81.44, 83.27, 83.78, 84.02, 84.82, 85.1, 85.01, 84.11, 86.26, 85.02, 86.32, 86.36, 86.53, 86.41, 86.47, 87.14, 86.64, 87.04], [0, 0.005369853228330612, 0.0012045861221849918, 0.0006964702624827623, 0.00031262653646990657, 0.0004061700019519776, 0.00021123223996255547, 8.500417607137933e-05, 7.07160506863147e-05, 6.0605616454267874e-05, 6.606688111787662e-05, 6.721958925481886e-05, 6.42096929368563e-05, 6.116036820458248e-05, 6.851908256066963e-05, 0.0001363470364594832, 0.00013720487186219543, 0.00014636975538451225, 0.00017300934996455908, 0.00014907520380802453, 0.00014183117309585214]], [[0, 1, 2, 3, 4, 5, 6, 7, 8, 9, 10, 11, 12, 13, 14, 15, 16, 17, 18, 19, 20], [13.96, 46.5, 70.74, 81.87, 82.9, 84.44, 84.84, 85.12, 85.03, 85.48, 85.39, 85.69, 86.53, 86.55, 86.39, 86.98, 87.22, 86.84, 87.14, 87.58, 87.14], [0, 0.005350809544324875, 0.001495805219747126, 0.00039291303255595267, 0.00014515360817313194, 0.00014801794895902276, 0.0001837411109590903, 0.00019887923554051667, 0.0001973936741705984, 0.00019756674009840935, 0.00019379518926143646, 0.0002084777079289779, 0.00020802492508664727, 0.00021235941676422954, 0.0002117991680279374, 0.00018805947911459953, 0.00019082220387645066, 0.00018946775526273996, 0.00013460319314617664, 0.00018786583677865565, 0.00016639387467876077]]], "msds": [[[0, 1, 2, 3, 4, 5, 6, 7, 8, 9, 10, 11, 12, 13, 14, 15, 16, 17, 18, 19, 20], [14.2, 32.96, 73.63, 81.44, 83.27, 83.78, 84.02, 84.82, 85.1, 85.01, 84.11, 86.26, 85.02, 86.32, 86.36, 86.53, 86.41, 86.47, 87.14, 86.64, 87.04], [0, 0.005369853228330612, 0.0012045861221849918, 0.0006964702624827623, 0.00031262653646990657, 0.0004061700019519776, 0.00021123223996255547, 8.500417607137933e-05, 7.07160506863147e-05, 6.0605616454267874e-05, 6.606688111787662e-05, 6.721958925481886e-05, 6.42096929368563e-05, 6.116036820458248e-05, 6.851908256066963e-05, 0.0001363470364594832, 0.00013720487186219543, 0.00014636975538451225, 0.00017300934996455908, 0.00014907520380802453, 0.00014183117309585214]], [[0, 1, 2, 3, 4, 5, 6, 7, 8, 9, 10, 11, 12, 13, 14, 15, 16, 17, 18, 19, 20], [11.07, 33.57, 80.34, 81.19, 83.28, 83.78, 84.81, 84.85, 85.62, 85.11, 85.09, 86.18, 85.94, 85.54, 86.89, 86.37, 86.81, 86.29, 86.96, 86.39, 85.68], [0, 0.005383726675063372, 0.0006231459556147456, 0.0006267447606660426, 0.00028491602279245853, 0.0002919020189438015, 0.00027811137260869145, 0.00025625413400121033, 0.0002405668783467263, 0.00035388683318160474, 0.0002294611622346565, 0.00018708885181695223, 0.00016190559836104512, 0.00016618067456874996, 0.00011202234600204974, 0.00011191143858013675, 8.87887945282273e-05, 0.00010157909127883613, 0.00011260350584052503, 9.260686783818528e-05, 8.540766430087388e-05]]], "alpha": 0.0, "beta": 0.0, "gamma": 2.0, "num_samples": 6000, "node_count": 10, "density": 0.0, "startup_delay": 0.0, "forward_prob": 0}