{"nodes_data": [[[0, 1, 2, 3, 4, 5, 6, 7, 8, 9, 10, 11, 12, 13, 14, 15, 16, 17, 18, 19, 20], [9.98, 33.73, 35.01, 69.56, 80.95, 82.15, 81.98, 83.84, 83.92, 84.56, 84.93, 84.86, 85.09, 85.71, 85.36, 86.07, 85.9, 86.03, 85.82, 86.03, 86.59], [0, 0.005371629260480404, 0.0025873982813209295, 0.0017204483738169074, 0.0005223884363658726, 0.00016474940639454871, 0.00014585981261916459, 9.131360275205225e-05, 7.085217657731846e-05, 6.632433360209689e-05, 6.482852768385783e-05, 6.831127393525094e-05, 7.02906254446134e-05, 7.069620914990082e-05, 7.205083966255188e-05, 7.557083881692961e-05, 8.113283547572792e-05, 8.042235276661813e-05, 8.781327778706327e-05, 8.048739982768893e-05, 8.603336027590558e-05]], [[0, 1, 2, 3, 4, 5, 6, 7, 8, 9, 10, 11, 12, 13, 14, 15, 16, 17, 18, 19, 20], [8.08, 20.22, 63.74, 75.46, 80.99, 82.41, 82.47, 83.53, 84.24, 84.41, 85.07, 85.08, 85.57, 85.97, 85.61, 85.93, 86.33, 86.41, 86.24, 86.47, 86.33], [0, 0.005380737129598856, 0.0020036345813423395, 0.0007904128869995475, 0.000354765827069059, 0.00013609023881144822, 9.64565115282312e-05, 8.190675725927576e-05, 6.722516991430894e-05, 6.696714262943715e-05, 6.916571146575734e-05, 7.025850936770439e-05, 7.106764678610489e-05, 7.559296500403434e-05, 7.765628834022209e-05, 7.901230856077746e-05, 8.194567635655403e-05, 9.017252887133509e-05, 8.61455628182739e-05, 8.614409307483584e-05, 8.824195538181812e-05]]], "msds": [[[0, 1, 2, 3, 4, 5, 6, 7, 8, 9, 10, 11, 12, 13, 14, 15, 16, 17, 18, 19, 20], [9.98, 33.73, 35.01, 69.56, 80.95, 82.15, 81.98, 83.84, 83.92, 84.56, 84.93, 84.86, 85.09, 85.71, 85.36, 86.07, 85.9, 86.03, 85.82, 86.03, 86.59], [0, 0.005371629260480404, 0.0025873982813209295, 0.0017204483738169074, 0.0005223884363658726, 0.00016474940639454871, 0.00014585981261916459, 9.131360275205225e-05, 7.085217657731846e-05, 6.632433360209689e-05, 6.482852768385783e-05, 6.831127393525094e-05, 7.02906254446134e-05, 7.069620914990082e-05, 7.205083966255188e-05, 7.557083881692961e-05, 8.113283547572792e-05, 8.042235276661813e-05, 8.781327778706327e-05, 8.048739982768893e-05, 8.603336027590558e-05]], [[0, 1, 2, 3, 4, 5, 6, 7, 8, 9, 10, 11, 12, 13, 14, 15, 16, 17, 18, 19, 20], [11.92, 22.54, 49.72, 80.44, 82.35, 82.99, 83.12, 83.69, 84.07, 84.54, 85.02, 85.31, 85.66, 85.71, 86.09, 85.62, 86.13, 86.12, 86.07, 86.55, 86.64], [0, 0.005373081658035517, 0.002401816425845027, 0.0008100470877252519, 0.00018137841834686697, 0.00013034713629167527, 9.070913802133873e-05, 7.924155943328515e-05, 6.674438918707892e-05, 6.981053593335673e-05, 6.724441482219845e-05, 7.174548227339983e-05, 7.141244714148343e-05, 7.719453424215317e-05, 7.940863724797964e-05, 7.973542233230546e-05, 8.577225526096299e-05, 8.511730993632227e-05, 8.849352889228612e-05, 8.94118202268146e-05, 8.977003017207608e-05]]], "alpha": 1.0, "beta": 2.0, "gamma": 0.0, "num_samples": 6000, "node_count": 10, "density": 0.75, "startup_delay": 0.0, "forward_prob": 0}