{"nodes_data": [[[0, 1, 2, 3, 4, 5, 6, 7, 8, 9, 10, 11, 12, 13, 14, 15, 16, 17, 18, 19, 20], [10.77, 65.54, 63.86, 74.2, 76.8, 82.0, 83.54, 83.96, 83.55, 84.46, 84.97, 84.32, 84.74, 85.61, 85.55, 86.08, 86.41, 85.61, 86.66, 85.93, 86.87], [0, 0.005382879171520472, 0.002011415781453252, 0.00100423872936517, 0.0006322823464870453, 0.0003925264463759959, 0.0002708389365579933, 0.00021505901531782, 0.00018555569113232195, 0.000173825173988007, 0.00015569973038509488, 0.0001641750568524003, 0.00016995462647173554, 0.00015566022193524987, 0.00015087993233464658, 0.0001519664510851726, 0.00015487514610867947, 0.0001618460810277611, 0.00016764832253102213, 0.00015868869377300143, 0.00015568739036098123]], [[0, 1, 2, 3, 4, 5, 6, 7, 8, 9, 10, 11, 12, 13, 14, 15, 16, 17, 18, 19, 20], [12.2, 45.62, 54.22, 59.28, 77.32, 82.39, 82.9, 83.17, 84.25, 84.56, 84.92, 84.6, 84.7, 85.51, 85.68, 86.11, 85.83, 86.44, 86.7, 86.24, 86.83], [0, 0.005387348588556051, 0.00275308801792562, 0.0011311827693134546, 0.0007372602703981102, 0.0004601412219926715, 0.00031495472649112344, 0.00022366143821273, 0.00018711293523665518, 0.00017392054724041373, 0.00016266421880573034, 0.00016339600551873446, 0.00016101408982649446, 0.00015754182823002338, 0.00015122216427698731, 0.00015050379442982376, 0.0001545007253298536, 0.0001575091591803357, 0.00015432527288794518, 0.00015954888658598065, 0.00015646782412659377]]], "msds": [[[0, 1, 2, 3, 4, 5, 6, 7, 8, 9, 10, 11, 12, 13, 14, 15, 16, 17, 18, 19, 20], [10.77, 65.54, 63.86, 74.2, 76.8, 82.0, 83.54, 83.96, 83.55, 84.46, 84.97, 84.32, 84.74, 85.61, 85.55, 86.08, 86.41, 85.61, 86.66, 85.93, 86.87], [0, 0.005382879171520472, 0.002011415781453252, 0.00100423872936517, 0.0006322823464870453, 0.0003925264463759959, 0.0002708389365579933, 0.00021505901531782, 0.00018555569113232195, 0.000173825173988007, 0.00015569973038509488, 0.0001641750568524003, 0.00016995462647173554, 0.00015566022193524987, 0.00015087993233464658, 0.0001519664510851726, 0.00015487514610867947, 0.0001618460810277611, 0.00016764832253102213, 0.00015868869377300143, 0.00015568739036098123]], [[0, 1, 2, 3, 4, 5, 6, 7, 8, 9, 10, 11, 12, 13, 14, 15, 16, 17, 18, 19, 20], [12.61, 73.03, 61.98, 76.45, 79.4, 81.91, 83.93, 83.81, 83.69, 84.63, 83.55, 85.0, 85.71, 85.97, 86.01, 85.84, 86.25, 86.12, 86.75, 86.48, 86.37], [0, 0.005386086646467447, 0.0015835657250136137, 0.0008728942484594882, 0.0005777819897048175, 0.00037010692176409066, 0.0002560573338996619, 0.00020591566863004118, 0.00017619726713746786, 0.0001637786626815796, 0.0001616272929823026, 0.00015941033780109137, 0.00015964727208483964, 0.0001523864921182394, 0.00015260167128872126, 0.0001621885458007455, 0.00015634876035619527, 0.000162165830261074, 0.00016540123033337295, 0.00016336946282535791, 0.00015671963046770543]]], "alpha": 0.5, "beta": 1.0, "gamma": 3.0, "num_samples": 6000, "node_count": 10, "density": 1.0, "startup_delay": 0.0, "forward_prob": 0}