{"nodes_data": [[[0, 1, 2, 3, 4, 5, 6, 7, 8, 9, 10, 11, 12, 13, 14, 15, 16, 17, 18, 19, 20], [10.39, 12.34, 49.1, 58.84, 66.99, 68.15, 67.75, 65.3, 67.34, 63.26, 70.67, 70.74, 67.39, 62.45, 66.75, 68.55, 65.83, 72.4, 81.37, 82.23, 82.37], [0, 0.005385947413742542, 0.002750766696408391, 0.0024963144678622484, 0.0024820901453495026, 0.0024662769865244627, 0.002443288918584585, 0.0024491872172802687, 0.0024568531662225723, 0.0024708504788577557, 0.002479149028658867, 0.0024821588303893805, 0.002485326724126935, 0.002479728776961565, 0.002480912022292614, 0.002495391760021448, 0.002473006257787347, 0.002493067877367139, 0.0006633847369812429, 0.000608102127443999, 0.0006193293374963105]], [[0, 1, 2, 3, 4, 5, 6, 7, 8, 9, 10, 11, 12, 13, 14, 15, 16, 17, 18, 19, 20], [11.12, 65.54, 81.16, 82.09, 82.65, 83.94, 84.33, 83.59, 84.53, 84.78, 84.94, 85.52, 85.94, 85.51, 85.84, 85.87, 86.21, 85.66, 86.24, 85.79, 86.53], [0, 0.005361570976674557, 0.0007595044444315135, 0.00017023544933181256, 0.00012886633339803666, 0.00010901265341090038, 9.112789848586544e-05, 6.833647057646886e-05, 6.540729373227805e-05, 6.817288522142917e-05, 6.738099182257429e-05, 7.546056440332904e-05, 5.6861917983042076e-05, 5.863051046617329e-05, 6.394430238287896e-05, 5.8163495850749314e-05, 4.9898455472430214e-05, 5.062152195023373e-05, 5.9117279306519777e-05, 9.179628250421956e-05, 9.56955409492366e-05]]], "msds": [[[0, 1, 2, 3, 4, 5, 6, 7, 8, 9, 10, 11, 12, 13, 14, 15, 16, 17, 18, 19, 20], [10.39, 12.34, 49.1, 58.84, 66.99, 68.15, 67.75, 65.3, 67.34, 63.26, 70.67, 70.74, 67.39, 62.45, 66.75, 68.55, 65.83, 72.4, 81.37, 82.23, 82.37], [0, 0.005385947413742542, 0.002750766696408391, 0.0024963144678622484, 0.0024820901453495026, 0.0024662769865244627, 0.002443288918584585, 0.0024491872172802687, 0.0024568531662225723, 0.0024708504788577557, 0.002479149028658867, 0.0024821588303893805, 0.002485326724126935, 0.002479728776961565, 0.002480912022292614, 0.002495391760021448, 0.002473006257787347, 0.002493067877367139, 0.0006633847369812429, 0.000608102127443999, 0.0006193293374963105]], [[0, 1, 2, 3, 4, 5, 6, 7, 8, 9, 10, 11, 12, 13, 14, 15, 16, 17, 18, 19, 20], [16.22, 55.11, 81.99, 83.33, 83.79, 83.6, 84.6, 83.34, 84.95, 85.01, 85.45, 86.25, 86.05, 85.82, 85.16, 85.32, 86.17, 86.46, 85.19, 86.46, 85.87], [0, 0.00390756968408823, 0.0007362936157733202, 0.0003631112340372056, 0.0002614248951431364, 0.00021220548660494387, 9.183376096189022e-05, 5.16539512318559e-05, 5.2332819905132055e-05, 5.147816409589723e-05, 5.177511047804728e-05, 5.105843229102902e-05, 4.670147245633416e-05, 7.318022107938305e-05, 7.474550511687994e-05, 8.04901501396671e-05, 7.553293835371733e-05, 9.737585787661374e-05, 8.852372411638498e-05, 6.818597466917709e-05, 8.659994637127966e-05]]], "alpha": 0.7, "beta": 2.0, "gamma": 5.0, "num_samples": 6000, "node_count": 10, "density": 0.0, "startup_delay": 0.0, "forward_prob": 0}