{"nodes_data": [[[0, 1, 2, 3, 4, 5, 6, 7, 8, 9, 10, 11, 12, 13, 14, 15, 16, 17, 18, 19, 20], [8.88, 38.76, 76.48, 80.22, 81.81, 83.58, 83.91, 84.44, 84.3, 85.03, 84.51, 85.28, 86.09, 86.4, 85.81, 86.24, 86.49, 87.02, 86.93, 87.24, 87.12], [0, 0.005364489275962114, 0.0029162161517888308, 0.0027972166426479816, 0.002739476505666971, 0.0028234468773007393, 0.0008947511669248343, 0.0003654695756267756, 0.0001347606157651171, 0.00011196907871635631, 0.0001594362547621131, 0.00018270942382514477, 0.0001475597673561424, 0.000158073497004807, 0.00019947128021158278, 0.00018454344535712153, 0.0001369578967569396, 0.00010320277942810208, 0.00010353238030802459, 9.637699258746579e-05, 7.914583693491295e-05]], [[0, 1, 2, 3, 4, 5, 6, 7, 8, 9, 10, 11, 12, 13, 14, 15, 16, 17, 18, 19, 20], [12.55, 37.57, 79.48, 81.39, 81.69, 83.09, 84.2, 83.6, 84.02, 83.26, 83.91, 84.07, 85.89, 86.45, 86.43, 84.43, 85.76, 86.09, 86.71, 85.54, 87.1], [0, 0.005364602897316217, 0.003730867523699999, 0.0034767459146678448, 0.0033589026425033808, 0.003415455110371113, 0.003476393176242709, 0.0033075842075049877, 0.002515573287382722, 0.0015978501178324223, 0.0009344659047201276, 0.00016595823399256915, 5.694722131011076e-05, 5.77432983845938e-05, 5.6238921388285235e-05, 0, 6.815572851337492e-05, 0.00011974674998782575, 0.00012471977970562875, 0.00012881529983133078, 0.0001303055032622069]]], "msds": [[[0, 1, 2, 3, 4, 5, 6, 7, 8, 9, 10, 11, 12, 13, 14, 15, 16, 17, 18, 19, 20], [8.88, 38.76, 76.48, 80.22, 81.81, 83.58, 83.91, 84.44, 84.3, 85.03, 84.51, 85.28, 86.09, 86.4, 85.81, 86.24, 86.49, 87.02, 86.93, 87.24, 87.12], [0, 0.005364489275962114, 0.0029162161517888308, 0.0027972166426479816, 0.002739476505666971, 0.0028234468773007393, 0.0008947511669248343, 0.0003654695756267756, 0.0001347606157651171, 0.00011196907871635631, 0.0001594362547621131, 0.00018270942382514477, 0.0001475597673561424, 0.000158073497004807, 0.00019947128021158278, 0.00018454344535712153, 0.0001369578967569396, 0.00010320277942810208, 0.00010353238030802459, 9.637699258746579e-05, 7.914583693491295e-05]], [[0, 1, 2, 3, 4, 5, 6, 7, 8, 9, 10, 11, 12, 13, 14, 15, 16, 17, 18, 19, 20], [10.27, 79.36, 80.88, 80.08, 79.92, 83.17, 83.18, 84.22, 84.49, 83.11, 85.0, 83.31, 85.58, 85.08, 85.86, 84.85, 84.33, 84.99, 84.64, 85.84, 85.83], [0, 0.005366862751543522, 0.004557244945317507, 0.0035384087823331356, 0.0034277616068720818, 0.0033020740374922752, 0.0012258655624464154, 0.0005832243477925658, 0.00031239178497344255, 0.00020049363956786692, 8.911991608329117e-05, 7.272247603395954e-05, 3.449044015724212e-05, 4.155346687184647e-05, 0, 5.26119620190002e-05, 6.411404319806024e-05, 0.00014296390872914344, 9.357387170894071e-05, 6.536229193443432e-05, 6.84299084241502e-05]]], "alpha": 1.0, "beta": 0.5, "gamma": 5.0, "num_samples": 6000, "node_count": 10, "density": 0.0, "startup_delay": 0.0, "forward_prob": 0}