{"nodes_data": [[[0, 1, 2, 3, 4, 5, 6, 7, 8, 9, 10, 11, 12, 13, 14, 15, 16, 17, 18, 19, 20], [14.8, 28.99, 72.33, 75.15, 81.58, 81.71, 82.62, 82.97, 84.09, 84.35, 84.58, 84.05, 84.78, 84.66, 86.05, 85.07, 84.53, 85.64, 86.07, 86.15, 86.56], [0, 0.005368032027035952, 0.0018949067452922463, 0.0009638489573262632, 0.00035298254806548357, 0.0002512639621272683, 0.0001531136076664552, 0.00012104632332921028, 0.00010685845336411148, 0.00010072551958728582, 9.669407154433429e-05, 9.73849164438434e-05, 0.00010522903903620318, 0.00010333958925912157, 0.00010237317474093288, 9.926003986038268e-05, 0.00011136365355923772, 0.0001088153148884885, 0.00011405658005969599, 0.00011290320253465325, 0.00011521586566232145]], [[0, 1, 2, 3, 4, 5, 6, 7, 8, 9, 10, 11, 12, 13, 14, 15, 16, 17, 18, 19, 20], [11.76, 17.54, 48.23, 63.51, 80.23, 82.29, 82.27, 83.66, 84.02, 84.74, 84.49, 85.09, 85.0, 85.22, 85.84, 85.64, 85.53, 86.38, 86.58, 86.46, 86.71], [0, 0.005379911512136459, 0.0031856922432780266, 0.0014265745412558317, 0.000590140582062304, 0.0003473536635283381, 0.00023373996373265982, 0.0001828370150178671, 0.00013346431660465896, 0.000124939571833238, 0.00011966565944021568, 0.00012030366633553058, 0.00011397485650377348, 0.00010926638060482219, 0.00011174355313414708, 0.00011071714106947184, 0.0001110664161387831, 0.00011527117021614686, 0.00011323962098686025, 0.00011972300853813067, 0.00012588447134476155]]], "msds": [[[0, 1, 2, 3, 4, 5, 6, 7, 8, 9, 10, 11, 12, 13, 14, 15, 16, 17, 18, 19, 20], [14.8, 28.99, 72.33, 75.15, 81.58, 81.71, 82.62, 82.97, 84.09, 84.35, 84.58, 84.05, 84.78, 84.66, 86.05, 85.07, 84.53, 85.64, 86.07, 86.15, 86.56], [0, 0.005368032027035952, 0.0018949067452922463, 0.0009638489573262632, 0.00035298254806548357, 0.0002512639621272683, 0.0001531136076664552, 0.00012104632332921028, 0.00010685845336411148, 0.00010072551958728582, 9.669407154433429e-05, 9.73849164438434e-05, 0.00010522903903620318, 0.00010333958925912157, 0.00010237317474093288, 9.926003986038268e-05, 0.00011136365355923772, 0.0001088153148884885, 0.00011405658005969599, 0.00011290320253465325, 0.00011521586566232145]], [[0, 1, 2, 3, 4, 5, 6, 7, 8, 9, 10, 11, 12, 13, 14, 15, 16, 17, 18, 19, 20], [8.08, 77.6, 32.51, 77.94, 79.3, 82.27, 82.84, 83.79, 83.92, 84.19, 84.26, 84.17, 84.71, 84.87, 85.38, 85.38, 85.65, 86.08, 86.53, 86.54, 86.84], [0, 0, 0.005562884733080864, 0.0011852687457576394, 0.0007495424360968173, 0.000515023828484118, 0.00030029495246708393, 0.00023793142463546246, 0.0002247865777462721, 0.00018956993881147355, 0.00016625048010610044, 0.0001566186547279358, 0.00015568608068861067, 0.00014819660282228142, 0.00013925372331868857, 0.00013681327982340008, 0.00014057010412216187, 0.00014165531320031732, 0.00013448378012981266, 0.00014512104098685086, 0.00013412738917395473]]], "alpha": 0.0, "beta": 2.0, "gamma": 0.0, "num_samples": 6000, "node_count": 10, "density": 0.15, "startup_delay": 0.0, "forward_prob": 0}