{"nodes_data": [[[0, 1, 2, 3, 4, 5, 6, 7, 8, 9, 10, 11, 12, 13, 14, 15, 16, 17, 18, 19, 20], [5.58, 33.13, 70.12, 80.58, 82.84, 83.81, 84.41, 84.75, 85.3, 85.86, 85.83, 86.05, 86.09, 86.6, 86.46, 86.8, 87.03, 86.91, 87.06, 87.49, 86.99], [0, 0.005362735595554113, 0.0008241620380431414, 0.0002858759253285825, 0.00012197830074001104, 0.0001011467757052742, 9.12640243768692e-05, 9.328107262263075e-05, 9.424881136510521e-05, 9.448896162211895e-05, 9.753469203133136e-05, 9.709091682452708e-05, 0.00010379352170275524, 0.00010382503387518227, 0.00010434381692903116, 0.00010492164437891915, 0.00010182631376665086, 0.00011164713941980153, 0.00010922962974291295, 0.00011630498192971572, 0.00011136588727822527]], [[0, 1, 2, 3, 4, 5, 6, 7, 8, 9, 10, 11, 12, 13, 14, 15, 16, 17, 18, 19, 20], [7.08, 25.86, 73.89, 80.43, 82.83, 83.56, 84.37, 84.83, 85.25, 85.66, 85.87, 86.04, 86.52, 85.99, 86.47, 86.61, 87.01, 86.97, 86.99, 87.26, 87.18], [0, 0.005365205928683281, 0.0008278389577753842, 0.00028151803417131305, 0.0001255095994565636, 0.00010044733789982274, 9.057635179487988e-05, 9.495173435425386e-05, 9.605679952073842e-05, 9.684288670541719e-05, 9.690581646282226e-05, 0.00010313456004951149, 0.00010296046821167693, 0.00010236530215479434, 0.00010282461153110489, 0.00010619046224746853, 0.0001030188359436579, 0.00011289503163425252, 0.0001102681562770158, 0.00012410208000801504, 0.00011035076022380963]]], "msds": [[[0, 1, 2, 3, 4, 5, 6, 7, 8, 9, 10, 11, 12, 13, 14, 15, 16, 17, 18, 19, 20], [5.58, 33.13, 70.12, 80.58, 82.84, 83.81, 84.41, 84.75, 85.3, 85.86, 85.83, 86.05, 86.09, 86.6, 86.46, 86.8, 87.03, 86.91, 87.06, 87.49, 86.99], [0, 0.005362735595554113, 0.0008241620380431414, 0.0002858759253285825, 0.00012197830074001104, 0.0001011467757052742, 9.12640243768692e-05, 9.328107262263075e-05, 9.424881136510521e-05, 9.448896162211895e-05, 9.753469203133136e-05, 9.709091682452708e-05, 0.00010379352170275524, 0.00010382503387518227, 0.00010434381692903116, 0.00010492164437891915, 0.00010182631376665086, 0.00011164713941980153, 0.00010922962974291295, 0.00011630498192971572, 0.00011136588727822527]], [[0, 1, 2, 3, 4, 5, 6, 7, 8, 9, 10, 11, 12, 13, 14, 15, 16, 17, 18, 19, 20], [11.38, 37.63, 68.53, 80.66, 82.56, 83.4, 84.25, 84.71, 84.77, 85.87, 85.89, 86.14, 86.37, 86.48, 86.43, 86.87, 87.03, 87.17, 87.11, 87.4, 86.97], [0, 0.005371769890189171, 0.0008196028647944331, 0.00030572866671718657, 0.0001367536751786247, 0.00010485017264727503, 9.912196401273832e-05, 9.827612666413188e-05, 9.725474228616804e-05, 9.505444904789329e-05, 9.878274431684986e-05, 0.00010192613990511745, 0.00010202608245890588, 0.00010574091720627621, 0.00010965883848257363, 0.00010779198782984167, 0.00010788318468257785, 0.00011412362073315307, 0.00011439793888712302, 0.00011763978545786813, 0.00011506231385283172]]], "alpha": 0.7, "beta": 0.0, "gamma": 5.0, "num_samples": 6000, "node_count": 10, "density": 1.0, "startup_delay": 0.0, "forward_prob": 0}