{"nodes_data": [[[0, 1, 2, 3, 4, 5, 6, 7, 8, 9, 10, 11, 12, 13, 14, 15, 16, 17, 18, 19, 20], [11.93, 76.15, 10.0, 75.32, 81.18, 81.87, 83.2, 83.6, 84.21, 84.66, 84.78, 85.02, 85.02, 85.34, 85.51, 85.79, 85.84, 86.25, 86.17, 86.16, 86.62], [0, 0.005365919787436724, 0.00460455846041441, 0.001025281846523285, 0.00029457948403432965, 0.00012810553016606718, 9.268776921089739e-05, 7.407193334074691e-05, 7.278674456756562e-05, 7.145406561903656e-05, 7.233014912344515e-05, 7.848181121516973e-05, 8.125132444547489e-05, 8.216966671170667e-05, 8.016212814254686e-05, 8.665028144605458e-05, 8.518995309714228e-05, 8.666023495607078e-05, 8.766730752540752e-05, 9.515001875115559e-05, 9.551736002322286e-05]], [[0, 1, 2, 3, 4, 5, 6, 7, 8, 9, 10, 11, 12, 13, 14, 15, 16, 17, 18, 19, 20], [6.15, 75.49, 10.0, 76.73, 81.05, 81.95, 83.38, 83.76, 84.16, 84.74, 84.96, 85.07, 84.93, 85.37, 85.58, 85.68, 85.8, 86.2, 86.22, 86.27, 86.7], [0, 0, 0.0049545979127287865, 0.000836117600556463, 0.00028772352379746735, 0.00012169396359240636, 9.302011312684044e-05, 7.424314389936626e-05, 7.394083513645455e-05, 7.484869274776429e-05, 7.810651004547253e-05, 8.103330037556589e-05, 7.884914521127939e-05, 8.017954678507522e-05, 8.579361747251824e-05, 8.949952461989596e-05, 8.543211151845753e-05, 9.339120151707903e-05, 9.258317004423589e-05, 9.387114550918341e-05, 0.00010207486775470898]]], "msds": [[[0, 1, 2, 3, 4, 5, 6, 7, 8, 9, 10, 11, 12, 13, 14, 15, 16, 17, 18, 19, 20], [11.93, 76.15, 10.0, 75.32, 81.18, 81.87, 83.2, 83.6, 84.21, 84.66, 84.78, 85.02, 85.02, 85.34, 85.51, 85.79, 85.84, 86.25, 86.17, 86.16, 86.62], [0, 0.005365919787436724, 0.00460455846041441, 0.001025281846523285, 0.00029457948403432965, 0.00012810553016606718, 9.268776921089739e-05, 7.407193334074691e-05, 7.278674456756562e-05, 7.145406561903656e-05, 7.233014912344515e-05, 7.848181121516973e-05, 8.125132444547489e-05, 8.216966671170667e-05, 8.016212814254686e-05, 8.665028144605458e-05, 8.518995309714228e-05, 8.666023495607078e-05, 8.766730752540752e-05, 9.515001875115559e-05, 9.551736002322286e-05]], [[0, 1, 2, 3, 4, 5, 6, 7, 8, 9, 10, 11, 12, 13, 14, 15, 16, 17, 18, 19, 20], [4.32, 20.17, 43.29, 76.75, 81.69, 82.42, 83.24, 83.83, 84.24, 84.62, 84.98, 85.04, 85.11, 85.41, 85.72, 85.65, 85.95, 86.17, 86.31, 86.32, 86.66], [0, 0.005357054062187672, 0.0024280124343931675, 0.0005701957270503044, 0.00019025216170120984, 0.00011950491898460314, 7.774493133183569e-05, 7.307004852918908e-05, 7.417758752126247e-05, 7.464853842975572e-05, 7.303339953068644e-05, 7.789264054736122e-05, 7.991374150151387e-05, 8.162349695339799e-05, 8.760336640989408e-05, 8.660736784804612e-05, 8.890598110156134e-05, 8.730687841307372e-05, 9.123877680394799e-05, 9.848244371823967e-05, 9.250750736100599e-05]]], "alpha": 0.9, "beta": 1.0, "gamma": 0.0, "num_samples": 6000, "node_count": 10, "density": 1.0, "startup_delay": 0.0, "forward_prob": 0}