{"nodes_data": [[[0, 1, 2, 3, 4, 5, 6, 7, 8, 9, 10, 11, 12, 13, 14, 15, 16, 17, 18, 19, 20], [8.82, 25.63, 61.89, 81.44, 82.87, 81.98, 83.44, 84.03, 84.61, 85.44, 85.38, 85.99, 86.03, 86.37, 86.09, 86.93, 87.1, 87.49, 87.49, 87.29, 87.79], [0, 0.005352709908038378, 0.0012818516697734594, 0.00039637088775634766, 0.00019828636141028255, 0, 0.00019051127310376614, 0, 0.00016821133613120764, 0.00013162520190235227, 0.00010952779120998457, 0.00010655564983608201, 0.00010420896433060989, 9.735201456351206e-05, 9.789345494937152e-05, 0.00010688714246498421, 0.00010201323311775923, 0.00010002453927882016, 0.00011129010817967355, 0.00010306348121957853, 0.00011677973816404119]], [[0, 1, 2, 3, 4, 5, 6, 7, 8, 9, 10, 11, 12, 13, 14, 15, 16, 17, 18, 19, 20], [11.6, 24.46, 57.81, 81.71, 82.78, 83.76, 84.02, 84.22, 84.89, 85.44, 85.64, 86.11, 86.19, 85.82, 86.34, 87.4, 87.05, 87.4, 87.29, 87.3, 87.37], [0, 0.005378067027777433, 0.0014576239045709372, 0.0005932572530582547, 0.00023241106828209013, 0, 0.00020094119827263057, 0.0001889756094897166, 0.00018027747864834964, 0.0001302713790209964, 0.00011006732529494911, 0.00011160181020386517, 0.00011189005454070866, 0.00010759472934296355, 0.00010960168583551422, 0.00011065859871450812, 0.00010823591583175585, 0.00010755239054560661, 0.00012031690857838839, 0.00011108675244031474, 0.00011562855070224032]]], "msds": [[[0, 1, 2, 3, 4, 5, 6, 7, 8, 9, 10, 11, 12, 13, 14, 15, 16, 17, 18, 19, 20], [8.82, 25.63, 61.89, 81.44, 82.87, 81.98, 83.44, 84.03, 84.61, 85.44, 85.38, 85.99, 86.03, 86.37, 86.09, 86.93, 87.1, 87.49, 87.49, 87.29, 87.79], [0, 0.005352709908038378, 0.0012818516697734594, 0.00039637088775634766, 0.00019828636141028255, 0, 0.00019051127310376614, 0, 0.00016821133613120764, 0.00013162520190235227, 0.00010952779120998457, 0.00010655564983608201, 0.00010420896433060989, 9.735201456351206e-05, 9.789345494937152e-05, 0.00010688714246498421, 0.00010201323311775923, 0.00010002453927882016, 0.00011129010817967355, 0.00010306348121957853, 0.00011677973816404119]], [[0, 1, 2, 3, 4, 5, 6, 7, 8, 9, 10, 11, 12, 13, 14, 15, 16, 17, 18, 19, 20], [13.74, 19.49, 77.01, 81.03, 83.04, 81.8, 83.87, 84.63, 84.6, 85.39, 85.66, 85.33, 86.17, 86.5, 86.37, 86.94, 86.84, 87.29, 87.47, 86.5, 87.43], [0, 0.00537435058504343, 0.0009443041053600609, 0.00043540861224755645, 0.0003607785329222679, 0, 0.00021813786588609219, 0.00012006465112790465, 0.00010827148798853159, 0.00013893407594878227, 0.00011000136873917654, 0.00011345440725563094, 0.00010674424265744165, 0.00010523142555030063, 0.00010304481111234054, 0.00010794332774821669, 0.000114742862933781, 0.00010943313100142404, 0.00011563688894966617, 0.00011937184171983972, 0.0001211302078445442]]], "alpha": 0.0, "beta": 0.5, "gamma": 3.0, "num_samples": 6000, "node_count": 10, "density": 0.15, "startup_delay": 0.0, "forward_prob": 0}