{"nodes_data": [[[0, 1, 2, 3, 4, 5, 6, 7, 8, 9, 10, 11, 12, 13, 14, 15, 16, 17, 18, 19, 20], [13.22, 10.3, 54.13, 79.67, 81.66, 82.35, 82.7, 82.72, 83.58, 83.82, 82.36, 84.62, 84.15, 84.43, 84.29, 84.78, 85.19, 84.79, 85.48, 85.55, 85.34], [0, 0.005389743484556675, 0.0013977643102407455, 0.0010880145709961653, 0.0004700159770436585, 0.00035886574187316, 0.00033957636333070695, 0.00035450138966552913, 0.0002667366061359644, 0.0002573664241936058, 0.00021067264606244862, 0.00019637166406027973, 0.0001958251086762175, 0.00020515649521257728, 0.00017945094441529363, 0.0001763354375725612, 0.00016948361007962376, 0.00016463961219415069, 0.00015556249127257615, 0.00013126905832905322, 0.00012670535943470895]], [[0, 1, 2, 3, 4, 5, 6, 7, 8, 9, 10, 11, 12, 13, 14, 15, 16, 17, 18, 19, 20], [9.62, 24.45, 63.31, 63.65, 80.23, 81.93, 82.36, 82.83, 82.03, 83.44, 82.64, 84.52, 83.84, 82.99, 84.37, 85.1, 85.12, 85.6, 85.27, 85.0, 85.53], [0, 0.005395455751568079, 0.0020095771178603172, 0.0010502416407689452, 0.0006367972819134593, 0.0005315066082403064, 0.0005048523307777941, 0.00047395622823387384, 0.0004752107779495418, 0.00040732260094955564, 0.00038662191946059465, 0.00036781150265596807, 0.0003629664424806833, 0.0003663971438072622, 0.0003303529811091721, 0.000308931281324476, 0.00029899372020736337, 0.00030018031247891486, 0.00030188431264832616, 0.0002643302141223103, 0.0002611367963254452]]], "msds": [[[0, 1, 2, 3, 4, 5, 6, 7, 8, 9, 10, 11, 12, 13, 14, 15, 16, 17, 18, 19, 20], [13.22, 10.3, 54.13, 79.67, 81.66, 82.35, 82.7, 82.72, 83.58, 83.82, 82.36, 84.62, 84.15, 84.43, 84.29, 84.78, 85.19, 84.79, 85.48, 85.55, 85.34], [0, 0.005389743484556675, 0.0013977643102407455, 0.0010880145709961653, 0.0004700159770436585, 0.00035886574187316, 0.00033957636333070695, 0.00035450138966552913, 0.0002667366061359644, 0.0002573664241936058, 0.00021067264606244862, 0.00019637166406027973, 0.0001958251086762175, 0.00020515649521257728, 0.00017945094441529363, 0.0001763354375725612, 0.00016948361007962376, 0.00016463961219415069, 0.00015556249127257615, 0.00013126905832905322, 0.00012670535943470895]], [[0, 1, 2, 3, 4, 5, 6, 7, 8, 9, 10, 11, 12, 13, 14, 15, 16, 17, 18, 19, 20], [19.86, 35.99, 73.18, 70.17, 80.32, 81.22, 82.75, 83.43, 83.83, 83.54, 84.02, 84.07, 84.61, 84.62, 85.13, 84.91, 84.74, 85.22, 85.85, 85.52, 85.73], [0, 0.005344492383301258, 0.0023708424996584654, 0.0016927049728110433, 0.0013701202115043998, 0.0012890284415334463, 0.00046102714259177446, 0.0003718419757205993, 0.0003789244219660759, 0.00038289467920549214, 0.00022313182125799358, 0.0002060046826954931, 0.0002128465857822448, 0.0002189299848396331, 0.00016227966989390552, 0.00015984727360773832, 0.00016696519742254168, 0.0001764160842867568, 0.00013830924581270665, 0.00013900038902647793, 0.00014655038830824196]]], "alpha": 0.7, "beta": 2.0, "gamma": 3.0, "num_samples": 6000, "node_count": 10, "density": 0.15, "startup_delay": 0.0, "forward_prob": 0}