{"nodes_data": [[[0, 1, 2, 3, 4, 5, 6, 7, 8, 9, 10, 11, 12, 13, 14, 15, 16, 17, 18, 19, 20], [17.7, 14.04, 63.69, 77.68, 81.65, 82.07, 83.27, 83.78, 84.48, 84.41, 84.94, 85.17, 85.38, 85.29, 85.64, 85.77, 85.7, 85.96, 85.92, 86.32, 86.36], [0, 0.005373059771955013, 0.0023078720550984144, 0.0004896845202893019, 0.00015954107220750302, 9.479382424615324e-05, 7.719443965470418e-05, 7.852292765164748e-05, 7.516173354815692e-05, 7.700241985730827e-05, 7.574019400635734e-05, 8.268446254078299e-05, 8.682278712512925e-05, 8.608098869444802e-05, 8.373698801733553e-05, 9.068883082363755e-05, 9.131777187576517e-05, 9.588556713424623e-05, 9.30907335714437e-05, 9.625915117794648e-05, 9.410682832822204e-05]], [[0, 1, 2, 3, 4, 5, 6, 7, 8, 9, 10, 11, 12, 13, 14, 15, 16, 17, 18, 19, 20], [9.99, 10.08, 16.22, 76.28, 80.99, 82.26, 83.15, 83.63, 84.25, 84.16, 84.9, 85.08, 85.31, 85.25, 85.6, 85.81, 85.64, 86.03, 86.11, 86.46, 86.39], [0, 0.005392126739025116, 0.0029034712351858616, 0.0005813412135466933, 0.00022789622016716748, 0.0001191975170513615, 8.49952339194715e-05, 7.877807365730405e-05, 8.308314136229455e-05, 7.950185681693256e-05, 7.781769818393514e-05, 8.602260641055182e-05, 8.541903662262484e-05, 8.518362301401794e-05, 8.339103078469634e-05, 8.600120054325089e-05, 8.985110616777092e-05, 9.571025293553248e-05, 0.00010183871199842542, 9.607859828975052e-05, 9.661172225605696e-05]]], "msds": [[[0, 1, 2, 3, 4, 5, 6, 7, 8, 9, 10, 11, 12, 13, 14, 15, 16, 17, 18, 19, 20], [17.7, 14.04, 63.69, 77.68, 81.65, 82.07, 83.27, 83.78, 84.48, 84.41, 84.94, 85.17, 85.38, 85.29, 85.64, 85.77, 85.7, 85.96, 85.92, 86.32, 86.36], [0, 0.005373059771955013, 0.0023078720550984144, 0.0004896845202893019, 0.00015954107220750302, 9.479382424615324e-05, 7.719443965470418e-05, 7.852292765164748e-05, 7.516173354815692e-05, 7.700241985730827e-05, 7.574019400635734e-05, 8.268446254078299e-05, 8.682278712512925e-05, 8.608098869444802e-05, 8.373698801733553e-05, 9.068883082363755e-05, 9.131777187576517e-05, 9.588556713424623e-05, 9.30907335714437e-05, 9.625915117794648e-05, 9.410682832822204e-05]], [[0, 1, 2, 3, 4, 5, 6, 7, 8, 9, 10, 11, 12, 13, 14, 15, 16, 17, 18, 19, 20], [10.52, 10.02, 74.24, 76.92, 81.6, 82.43, 83.3, 83.85, 84.45, 84.34, 85.04, 85.34, 85.22, 85.39, 85.72, 85.83, 85.7, 86.19, 86.33, 86.45, 86.59], [0, 0.005383853334933519, 0.001306291320361197, 0.0005216250428929925, 0.00017387449042871594, 0.00010261299030389637, 8.080109546426684e-05, 7.517148333135992e-05, 7.512395677622408e-05, 7.86463642725721e-05, 7.441415800713003e-05, 7.849269604776055e-05, 8.320277993334457e-05, 8.524152508471161e-05, 8.295231964439154e-05, 8.807976701064035e-05, 8.66012487676926e-05, 9.124301141127944e-05, 9.486148337600753e-05, 0.0001002537173917517, 9.446042531635612e-05]]], "alpha": 0.9, "beta": 2.0, "gamma": 3.0, "num_samples": 6000, "node_count": 10, "density": 1.0, "startup_delay": 0.0, "forward_prob": 0}