{"nodes_data": [[[0, 1, 2, 3, 4, 5, 6, 7, 8, 9, 10, 11, 12, 13, 14, 15, 16, 17, 18, 19, 20], [8.68, 30.31, 51.01, 69.07, 80.65, 82.05, 83.38, 83.55, 84.02, 84.22, 84.96, 84.84, 85.34, 85.62, 85.88, 86.0, 86.2, 86.43, 86.7, 86.72, 86.5], [0, 0.005345698446035385, 0.003164453897625208, 0.0008458076626993716, 0.00031729936017654836, 0.00015107926446944475, 0.00010667210881365463, 0.00010382469918113202, 9.991895058192313e-05, 9.676162881078199e-05, 9.986259829020128e-05, 0.00010378130536992103, 0.0001020554409478791, 0.00010551141895120963, 0.00010808726801769808, 0.0001076895059668459, 0.00010494991875020787, 0.0001080468573491089, 0.00011759052722482011, 0.0001177273879875429, 0.0001194309807033278]], [[0, 1, 2, 3, 4, 5, 6, 7, 8, 9, 10, 11, 12, 13, 14, 15, 16, 17, 18, 19, 20], [6.25, 48.43, 58.83, 65.72, 81.16, 82.23, 83.55, 83.29, 84.15, 84.23, 84.96, 85.52, 85.53, 85.58, 86.26, 85.96, 86.34, 86.37, 86.58, 86.71, 86.65], [0, 0.00536578893661499, 0.0037735733203589916, 0.0007494721212424338, 0.0002761694195214659, 0.0001384520437568426, 0.00010454000585014, 0.00010389334056526423, 9.545087959850207e-05, 9.315632632933557e-05, 0.00010024687071563676, 0.00010545567783992738, 0.00010497355106053874, 0.0001096620035241358, 0.00010505809041205794, 0.00010826552897924557, 0.00011270498362137005, 0.0001128272560890764, 0.00011853066826006398, 0.00011942130367970094, 0.00012111390969948843]]], "msds": [[[0, 1, 2, 3, 4, 5, 6, 7, 8, 9, 10, 11, 12, 13, 14, 15, 16, 17, 18, 19, 20], [8.68, 30.31, 51.01, 69.07, 80.65, 82.05, 83.38, 83.55, 84.02, 84.22, 84.96, 84.84, 85.34, 85.62, 85.88, 86.0, 86.2, 86.43, 86.7, 86.72, 86.5], [0, 0.005345698446035385, 0.003164453897625208, 0.0008458076626993716, 0.00031729936017654836, 0.00015107926446944475, 0.00010667210881365463, 0.00010382469918113202, 9.991895058192313e-05, 9.676162881078199e-05, 9.986259829020128e-05, 0.00010378130536992103, 0.0001020554409478791, 0.00010551141895120963, 0.00010808726801769808, 0.0001076895059668459, 0.00010494991875020787, 0.0001080468573491089, 0.00011759052722482011, 0.0001177273879875429, 0.0001194309807033278]], [[0, 1, 2, 3, 4, 5, 6, 7, 8, 9, 10, 11, 12, 13, 14, 15, 16, 17, 18, 19, 20], [16.12, 20.61, 64.11, 70.64, 81.01, 82.37, 83.12, 83.46, 84.39, 84.23, 84.84, 85.38, 85.04, 85.62, 85.96, 86.17, 86.23, 86.53, 86.61, 86.73, 86.71], [0, 0.005333623383194208, 0.0027649400290101767, 0.0006215106113813818, 0.00025940107298083603, 0.0001355045533273369, 0.0001087608325178735, 9.972917905543e-05, 0.00010165319690713659, 9.282511018682271e-05, 9.883301390800625e-05, 0.00010024679795606062, 0.00010392801777925342, 0.00010127668065251783, 0.00011056025687139481, 0.00010637848754413426, 0.00010695128003135324, 0.00010941275104414672, 0.00011729954712791368, 0.00011502677807584405, 0.0001215115626109764]]], "alpha": 0.7, "beta": 2.0, "gamma": 1.0, "num_samples": 6000, "node_count": 10, "density": 1.0, "startup_delay": 0.0, "forward_prob": 0}