{"nodes_data": [[[0, 1, 2, 3, 4, 5, 6, 7, 8, 9, 10, 11, 12, 13, 14, 15, 16, 17, 18, 19, 20], [11.16, 10.0, 72.9, 81.6, 83.04, 83.52, 83.56, 84.18, 84.84, 85.35, 85.14, 85.61, 85.77, 85.88, 86.11, 86.47, 86.47, 86.71, 86.91, 87.08, 87.15], [0, 0.005376574117690325, 0.0013775494880974293, 0.00029138242825865746, 0.0001317915739491582, 0.00011448477016529068, 0.0001012945722322911, 0.00011133637599414214, 9.1730231360998e-05, 0.00010062386718345806, 0.00011032508336938918, 0.00012135088763898239, 0.00011756742605939507, 9.93604990071617e-05, 0.00011002862447639927, 0.0001129165684687905, 9.944671910488978e-05, 0.00010568185098236427, 9.674944885773584e-05, 0.00011511804041219875, 0.00011670984531519935]], [[0, 1, 2, 3, 4, 5, 6, 7, 8, 9, 10, 11, 12, 13, 14, 15, 16, 17, 18, 19, 20], [11.05, 10.17, 76.57, 81.29, 82.77, 83.36, 84.04, 84.45, 84.06, 85.44, 85.42, 85.53, 85.52, 86.09, 86.0, 86.17, 86.14, 86.21, 86.8, 86.66, 87.24], [0, 0.005353593733161688, 0.0009218077175319195, 0.0005267173983156681, 0.0003373197978362441, 0.0002790096041280776, 0.0002282190980622545, 0.000217743479879573, 0.00019552704179659486, 0.00020298725576139987, 0.00017066183499991894, 0.00015754628111608326, 0.00014360873319674283, 0.00013801381282974035, 0.00010671679774532095, 0.00012936739949509501, 0.00010706172179197893, 0.00015844263543840498, 0.00013564503751695156, 0.00013039422628935426, 0.00013241123815532774]]], "msds": [[[0, 1, 2, 3, 4, 5, 6, 7, 8, 9, 10, 11, 12, 13, 14, 15, 16, 17, 18, 19, 20], [11.16, 10.0, 72.9, 81.6, 83.04, 83.52, 83.56, 84.18, 84.84, 85.35, 85.14, 85.61, 85.77, 85.88, 86.11, 86.47, 86.47, 86.71, 86.91, 87.08, 87.15], [0, 0.005376574117690325, 0.0013775494880974293, 0.00029138242825865746, 0.0001317915739491582, 0.00011448477016529068, 0.0001012945722322911, 0.00011133637599414214, 9.1730231360998e-05, 0.00010062386718345806, 0.00011032508336938918, 0.00012135088763898239, 0.00011756742605939507, 9.93604990071617e-05, 0.00011002862447639927, 0.0001129165684687905, 9.944671910488978e-05, 0.00010568185098236427, 9.674944885773584e-05, 0.00011511804041219875, 0.00011670984531519935]], [[0, 1, 2, 3, 4, 5, 6, 7, 8, 9, 10, 11, 12, 13, 14, 15, 16, 17, 18, 19, 20], [4.73, 18.32, 80.73, 81.94, 83.11, 83.93, 84.37, 84.24, 84.65, 84.91, 84.14, 85.24, 85.65, 85.58, 86.19, 86.09, 86.2, 86.1, 86.65, 86.77, 86.78], [0, 0.005363157484680414, 0.0005525426822714508, 0.0001483346422901377, 0.00012150857219239697, 9.802608838072047e-05, 9.988922829506919e-05, 9.655515168560669e-05, 0.00010622171248542145, 9.404405136592686e-05, 9.109455277211964e-05, 9.56579388002865e-05, 0.00010234805813524872, 0.00011169721256010234, 0.0001239853008883074, 0.00015330022142734379, 0.00015102472389116883, 9.948401566362008e-05, 0.00013502934598363936, 0.00011730525875464082, 0.00010588445729808882]]], "alpha": 0.7, "beta": 0.0, "gamma": 2.0, "num_samples": 6000, "node_count": 10, "density": 0.15, "startup_delay": 0.0, "forward_prob": 0}