{"nodes_data": [[[0, 1, 2, 3, 4, 5, 6, 7, 8, 9, 10, 11, 12, 13, 14, 15, 16, 17, 18, 19, 20], [10.31, 52.19, 72.47, 82.27, 83.49, 81.21, 83.15, 84.42, 84.33, 84.38, 85.22, 85.78, 85.82, 86.37, 86.17, 85.96, 86.57, 86.86, 86.71, 87.25, 87.17], [0, 0.005321037024259567, 0.001394636812619865, 0.0006917628925293684, 0.00039499503327533603, 0, 0, 0.0007716856198385358, 0, 0, 0.0004778443253599107, 0.00028964996454305947, 0.00029641916626133025, 0.00023707011132501066, 0.0002531366772018373, 0.0002776876790449023, 0.00032026678672991693, 0.000264966394752264, 0.00020107261661905795, 0.00019777122361119837, 0.0001910951395984739]], [[0, 1, 2, 3, 4, 5, 6, 7, 8, 9, 10, 11, 12, 13, 14, 15, 16, 17, 18, 19, 20], [14.2, 53.45, 72.46, 79.22, 83.21, 83.86, 83.98, 85.17, 85.09, 84.14, 85.25, 85.82, 86.18, 85.96, 85.63, 86.33, 85.61, 86.82, 86.51, 86.25, 86.84], [0, 0.004554256796836853, 0.0010503121884539723, 0.0004088500572834164, 0.0001819912577047944, 0.00015398442337755114, 0.0003486167697701603, 0.00029680205625481904, 0.0001964184339158237, 0.0001649263867875561, 0.00024360735551454127, 0.0002655021380633116, 0.00021308453870005906, 0.00016903177311178297, 0, 0, 0.000331573945004493, 0.0002009384916163981, 0.0001681138965068385, 0.0001685407041804865, 0.00017611250223126262]]], "msds": [[[0, 1, 2, 3, 4, 5, 6, 7, 8, 9, 10, 11, 12, 13, 14, 15, 16, 17, 18, 19, 20], [10.31, 52.19, 72.47, 82.27, 83.49, 81.21, 83.15, 84.42, 84.33, 84.38, 85.22, 85.78, 85.82, 86.37, 86.17, 85.96, 86.57, 86.86, 86.71, 87.25, 87.17], [0, 0.005321037024259567, 0.001394636812619865, 0.0006917628925293684, 0.00039499503327533603, 0, 0, 0.0007716856198385358, 0, 0, 0.0004778443253599107, 0.00028964996454305947, 0.00029641916626133025, 0.00023707011132501066, 0.0002531366772018373, 0.0002776876790449023, 0.00032026678672991693, 0.000264966394752264, 0.00020107261661905795, 0.00019777122361119837, 0.0001910951395984739]], [[0, 1, 2, 3, 4, 5, 6, 7, 8, 9, 10, 11, 12, 13, 14, 15, 16, 17, 18, 19, 20], [10.38, 56.12, 73.14, 80.93, 82.35, 83.61, 84.01, 82.89, 84.7, 84.89, 85.67, 85.38, 86.12, 85.56, 85.93, 85.72, 86.67, 86.94, 86.61, 86.88, 86.73], [0, 0.005368162877857685, 0.0012852797517552972, 0.0005724282236769795, 0.0002746875979937613, 0.00022541328507941216, 0.00016590303857810795, 0.00019227797747589648, 0.00012398076069075614, 0.0003237572673242539, 0.00021918494894634932, 0.0001525909174233675, 0.00015230567078106105, 0.0001594796631252393, 0.00023417049669660628, 0.00019394507398828864, 0.00017684120393823832, 0.00017936143558472395, 0.00017872219905257225, 0.00016797459102235734, 0.00016007859085220844]]], "alpha": 0.5, "beta": 0.0, "gamma": 3.0, "num_samples": 6000, "node_count": 10, "density": 0.15, "startup_delay": 0.0, "forward_prob": 0}