{"nodes_data": [[[0, 1, 2, 3, 4, 5, 6, 7, 8, 9, 10, 11, 12, 13, 14, 15, 16, 17, 18, 19, 20], [10.57, 21.46, 68.44, 79.2, 81.61, 83.16, 83.52, 83.05, 84.75, 84.92, 85.63, 85.11, 86.01, 85.88, 86.71, 86.49, 86.56, 86.87, 87.07, 86.91, 87.37], [0, 0.005390568636357784, 0.0011991664068773389, 0.0005307718529365957, 0.00031521651544608176, 0.00022945714590605348, 0.00017500272952020168, 0.0001449294068152085, 0.00013594827032648027, 0.0001251090579899028, 0.00012591165432240814, 0.00011776773317251354, 0.00011531305790413171, 0.00011822443048004061, 0.00010969389404635876, 0.00012184643856016919, 0.0001183286658488214, 0.00011462798283901066, 0.00011193391401320696, 0.00012040389265166596, 0.00011342790094204247]], [[0, 1, 2, 3, 4, 5, 6, 7, 8, 9, 10, 11, 12, 13, 14, 15, 16, 17, 18, 19, 20], [5.7, 33.29, 63.6, 80.03, 81.21, 83.47, 84.03, 84.31, 84.59, 84.71, 85.37, 85.77, 85.67, 86.02, 85.73, 86.28, 86.36, 86.8, 86.47, 86.68, 86.72], [0, 0.005360541399568319, 0.0011314189760014415, 0.000529036857187748, 0.00035437397309578955, 0.00027242538635618985, 0.0002259934408357367, 0.00018962174362968653, 0.00016197102377191186, 0.00014690721582155675, 0.00012616526510100812, 0.0001240525598404929, 0.00012412734213285148, 0.00013180325913708657, 0.00012707416317425668, 0.00012754189083352685, 0.0001252206420758739, 0.00012611814599949867, 0.0001249625493073836, 0.00012922096357215196, 0.00012640976638067514]]], "msds": [[[0, 1, 2, 3, 4, 5, 6, 7, 8, 9, 10, 11, 12, 13, 14, 15, 16, 17, 18, 19, 20], [10.57, 21.46, 68.44, 79.2, 81.61, 83.16, 83.52, 83.05, 84.75, 84.92, 85.63, 85.11, 86.01, 85.88, 86.71, 86.49, 86.56, 86.87, 87.07, 86.91, 87.37], [0, 0.005390568636357784, 0.0011991664068773389, 0.0005307718529365957, 0.00031521651544608176, 0.00022945714590605348, 0.00017500272952020168, 0.0001449294068152085, 0.00013594827032648027, 0.0001251090579899028, 0.00012591165432240814, 0.00011776773317251354, 0.00011531305790413171, 0.00011822443048004061, 0.00010969389404635876, 0.00012184643856016919, 0.0001183286658488214, 0.00011462798283901066, 0.00011193391401320696, 0.00012040389265166596, 0.00011342790094204247]], [[0, 1, 2, 3, 4, 5, 6, 7, 8, 9, 10, 11, 12, 13, 14, 15, 16, 17, 18, 19, 20], [7.39, 19.74, 65.08, 80.68, 80.55, 83.4, 84.17, 84.61, 84.79, 84.96, 85.35, 85.73, 85.94, 86.34, 85.86, 86.31, 86.89, 86.99, 86.62, 86.61, 87.23], [0, 0.005369157064706087, 0.0011334280716255307, 0.0005100016132928431, 0.00033922656439244747, 0.0002541213179938495, 0.00021031449432484806, 0.00016643501294311136, 0.00014641537563875318, 0.00012792421330232173, 0.00012371940829325467, 0.00011598454148042947, 0.00011346116662025452, 0.00012480288569349796, 0.00011596822150750086, 0.00011961641575908288, 0.00012224295642226934, 0.00012253741442691535, 0.00012221244105603546, 0.00012139986210968345, 0.00012015559332212433]]], "alpha": 0.0, "beta": 2.0, "gamma": 5.0, "num_samples": 6000, "node_count": 10, "density": 0.15, "startup_delay": 0.0, "forward_prob": 0}