{"nodes_data": [[[0, 1, 2, 3, 4, 5, 6, 7, 8, 9, 10, 11, 12, 13, 14, 15, 16, 17, 18, 19, 20], [11.93, 10.0, 78.36, 81.59, 82.87, 83.03, 83.44, 84.27, 84.35, 85.42, 85.23, 85.51, 85.65, 85.62, 86.15, 85.71, 86.19, 86.33, 86.23, 86.88, 86.04], [0, 0.0053735109977424145, 0.001019153743982315, 0.0002972716756630689, 0.0002495496883057058, 0.0001881568314274773, 0.00015983424964360893, 0.00011632647510850802, 0.00010964332614094019, 0.00010351544915465638, 8.48890413180925e-05, 8.655393321532756e-05, 8.95883931661956e-05, 0.00010030971316155046, 0.00011427116260165349, 0.00011393321619834751, 0.00012885806791018695, 0.00011962142161792144, 0.00012644394882954657, 0.00012654688907787204, 0]], [[0, 1, 2, 3, 4, 5, 6, 7, 8, 9, 10, 11, 12, 13, 14, 15, 16, 17, 18, 19, 20], [12.01, 22.46, 78.96, 82.33, 83.02, 82.9, 83.45, 83.75, 83.96, 83.29, 85.05, 85.26, 85.63, 85.28, 85.8, 85.57, 85.74, 86.56, 85.51, 86.03, 86.11], [0, 0.005375351291149855, 0.0010717017576098442, 0.00043038310832343996, 0.0002256356819998473, 0.00018716108752414584, 0.00016705940652173012, 0.00015529541997238994, 0.0001671857462497428, 0, 0.00011139971320517361, 0.00010212818597210571, 0.000121277742437087, 0.0001209831825690344, 0.00014611781807616353, 0.00012396850797813386, 0.00014467565051745623, 0.00016919629706535488, 0.0001590442261658609, 0, 0.00014682744222227484]]], "msds": [[[0, 1, 2, 3, 4, 5, 6, 7, 8, 9, 10, 11, 12, 13, 14, 15, 16, 17, 18, 19, 20], [11.93, 10.0, 78.36, 81.59, 82.87, 83.03, 83.44, 84.27, 84.35, 85.42, 85.23, 85.51, 85.65, 85.62, 86.15, 85.71, 86.19, 86.33, 86.23, 86.88, 86.04], [0, 0.0053735109977424145, 0.001019153743982315, 0.0002972716756630689, 0.0002495496883057058, 0.0001881568314274773, 0.00015983424964360893, 0.00011632647510850802, 0.00010964332614094019, 0.00010351544915465638, 8.48890413180925e-05, 8.655393321532756e-05, 8.95883931661956e-05, 0.00010030971316155046, 0.00011427116260165349, 0.00011393321619834751, 0.00012885806791018695, 0.00011962142161792144, 0.00012644394882954657, 0.00012654688907787204, 0]], [[0, 1, 2, 3, 4, 5, 6, 7, 8, 9, 10, 11, 12, 13, 14, 15, 16, 17, 18, 19, 20], [7.65, 10.0, 75.72, 78.66, 80.23, 82.36, 81.59, 81.86, 82.48, 85.09, 84.94, 85.2, 85.54, 84.12, 85.66, 84.82, 85.32, 85.94, 86.14, 86.68, 86.28], [0, 0.005374532658606768, 0, 0, 0, 0, 0, 0, 0, 0.00015042655286379158, 0.00010045556700788438, 0.0001143695117207244, 0.00012643776426557451, 0.00012218381743878126, 0.00012090073141735047, 0.00015800601977389306, 0.00014597710105590522, 0.00013331198715604842, 0.00014549553452525288, 0.0001446662936359644, 0.0001292284287046641]]], "alpha": 0.0, "beta": 0.0, "gamma": 0.0, "num_samples": 6000, "node_count": 10, "density": 1.0, "startup_delay": 0.0, "forward_prob": 0}