{"nodes_data": [[[0, 1, 2, 3, 4, 5, 6, 7, 8, 9, 10, 11, 12, 13, 14, 15, 16, 17, 18, 19, 20], [9.07, 51.39, 58.5, 75.97, 80.61, 83.52, 84.02, 84.36, 84.88, 84.29, 85.11, 85.32, 86.18, 85.37, 86.4, 85.87, 86.38, 86.64, 86.04, 86.66, 87.28], [0, 0.0053673796355724335, 0.001689499826170504, 0.0008321012719534338, 0.0005215801647864282, 0.0003349405888002366, 0.0002064047585008666, 0.00017859811487141997, 0.00015376319061033428, 0.00015194827574305236, 0.00014357405598275363, 0.00015509530203416944, 0.0001408653479302302, 0.0001372695987811312, 0.00014693151751998812, 0.00015104308840818703, 0.0001500912185292691, 0.0001539092045277357, 0.00015228822303470224, 0.00015444745076820254, 0.00016723174485377967]], [[0, 1, 2, 3, 4, 5, 6, 7, 8, 9, 10, 11, 12, 13, 14, 15, 16, 17, 18, 19, 20], [12.33, 49.27, 69.93, 76.46, 82.38, 83.17, 84.16, 84.56, 84.77, 84.62, 85.36, 85.52, 85.37, 86.06, 86.07, 86.48, 86.24, 86.58, 86.55, 86.84, 87.05], [0, 0.005372866056859493, 0.0015777043299749494, 0.0008195557747967541, 0.0005170920048840344, 0.00031790163484402, 0.0002353257150389254, 0.0002028460439760238, 0.0001735082478262484, 0.0001607324811629951, 0.0001617240923224017, 0.00014865731645841151, 0.00015696402988396585, 0.00015268939023371786, 0.00015821227862033993, 0.0001537012285552919, 0.0001584432175150141, 0.00016642837726976722, 0.0001596254005562514, 0.0001648813340580091, 0.00017254677368327975]]], "msds": [[[0, 1, 2, 3, 4, 5, 6, 7, 8, 9, 10, 11, 12, 13, 14, 15, 16, 17, 18, 19, 20], [9.07, 51.39, 58.5, 75.97, 80.61, 83.52, 84.02, 84.36, 84.88, 84.29, 85.11, 85.32, 86.18, 85.37, 86.4, 85.87, 86.38, 86.64, 86.04, 86.66, 87.28], [0, 0.0053673796355724335, 0.001689499826170504, 0.0008321012719534338, 0.0005215801647864282, 0.0003349405888002366, 0.0002064047585008666, 0.00017859811487141997, 0.00015376319061033428, 0.00015194827574305236, 0.00014357405598275363, 0.00015509530203416944, 0.0001408653479302302, 0.0001372695987811312, 0.00014693151751998812, 0.00015104308840818703, 0.0001500912185292691, 0.0001539092045277357, 0.00015228822303470224, 0.00015444745076820254, 0.00016723174485377967]], [[0, 1, 2, 3, 4, 5, 6, 7, 8, 9, 10, 11, 12, 13, 14, 15, 16, 17, 18, 19, 20], [7.26, 60.22, 51.21, 67.52, 81.47, 82.96, 84.04, 83.62, 84.67, 84.25, 85.58, 85.31, 85.37, 86.27, 85.93, 86.05, 86.81, 86.83, 86.72, 86.44, 87.13], [0, 0.005379661917686462, 0.001823350554332137, 0.0008649069350212812, 0.0005425434792414308, 0.00031919972389005125, 0.0002233414852526039, 0.00018281237862538546, 0.00015890292706899345, 0.00015136413276195526, 0.00015790561155881733, 0.0001525808620499447, 0.0001455303281545639, 0.00015344240819104016, 0.00014873038162477314, 0.0001505213585915044, 0.00015587787493132055, 0.00015199843619484454, 0.00015904693282209337, 0.00016188478912226856, 0.00017488078447058797]]], "alpha": 0.5, "beta": 0.5, "gamma": 3.0, "num_samples": 6000, "node_count": 10, "density": 0.75, "startup_delay": 0.0, "forward_prob": 0}