{"nodes_data": [[[0, 1, 2, 3, 4, 5, 6, 7, 8, 9, 10, 11, 12, 13, 14, 15, 16, 17, 18, 19, 20], [10.97, 64.83, 54.61, 78.51, 81.29, 82.74, 83.77, 84.26, 85.06, 84.47, 84.92, 85.91, 85.55, 84.97, 86.14, 86.0, 86.48, 86.6, 87.37, 86.68, 86.79], [0, 0.005379137117415667, 0.0016732988879084587, 0.0008463045815005898, 0.0005137884290888906, 0.0002877697115764022, 0.00020729735842905939, 0.00016395177226513624, 0.00015730317682027817, 0.00015238922787830234, 0.00014269269013311714, 0.0001386845688102767, 0.00014729134272783995, 0.00014292688865680248, 0.00014621950685977936, 0.00014611671213060617, 0.00015323828847613186, 0.00015505010378547013, 0.00016546121332794428, 0.0001648546167416498, 0.00016827309445943683]], [[0, 1, 2, 3, 4, 5, 6, 7, 8, 9, 10, 11, 12, 13, 14, 15, 16, 17, 18, 19, 20], [11.21, 69.53, 51.68, 73.56, 82.04, 82.63, 83.9, 84.64, 85.06, 85.41, 85.3, 85.77, 85.67, 85.93, 86.18, 85.91, 86.95, 86.78, 86.31, 87.13, 87.01], [0, 0.005368695594370365, 0.0016127105336636305, 0.0009362156270071864, 0.0005016939248889685, 0.00029544849530793726, 0.00020526642038021237, 0.00017508216842543334, 0.0001625832956051454, 0.0001578777882969007, 0.00014598394045606256, 0.0001471262949053198, 0.00015342835104092956, 0.0001507438428234309, 0.0001526159467175603, 0.00015001701831351966, 0.0001542851678095758, 0.00015915314725134522, 0.00016347716154996306, 0.00016873229469638318, 0.00016721752763260156]]], "msds": [[[0, 1, 2, 3, 4, 5, 6, 7, 8, 9, 10, 11, 12, 13, 14, 15, 16, 17, 18, 19, 20], [10.97, 64.83, 54.61, 78.51, 81.29, 82.74, 83.77, 84.26, 85.06, 84.47, 84.92, 85.91, 85.55, 84.97, 86.14, 86.0, 86.48, 86.6, 87.37, 86.68, 86.79], [0, 0.005379137117415667, 0.0016732988879084587, 0.0008463045815005898, 0.0005137884290888906, 0.0002877697115764022, 0.00020729735842905939, 0.00016395177226513624, 0.00015730317682027817, 0.00015238922787830234, 0.00014269269013311714, 0.0001386845688102767, 0.00014729134272783995, 0.00014292688865680248, 0.00014621950685977936, 0.00014611671213060617, 0.00015323828847613186, 0.00015505010378547013, 0.00016546121332794428, 0.0001648546167416498, 0.00016827309445943683]], [[0, 1, 2, 3, 4, 5, 6, 7, 8, 9, 10, 11, 12, 13, 14, 15, 16, 17, 18, 19, 20], [9.99, 60.57, 52.18, 75.81, 81.35, 82.56, 83.48, 84.29, 84.71, 84.87, 85.05, 85.58, 84.76, 85.7, 86.09, 85.86, 86.37, 86.26, 87.1, 86.98, 87.05], [0, 0.005387304816395044, 0.001723746070638299, 0.0008937563979998231, 0.0005391352460719645, 0.0003066836216021329, 0.00021700958313886076, 0.00017416829359717667, 0.00016037614841479808, 0.00015429915220011026, 0.00014838599599897861, 0.000134981659357436, 0.00014754351286683232, 0.00015005863679107279, 0.00014462313265539706, 0.00015224888920783997, 0.00014712830306962132, 0.00015194335719570518, 0.0001550294691696763, 0.00015604645886924118, 0.00017278506129514426]]], "alpha": 0.5, "beta": 0.0, "gamma": 5.0, "num_samples": 6000, "node_count": 10, "density": 1.0, "startup_delay": 0.0, "forward_prob": 0}