{"nodes_data": [[[0, 1, 2, 3, 4, 5, 6, 7, 8, 9, 10, 11, 12, 13, 14, 15, 16, 17, 18, 19, 20], [10.04, 49.7, 70.4, 80.39, 81.92, 83.12, 83.8, 84.32, 84.88, 84.41, 84.3, 85.6, 86.26, 86.08, 86.51, 86.45, 86.72, 86.76, 86.61, 86.91, 86.59], [0, 0.005373245570808649, 0.002210256177932024, 0.0008431386086158454, 0.0005397691857069731, 0.0002393146714894101, 0.00017878515063785017, 0.0001565197017043829, 0.0001409054093528539, 0.0001273723755730316, 0.00012616522144526243, 0.00010225874575553462, 0.00011701718176482245, 0.00016106256225612015, 0.00013356162526179105, 0.00013982440577819943, 0.00014722859486937523, 0.00014758420002181083, 0.00016200111713260412, 0.0001725231559248641, 0.00016427275841124356]], [[0, 1, 2, 3, 4, 5, 6, 7, 8, 9, 10, 11, 12, 13, 14, 15, 16, 17, 18, 19, 20], [12.27, 57.93, 60.65, 80.3, 82.37, 83.68, 82.33, 84.54, 84.65, 85.01, 84.94, 84.6, 85.91, 85.93, 86.02, 86.61, 86.33, 86.76, 86.68, 87.08, 86.14], [0, 0.00537752965465188, 0.0017380982171744108, 0.0009324069833382964, 0.0004749808576889336, 0.00026049846201203763, 0.00017232602112926543, 0.000193080966710113, 0.00012239316129125655, 0.00013769617362413555, 0.00013455550651997328, 0.00014022731920704246, 0.00014488531451206654, 0.00015367985179182142, 0.0001535569754196331, 0.00013796730490867049, 0.00015437179536093026, 0.00015777449880260974, 0.00016875842993613333, 0.0001528212014818564, 0.00015815862570889294]]], "msds": [[[0, 1, 2, 3, 4, 5, 6, 7, 8, 9, 10, 11, 12, 13, 14, 15, 16, 17, 18, 19, 20], [10.04, 49.7, 70.4, 80.39, 81.92, 83.12, 83.8, 84.32, 84.88, 84.41, 84.3, 85.6, 86.26, 86.08, 86.51, 86.45, 86.72, 86.76, 86.61, 86.91, 86.59], [0, 0.005373245570808649, 0.002210256177932024, 0.0008431386086158454, 0.0005397691857069731, 0.0002393146714894101, 0.00017878515063785017, 0.0001565197017043829, 0.0001409054093528539, 0.0001273723755730316, 0.00012616522144526243, 0.00010225874575553462, 0.00011701718176482245, 0.00016106256225612015, 0.00013356162526179105, 0.00013982440577819943, 0.00014722859486937523, 0.00014758420002181083, 0.00016200111713260412, 0.0001725231559248641, 0.00016427275841124356]], [[0, 1, 2, 3, 4, 5, 6, 7, 8, 9, 10, 11, 12, 13, 14, 15, 16, 17, 18, 19, 20], [14.77, 67.91, 70.68, 80.82, 82.07, 83.71, 84.4, 84.56, 84.79, 85.1, 85.2, 85.77, 86.14, 86.53, 86.02, 85.9, 86.23, 85.98, 87.2, 86.21, 86.65], [0, 0.005344534758478403, 0.0017554443329572678, 0.0010016572196036577, 0.0004503227537497878, 0.00028588614077307284, 0.00018425655434839427, 0.00016522117948625237, 0.0001585756108397618, 0.00015272179734893143, 0.00013590299931820482, 0.00012665872054640204, 0.00015003266162239015, 0.00013134187611285597, 0.000141882715979591, 0.00015215386520139873, 0.00016034525469876826, 0.00015431889914907515, 0.000165663193911314, 0.00014228903455659747, 0.00015735553461126983]]], "alpha": 0.5, "beta": 0.5, "gamma": 1.0, "num_samples": 6000, "node_count": 10, "density": 1.0, "startup_delay": 0.0, "forward_prob": 0}