{"nodes_data": [[[0, 1, 2, 3, 4, 5, 6, 7, 8, 9, 10, 11, 12, 13, 14, 15, 16, 17, 18, 19, 20], [17.71, 34.99, 81.41, 82.06, 82.43, 84.35, 84.42, 85.46, 84.58, 82.78, 85.71, 85.43, 86.01, 86.31, 86.7, 86.89, 86.94, 87.5, 86.16, 86.27, 87.02], [0, 0.00535481795668602, 0.0008164119790308177, 0.0003727947478182614, 0.00029603432631120086, 0.0002653102856129408, 8.214035187847912e-05, 6.450674118241295e-05, 0, 0, 0.00016033084830269217, 0.0002078454417642206, 0.00017142754222732037, 0.0002064618020085618, 0.0002001742977881804, 0.00018591333355288953, 0.00020009504805784672, 0.0001809220266295597, 0.00014669547090306878, 9.576317825121805e-05, 9.590069385012612e-05]], [[0, 1, 2, 3, 4, 5, 6, 7, 8, 9, 10, 11, 12, 13, 14, 15, 16, 17, 18, 19, 20], [14.27, 37.67, 75.3, 82.02, 83.92, 84.6, 84.43, 84.69, 84.67, 85.78, 86.15, 86.75, 86.75, 86.46, 86.37, 86.73, 86.74, 86.91, 87.35, 87.54, 87.27], [0, 0.005374673753976822, 0.0010158083168789744, 0.00040493131382390857, 0.00028423429466784, 0.00018111801182385534, 0.0005581820150837302, 0.00023291073739528656, 0.00020495917124208063, 0.00020577483519446105, 0.00022428030206356198, 0.00015110525419004261, 0.0001553248439449817, 0.00011928480671485886, 8.747070387471467e-05, 0.00017737977032084018, 0.00017514629871584475, 0.00016282516298815608, 0.00022414923296310008, 0.00022372232342604548, 0.00025117723271250725]]], "msds": [[[0, 1, 2, 3, 4, 5, 6, 7, 8, 9, 10, 11, 12, 13, 14, 15, 16, 17, 18, 19, 20], [17.71, 34.99, 81.41, 82.06, 82.43, 84.35, 84.42, 85.46, 84.58, 82.78, 85.71, 85.43, 86.01, 86.31, 86.7, 86.89, 86.94, 87.5, 86.16, 86.27, 87.02], [0, 0.00535481795668602, 0.0008164119790308177, 0.0003727947478182614, 0.00029603432631120086, 0.0002653102856129408, 8.214035187847912e-05, 6.450674118241295e-05, 0, 0, 0.00016033084830269217, 0.0002078454417642206, 0.00017142754222732037, 0.0002064618020085618, 0.0002001742977881804, 0.00018591333355288953, 0.00020009504805784672, 0.0001809220266295597, 0.00014669547090306878, 9.576317825121805e-05, 9.590069385012612e-05]], [[0, 1, 2, 3, 4, 5, 6, 7, 8, 9, 10, 11, 12, 13, 14, 15, 16, 17, 18, 19, 20], [11.91, 54.2, 80.33, 83.57, 84.0, 84.6, 84.41, 84.63, 84.95, 85.35, 85.99, 86.39, 86.26, 86.49, 85.35, 86.42, 86.92, 86.73, 86.76, 87.09, 86.43], [0, 0.0036430126056075096, 0.0005412313039414585, 0.0003344482684042305, 0.00028387358179315925, 0.00026529867318458855, 9.898787538986653e-05, 0.00013095846225041896, 0.00010423109051771462, 0.00011824807006632909, 0.0001937484194058925, 0.0002044848952209577, 0.0002080049889627844, 0.00011887469736393541, 0.0001519795332569629, 0.00012936661369167268, 0.00010419064346933737, 0.0001138506704592146, 0.0001788988010957837, 0.0001739902945701033, 0]]], "alpha": 0.7, "beta": 0.0, "gamma": 2.0, "num_samples": 6000, "node_count": 10, "density": 0.0, "startup_delay": 0.0, "forward_prob": 0}