{"nodes_data": [[[0, 1, 2, 3, 4, 5, 6, 7, 8, 9, 10, 11, 12, 13, 14, 15, 16, 17, 18, 19, 20], [6.74, 16.73, 71.0, 79.28, 81.96, 82.5, 83.39, 83.77, 83.97, 84.57, 84.55, 84.99, 85.35, 85.49, 85.72, 85.8, 85.98, 86.18, 86.57, 86.4, 86.61], [0, 0.005350560415536165, 0.0018914567772299051, 0.0005536116077564657, 0.0002975806128233671, 0.00013905148080084473, 7.820989412721246e-05, 6.97316718287766e-05, 6.923030741745606e-05, 6.900734297232702e-05, 6.868298078188673e-05, 7.594515773234889e-05, 7.178248051786795e-05, 7.597580406581983e-05, 8.11318022897467e-05, 7.816485594958067e-05, 8.100243576336652e-05, 8.184221223928034e-05, 8.27951225801371e-05, 8.45596514409408e-05, 8.561725553590804e-05]], [[0, 1, 2, 3, 4, 5, 6, 7, 8, 9, 10, 11, 12, 13, 14, 15, 16, 17, 18, 19, 20], [5.71, 10.0, 63.0, 78.39, 81.63, 82.12, 83.4, 83.85, 84.02, 84.56, 84.82, 84.99, 85.07, 85.42, 85.67, 85.56, 86.04, 85.82, 86.49, 86.22, 86.78], [0, 0.005364935379475355, 0.002149268751963973, 0.0006508510559797287, 0.00032489432487636805, 0.00015737974899820983, 8.983942097984254e-05, 7.672810897929594e-05, 6.83440375723876e-05, 6.571782432729378e-05, 7.211719639599323e-05, 7.241174898808822e-05, 7.371850369963795e-05, 7.056382310111076e-05, 7.618490053573623e-05, 7.659739640075713e-05, 7.86565724411048e-05, 8.366660040337592e-05, 8.347779657924548e-05, 9.019630670081824e-05, 8.848866127664223e-05]]], "msds": [[[0, 1, 2, 3, 4, 5, 6, 7, 8, 9, 10, 11, 12, 13, 14, 15, 16, 17, 18, 19, 20], [6.74, 16.73, 71.0, 79.28, 81.96, 82.5, 83.39, 83.77, 83.97, 84.57, 84.55, 84.99, 85.35, 85.49, 85.72, 85.8, 85.98, 86.18, 86.57, 86.4, 86.61], [0, 0.005350560415536165, 0.0018914567772299051, 0.0005536116077564657, 0.0002975806128233671, 0.00013905148080084473, 7.820989412721246e-05, 6.97316718287766e-05, 6.923030741745606e-05, 6.900734297232702e-05, 6.868298078188673e-05, 7.594515773234889e-05, 7.178248051786795e-05, 7.597580406581983e-05, 8.11318022897467e-05, 7.816485594958067e-05, 8.100243576336652e-05, 8.184221223928034e-05, 8.27951225801371e-05, 8.45596514409408e-05, 8.561725553590804e-05]], [[0, 1, 2, 3, 4, 5, 6, 7, 8, 9, 10, 11, 12, 13, 14, 15, 16, 17, 18, 19, 20], [9.33, 10.0, 20.42, 80.03, 81.88, 82.64, 83.62, 83.77, 84.04, 84.55, 84.61, 85.09, 85.23, 85.56, 85.62, 85.8, 86.06, 86.31, 86.61, 86.4, 86.77], [0, 0.005364196840673685, 0.002706627594307065, 0.0006726011051796377, 0.0002270010591018945, 0.00012412373325787485, 8.661296305945143e-05, 6.931431562406942e-05, 6.942140316823497e-05, 6.75749106449075e-05, 7.084418029990047e-05, 7.322654710151255e-05, 7.180596003308892e-05, 7.543240644736215e-05, 7.55840155761689e-05, 7.87229000707157e-05, 8.009005978237838e-05, 8.604310278315097e-05, 8.349643758265302e-05, 8.789963612798601e-05, 8.415601041633636e-05]]], "alpha": 1.0, "beta": 2.0, "gamma": 3.0, "num_samples": 6000, "node_count": 10, "density": 1.0, "startup_delay": 0.0, "forward_prob": 0}