{"nodes_data": [[[0, 1, 2, 3, 4, 5, 6, 7, 8, 9, 10, 11, 12, 13, 14, 15, 16, 17, 18, 19, 20], [8.89, 10.01, 77.05, 82.15, 83.26, 84.45, 84.72, 85.1, 84.68, 85.56, 86.15, 86.16, 86.1, 86.53, 86.64, 86.51, 87.26, 86.87, 87.53, 87.15, 87.36], [0, 0.005391458515077829, 0.0006030756048858166, 0.00015667971456423402, 9.354432404506952e-05, 7.077938062138855e-05, 6.82781173964031e-05, 7.109839498298243e-05, 7.871836714912206e-05, 8.274183346657082e-05, 7.853112765587866e-05, 8.542268915334716e-05, 8.493554196320474e-05, 8.226454519899562e-05, 8.375629840884358e-05, 9.55613431870006e-05, 9.3823742645327e-05, 9.597463940735906e-05, 9.549328387947753e-05, 0.00010122117964783683, 0.0001123589463531971]], [[0, 1, 2, 3, 4, 5, 6, 7, 8, 9, 10, 11, 12, 13, 14, 15, 16, 17, 18, 19, 20], [9.64, 10.0, 75.31, 81.89, 82.86, 84.45, 84.79, 85.08, 85.1, 85.56, 86.13, 85.95, 86.11, 86.57, 86.82, 86.98, 87.0, 87.25, 87.63, 87.13, 87.41], [0, 0.0053708599880337715, 0.0006888745119795203, 0.00015478036948479712, 8.470616012346e-05, 6.750567990820855e-05, 7.213055505417287e-05, 7.479235500795767e-05, 7.437017484335229e-05, 7.39221359253861e-05, 8.49920543259941e-05, 8.598922431701794e-05, 8.800407522358e-05, 0.00010019457840826362, 9.747939475346357e-05, 9.532560943625867e-05, 9.6546282293275e-05, 0.00010176415526075289, 9.759591921465471e-05, 0.00011149274359922856, 0.00010388021473772824]]], "msds": [[[0, 1, 2, 3, 4, 5, 6, 7, 8, 9, 10, 11, 12, 13, 14, 15, 16, 17, 18, 19, 20], [8.89, 10.01, 77.05, 82.15, 83.26, 84.45, 84.72, 85.1, 84.68, 85.56, 86.15, 86.16, 86.1, 86.53, 86.64, 86.51, 87.26, 86.87, 87.53, 87.15, 87.36], [0, 0.005391458515077829, 0.0006030756048858166, 0.00015667971456423402, 9.354432404506952e-05, 7.077938062138855e-05, 6.82781173964031e-05, 7.109839498298243e-05, 7.871836714912206e-05, 8.274183346657082e-05, 7.853112765587866e-05, 8.542268915334716e-05, 8.493554196320474e-05, 8.226454519899562e-05, 8.375629840884358e-05, 9.55613431870006e-05, 9.3823742645327e-05, 9.597463940735906e-05, 9.549328387947753e-05, 0.00010122117964783683, 0.0001123589463531971]], [[0, 1, 2, 3, 4, 5, 6, 7, 8, 9, 10, 11, 12, 13, 14, 15, 16, 17, 18, 19, 20], [6.03, 19.93, 73.61, 81.92, 82.86, 84.43, 84.6, 85.1, 85.12, 85.34, 86.15, 86.06, 85.88, 86.43, 86.82, 86.97, 86.87, 87.25, 87.63, 87.16, 87.35], [0, 0.005389497149735689, 0.000839055806864053, 0.00015338647062890232, 8.564480958739296e-05, 7.248108886415139e-05, 7.705694588366896e-05, 7.342347817029804e-05, 7.165130955399945e-05, 8.16075480543077e-05, 8.116876415442675e-05, 8.178249845514074e-05, 8.637727296445519e-05, 9.252911695512012e-05, 9.075092384591699e-05, 8.848762809066102e-05, 8.854873885866255e-05, 9.838239930104464e-05, 9.213136945618317e-05, 0.00010563533578533679, 0.00010627274605212733]]], "alpha": 0.0, "beta": 0.5, "gamma": 3.0, "num_samples": 6000, "node_count": 10, "density": 1.0, "startup_delay": 0.0, "forward_prob": 0}