{"nodes_data": [[[0, 1, 2, 3, 4, 5, 6, 7, 8, 9, 10, 11, 12, 13, 14, 15, 16, 17, 18, 19, 20], [9.02, 11.78, 58.28, 81.22, 82.13, 83.65, 84.03, 84.82, 84.7, 84.75, 85.77, 85.88, 86.21, 86.33, 86.66, 86.96, 86.84, 86.74, 87.0, 86.4, 87.23], [0, 0.005388225894421339, 0.0009191416902467608, 0.0002883712004404515, 0.0001350769161945209, 9.90859916782938e-05, 9.166678501060233e-05, 9.213609155267477e-05, 9.299656812800094e-05, 9.858518751570955e-05, 9.95184454950504e-05, 9.683620010036975e-05, 9.91891574813053e-05, 0.00010572539031272754, 0.00011266821820754558, 0.00010579170339042321, 0.00011292766430415213, 0.00011708390957210213, 0.00011342785001033917, 0.00012251002772245556, 0.00012308191799093038]], [[0, 1, 2, 3, 4, 5, 6, 7, 8, 9, 10, 11, 12, 13, 14, 15, 16, 17, 18, 19, 20], [3.13, 12.8, 58.04, 81.26, 82.68, 83.65, 84.36, 84.86, 84.78, 85.01, 85.73, 86.28, 86.34, 86.07, 86.53, 86.77, 86.71, 87.05, 86.9, 86.31, 86.71], [0, 0.005358673166483641, 0.000903924519661814, 0.000319090933771804, 0.00014167810149956495, 0.00011177318810950965, 9.899111319100484e-05, 9.931872773449868e-05, 9.820592094911262e-05, 0.0001003652359941043, 0.00010199267853749916, 0.00010317374835722148, 0.0001033182634273544, 0.00010898870095843449, 0.00011279076716164127, 0.00010908539843512699, 0.00011833760800072923, 0.00011958947288803756, 0.00012411069474183023, 0.00012864758900832385, 0.00012353676720522344]]], "msds": [[[0, 1, 2, 3, 4, 5, 6, 7, 8, 9, 10, 11, 12, 13, 14, 15, 16, 17, 18, 19, 20], [9.02, 11.78, 58.28, 81.22, 82.13, 83.65, 84.03, 84.82, 84.7, 84.75, 85.77, 85.88, 86.21, 86.33, 86.66, 86.96, 86.84, 86.74, 87.0, 86.4, 87.23], [0, 0.005388225894421339, 0.0009191416902467608, 0.0002883712004404515, 0.0001350769161945209, 9.90859916782938e-05, 9.166678501060233e-05, 9.213609155267477e-05, 9.299656812800094e-05, 9.858518751570955e-05, 9.95184454950504e-05, 9.683620010036975e-05, 9.91891574813053e-05, 0.00010572539031272754, 0.00011266821820754558, 0.00010579170339042321, 0.00011292766430415213, 0.00011708390957210213, 0.00011342785001033917, 0.00012251002772245556, 0.00012308191799093038]], [[0, 1, 2, 3, 4, 5, 6, 7, 8, 9, 10, 11, 12, 13, 14, 15, 16, 17, 18, 19, 20], [9.84, 10.0, 60.05, 81.04, 82.72, 83.75, 84.13, 84.7, 84.64, 85.25, 85.62, 85.58, 86.18, 86.26, 86.77, 86.92, 86.7, 86.74, 87.24, 86.58, 87.02], [0, 0.005384627263993025, 0.0008744453079998493, 0.0003239900397602469, 0.00014314429427031428, 0.00010880216723307967, 9.953791595762596e-05, 9.674523607827723e-05, 9.902554302243516e-05, 0.0001074150059139356, 0.00010341677989345044, 9.78010066319257e-05, 0.0001041386931319721, 0.0001079049106920138, 0.00011063559941248968, 0.00011536928650457412, 0.00011538139369804412, 0.00011642472236417234, 0.000125864491565153, 0.00012212518777232617, 0.00012403533037286252]]], "alpha": 0.7, "beta": 0.0, "gamma": 5.0, "num_samples": 6000, "node_count": 10, "density": 0.75, "startup_delay": 0.0, "forward_prob": 0}