{"nodes_data": [[[0, 1, 2, 3, 4, 5, 6, 7, 8, 9, 10, 11, 12, 13, 14, 15, 16, 17, 18, 19, 20], [14.65, 50.76, 69.25, 81.82, 82.0, 83.25, 83.7, 84.27, 84.56, 84.91, 84.48, 85.05, 85.64, 85.87, 85.79, 86.37, 85.68, 86.19, 85.94, 86.6, 86.18], [0, 0.005391313694417477, 0.0013447364326566458, 0.0008106380118988454, 0.000588111812248826, 0.0004670564958360046, 0.00040362129220739007, 0.0003487052454147488, 0.0002578702406026423, 0.0002885263238567859, 0.00021796507644467056, 0.0002389127912465483, 0.00021864933660253882, 0.00022778630955144763, 0.00020594397210516036, 0.0002024605928454548, 0.00020122050773352385, 0.00019805968622677028, 0.00018076504056807607, 0.00018520264711696655, 0.0001944724644999951]], [[0, 1, 2, 3, 4, 5, 6, 7, 8, 9, 10, 11, 12, 13, 14, 15, 16, 17, 18, 19, 20], [11.88, 62.87, 73.58, 80.49, 82.75, 83.83, 84.16, 84.18, 84.96, 84.76, 84.98, 85.53, 85.78, 85.61, 85.66, 86.44, 85.92, 85.93, 86.47, 86.8, 86.49], [0, 0.005361932795494795, 0.0012994047719985247, 0.0007819250458851457, 0.0005934526561759412, 0.00047155882930383086, 0.0005148169002495706, 0.0003050961531698704, 0.0004405576328281313, 0.0003140807675663382, 0.0003036476264242083, 0.00028864573687314987, 0.00028807579656131566, 0.00025673903292044997, 0.00024129654048010707, 0.0002350928116356954, 0.00023909876472316682, 0.000213383071240969, 0.00018507210188545287, 0.00022930449631530792, 0.00021432396897580475]]], "msds": [[[0, 1, 2, 3, 4, 5, 6, 7, 8, 9, 10, 11, 12, 13, 14, 15, 16, 17, 18, 19, 20], [14.65, 50.76, 69.25, 81.82, 82.0, 83.25, 83.7, 84.27, 84.56, 84.91, 84.48, 85.05, 85.64, 85.87, 85.79, 86.37, 85.68, 86.19, 85.94, 86.6, 86.18], [0, 0.005391313694417477, 0.0013447364326566458, 0.0008106380118988454, 0.000588111812248826, 0.0004670564958360046, 0.00040362129220739007, 0.0003487052454147488, 0.0002578702406026423, 0.0002885263238567859, 0.00021796507644467056, 0.0002389127912465483, 0.00021864933660253882, 0.00022778630955144763, 0.00020594397210516036, 0.0002024605928454548, 0.00020122050773352385, 0.00019805968622677028, 0.00018076504056807607, 0.00018520264711696655, 0.0001944724644999951]], [[0, 1, 2, 3, 4, 5, 6, 7, 8, 9, 10, 11, 12, 13, 14, 15, 16, 17, 18, 19, 20], [10.29, 51.45, 70.09, 80.76, 81.18, 82.06, 83.3, 83.66, 84.72, 83.9, 84.5, 85.09, 84.85, 85.15, 85.08, 85.83, 86.42, 86.25, 85.5, 86.31, 86.26], [0, 0.005383198615163565, 0.0015036569675430655, 0.0008853836916387081, 0.0006407091277651489, 0.0005886463914066553, 0.0005287298117764294, 0.0004875295562669635, 0.0004188727180007845, 0.00048498486285097897, 0.00038691319059580564, 0.00041674586827866733, 0.0004702568403445184, 0.0003868817293550819, 0.0002613221004139632, 0.0002776792098302394, 0.0002853356418199837, 0.00029394388548098505, 0.000275719678029418, 0.00026082785916514695, 0.00023734086425974965]]], "alpha": 0.5, "beta": 0.5, "gamma": 2.0, "num_samples": 6000, "node_count": 10, "density": 0.15, "startup_delay": 0.0, "forward_prob": 0}