{"nodes_data": [[[0, 1, 2, 3, 4, 5, 6, 7, 8, 9, 10, 11, 12, 13, 14, 15, 16, 17, 18, 19, 20], [12.54, 24.34, 71.86, 81.93, 84.1, 83.16, 84.46, 84.81, 84.92, 84.65, 85.49, 84.73, 85.41, 85.94, 84.86, 84.38, 85.15, 85.17, 84.98, 83.22, 85.48], [0, 0.005376480054110289, 0.003057325491681695, 0.0003911387757398188, 0.00014194638060871512, 0.00011703956261044368, 0.00011094257206423208, 0.00011857098434120417, 0.000106860876257997, 0.0001351478713331744, 0.00013544800458475947, 0.00015085868653841317, 0.0001237814431078732, 0.00011495592480059713, 0, 0, 0, 0, 0, 0, 0]], [[0, 1, 2, 3, 4, 5, 6, 7, 8, 9, 10, 11, 12, 13, 14, 15, 16, 17, 18, 19, 20], [5.1, 77.02, 79.11, 79.47, 83.42, 81.44, 83.55, 83.93, 83.96, 82.45, 84.54, 81.76, 84.72, 85.05, 85.52, 85.9, 86.25, 85.95, 85.98, 85.22, 85.68], [0, 0, 0, 0, 0, 0, 0, 0, 0, 0, 0, 0, 0, 0, 0.00011914351489394903, 9.314117778558284e-05, 9.359772957395762e-05, 0.00010082093649543822, 0.000103255886642728, 9.766064613359049e-05, 0.00010075310274260119]]], "msds": [[[0, 1, 2, 3, 4, 5, 6, 7, 8, 9, 10, 11, 12, 13, 14, 15, 16, 17, 18, 19, 20], [12.54, 24.34, 71.86, 81.93, 84.1, 83.16, 84.46, 84.81, 84.92, 84.65, 85.49, 84.73, 85.41, 85.94, 84.86, 84.38, 85.15, 85.17, 84.98, 83.22, 85.48], [0, 0.005376480054110289, 0.003057325491681695, 0.0003911387757398188, 0.00014194638060871512, 0.00011703956261044368, 0.00011094257206423208, 0.00011857098434120417, 0.000106860876257997, 0.0001351478713331744, 0.00013544800458475947, 0.00015085868653841317, 0.0001237814431078732, 0.00011495592480059713, 0, 0, 0, 0, 0, 0, 0]], [[0, 1, 2, 3, 4, 5, 6, 7, 8, 9, 10, 11, 12, 13, 14, 15, 16, 17, 18, 19, 20], [5.98, 21.51, 68.73, 82.7, 84.28, 84.82, 84.94, 84.76, 84.34, 84.65, 85.21, 85.0, 85.58, 86.15, 85.94, 86.19, 86.25, 86.26, 86.78, 86.21, 86.36], [0, 0.005368736106902361, 0.0016468674875795841, 0.00102232675999403, 0.0004534194595180452, 0.00026777744642458856, 0.00015399756375700235, 0.00014066859148442745, 0.00015671039000153542, 0.00013174970808904618, 0.00012117762526031584, 0.00010894938895944506, 0.000134247267851606, 0.00012724101543426514, 0.00013563538959715515, 0.0001231825299328193, 0.00012223439989611506, 0.0001217228127643466, 0.0001228627224918455, 0.00012370261538308114, 0.00012724960106424987]]], "alpha": 0.7, "beta": 0.0, "gamma": 0.0, "num_samples": 6000, "node_count": 10, "density": 0.75, "startup_delay": 0.0, "forward_prob": 0}