{"nodes_data": [[[0, 1, 2, 3, 4, 5, 6, 7, 8, 9, 10, 11, 12, 13, 14, 15, 16, 17, 18, 19, 20], [7.69, 79.72, 76.12, 81.5, 82.53, 81.04, 84.1, 83.34, 83.9, 84.42, 84.7, 85.05, 85.67, 85.16, 84.03, 85.82, 85.22, 86.15, 85.27, 85.81, 86.19], [0, 0.005344866309314966, 0.0041601634584367275, 0.0028574983589351177, 0.0029956179205328226, 0.0013430926483124495, 4.446821549208835e-05, 3.896446287399158e-05, 0, 5.954601147095673e-05, 7.000243931543082e-05, 0.0004880803171545267, 5.832630267832428e-05, 6.161094643175602e-05, 6.280562229221687e-05, 6.0496175137814134e-05, 8.028905722312629e-05, 6.54591858619824e-05, 4.0545557567384094e-05, 5.1249357056804e-05, 5.657515794155188e-05]], [[0, 1, 2, 3, 4, 5, 6, 7, 8, 9, 10, 11, 12, 13, 14, 15, 16, 17, 18, 19, 20], [11.43, 80.6, 78.04, 81.2, 81.26, 82.67, 80.38, 84.72, 84.68, 83.7, 84.45, 85.26, 83.15, 84.6, 85.77, 85.73, 86.72, 85.8, 86.0, 86.27, 86.07], [0, 0.005344236269593239, 0.00393681088462472, 0.0034357705153524876, 0.0036775213666260242, 0.0035545520950108767, 0.0019438692834228277, 9.068682265933603e-05, 8.239621092798188e-05, 0, 0.00012498781143222004, 0.00010277471301378682, 8.054036152316257e-05, 9.563079220242798e-05, 9.489899093750864e-05, 9.995047730626538e-05, 0.0001288151106564328, 0.000134435627842322, 0.0001370851678075269, 7.34683417249471e-05, 8.315208106068894e-05]]], "msds": [[[0, 1, 2, 3, 4, 5, 6, 7, 8, 9, 10, 11, 12, 13, 14, 15, 16, 17, 18, 19, 20], [7.69, 79.72, 76.12, 81.5, 82.53, 81.04, 84.1, 83.34, 83.9, 84.42, 84.7, 85.05, 85.67, 85.16, 84.03, 85.82, 85.22, 86.15, 85.27, 85.81, 86.19], [0, 0.005344866309314966, 0.0041601634584367275, 0.0028574983589351177, 0.0029956179205328226, 0.0013430926483124495, 4.446821549208835e-05, 3.896446287399158e-05, 0, 5.954601147095673e-05, 7.000243931543082e-05, 0.0004880803171545267, 5.832630267832428e-05, 6.161094643175602e-05, 6.280562229221687e-05, 6.0496175137814134e-05, 8.028905722312629e-05, 6.54591858619824e-05, 4.0545557567384094e-05, 5.1249357056804e-05, 5.657515794155188e-05]], [[0, 1, 2, 3, 4, 5, 6, 7, 8, 9, 10, 11, 12, 13, 14, 15, 16, 17, 18, 19, 20], [10.08, 40.81, 80.14, 81.53, 55.64, 82.73, 84.07, 83.9, 82.73, 85.41, 85.26, 85.88, 86.52, 86.87, 87.08, 85.82, 87.23, 85.19, 87.02, 86.75, 87.23], [0, 0.005375586915761232, 0.0031391845550388098, 0.003071723273023963, 0.001831202069297433, 5.739047264796682e-05, 4.2873081838479266e-05, 3.844025559374131e-05, 5.954601147095673e-05, 0.00015358012751676142, 0.00027304765535518527, 5.255400901660323e-05, 5.865285493200645e-05, 5.653888001688756e-05, 5.896627772017382e-05, 0, 6.583839422091842e-05, 4.9232374294660985e-05, 4.704927414422855e-05, 5.114582017995417e-05, 6.723691330989823e-05]]], "alpha": 1.0, "beta": 0.0, "gamma": 5.0, "num_samples": 6000, "node_count": 10, "density": 0.0, "startup_delay": 0.0, "forward_prob": 0}