{"nodes_data": [[[0, 1, 2, 3, 4, 5, 6, 7, 8, 9, 10, 11, 12, 13, 14, 15, 16, 17, 18, 19, 20], [12.48, 35.57, 69.99, 81.38, 82.4, 83.83, 83.78, 84.43, 85.03, 85.14, 85.77, 86.09, 86.22, 86.32, 86.52, 86.87, 86.9, 86.67, 87.11, 87.01, 87.52], [0, 0.005351341795176268, 0.0010611886391416192, 0.0003161147178616375, 0.00017318960453849286, 0.00010351737728342414, 9.388392936671153e-05, 8.952223288360983e-05, 8.961427374742925e-05, 9.088944352697581e-05, 9.193467849399894e-05, 9.740843233885244e-05, 0.00010071891301777214, 9.986189979827031e-05, 0.00010548129648668692, 0.00010120491060661152, 0.00010412748088128865, 0.00011681450996547937, 0.00011408701539039612, 0.00011306058149784803, 0.0001186175286420621]], [[0, 1, 2, 3, 4, 5, 6, 7, 8, 9, 10, 11, 12, 13, 14, 15, 16, 17, 18, 19, 20], [8.73, 44.08, 59.08, 81.21, 82.43, 83.77, 83.9, 84.6, 85.48, 85.56, 85.64, 85.81, 86.3, 86.36, 86.28, 86.88, 86.65, 87.09, 87.1, 87.16, 87.44], [0, 0.005374886095523834, 0.0008399633225053549, 0.0003776385565288365, 0.00014491566980723292, 0.00011167320189997554, 9.655448229750618e-05, 9.86825762083754e-05, 0.00010382758046034724, 0.00010762531019281596, 9.978380694519728e-05, 0.00010216462396783754, 0.00010714060044847429, 0.00011164648458361626, 0.00010881409252760932, 0.0001128387957578525, 0.00011691485269693658, 0.00012721851817332208, 0.00012846158642787486, 0.00013148410653229803, 0.00012007774785161018]]], "msds": [[[0, 1, 2, 3, 4, 5, 6, 7, 8, 9, 10, 11, 12, 13, 14, 15, 16, 17, 18, 19, 20], [12.48, 35.57, 69.99, 81.38, 82.4, 83.83, 83.78, 84.43, 85.03, 85.14, 85.77, 86.09, 86.22, 86.32, 86.52, 86.87, 86.9, 86.67, 87.11, 87.01, 87.52], [0, 0.005351341795176268, 0.0010611886391416192, 0.0003161147178616375, 0.00017318960453849286, 0.00010351737728342414, 9.388392936671153e-05, 8.952223288360983e-05, 8.961427374742925e-05, 9.088944352697581e-05, 9.193467849399894e-05, 9.740843233885244e-05, 0.00010071891301777214, 9.986189979827031e-05, 0.00010548129648668692, 0.00010120491060661152, 0.00010412748088128865, 0.00011681450996547937, 0.00011408701539039612, 0.00011306058149784803, 0.0001186175286420621]], [[0, 1, 2, 3, 4, 5, 6, 7, 8, 9, 10, 11, 12, 13, 14, 15, 16, 17, 18, 19, 20], [10.07, 33.36, 67.15, 81.38, 82.72, 83.78, 84.31, 84.07, 85.06, 85.57, 85.65, 85.82, 86.39, 86.57, 86.57, 86.56, 87.0, 87.29, 87.1, 87.1, 87.37], [0, 0.005370760802179575, 0.000987609731964767, 0.0003359197289682925, 0.00019203481497243047, 9.916138515109196e-05, 9.876078547677025e-05, 0.00010401689360151067, 9.741583926370367e-05, 9.3061949883122e-05, 9.727956057759002e-05, 9.906411287374794e-05, 0.00011202351015526801, 0.00010968333663186058, 0.00011294840078335255, 0.0001191830015159212, 0.00010861255577765405, 0.00011364037345629185, 0.00012171721755294129, 0.0001175211655208841, 0.00012892593804281205]]], "alpha": 0.7, "beta": 0.5, "gamma": 3.0, "num_samples": 6000, "node_count": 10, "density": 0.75, "startup_delay": 0.0, "forward_prob": 0}