{"nodes_data": [[[0, 1, 2, 3, 4, 5, 6, 7, 8, 9, 10, 11, 12, 13, 14, 15, 16, 17, 18, 19, 20], [4.81, 70.22, 68.04, 60.28, 73.93, 80.16, 82.33, 82.82, 82.3, 84.5, 84.82, 84.94, 85.3, 85.48, 86.15, 86.13, 86.04, 85.88, 86.43, 86.29, 86.2], [0, 0.00536299217492342, 0.0034692701883614063, 0.0013497405452653766, 0.0008321731584146619, 0.0005651299143210053, 0.00036343050305731595, 0.0002516958338674158, 0.00020032002066727728, 0.00018051515507977456, 0.00016903509094845504, 0.00017153951921500266, 0.00015712391177657992, 0.00015822969726286829, 0.0001599118986632675, 0.0001600265532033518, 0.00017227520584128797, 0.0001632164348848164, 0.00015989573148544878, 0.00016268067702185363, 0.000172331347130239]], [[0, 1, 2, 3, 4, 5, 6, 7, 8, 9, 10, 11, 12, 13, 14, 15, 16, 17, 18, 19, 20], [8.69, 54.92, 57.14, 52.88, 78.59, 82.27, 82.14, 83.14, 83.55, 83.64, 85.02, 84.91, 84.12, 85.65, 86.13, 85.93, 85.72, 86.13, 86.02, 86.35, 86.66], [0, 0.005345866084098816, 0.0033669830299913883, 0.0011752499267458916, 0.0007498674094676971, 0.0005061764968559146, 0.0003298511728644371, 0.0002386906708125025, 0.00018560430908109993, 0.00016943762602750212, 0.00016235253133345395, 0.0001520957303000614, 0.00015613606956321746, 0.00015224231174215674, 0.00015188449469860643, 0.0001493780146120116, 0.00015300331870093942, 0.00014865148114040494, 0.00015334397903643548, 0.00015074755356181413, 0.0001602199481567368]]], "msds": [[[0, 1, 2, 3, 4, 5, 6, 7, 8, 9, 10, 11, 12, 13, 14, 15, 16, 17, 18, 19, 20], [4.81, 70.22, 68.04, 60.28, 73.93, 80.16, 82.33, 82.82, 82.3, 84.5, 84.82, 84.94, 85.3, 85.48, 86.15, 86.13, 86.04, 85.88, 86.43, 86.29, 86.2], [0, 0.00536299217492342, 0.0034692701883614063, 0.0013497405452653766, 0.0008321731584146619, 0.0005651299143210053, 0.00036343050305731595, 0.0002516958338674158, 0.00020032002066727728, 0.00018051515507977456, 0.00016903509094845504, 0.00017153951921500266, 0.00015712391177657992, 0.00015822969726286829, 0.0001599118986632675, 0.0001600265532033518, 0.00017227520584128797, 0.0001632164348848164, 0.00015989573148544878, 0.00016268067702185363, 0.000172331347130239]], [[0, 1, 2, 3, 4, 5, 6, 7, 8, 9, 10, 11, 12, 13, 14, 15, 16, 17, 18, 19, 20], [6.0, 64.08, 55.65, 62.74, 78.49, 81.06, 82.54, 82.33, 83.75, 84.66, 84.88, 84.94, 85.03, 85.65, 85.7, 85.8, 85.27, 85.81, 85.92, 86.08, 86.84], [0, 0.005368141457438469, 0.002739811083301902, 0.0010481576900929213, 0.0007227357709780335, 0.0004985847044736147, 0.0003147040551993996, 0.0002233783307019621, 0.00018887042824644595, 0.00016804203914944082, 0.00016145761765073985, 0.00015587931557092816, 0.00015510473167523742, 0.0001625420991331339, 0.00015492032980546355, 0.00015184989024419338, 0.0001558571239002049, 0.00015638693002983928, 0.00015965275815688074, 0.0001561250101076439, 0.00016153273463714868]]], "alpha": 0.5, "beta": 1.0, "gamma": 3.0, "num_samples": 6000, "node_count": 10, "density": 1.0, "startup_delay": 0.0, "forward_prob": 0}