{"nodes_data": [[[0, 1, 2, 3, 4, 5, 6, 7, 8, 9, 10, 11, 12, 13, 14, 15, 16, 17, 18, 19, 20], [10.7, 60.76, 78.07, 80.97, 82.2, 81.31, 82.62, 84.28, 84.52, 85.03, 85.67, 85.52, 85.49, 85.31, 84.75, 85.44, 85.14, 85.45, 84.73, 83.72, 85.18], [0, 0.005385878030210733, 0, 0, 0, 0, 0, 0, 9.989130921894684e-05, 9.521036554360762e-05, 8.985483145806938e-05, 9.508705988992006e-05, 9.403585136169568e-05, 0, 0, 0, 0, 0, 0, 0, 0]], [[0, 1, 2, 3, 4, 5, 6, 7, 8, 9, 10, 11, 12, 13, 14, 15, 16, 17, 18, 19, 20], [10.16, 68.05, 81.37, 80.41, 83.21, 83.7, 81.77, 82.14, 83.34, 82.53, 83.52, 84.58, 83.3, 84.55, 84.82, 84.73, 83.81, 84.49, 83.85, 84.74, 84.71], [0, 0.005365435499697924, 0, 0, 0, 0, 0, 0, 0, 0, 0, 0, 0, 0, 0, 0, 0, 0, 0, 0, 0]]], "msds": [[[0, 1, 2, 3, 4, 5, 6, 7, 8, 9, 10, 11, 12, 13, 14, 15, 16, 17, 18, 19, 20], [10.7, 60.76, 78.07, 80.97, 82.2, 81.31, 82.62, 84.28, 84.52, 85.03, 85.67, 85.52, 85.49, 85.31, 84.75, 85.44, 85.14, 85.45, 84.73, 83.72, 85.18], [0, 0.005385878030210733, 0, 0, 0, 0, 0, 0, 9.989130921894684e-05, 9.521036554360762e-05, 8.985483145806938e-05, 9.508705988992006e-05, 9.403585136169568e-05, 0, 0, 0, 0, 0, 0, 0, 0]], [[0, 1, 2, 3, 4, 5, 6, 7, 8, 9, 10, 11, 12, 13, 14, 15, 16, 17, 18, 19, 20], [8.42, 26.96, 79.14, 83.34, 83.89, 83.93, 84.5, 84.07, 85.03, 85.61, 85.77, 86.1, 84.67, 85.88, 86.33, 85.79, 85.66, 86.17, 85.49, 84.95, 85.88], [0, 0.005377029534429312, 0.002032816642895341, 0.00035566906444728374, 0.0004463923105504364, 0.00022430060198530555, 0.000135774229420349, 0.00011008663568645716, 0.00011283963976893574, 9.820880950428545e-05, 9.091159154195338e-05, 0.00010036637104349211, 9.981370385503396e-05, 0.00010860442853299901, 0.0001280244905501604, 0.00012914123362861574, 0.00013483490329235792, 0.00012793847417924553, 0, 0, 0]]], "alpha": 0.7, "beta": 0.5, "gamma": 0.0, "num_samples": 6000, "node_count": 10, "density": 0.15, "startup_delay": 0.0, "forward_prob": 0}