{"nodes_data": [[[0, 1, 2, 3, 4, 5, 6, 7, 8, 9, 10, 11, 12, 13, 14, 15, 16, 17, 18, 19, 20], [12.61, 12.68, 62.93, 80.84, 83.35, 83.41, 84.39, 84.88, 85.27, 85.26, 85.34, 85.47, 86.29, 86.0, 86.19, 86.51, 86.67, 86.94, 87.12, 87.23, 87.06], [0, 0.005393220577389002, 0.0008512953063473105, 0.00031380989821627736, 0.00012901063018944114, 9.604645310901105e-05, 0.00010098629718413576, 9.38276425586082e-05, 9.498079452896491e-05, 9.50684625422582e-05, 0.00010233677312498912, 0.00010040085180662572, 0.00010675618250388652, 0.00010479569027666003, 0.0001143433473771438, 0.00010657815437298268, 0.00011329569679219276, 0.0001140021049650386, 0.00011070341861341149, 0.00012696233170572668, 0.00012755503121297807]], [[0, 1, 2, 3, 4, 5, 6, 7, 8, 9, 10, 11, 12, 13, 14, 15, 16, 17, 18, 19, 20], [14.98, 19.28, 61.4, 81.06, 83.12, 83.44, 84.43, 84.73, 85.21, 85.56, 85.58, 85.99, 86.47, 85.81, 86.11, 86.82, 86.82, 87.14, 86.97, 87.25, 87.27], [0, 0.005363380070775747, 0.00091237184824422, 0.0002834319311659783, 0.00012725764827337116, 9.743410191731527e-05, 9.828128531808034e-05, 9.593224967829883e-05, 0.00010058258339995518, 9.181162749882787e-05, 0.00010070269490825012, 0.0001011849963106215, 0.00010068999836221337, 0.0001059489804902114, 0.0001103621834772639, 0.00010410395771032199, 0.00011069849279010668, 0.00011384230310795829, 0.0001188788446597755, 0.00012027628690702841, 0.00012271029117982835]]], "msds": [[[0, 1, 2, 3, 4, 5, 6, 7, 8, 9, 10, 11, 12, 13, 14, 15, 16, 17, 18, 19, 20], [12.61, 12.68, 62.93, 80.84, 83.35, 83.41, 84.39, 84.88, 85.27, 85.26, 85.34, 85.47, 86.29, 86.0, 86.19, 86.51, 86.67, 86.94, 87.12, 87.23, 87.06], [0, 0.005393220577389002, 0.0008512953063473105, 0.00031380989821627736, 0.00012901063018944114, 9.604645310901105e-05, 0.00010098629718413576, 9.38276425586082e-05, 9.498079452896491e-05, 9.50684625422582e-05, 0.00010233677312498912, 0.00010040085180662572, 0.00010675618250388652, 0.00010479569027666003, 0.0001143433473771438, 0.00010657815437298268, 0.00011329569679219276, 0.0001140021049650386, 0.00011070341861341149, 0.00012696233170572668, 0.00012755503121297807]], [[0, 1, 2, 3, 4, 5, 6, 7, 8, 9, 10, 11, 12, 13, 14, 15, 16, 17, 18, 19, 20], [11.25, 11.97, 64.7, 81.06, 83.08, 83.52, 84.16, 85.08, 85.29, 85.29, 85.71, 85.71, 86.3, 86.01, 86.06, 86.53, 86.88, 87.05, 87.16, 87.28, 87.39], [0, 0.005371933802962303, 0.0008867203141562641, 0.0002762932563200593, 0.0001199407852254808, 9.425228199688718e-05, 9.315105126006529e-05, 8.783010707702488e-05, 9.715531632537022e-05, 9.089777449844405e-05, 9.709747973829508e-05, 0.00010498149640625343, 9.817208774620667e-05, 9.590343688614666e-05, 0.00010962824308080599, 0.00010391674004495144, 0.0001083002716768533, 0.00011435538908699527, 0.00011063891724916175, 0.00011690914107020944, 0.00011715192522387952]]], "alpha": 0.7, "beta": 0.0, "gamma": 5.0, "num_samples": 6000, "node_count": 10, "density": 1.0, "startup_delay": 0.0, "forward_prob": 0}