{"nodes_data": [[[0, 1, 2, 3, 4, 5, 6, 7, 8, 9, 10, 11, 12, 13, 14, 15, 16, 17, 18, 19, 20], [2.75, 10.51, 10.0, 57.77, 80.97, 82.01, 82.51, 83.6, 83.43, 84.02, 84.42, 84.99, 85.16, 84.9, 85.88, 85.73, 85.75, 85.94, 85.89, 86.45, 86.13], [0, 0.005375199485570192, 0.002781589748337865, 0.0009241467341780663, 0.00038344025961123407, 0.0001686577161308378, 0.00012027909542666748, 0.00010435028525535017, 8.55180187500082e-05, 7.487125549232587e-05, 7.48498277971521e-05, 7.135709893191233e-05, 7.657154492335394e-05, 7.395974535029382e-05, 7.757063576718792e-05, 8.030659228097647e-05, 8.360288484254852e-05, 8.398148202104494e-05, 8.474121568724513e-05, 8.722194615984336e-05, 9.691179729998112e-05]], [[0, 1, 2, 3, 4, 5, 6, 7, 8, 9, 10, 11, 12, 13, 14, 15, 16, 17, 18, 19, 20], [9.95, 47.91, 17.38, 61.37, 81.09, 81.94, 82.54, 83.5, 84.21, 84.27, 84.41, 84.74, 84.02, 85.26, 85.69, 85.66, 85.99, 86.05, 86.14, 85.78, 86.18], [0, 0.005395686253905296, 0.0028895868454128504, 0.0007923799566924572, 0.00027161050820723176, 0.0001453938166378066, 0.00012431488721631467, 9.227794362232089e-05, 7.818014273652807e-05, 7.796818681526929e-05, 7.513262971770018e-05, 7.391205144813284e-05, 7.382407784461975e-05, 7.62719864724204e-05, 7.951286534080282e-05, 8.687206718605012e-05, 8.249535312643275e-05, 8.932202035794035e-05, 8.646299102110788e-05, 9.587818931322545e-05, 9.380545088788494e-05]]], "msds": [[[0, 1, 2, 3, 4, 5, 6, 7, 8, 9, 10, 11, 12, 13, 14, 15, 16, 17, 18, 19, 20], [2.75, 10.51, 10.0, 57.77, 80.97, 82.01, 82.51, 83.6, 83.43, 84.02, 84.42, 84.99, 85.16, 84.9, 85.88, 85.73, 85.75, 85.94, 85.89, 86.45, 86.13], [0, 0.005375199485570192, 0.002781589748337865, 0.0009241467341780663, 0.00038344025961123407, 0.0001686577161308378, 0.00012027909542666748, 0.00010435028525535017, 8.55180187500082e-05, 7.487125549232587e-05, 7.48498277971521e-05, 7.135709893191233e-05, 7.657154492335394e-05, 7.395974535029382e-05, 7.757063576718792e-05, 8.030659228097647e-05, 8.360288484254852e-05, 8.398148202104494e-05, 8.474121568724513e-05, 8.722194615984336e-05, 9.691179729998112e-05]], [[0, 1, 2, 3, 4, 5, 6, 7, 8, 9, 10, 11, 12, 13, 14, 15, 16, 17, 18, 19, 20], [7.74, 10.0, 48.36, 61.29, 81.21, 82.44, 83.06, 83.41, 83.84, 84.48, 84.34, 84.34, 84.94, 85.54, 85.85, 86.01, 86.01, 85.99, 86.1, 86.01, 86.48], [0, 0.0053697251714766026, 0.002177838934585452, 0.0007953999447636306, 0.0002652621187735349, 0.00012616912135854363, 0.00010192470654146746, 8.418472134508193e-05, 8.057119703153148e-05, 6.937111174920574e-05, 7.27133228792809e-05, 7.886710955062881e-05, 7.574298797408119e-05, 7.680520502617583e-05, 8.348996198037639e-05, 8.332841389346868e-05, 8.728575630811974e-05, 8.791337313596159e-05, 8.822584641166031e-05, 9.290825255447999e-05, 9.68856766121462e-05]]], "alpha": 1.0, "beta": 1.0, "gamma": 2.0, "num_samples": 6000, "node_count": 10, "density": 0.75, "startup_delay": 0.0, "forward_prob": 0}