{"nodes_data": [[[0, 1, 2, 3, 4, 5, 6, 7, 8, 9, 10, 11, 12, 13, 14, 15, 16, 17, 18, 19, 20], [9.76, 18.46, 66.43, 80.08, 82.58, 83.67, 84.18, 84.76, 85.09, 85.17, 85.97, 85.64, 85.82, 86.33, 86.74, 87.01, 86.68, 86.94, 87.15, 86.85, 86.45], [0, 0.005374586209654808, 0.0008325431845150888, 0.0003600729105528444, 0.0001434410223737359, 0.00011105127487098798, 9.895689436234534e-05, 9.34306372073479e-05, 0.00010004669456975535, 9.866122854873538e-05, 9.911321831168607e-05, 0.00010433396528242156, 0.00010185037535848096, 0.00010662295244401321, 0.00010980049410136417, 0.00010889004624914378, 0.00011726755474228412, 0.00011380659998394549, 0.00011253201955696568, 0.00011592729424592108, 0.00011911804176634178]], [[0, 1, 2, 3, 4, 5, 6, 7, 8, 9, 10, 11, 12, 13, 14, 15, 16, 17, 18, 19, 20], [5.22, 10.03, 59.21, 80.43, 82.24, 83.69, 84.18, 84.51, 85.29, 85.06, 84.91, 85.97, 86.34, 86.46, 86.68, 86.93, 86.89, 86.79, 86.77, 87.28, 86.71], [0, 0.005366185680031776, 0.0009254078613594174, 0.0003588108520489186, 0.00015388613974209875, 0.00011803502275142819, 0.00010376275895396248, 9.966593643184751e-05, 9.77737654466182e-05, 9.671741281636059e-05, 9.908421634463593e-05, 0.00010206024307990447, 9.974217391572893e-05, 0.000109160813735798, 0.00010245126759400591, 0.00011237402213737369, 0.00010988175199599937, 0.00011482267291285098, 0.00011946031736442819, 0.00012212310684844851, 0.00012053433601977304]]], "msds": [[[0, 1, 2, 3, 4, 5, 6, 7, 8, 9, 10, 11, 12, 13, 14, 15, 16, 17, 18, 19, 20], [9.76, 18.46, 66.43, 80.08, 82.58, 83.67, 84.18, 84.76, 85.09, 85.17, 85.97, 85.64, 85.82, 86.33, 86.74, 87.01, 86.68, 86.94, 87.15, 86.85, 86.45], [0, 0.005374586209654808, 0.0008325431845150888, 0.0003600729105528444, 0.0001434410223737359, 0.00011105127487098798, 9.895689436234534e-05, 9.34306372073479e-05, 0.00010004669456975535, 9.866122854873538e-05, 9.911321831168607e-05, 0.00010433396528242156, 0.00010185037535848096, 0.00010662295244401321, 0.00010980049410136417, 0.00010889004624914378, 0.00011726755474228412, 0.00011380659998394549, 0.00011253201955696568, 0.00011592729424592108, 0.00011911804176634178]], [[0, 1, 2, 3, 4, 5, 6, 7, 8, 9, 10, 11, 12, 13, 14, 15, 16, 17, 18, 19, 20], [10.35, 20.82, 51.92, 79.34, 82.87, 83.62, 84.32, 84.98, 85.42, 84.81, 85.41, 86.0, 86.34, 86.48, 86.97, 87.13, 86.91, 86.94, 86.95, 87.18, 86.83], [0, 0.005378982052206993, 0.0009501907043159008, 0.0003540184407029301, 0.0001512532908236608, 0.00011594258103286847, 9.870094800135121e-05, 9.889282227959484e-05, 9.765089635038748e-05, 0.00010167292930418625, 9.86803715932183e-05, 0.00010634001955622807, 0.00010417556040920317, 0.00010814714914886281, 0.00010686019959393889, 0.00010502353688934818, 0.00010925884998869151, 0.00011307134991511703, 0.00011617665586527437, 0.00011445382551755756, 0.00012189534754725173]]], "alpha": 0.7, "beta": 0.5, "gamma": 5.0, "num_samples": 6000, "node_count": 10, "density": 0.75, "startup_delay": 0.0, "forward_prob": 0}