{"nodes_data": [[[0, 1, 2, 3, 4, 5, 6, 7, 8, 9, 10, 11, 12, 13, 14, 15, 16, 17, 18, 19, 20], [10.18, 80.02, 31.84, 80.01, 81.26, 82.1, 82.81, 83.55, 84.14, 84.41, 84.48, 83.66, 84.28, 84.98, 85.1, 85.1, 85.28, 85.98, 85.63, 85.89, 85.83], [0, 0, 0.005524396430701017, 0.0020871919114142656, 0.0006354746874421835, 0.0009160693734884262, 0.00048156571574509144, 0.00018298838404007256, 0.0002982520090881735, 0.00015419033297803253, 0.0001201120248879306, 0.00015217614418361336, 0.00010720836871769279, 0.00010270691564073786, 9.628107363823801e-05, 9.492875688010827e-05, 0.00010148349974770099, 9.557948942529038e-05, 0.00010251157073071226, 9.934800618793815e-05, 0.00010865608783205971]], [[0, 1, 2, 3, 4, 5, 6, 7, 8, 9, 10, 11, 12, 13, 14, 15, 16, 17, 18, 19, 20], [10.17, 78.16, 31.21, 74.21, 81.55, 81.78, 82.63, 83.49, 83.86, 84.66, 84.36, 84.65, 84.3, 83.97, 85.29, 85.48, 84.9, 86.04, 85.44, 85.8, 86.34], [0, 0.005339691415429115, 0.0034605071414262056, 0.0011068701278418303, 0.0011131399078294635, 0.0005365664255805314, 0.00043226045090705156, 0.0003059588198084384, 0.00017287902301177382, 0.00015961950703058392, 0.0001508277637185529, 0.00010994320473400876, 0.00010445353109389544, 0.00010514544555917382, 9.980070171877742e-05, 0.00010623349226079881, 0.00010316604311810806, 0.00010504195233806968, 0.0001051750368787907, 0.00010540374205447733, 0.00010995379852829501]]], "msds": [[[0, 1, 2, 3, 4, 5, 6, 7, 8, 9, 10, 11, 12, 13, 14, 15, 16, 17, 18, 19, 20], [10.18, 80.02, 31.84, 80.01, 81.26, 82.1, 82.81, 83.55, 84.14, 84.41, 84.48, 83.66, 84.28, 84.98, 85.1, 85.1, 85.28, 85.98, 85.63, 85.89, 85.83], [0, 0, 0.005524396430701017, 0.0020871919114142656, 0.0006354746874421835, 0.0009160693734884262, 0.00048156571574509144, 0.00018298838404007256, 0.0002982520090881735, 0.00015419033297803253, 0.0001201120248879306, 0.00015217614418361336, 0.00010720836871769279, 0.00010270691564073786, 9.628107363823801e-05, 9.492875688010827e-05, 0.00010148349974770099, 9.557948942529038e-05, 0.00010251157073071226, 9.934800618793815e-05, 0.00010865608783205971]], [[0, 1, 2, 3, 4, 5, 6, 7, 8, 9, 10, 11, 12, 13, 14, 15, 16, 17, 18, 19, 20], [13.8, 32.82, 37.51, 72.3, 82.28, 82.56, 82.45, 83.43, 83.71, 84.24, 83.99, 84.52, 84.69, 84.9, 84.89, 85.21, 84.89, 85.67, 84.88, 85.33, 86.18], [0, 0.005348876118659973, 0.0018825605511665344, 0.001276697963476181, 0.000893901102244854, 0.00031440271413885057, 0.000453504326287657, 0.00030341173987835646, 0.00013837138249073178, 0.00022604981495533139, 0.00014718731108587235, 0.00011614040704444051, 0.0001193572097690776, 9.425640746485442e-05, 0.0001029444465530105, 9.648887498769909e-05, 0.00010469747940078378, 9.918623982230201e-05, 0.00010435128206154332, 0.0001010524429148063, 0.00011712951527442783]]], "alpha": 0.9, "beta": 2.0, "gamma": 0.0, "num_samples": 6000, "node_count": 10, "density": 0.15, "startup_delay": 0.0, "forward_prob": 0}