{"nodes_data": [[[0, 1, 2, 3, 4, 5, 6, 7, 8, 9, 10, 11, 12, 13, 14, 15, 16, 17, 18, 19, 20], [10.41, 36.85, 10.0, 66.76, 81.14, 82.37, 82.78, 83.87, 84.15, 84.22, 84.85, 85.41, 85.03, 85.49, 85.77, 85.76, 86.14, 86.34, 85.95, 86.38, 86.56], [0, 0.005386281292885542, 0.0035569709725677967, 0.0010768683860078454, 0.0003018266288563609, 0.00010788805229822174, 7.9814184573479e-05, 6.997483433224261e-05, 7.179844396887347e-05, 7.389875099761412e-05, 7.616776565555483e-05, 7.926137914182618e-05, 8.12967773526907e-05, 8.164282917277887e-05, 8.321285713464022e-05, 8.161677396856248e-05, 8.925027213990688e-05, 8.880410314304754e-05, 8.668686496093869e-05, 9.355333895655349e-05, 9.06849600141868e-05]], [[0, 1, 2, 3, 4, 5, 6, 7, 8, 9, 10, 11, 12, 13, 14, 15, 16, 17, 18, 19, 20], [5.89, 10.0, 59.74, 70.56, 81.35, 82.47, 82.78, 83.93, 83.9, 84.75, 84.83, 85.38, 85.17, 85.39, 85.69, 85.73, 85.85, 86.3, 85.93, 86.31, 86.58], [0, 0.005376143846660852, 0.0016902355710044503, 0.0007025236845947802, 0.0002646833017934114, 0.00010281493450747803, 8.305250230478123e-05, 7.162541442085057e-05, 7.231759082060307e-05, 7.176498911576346e-05, 7.67280362197198e-05, 8.008729491848499e-05, 8.07866599643603e-05, 8.223874465329573e-05, 8.460698154522106e-05, 8.511818305123597e-05, 8.662439358886331e-05, 8.64448375068605e-05, 8.739260374568403e-05, 9.197688632411882e-05, 9.248841524822637e-05]]], "msds": [[[0, 1, 2, 3, 4, 5, 6, 7, 8, 9, 10, 11, 12, 13, 14, 15, 16, 17, 18, 19, 20], [10.41, 36.85, 10.0, 66.76, 81.14, 82.37, 82.78, 83.87, 84.15, 84.22, 84.85, 85.41, 85.03, 85.49, 85.77, 85.76, 86.14, 86.34, 85.95, 86.38, 86.56], [0, 0.005386281292885542, 0.0035569709725677967, 0.0010768683860078454, 0.0003018266288563609, 0.00010788805229822174, 7.9814184573479e-05, 6.997483433224261e-05, 7.179844396887347e-05, 7.389875099761412e-05, 7.616776565555483e-05, 7.926137914182618e-05, 8.12967773526907e-05, 8.164282917277887e-05, 8.321285713464022e-05, 8.161677396856248e-05, 8.925027213990688e-05, 8.880410314304754e-05, 8.668686496093869e-05, 9.355333895655349e-05, 9.06849600141868e-05]], [[0, 1, 2, 3, 4, 5, 6, 7, 8, 9, 10, 11, 12, 13, 14, 15, 16, 17, 18, 19, 20], [16.19, 71.44, 10.0, 68.1, 81.76, 82.47, 83.07, 84.03, 84.26, 84.82, 84.93, 85.35, 85.33, 85.49, 85.87, 85.66, 86.1, 86.35, 85.96, 86.28, 86.83], [0, 0, 0.005105135031044483, 0.000942774408031255, 0.00020755415607709438, 9.519448212813586e-05, 8.082204294623807e-05, 7.224349246826023e-05, 7.434916915372014e-05, 7.4081624916289e-05, 8.25448296382092e-05, 7.983484101714566e-05, 7.937799819046631e-05, 7.750176882836968e-05, 8.291268022730947e-05, 8.460495882900432e-05, 8.920503023546189e-05, 8.746897947276011e-05, 9.638057235861197e-05, 8.927348972065374e-05, 9.515049896435812e-05]]], "alpha": 0.9, "beta": 1.0, "gamma": 0.0, "num_samples": 6000, "node_count": 10, "density": 1.0, "startup_delay": 0.0, "forward_prob": 0}