{"nodes_data": [[[0, 1, 2, 3, 4, 5, 6, 7, 8, 9, 10, 11, 12, 13, 14, 15, 16, 17, 18, 19, 20], [10.81, 56.71, 54.8, 68.15, 80.71, 81.89, 82.76, 83.44, 83.37, 84.4, 84.13, 84.51, 85.41, 85.3, 85.66, 85.79, 86.07, 85.81, 85.95, 86.27, 86.52], [0, 0.005385101772844791, 0.003528609871864319, 0.0013618719531223178, 0.0007914493908174336, 0.0005211394163779914, 0.0003244783729314804, 0.00022511082352139056, 0.00019301072461530566, 0.00016224176215473562, 0.00015948071086313576, 0.00015537612489424646, 0.0001528424909338355, 0.00014795243623666465, 0.00014912922051735222, 0.00015330768655985594, 0.0001526764390291646, 0.00016085314564406872, 0.0001598248491063714, 0.00016278689145110548, 0.00016868286184035242]], [[0, 1, 2, 3, 4, 5, 6, 7, 8, 9, 10, 11, 12, 13, 14, 15, 16, 17, 18, 19, 20], [15.52, 65.74, 62.4, 63.69, 77.25, 82.69, 83.23, 83.07, 83.73, 83.92, 83.47, 85.0, 85.3, 85.3, 85.75, 85.89, 86.1, 85.87, 85.88, 86.24, 86.69], [0, 0.005371377803385258, 0.002802162431180477, 0.0012638563057407737, 0.0007777585415169597, 0.0005002166726626456, 0.0003141045744996518, 0.0002311026764800772, 0.00018584654026199132, 0.00016815168783068657, 0.00016168739239219576, 0.0001611100451555103, 0.0001548462314531207, 0.00015278809587471187, 0.0001529000437585637, 0.0001559334632474929, 0.00016329278878401965, 0.00016073349979706109, 0.00017284840578213334, 0.00017060371465049684, 0.00017010785813909024]]], "msds": [[[0, 1, 2, 3, 4, 5, 6, 7, 8, 9, 10, 11, 12, 13, 14, 15, 16, 17, 18, 19, 20], [10.81, 56.71, 54.8, 68.15, 80.71, 81.89, 82.76, 83.44, 83.37, 84.4, 84.13, 84.51, 85.41, 85.3, 85.66, 85.79, 86.07, 85.81, 85.95, 86.27, 86.52], [0, 0.005385101772844791, 0.003528609871864319, 0.0013618719531223178, 0.0007914493908174336, 0.0005211394163779914, 0.0003244783729314804, 0.00022511082352139056, 0.00019301072461530566, 0.00016224176215473562, 0.00015948071086313576, 0.00015537612489424646, 0.0001528424909338355, 0.00014795243623666465, 0.00014912922051735222, 0.00015330768655985594, 0.0001526764390291646, 0.00016085314564406872, 0.0001598248491063714, 0.00016278689145110548, 0.00016868286184035242]], [[0, 1, 2, 3, 4, 5, 6, 7, 8, 9, 10, 11, 12, 13, 14, 15, 16, 17, 18, 19, 20], [12.04, 48.35, 65.22, 77.23, 80.78, 82.66, 82.46, 84.02, 84.54, 84.71, 84.77, 84.98, 85.64, 85.45, 85.85, 86.03, 85.84, 86.28, 86.47, 86.43, 86.46], [0, 0.005372210871428251, 0.002113031456246972, 0.000993114896118641, 0.0006097819423303008, 0.000360977923264727, 0.00025508314138278365, 0.00021325013949535787, 0.00017206388292834163, 0.00015229065320454538, 0.00014921922411303967, 0.00014864341937936842, 0.00014149626076687127, 0.00014763396757189184, 0.00015091252862475812, 0.00014893994375597686, 0.0001505735272075981, 0.00015607717796228826, 0.00016205875726882368, 0.0001598534145159647, 0.00015709003491792828]]], "alpha": 0.5, "beta": 2.0, "gamma": 1.0, "num_samples": 6000, "node_count": 10, "density": 1.0, "startup_delay": 0.0, "forward_prob": 0}