{"nodes_data": [[[0, 1, 2, 3, 4, 5, 6, 7, 8, 9, 10, 11, 12, 13, 14, 15, 16, 17, 18, 19, 20], [10.35, 58.74, 58.65, 79.87, 82.16, 81.9, 82.95, 83.51, 84.38, 84.91, 84.37, 85.2, 85.65, 86.06, 85.88, 85.66, 86.13, 86.5, 86.84, 86.79, 86.92], [0, 0.005373710300773382, 0.0016638346714898944, 0.0008688276284374297, 0.0005310063133947551, 0.0003075420972891152, 0.00021798581292387098, 0.00017067456792574376, 0.00015807356976438314, 0.0001514847099315375, 0.00014865839330013841, 0.00014761215425096452, 0.00015719456132501364, 0.00014878551883157343, 0.0001499472709838301, 0.00015057559357956052, 0.00016531434084754437, 0.0001537030329927802, 0.00016147196583915502, 0.0001650431368034333, 0.00015547488874290138]], [[0, 1, 2, 3, 4, 5, 6, 7, 8, 9, 10, 11, 12, 13, 14, 15, 16, 17, 18, 19, 20], [15.92, 58.87, 66.04, 77.5, 82.17, 82.6, 83.22, 83.66, 84.44, 84.94, 85.27, 85.03, 85.82, 86.31, 86.23, 85.39, 86.36, 86.53, 86.23, 87.02, 86.54], [0, 0.005367194768041372, 0.0017045591957867146, 0.0008646390051580966, 0.0005216606659814715, 0.00029626881587319076, 0.00021641732018906623, 0.00016356153355445713, 0.0001521188096376136, 0.000145011639688164, 0.00014233287947718054, 0.00014420181105379015, 0.00014686892973259091, 0.0001458086189813912, 0.00014742519124411047, 0.000152679203893058, 0.00015506714407820255, 0.00015707103011664003, 0.00015297261415980756, 0.00016463978681713343, 0.00016756262630224228]]], "msds": [[[0, 1, 2, 3, 4, 5, 6, 7, 8, 9, 10, 11, 12, 13, 14, 15, 16, 17, 18, 19, 20], [10.35, 58.74, 58.65, 79.87, 82.16, 81.9, 82.95, 83.51, 84.38, 84.91, 84.37, 85.2, 85.65, 86.06, 85.88, 85.66, 86.13, 86.5, 86.84, 86.79, 86.92], [0, 0.005373710300773382, 0.0016638346714898944, 0.0008688276284374297, 0.0005310063133947551, 0.0003075420972891152, 0.00021798581292387098, 0.00017067456792574376, 0.00015807356976438314, 0.0001514847099315375, 0.00014865839330013841, 0.00014761215425096452, 0.00015719456132501364, 0.00014878551883157343, 0.0001499472709838301, 0.00015057559357956052, 0.00016531434084754437, 0.0001537030329927802, 0.00016147196583915502, 0.0001650431368034333, 0.00015547488874290138]], [[0, 1, 2, 3, 4, 5, 6, 7, 8, 9, 10, 11, 12, 13, 14, 15, 16, 17, 18, 19, 20], [14.01, 72.09, 70.94, 77.48, 82.24, 82.51, 84.04, 84.36, 84.26, 85.0, 85.35, 85.59, 85.79, 86.2, 86.16, 85.95, 86.03, 86.73, 86.98, 86.68, 87.07], [0, 0.005349067971110344, 0.0017347193788737059, 0.0008622700115665793, 0.0005253750132396817, 0.0003018101560883224, 0.00021614220167975873, 0.00017039135855156928, 0.00016352439706679434, 0.00015637528849765658, 0.0001549365697428584, 0.00015838941908441484, 0.00015618291217833757, 0.00014503003330901265, 0.00014631575322709978, 0.00015494259423576295, 0.00016031858103815466, 0.00015291981981135905, 0.00015100657765287906, 0.0001569215819472447, 0.00016091560246422887]]], "alpha": 0.5, "beta": 0.0, "gamma": 5.0, "num_samples": 6000, "node_count": 10, "density": 1.0, "startup_delay": 0.0, "forward_prob": 0}