{"nodes_data": [[[0, 1, 2, 3, 4, 5, 6, 7, 8, 9, 10, 11, 12, 13, 14, 15, 16, 17, 18, 19, 20], [8.94, 10.0, 76.76, 82.26, 83.2, 84.4, 84.96, 85.4, 85.68, 85.91, 86.08, 86.14, 86.85, 86.46, 86.23, 87.22, 86.17, 86.54, 86.36, 86.78, 85.02], [0, 0.005368162877857685, 0.0010636994848027825, 0.0003152370627503842, 0.00020496203796938062, 0.0001422776113031432, 9.353722998639569e-05, 8.727252134121954e-05, 9.355488873552531e-05, 8.572614751756191e-05, 7.815006392775103e-05, 7.453185389749706e-05, 7.854396244511008e-05, 7.81319395173341e-05, 8.50370415719226e-05, 8.947485184762627e-05, 9.032808156916872e-05, 9.634294838178903e-05, 0.00011229368101339787, 9.937730646925047e-05, 0.0001240058772964403]], [[0, 1, 2, 3, 4, 5, 6, 7, 8, 9, 10, 11, 12, 13, 14, 15, 16, 17, 18, 19, 20], [6.23, 10.1, 74.94, 82.24, 81.66, 84.31, 82.5, 85.47, 85.85, 86.17, 86.23, 86.3, 86.71, 86.38, 86.62, 86.97, 86.71, 86.81, 86.93, 85.33, 84.44], [0, 0.005389202386140823, 0.0009982379851862788, 0.0003190600546076894, 0.0005942172720097005, 0.00027018648688681424, 0.0002913686912506819, 0.00020197728008497506, 9.426956967217848e-05, 7.365318742813542e-05, 7.152690523071215e-05, 7.640419789822772e-05, 7.808929512975737e-05, 7.838600140530616e-05, 8.112701470963657e-05, 9.878716082312167e-05, 8.464745769742876e-05, 9.394089283887297e-05, 9.926355414791033e-05, 9.937730646925047e-05, 0.0001240058772964403]]], "msds": [[[0, 1, 2, 3, 4, 5, 6, 7, 8, 9, 10, 11, 12, 13, 14, 15, 16, 17, 18, 19, 20], [8.94, 10.0, 76.76, 82.26, 83.2, 84.4, 84.96, 85.4, 85.68, 85.91, 86.08, 86.14, 86.85, 86.46, 86.23, 87.22, 86.17, 86.54, 86.36, 86.78, 85.02], [0, 0.005368162877857685, 0.0010636994848027825, 0.0003152370627503842, 0.00020496203796938062, 0.0001422776113031432, 9.353722998639569e-05, 8.727252134121954e-05, 9.355488873552531e-05, 8.572614751756191e-05, 7.815006392775103e-05, 7.453185389749706e-05, 7.854396244511008e-05, 7.81319395173341e-05, 8.50370415719226e-05, 8.947485184762627e-05, 9.032808156916872e-05, 9.634294838178903e-05, 0.00011229368101339787, 9.937730646925047e-05, 0.0001240058772964403]], [[0, 1, 2, 3, 4, 5, 6, 7, 8, 9, 10, 11, 12, 13, 14, 15, 16, 17, 18, 19, 20], [17.08, 10.0, 76.36, 81.73, 83.19, 84.43, 84.69, 85.39, 85.46, 85.57, 84.58, 84.48, 86.52, 86.51, 86.23, 87.31, 86.91, 87.04, 86.73, 87.01, 85.8], [0, 0.005360160022974014, 0.0008159238495863974, 0.0008799256174825132, 0.0005828349385410547, 0.00017380445206072181, 0.00014218820433598012, 8.756175520829856e-05, 0.0001029564518830739, 7.539085345342755e-05, 7.89555415394716e-05, 7.644592551514506e-05, 9.556678560329601e-05, 7.767714123474434e-05, 8.137639088090509e-05, 8.12835423857905e-05, 8.226343925343826e-05, 9.152974234893918e-05, 9.85160659183748e-05, 9.33407645788975e-05, 9.041277371579781e-05]]], "alpha": 1.0, "beta": 0.5, "gamma": 1.0, "num_samples": 6000, "node_count": 10, "density": 1.0, "startup_delay": 0.0, "forward_prob": 0}