{"nodes_data": [[[0, 1, 2, 3, 4, 5, 6, 7, 8, 9, 10, 11, 12, 13, 14, 15, 16, 17, 18, 19, 20], [7.25, 79.0, 74.67, 64.15, 76.69, 81.16, 83.13, 83.17, 84.06, 83.46, 84.52, 84.84, 85.06, 85.7, 85.7, 85.92, 85.99, 85.08, 86.34, 86.51, 86.32], [0, 0, 0.005533426068723202, 0.0015371618792414665, 0.000808224081993103, 0.0005940614501014352, 0.00038262567250058055, 0.0002559618151281029, 0.00022056828311178833, 0.00019245334260631353, 0.00017391538131050766, 0.0001622729323571548, 0.0001582806435180828, 0.00016815761046018451, 0.00016400752065237612, 0.0001644459116505459, 0.00016405443602707237, 0.00016964864335022867, 0.00016636743384879082, 0.00016777802375145257, 0.00015969785454217345]], [[0, 1, 2, 3, 4, 5, 6, 7, 8, 9, 10, 11, 12, 13, 14, 15, 16, 17, 18, 19, 20], [13.43, 53.52, 67.3, 71.19, 77.03, 79.92, 82.91, 83.5, 83.58, 83.97, 84.69, 84.88, 84.9, 85.57, 85.28, 85.67, 86.09, 86.43, 85.62, 86.61, 86.02], [0, 0.005373632535338402, 0.003585107857361436, 0.0013278393307700753, 0.000764483236707747, 0.0004884465597569942, 0.0003078317968174815, 0.00021885581372771412, 0.0001835412549553439, 0.00016396502905990928, 0.00015813660866115242, 0.00015719539078418165, 0.00015306842396967113, 0.000150741427205503, 0.00015186922973953187, 0.0001559427473694086, 0.0001581356191309169, 0.00015751796308904886, 0.00015486200572922826, 0.00015913849347271025, 0.000163674121722579]]], "msds": [[[0, 1, 2, 3, 4, 5, 6, 7, 8, 9, 10, 11, 12, 13, 14, 15, 16, 17, 18, 19, 20], [7.25, 79.0, 74.67, 64.15, 76.69, 81.16, 83.13, 83.17, 84.06, 83.46, 84.52, 84.84, 85.06, 85.7, 85.7, 85.92, 85.99, 85.08, 86.34, 86.51, 86.32], [0, 0, 0.005533426068723202, 0.0015371618792414665, 0.000808224081993103, 0.0005940614501014352, 0.00038262567250058055, 0.0002559618151281029, 0.00022056828311178833, 0.00019245334260631353, 0.00017391538131050766, 0.0001622729323571548, 0.0001582806435180828, 0.00016815761046018451, 0.00016400752065237612, 0.0001644459116505459, 0.00016405443602707237, 0.00016964864335022867, 0.00016636743384879082, 0.00016777802375145257, 0.00015969785454217345]], [[0, 1, 2, 3, 4, 5, 6, 7, 8, 9, 10, 11, 12, 13, 14, 15, 16, 17, 18, 19, 20], [10.23, 77.41, 58.85, 69.76, 79.07, 80.71, 83.47, 83.12, 83.96, 84.27, 84.48, 84.82, 85.41, 85.71, 85.6, 86.3, 86.16, 86.28, 85.82, 86.81, 86.58], [0, 0.005368486046791077, 0.0023298754822462797, 0.0009392614592798054, 0.00072695646667853, 0.0004616184451151639, 0.0002997077244799584, 0.00021708072745241225, 0.0001830000546760857, 0.0001661290298216045, 0.00015732392785139382, 0.00015489185170736164, 0.00015712386812083423, 0.00014908364391885698, 0.00014994735829532146, 0.00015574936696793884, 0.00016185673302970827, 0.0001557523792143911, 0.0001553310576127842, 0.0001595147914486006, 0.00016958621563389897]]], "alpha": 0.5, "beta": 2.0, "gamma": 0.0, "num_samples": 6000, "node_count": 10, "density": 1.0, "startup_delay": 0.0, "forward_prob": 0}