{"nodes_data": [[[0, 1, 2, 3, 4, 5, 6, 7, 8, 9, 10, 11, 12, 13, 14, 15, 16, 17, 18, 19, 20], [7.54, 10.02, 25.19, 76.79, 79.86, 82.5, 83.15, 83.73, 84.18, 84.32, 84.47, 85.2, 85.02, 85.27, 85.6, 85.79, 85.91, 86.45, 86.49, 86.75, 86.5], [0, 0.005378972738981247, 0.0029294954147189856, 0.0005469266325235367, 0.000212060782359913, 0.00011070364416809753, 7.858398021198809e-05, 7.314122922252864e-05, 7.119313522707671e-05, 7.210134208435193e-05, 8.09631310403347e-05, 7.479181658709422e-05, 7.674992230022326e-05, 8.014305058168247e-05, 7.900068158050999e-05, 7.981441740412265e-05, 8.087387686828151e-05, 8.489859465043992e-05, 9.075936395674944e-05, 9.297184442402795e-05, 9.544237400405109e-05]], [[0, 1, 2, 3, 4, 5, 6, 7, 8, 9, 10, 11, 12, 13, 14, 15, 16, 17, 18, 19, 20], [10.17, 15.23, 49.71, 77.37, 80.07, 82.65, 83.16, 83.56, 84.14, 84.58, 84.54, 85.15, 85.3, 85.51, 85.35, 85.77, 86.15, 86.34, 86.67, 86.66, 86.79], [0, 0.005365532822906971, 0.0026021243538707495, 0.0005064730066806078, 0.00020946032600477338, 9.654059249442071e-05, 7.254110823851079e-05, 7.20250973245129e-05, 6.840060086688027e-05, 7.248376641655341e-05, 7.504775567213073e-05, 7.462812209269032e-05, 8.08282638899982e-05, 8.12966754892841e-05, 7.94610969023779e-05, 8.172516390914097e-05, 9.093820699490607e-05, 9.055206464836374e-05, 9.227626287611201e-05, 8.6340653069783e-05, 9.287611464969814e-05]]], "msds": [[[0, 1, 2, 3, 4, 5, 6, 7, 8, 9, 10, 11, 12, 13, 14, 15, 16, 17, 18, 19, 20], [7.54, 10.02, 25.19, 76.79, 79.86, 82.5, 83.15, 83.73, 84.18, 84.32, 84.47, 85.2, 85.02, 85.27, 85.6, 85.79, 85.91, 86.45, 86.49, 86.75, 86.5], [0, 0.005378972738981247, 0.0029294954147189856, 0.0005469266325235367, 0.000212060782359913, 0.00011070364416809753, 7.858398021198809e-05, 7.314122922252864e-05, 7.119313522707671e-05, 7.210134208435193e-05, 8.09631310403347e-05, 7.479181658709422e-05, 7.674992230022326e-05, 8.014305058168247e-05, 7.900068158050999e-05, 7.981441740412265e-05, 8.087387686828151e-05, 8.489859465043992e-05, 9.075936395674944e-05, 9.297184442402795e-05, 9.544237400405109e-05]], [[0, 1, 2, 3, 4, 5, 6, 7, 8, 9, 10, 11, 12, 13, 14, 15, 16, 17, 18, 19, 20], [11.82, 10.2, 66.46, 78.33, 80.08, 82.66, 83.47, 83.63, 84.08, 84.44, 84.9, 85.01, 85.35, 85.46, 85.48, 85.79, 86.29, 86.38, 86.57, 86.71, 86.81], [0, 0.005383856128901243, 0.0018245121464133263, 0.00045919904368929565, 0.00015899771824479103, 8.45661197672598e-05, 7.216347876237705e-05, 6.788245809730142e-05, 6.862860027467832e-05, 7.074786117300391e-05, 7.57631059968844e-05, 6.93781694280915e-05, 7.915600144769996e-05, 7.64418946346268e-05, 8.375649485969916e-05, 8.559694106224924e-05, 8.274868014268577e-05, 8.739117765799165e-05, 9.210258576786146e-05, 9.017652337206528e-05, 9.066744678420946e-05]]], "alpha": 0.0, "beta": 1.0, "gamma": 3.0, "num_samples": 6000, "node_count": 10, "density": 1.0, "startup_delay": 0.0, "forward_prob": 0}