{"nodes_data": [[[0, 1, 2, 3, 4, 5, 6, 7, 8, 9, 10, 11, 12, 13, 14, 15, 16, 17, 18, 19, 20], [9.09, 47.02, 46.06, 77.26, 82.84, 83.65, 84.03, 84.18, 84.93, 85.62, 84.6, 85.85, 85.27, 86.49, 86.59, 86.0, 86.14, 86.38, 86.95, 86.32, 86.71], [0, 0.0053664082661271095, 0.0017981508281081915, 0.0008404653053730726, 0.0004892073338851333, 0.00025905834627337754, 0.00019547215197235346, 0.00017088591994252056, 0.00017055794887710363, 0.00015211620484478772, 0.00013296485121827573, 0.0001468334812670946, 0.0001356079737888649, 0.0001392339909216389, 0.0001442748325644061, 0.00014841531810816377, 0.0001506468397565186, 0.00014321789785753936, 0.00016493759176228195, 0.0001616715162526816, 0.0001615327928448096]], [[0, 1, 2, 3, 4, 5, 6, 7, 8, 9, 10, 11, 12, 13, 14, 15, 16, 17, 18, 19, 20], [10.02, 64.55, 57.79, 76.22, 82.71, 83.59, 84.36, 84.9, 84.95, 85.47, 84.94, 86.01, 85.91, 86.0, 86.31, 86.72, 86.08, 86.97, 86.64, 86.92, 86.63], [0, 0.005359932314604521, 0.0018866559257730842, 0.0010505836689844728, 0.0005801871884614229, 0.00030746051925234497, 0.00021769489103462547, 0.00017700219177640975, 0.00015787416487000883, 0.0001489591522840783, 0.00014712399570271373, 0.00013789432705380023, 0.00012648450501728803, 0.00014502009435091168, 0.00012859454727731645, 0.00013515434693545103, 0.00014721645857207477, 0.00015133584383875132, 0.00015563832130283117, 0.0001500114012742415, 0.00014981422282289714]]], "msds": [[[0, 1, 2, 3, 4, 5, 6, 7, 8, 9, 10, 11, 12, 13, 14, 15, 16, 17, 18, 19, 20], [9.09, 47.02, 46.06, 77.26, 82.84, 83.65, 84.03, 84.18, 84.93, 85.62, 84.6, 85.85, 85.27, 86.49, 86.59, 86.0, 86.14, 86.38, 86.95, 86.32, 86.71], [0, 0.0053664082661271095, 0.0017981508281081915, 0.0008404653053730726, 0.0004892073338851333, 0.00025905834627337754, 0.00019547215197235346, 0.00017088591994252056, 0.00017055794887710363, 0.00015211620484478772, 0.00013296485121827573, 0.0001468334812670946, 0.0001356079737888649, 0.0001392339909216389, 0.0001442748325644061, 0.00014841531810816377, 0.0001506468397565186, 0.00014321789785753936, 0.00016493759176228195, 0.0001616715162526816, 0.0001615327928448096]], [[0, 1, 2, 3, 4, 5, 6, 7, 8, 9, 10, 11, 12, 13, 14, 15, 16, 17, 18, 19, 20], [3.95, 63.53, 44.2, 81.71, 82.04, 83.7, 83.66, 84.22, 84.75, 85.28, 85.4, 85.47, 85.59, 86.27, 86.72, 86.83, 86.45, 86.99, 87.01, 86.77, 86.5], [0, 0.005348550155758858, 0.0020983614958822727, 0.0007797949947416782, 0.00044953825999982655, 0.0003300971584394574, 0.0001885013043647632, 0.00016231114568654448, 0.0001476963225286454, 0.00015336535579990596, 0.0001405668444931507, 0.0001486064138589427, 0.00014896277571097016, 0.0001515741168987006, 0.00015887459449004382, 0.00015379360411316156, 0.00015723236720077693, 0.00015874240489210933, 0.00016925869567785412, 0.00016673127538524568, 0.00018095668929163367]]], "alpha": 0.5, "beta": 0.0, "gamma": 1.0, "num_samples": 6000, "node_count": 10, "density": 1.0, "startup_delay": 0.0, "forward_prob": 0}