{"nodes_data": [[[0, 1, 2, 3, 4, 5, 6, 7, 8, 9, 10, 11, 12, 13, 14, 15, 16, 17, 18, 19, 20], [6.93, 58.08, 68.35, 81.94, 83.17, 82.65, 84.29, 84.51, 84.81, 85.04, 85.25, 85.99, 84.96, 85.95, 85.88, 86.16, 86.75, 86.49, 86.81, 87.0, 86.12], [0, 0.005385198164731264, 0.0018909373320639133, 0.0009508128860034049, 0.0003750864416360855, 0.00025552581064403057, 0.00019496936874929816, 0.00016685191076248884, 0.0001597406080691144, 0.00014944671420380473, 0.00015660113422200084, 0.0001553359325043857, 0.0001458515034755692, 0.00013664551079273224, 0.0001522620441392064, 0.00013941914949100465, 0.0001430225238436833, 0.00015213037841022015, 0.00015521857130806893, 0.0001681386202108115, 0.00016797476564534009]], [[0, 1, 2, 3, 4, 5, 6, 7, 8, 9, 10, 11, 12, 13, 14, 15, 16, 17, 18, 19, 20], [10.05, 68.06, 78.85, 80.13, 82.64, 83.24, 84.16, 84.35, 84.75, 84.81, 85.72, 84.93, 85.44, 85.86, 85.4, 86.54, 86.61, 86.48, 86.9, 86.47, 86.68], [0, 0.005401843227446079, 0.0014836944174021482, 0.0008203868637792766, 0.0004773757536895573, 0.0002736382884904742, 0.00018406200979370624, 0.00017883648979477584, 0.00014183096936903894, 0.00014345382805913687, 0.00014477285731118172, 0.0001277285482501611, 0.00015420517593156546, 0.00013658702664542943, 0.0001451073621865362, 0.0001487892004661262, 0.00016088604752440006, 0.0001654580410104245, 0.0001636086090002209, 0.00018603970238473266, 0.00016919327026698738]]], "msds": [[[0, 1, 2, 3, 4, 5, 6, 7, 8, 9, 10, 11, 12, 13, 14, 15, 16, 17, 18, 19, 20], [6.93, 58.08, 68.35, 81.94, 83.17, 82.65, 84.29, 84.51, 84.81, 85.04, 85.25, 85.99, 84.96, 85.95, 85.88, 86.16, 86.75, 86.49, 86.81, 87.0, 86.12], [0, 0.005385198164731264, 0.0018909373320639133, 0.0009508128860034049, 0.0003750864416360855, 0.00025552581064403057, 0.00019496936874929816, 0.00016685191076248884, 0.0001597406080691144, 0.00014944671420380473, 0.00015660113422200084, 0.0001553359325043857, 0.0001458515034755692, 0.00013664551079273224, 0.0001522620441392064, 0.00013941914949100465, 0.0001430225238436833, 0.00015213037841022015, 0.00015521857130806893, 0.0001681386202108115, 0.00016797476564534009]], [[0, 1, 2, 3, 4, 5, 6, 7, 8, 9, 10, 11, 12, 13, 14, 15, 16, 17, 18, 19, 20], [12.47, 61.9, 45.01, 76.0, 81.9, 83.03, 84.11, 84.1, 84.68, 84.4, 85.51, 85.58, 84.67, 86.17, 86.23, 86.4, 85.81, 86.6, 86.45, 86.51, 86.29], [0, 0.005366767290979624, 0.001969534670934081, 0.0011903280392289162, 0.0005570970242843032, 0.00030541408341377974, 0.00018373093917034566, 0.00016144120309036225, 0.00015582883497700095, 0.00014744052896276116, 0.0001470396964577958, 0.00014188376371748745, 0.0001413462741766125, 0.00015193648869171739, 0.0001323176547884941, 0.00012791766494046897, 0.00012645841343328357, 0.0001558114163344726, 0.00014718674356117845, 0.00015425676247105002, 0.00016994109319057316]]], "alpha": 0.5, "beta": 0.5, "gamma": 1.0, "num_samples": 6000, "node_count": 10, "density": 1.0, "startup_delay": 0.0, "forward_prob": 0}