{"nodes_data": [[[0, 1, 2, 3, 4, 5, 6, 7, 8, 9, 10, 11, 12, 13, 14, 15, 16, 17, 18, 19, 20], [7.69, 80.23, 80.88, 81.9, 83.76, 83.38, 84.21, 83.67, 84.61, 84.43, 84.04, 84.86, 84.83, 85.39, 84.67, 84.67, 84.1, 84.48, 84.87, 83.73, 84.11], [0, 0.00535759748890996, 0.0001086825504899025, 8.52562443469651e-05, 0, 0, 0, 0, 0, 0, 0, 0, 0, 0, 0, 0, 0, 0, 0, 0, 0]], [[0, 1, 2, 3, 4, 5, 6, 7, 8, 9, 10, 11, 12, 13, 14, 15, 16, 17, 18, 19, 20], [10.66, 72.54, 79.42, 80.91, 82.55, 83.48, 84.16, 83.87, 84.55, 83.04, 85.4, 84.31, 83.47, 84.67, 84.14, 85.0, 84.59, 84.92, 85.54, 85.57, 85.72], [0, 0, 0.002029737690463662, 0, 0.0007752992678433657, 0.0010094076860696077, 0.0001575408678036183, 0.00013915504678152502, 0, 0, 0.0001457863545510918, 0.0002401783858658746, 0.00016353026148863137, 0.00015356458607129753, 0, 0, 0, 0, 0, 0, 0]]], "msds": [[[0, 1, 2, 3, 4, 5, 6, 7, 8, 9, 10, 11, 12, 13, 14, 15, 16, 17, 18, 19, 20], [7.69, 80.23, 80.88, 81.9, 83.76, 83.38, 84.21, 83.67, 84.61, 84.43, 84.04, 84.86, 84.83, 85.39, 84.67, 84.67, 84.1, 84.48, 84.87, 83.73, 84.11], [0, 0.00535759748890996, 0.0001086825504899025, 8.52562443469651e-05, 0, 0, 0, 0, 0, 0, 0, 0, 0, 0, 0, 0, 0, 0, 0, 0, 0]], [[0, 1, 2, 3, 4, 5, 6, 7, 8, 9, 10, 11, 12, 13, 14, 15, 16, 17, 18, 19, 20], [10.11, 65.18, 81.08, 82.02, 81.65, 78.66, 82.4, 83.73, 85.19, 84.65, 83.85, 83.35, 80.85, 83.51, 85.02, 85.86, 85.88, 85.94, 85.95, 85.57, 85.72], [0, 0.005372579675167799, 0.0015943601028993726, 0.0010288942139595747, 0.0006288023432716727, 7.64467622502707e-05, 7.096927583916113e-05, 8.141367288772017e-05, 0.00011209815420443192, 0.00012527868966571987, 0.00017646033666096628, 9.478611900703982e-05, 0.0001015794841805473, 8.898266969481483e-05, 0.0001422332861693576, 0.0001358004956273362, 0.0001702572772046551, 0.00020692904945462942, 0.00024219343322329223, 0.00027162989135831594, 7.852707494748756e-05]]], "alpha": 1.0, "beta": 0.5, "gamma": 0.0, "num_samples": 6000, "node_count": 10, "density": 0.15, "startup_delay": 0.0, "forward_prob": 0}