{"nodes_data": [[[0, 1, 2, 3, 4, 5, 6, 7, 8, 9, 10, 11, 12, 13, 14, 15, 16, 17, 18, 19, 20], [10.85, 47.54, 66.05, 79.94, 81.49, 82.97, 83.62, 83.95, 84.69, 85.3, 85.49, 85.88, 86.07, 85.68, 85.97, 85.2, 85.89, 86.43, 85.89, 87.01, 86.64], [0, 0.0053566754795610905, 0.0012763264821842313, 0.0005449028685688972, 0.0002188020444009453, 0.00011775069287978113, 9.156326268566772e-05, 7.247968460433185e-05, 8.030086610233411e-05, 7.428025855915621e-05, 8.054348290897906e-05, 7.794722478138283e-05, 8.462079131277278e-05, 7.903791265562177e-05, 8.310526754939929e-05, 8.230343519244343e-05, 7.846208609407768e-05, 7.926463877083734e-05, 8.310153498314321e-05, 8.991907088784501e-05, 8.812222222331911e-05]], [[0, 1, 2, 3, 4, 5, 6, 7, 8, 9, 10, 11, 12, 13, 14, 15, 16, 17, 18, 19, 20], [8.49, 11.98, 60.02, 78.72, 81.67, 83.43, 83.76, 84.95, 85.33, 85.21, 85.37, 85.47, 86.26, 85.54, 86.45, 86.28, 86.6, 86.7, 86.78, 87.33, 87.02], [0, 0.005359370727092028, 0.0015567357186228037, 0.0007163006812334061, 0.00033213989809155464, 0.00018269079737365246, 0.0001121098393923603, 9.60417601163499e-05, 8.445015555480495e-05, 8.958730904851109e-05, 0.00010729673522291705, 9.147623495664448e-05, 9.933741966960952e-05, 9.329058229923248e-05, 9.820442937780172e-05, 9.565053187543526e-05, 9.682674863142893e-05, 9.66525767580606e-05, 0.00010440900223329663, 0.00012932400568388402, 0.00010947437112918124]]], "msds": [[[0, 1, 2, 3, 4, 5, 6, 7, 8, 9, 10, 11, 12, 13, 14, 15, 16, 17, 18, 19, 20], [10.85, 47.54, 66.05, 79.94, 81.49, 82.97, 83.62, 83.95, 84.69, 85.3, 85.49, 85.88, 86.07, 85.68, 85.97, 85.2, 85.89, 86.43, 85.89, 87.01, 86.64], [0, 0.0053566754795610905, 0.0012763264821842313, 0.0005449028685688972, 0.0002188020444009453, 0.00011775069287978113, 9.156326268566772e-05, 7.247968460433185e-05, 8.030086610233411e-05, 7.428025855915621e-05, 8.054348290897906e-05, 7.794722478138283e-05, 8.462079131277278e-05, 7.903791265562177e-05, 8.310526754939929e-05, 8.230343519244343e-05, 7.846208609407768e-05, 7.926463877083734e-05, 8.310153498314321e-05, 8.991907088784501e-05, 8.812222222331911e-05]], [[0, 1, 2, 3, 4, 5, 6, 7, 8, 9, 10, 11, 12, 13, 14, 15, 16, 17, 18, 19, 20], [5.98, 38.47, 66.62, 81.5, 82.93, 83.11, 83.87, 84.09, 85.0, 85.16, 85.71, 85.39, 85.84, 85.8, 86.41, 86.49, 86.82, 86.56, 86.56, 86.64, 86.68], [0, 0.005364819895476103, 0.0012542769545689225, 0.0004893254954367876, 0.00027540436713024974, 0.0001675454986980185, 0.00011689725215546787, 9.55568248173222e-05, 9.176941239275038e-05, 8.884914132067934e-05, 6.999096513027325e-05, 7.043521327432245e-05, 7.54326320020482e-05, 8.248516678577289e-05, 9.330974717158824e-05, 8.829718717606738e-05, 8.761739445617422e-05, 8.941297710407525e-05, 9.216439502779394e-05, 0.00010301087604602799, 0.00010540288349147886]]], "alpha": 0.9, "beta": 1.0, "gamma": 5.0, "num_samples": 6000, "node_count": 10, "density": 0.15, "startup_delay": 0.0, "forward_prob": 0}