{"nodes_data": [[[0, 1, 2, 3, 4, 5, 6, 7, 8, 9, 10, 11, 12, 13, 14, 15, 16, 17, 18, 19, 20], [11.29, 10.0, 58.22, 76.8, 81.2, 82.59, 83.77, 83.82, 84.18, 84.39, 84.88, 84.81, 85.16, 85.37, 85.75, 85.83, 85.9, 86.25, 86.44, 86.36, 86.43], [0, 0.005372563377022743, 0.0020881753880530596, 0.0005217698053456843, 0.00017877852951642126, 9.310017776442692e-05, 8.325504313688725e-05, 7.653898501303047e-05, 7.495389581890777e-05, 7.116077176760882e-05, 7.688238838454708e-05, 8.302018977701664e-05, 7.985385309439152e-05, 8.22965957922861e-05, 8.407542190980166e-05, 8.824327233014628e-05, 9.135365689871833e-05, 9.182789654005319e-05, 9.211470751324669e-05, 9.740209497977048e-05, 9.881647565634921e-05]], [[0, 1, 2, 3, 4, 5, 6, 7, 8, 9, 10, 11, 12, 13, 14, 15, 16, 17, 18, 19, 20], [10.7, 10.0, 22.36, 75.6, 80.91, 82.21, 83.6, 83.88, 84.1, 84.26, 84.94, 84.94, 85.23, 85.38, 85.76, 85.77, 86.09, 86.35, 86.36, 86.34, 86.49], [0, 0.0053489916026592255, 0.0029677520506083965, 0.0005210012895986438, 0.00025145235122181475, 0.00011613089009188116, 7.315094990190119e-05, 7.455373270204291e-05, 7.606275903526694e-05, 6.997265154495835e-05, 7.484924572054297e-05, 7.8012359153945e-05, 8.057412924245e-05, 7.877791358623654e-05, 8.638323924969882e-05, 8.623330359114334e-05, 8.549143967684358e-05, 8.903301932150498e-05, 9.405871242051944e-05, 9.199319174513221e-05, 9.905407205224037e-05]]], "msds": [[[0, 1, 2, 3, 4, 5, 6, 7, 8, 9, 10, 11, 12, 13, 14, 15, 16, 17, 18, 19, 20], [11.29, 10.0, 58.22, 76.8, 81.2, 82.59, 83.77, 83.82, 84.18, 84.39, 84.88, 84.81, 85.16, 85.37, 85.75, 85.83, 85.9, 86.25, 86.44, 86.36, 86.43], [0, 0.005372563377022743, 0.0020881753880530596, 0.0005217698053456843, 0.00017877852951642126, 9.310017776442692e-05, 8.325504313688725e-05, 7.653898501303047e-05, 7.495389581890777e-05, 7.116077176760882e-05, 7.688238838454708e-05, 8.302018977701664e-05, 7.985385309439152e-05, 8.22965957922861e-05, 8.407542190980166e-05, 8.824327233014628e-05, 9.135365689871833e-05, 9.182789654005319e-05, 9.211470751324669e-05, 9.740209497977048e-05, 9.881647565634921e-05]], [[0, 1, 2, 3, 4, 5, 6, 7, 8, 9, 10, 11, 12, 13, 14, 15, 16, 17, 18, 19, 20], [8.19, 10.0, 60.0, 75.8, 80.97, 82.24, 83.69, 83.84, 84.0, 84.49, 84.78, 84.99, 85.11, 85.38, 85.62, 85.83, 85.94, 86.22, 86.46, 86.41, 86.56], [0, 0.005356988403946161, 0.0023087344598025084, 0.0005078156827948987, 0.00023034423065837473, 9.794743527891114e-05, 8.201847958844155e-05, 7.137181819416583e-05, 7.364465272985399e-05, 7.389413804048672e-05, 7.387089135590941e-05, 7.779045699862763e-05, 7.973588071763515e-05, 8.425449050264433e-05, 8.471433829981834e-05, 8.605985203757882e-05, 8.680280006956309e-05, 9.359593968838453e-05, 9.318940283264965e-05, 9.298319491790608e-05, 9.920933371176943e-05]]], "alpha": 0.9, "beta": 1.0, "gamma": 5.0, "num_samples": 6000, "node_count": 10, "density": 1.0, "startup_delay": 0.0, "forward_prob": 0}