{"nodes_data": [[[0, 1, 2, 3, 4, 5, 6, 7, 8, 9, 10, 11, 12, 13, 14, 15, 16, 17, 18, 19, 20], [8.12, 75.92, 80.7, 82.13, 82.54, 84.37, 83.96, 84.22, 84.77, 85.38, 84.77, 84.22, 83.15, 84.53, 85.33, 85.08, 83.68, 85.41, 84.44, 85.16, 85.37], [0, 0.00533666554838419, 0, 0, 0, 0, 0, 0, 0, 0, 0, 0, 0, 0, 0, 0, 9.855646931100637e-05, 7.685115997446701e-05, 7.376884605037048e-05, 8.166015322785825e-05, 0]], [[0, 1, 2, 3, 4, 5, 6, 7, 8, 9, 10, 11, 12, 13, 14, 15, 16, 17, 18, 19, 20], [17.41, 49.52, 56.18, 50.96, 54.72, 84.37, 83.96, 84.22, 84.77, 85.38, 84.77, 84.22, 83.15, 84.53, 85.33, 85.08, 83.68, 85.41, 84.44, 85.16, 85.37], [0, 0.005368167068809271, 0.0030573150143027306, 0.0016716669779270887, 0.0017249013762921095, 0.0017721563344821334, 8.903560956241563e-05, 7.644694414921105e-05, 8.798633643891662e-05, 8.633785182610154e-05, 8.885094575816765e-05, 8.827076817397028e-05, 9.028073691297323e-05, 8.974556112661958e-05, 0.00010658690734999254, 9.657446935307235e-05, 0, 0, 0, 0, 8.503237768309191e-05]]], "msds": [[[0, 1, 2, 3, 4, 5, 6, 7, 8, 9, 10, 11, 12, 13, 14, 15, 16, 17, 18, 19, 20], [8.12, 75.92, 80.7, 82.13, 82.54, 84.37, 83.96, 84.22, 84.77, 85.38, 84.77, 84.22, 83.15, 84.53, 85.33, 85.08, 83.68, 85.41, 84.44, 85.16, 85.37], [0, 0.00533666554838419, 0, 0, 0, 0, 0, 0, 0, 0, 0, 0, 0, 0, 0, 0, 9.855646931100637e-05, 7.685115997446701e-05, 7.376884605037048e-05, 8.166015322785825e-05, 0]], [[0, 1, 2, 3, 4, 5, 6, 7, 8, 9, 10, 11, 12, 13, 14, 15, 16, 17, 18, 19, 20], [13.37, 31.63, 81.35, 81.75, 83.67, 82.22, 83.31, 82.02, 81.48, 83.63, 83.46, 84.62, 85.29, 84.72, 85.75, 85.47, 85.21, 85.74, 85.65, 85.64, 85.97], [0, 0.005381416063755751, 0.004536665976047516, 8.908110612537712e-05, 0, 0.0012315837666392326, 0.0007660778355784714, 0.001800220226868987, 0.004243104252964258, 0.00016994168981909752, 0, 0, 0, 0, 0, 0, 0, 0, 0, 0, 0]]], "alpha": 1.0, "beta": 0.0, "gamma": 0.0, "num_samples": 6000, "node_count": 10, "density": 0.0, "startup_delay": 0.0, "forward_prob": 0}