{"nodes_data": [[[0, 1, 2, 3, 4, 5, 6, 7, 8, 9, 10, 11, 12, 13, 14, 15, 16, 17, 18, 19, 20], [16.94, 10.0, 58.11, 73.84, 81.47, 82.29, 83.33, 83.47, 84.34, 84.39, 84.9, 84.85, 85.32, 85.37, 85.81, 86.1, 86.07, 86.46, 86.21, 86.55, 86.64], [0, 0.005378568544983864, 0.0016760427970439196, 0.0005294918664731085, 0.00022800694569014013, 0.00010077990009449422, 7.645611913176253e-05, 6.980374018894508e-05, 6.743884296156466e-05, 7.284835737664253e-05, 7.808702503098175e-05, 7.467268005711958e-05, 7.804104825481772e-05, 8.229637751355767e-05, 8.945528679760173e-05, 8.853616600390524e-05, 8.779909694567323e-05, 8.671486284583807e-05, 9.08963120309636e-05, 9.219330968335271e-05, 9.53019261942245e-05]], [[0, 1, 2, 3, 4, 5, 6, 7, 8, 9, 10, 11, 12, 13, 14, 15, 16, 17, 18, 19, 20], [7.6, 10.57, 10.0, 72.88, 81.15, 82.2, 83.4, 83.56, 84.18, 84.07, 84.71, 84.82, 85.27, 85.39, 85.85, 86.06, 86.08, 86.32, 86.19, 86.45, 86.54], [0, 0.005380172748118639, 0.0032255228143185377, 0.000592168653383851, 0.00028061357443220913, 0.00011491022451082245, 7.351687963819131e-05, 7.39260867703706e-05, 6.904736801516265e-05, 7.30532337911427e-05, 7.251978240674362e-05, 7.409100362565368e-05, 7.629505853401497e-05, 8.051162149058655e-05, 8.290034020319581e-05, 9.223345841746777e-05, 8.661842730361968e-05, 8.642324974061921e-05, 9.385861631017178e-05, 8.779153722571209e-05, 9.679030335973948e-05]]], "msds": [[[0, 1, 2, 3, 4, 5, 6, 7, 8, 9, 10, 11, 12, 13, 14, 15, 16, 17, 18, 19, 20], [16.94, 10.0, 58.11, 73.84, 81.47, 82.29, 83.33, 83.47, 84.34, 84.39, 84.9, 84.85, 85.32, 85.37, 85.81, 86.1, 86.07, 86.46, 86.21, 86.55, 86.64], [0, 0.005378568544983864, 0.0016760427970439196, 0.0005294918664731085, 0.00022800694569014013, 0.00010077990009449422, 7.645611913176253e-05, 6.980374018894508e-05, 6.743884296156466e-05, 7.284835737664253e-05, 7.808702503098175e-05, 7.467268005711958e-05, 7.804104825481772e-05, 8.229637751355767e-05, 8.945528679760173e-05, 8.853616600390524e-05, 8.779909694567323e-05, 8.671486284583807e-05, 9.08963120309636e-05, 9.219330968335271e-05, 9.53019261942245e-05]], [[0, 1, 2, 3, 4, 5, 6, 7, 8, 9, 10, 11, 12, 13, 14, 15, 16, 17, 18, 19, 20], [9.04, 10.0, 27.92, 74.38, 82.02, 82.8, 83.27, 83.79, 84.37, 84.93, 84.8, 85.34, 85.31, 85.61, 85.93, 86.08, 86.44, 86.11, 86.51, 86.28, 86.81], [0, 0.005388227291405201, 0.0025644381530582905, 0.0005309600383043289, 0.00011559318954823539, 9.209812560584396e-05, 7.811818068148568e-05, 7.012162677710876e-05, 7.399429887300357e-05, 7.144872506614774e-05, 7.446089148288593e-05, 7.451041165040806e-05, 8.425894338870421e-05, 8.538734255125746e-05, 8.837626955937594e-05, 8.944031287683174e-05, 8.875366620486602e-05, 9.068389772437513e-05, 9.551436232868582e-05, 9.984357166104019e-05, 9.74527356447652e-05]]], "alpha": 0.0, "beta": 1.0, "gamma": 3.0, "num_samples": 6000, "node_count": 10, "density": 1.0, "startup_delay": 0.0, "forward_prob": 0}