{"nodes_data": [[[0, 1, 2, 3, 4, 5, 6, 7, 8, 9, 10, 11, 12, 13, 14, 15, 16, 17, 18, 19, 20], [12.19, 19.09, 32.44, 34.59, 53.06, 60.53, 59.07, 61.38, 81.74, 82.02, 82.23, 82.51, 82.23, 82.8, 84.21, 84.47, 84.21, 84.67, 84.74, 84.74, 84.93], [0, 0.005345022771507502, 0.0025157309137284756, 0.0021236096508800983, 0.001798837212845683, 0.0017180097056552768, 0.0017055368516594172, 0.0016633851919323206, 0.0003806160530075431, 0.00025683300918899477, 0.000257220643106848, 0.0002536004758439958, 0.0002691825502552092, 0.0002654900308698416, 0.00013311281509231776, 0.00012199450429761782, 0.00012158354365965351, 0.00012555759167298675, 0.0001294927205890417, 0.00013221852714195848, 0.00010702775762183592]], [[0, 1, 2, 3, 4, 5, 6, 7, 8, 9, 10, 11, 12, 13, 14, 15, 16, 17, 18, 19, 20], [7.38, 10.0, 31.79, 26.13, 52.33, 60.83, 58.09, 56.05, 82.26, 82.36, 82.7, 82.85, 83.19, 83.21, 84.17, 84.38, 84.32, 84.69, 84.53, 84.68, 85.09], [0, 0.005362574011087418, 0.0023340655025094748, 0.0021894650999456644, 0.0018346392316743731, 0.0017539975233376026, 0.0017408729763701558, 0.0017676141578704119, 0.0004420836630742997, 0.00024127725919242948, 0.00023131354828365147, 0.00023883400717750192, 0.00024486889014951885, 0.00024315946211572737, 0.00013573079195339233, 0.00011117902613477781, 0.00011580139107536525, 0.0001200748811243102, 0.00012209608394186944, 0.00012173328286735341, 0.00010154851770494133]]], "msds": [[[0, 1, 2, 3, 4, 5, 6, 7, 8, 9, 10, 11, 12, 13, 14, 15, 16, 17, 18, 19, 20], [12.19, 19.09, 32.44, 34.59, 53.06, 60.53, 59.07, 61.38, 81.74, 82.02, 82.23, 82.51, 82.23, 82.8, 84.21, 84.47, 84.21, 84.67, 84.74, 84.74, 84.93], [0, 0.005345022771507502, 0.0025157309137284756, 0.0021236096508800983, 0.001798837212845683, 0.0017180097056552768, 0.0017055368516594172, 0.0016633851919323206, 0.0003806160530075431, 0.00025683300918899477, 0.000257220643106848, 0.0002536004758439958, 0.0002691825502552092, 0.0002654900308698416, 0.00013311281509231776, 0.00012199450429761782, 0.00012158354365965351, 0.00012555759167298675, 0.0001294927205890417, 0.00013221852714195848, 0.00010702775762183592]], [[0, 1, 2, 3, 4, 5, 6, 7, 8, 9, 10, 11, 12, 13, 14, 15, 16, 17, 18, 19, 20], [12.09, 32.63, 34.87, 39.75, 46.8, 76.97, 79.38, 80.61, 81.62, 83.46, 83.08, 83.74, 83.01, 84.01, 84.39, 84.34, 84.62, 84.67, 84.88, 85.12, 85.06], [0, 0.005375827196985483, 0.0022142911329865456, 0.0017451912863180041, 0.0011124276788905263, 0.0007177513907663524, 0.0004792603140231222, 0.0004430031112860888, 0.00033084728056564927, 0.00021598945022560656, 0.0001909500570036471, 0.00019547733245417476, 0.00014901866961736232, 0.00014490440662484616, 0.00012637463805731386, 0.00010911317804129794, 0.0001138654988608323, 0.00011731570702977479, 0.00010596649372018874, 0.00011032808106392622, 0.0001117347419494763]]], "alpha": 0.9, "beta": 2.0, "gamma": 3.0, "num_samples": 6000, "node_count": 10, "density": 0.15, "startup_delay": 0.0, "forward_prob": 0}