{"nodes_data": [[[0, 1, 2, 3, 4, 5, 6, 7, 8, 9, 10, 11, 12, 13, 14, 15, 16, 17, 18, 19, 20], [9.19, 32.91, 60.59, 81.17, 82.13, 83.11, 84.11, 84.68, 85.04, 85.72, 85.86, 85.56, 86.15, 86.17, 86.41, 86.74, 86.35, 86.79, 86.93, 87.1, 86.92], [0, 0.0053667412139475346, 0.0009555213036946952, 0.00037023259210400283, 0.0001378422457491979, 9.785905422177166e-05, 9.534219861961901e-05, 9.556814620736986e-05, 9.795872756512836e-05, 9.576791489962488e-05, 0.00010908929107245058, 9.823741129366681e-05, 0.00010143688268726692, 9.814467193791643e-05, 0.00010304765601176769, 0.00011119741975562647, 0.00011792815348599106, 0.00011229184019612148, 0.00010462154750712216, 0.00011970708146691322, 0.00012078398140147328]], [[0, 1, 2, 3, 4, 5, 6, 7, 8, 9, 10, 11, 12, 13, 14, 15, 16, 17, 18, 19, 20], [14.39, 31.26, 62.46, 81.22, 81.97, 82.63, 83.64, 84.29, 85.07, 85.3, 85.37, 85.61, 85.73, 86.17, 86.28, 86.75, 86.59, 86.44, 87.22, 87.29, 86.66], [0, 0.005365291610360146, 0.0008449525921605527, 0.00031097696046344936, 0.0001345023774774745, 0.0001088360368157737, 9.308996959589422e-05, 8.869836892699823e-05, 9.714198677102104e-05, 9.149678953690454e-05, 0.00010115705663338304, 0.00010123090032720938, 0.00010114785982295871, 0.0001022585274768062, 0.00011348017142154276, 0.00011413588799769059, 0.00010798424773383886, 0.00011431184248067439, 0.0001135061465902254, 0.00011830677976831794, 0.00013131674495525658]]], "msds": [[[0, 1, 2, 3, 4, 5, 6, 7, 8, 9, 10, 11, 12, 13, 14, 15, 16, 17, 18, 19, 20], [9.19, 32.91, 60.59, 81.17, 82.13, 83.11, 84.11, 84.68, 85.04, 85.72, 85.86, 85.56, 86.15, 86.17, 86.41, 86.74, 86.35, 86.79, 86.93, 87.1, 86.92], [0, 0.0053667412139475346, 0.0009555213036946952, 0.00037023259210400283, 0.0001378422457491979, 9.785905422177166e-05, 9.534219861961901e-05, 9.556814620736986e-05, 9.795872756512836e-05, 9.576791489962488e-05, 0.00010908929107245058, 9.823741129366681e-05, 0.00010143688268726692, 9.814467193791643e-05, 0.00010304765601176769, 0.00011119741975562647, 0.00011792815348599106, 0.00011229184019612148, 0.00010462154750712216, 0.00011970708146691322, 0.00012078398140147328]], [[0, 1, 2, 3, 4, 5, 6, 7, 8, 9, 10, 11, 12, 13, 14, 15, 16, 17, 18, 19, 20], [10.72, 35.2, 56.2, 80.99, 82.18, 83.44, 84.31, 84.39, 85.08, 85.08, 85.48, 85.73, 85.96, 86.16, 86.34, 86.56, 86.43, 86.76, 86.8, 87.13, 86.87], [0, 0.0053487662225961685, 0.0010830130195245147, 0.00030512851662933826, 0.00013349356595426798, 9.733709157444537e-05, 9.124839561991394e-05, 9.007765038404614e-05, 8.858787623466924e-05, 9.576727461535484e-05, 9.6109215519391e-05, 9.658059570938349e-05, 9.266289271181449e-05, 0.00010277988621965051, 9.96441303868778e-05, 0.00011279033060418442, 0.00011058715608669445, 0.00010969342838507146, 0.00011552067007869482, 0.00012170421541668475, 0.00011489283497212455]]], "alpha": 0.7, "beta": 0.5, "gamma": 3.0, "num_samples": 6000, "node_count": 10, "density": 1.0, "startup_delay": 0.0, "forward_prob": 0}