{"nodes_data": [[[0, 1, 2, 3, 4, 5, 6, 7, 8, 9, 10, 11, 12, 13, 14, 15, 16, 17, 18, 19, 20], [10.88, 78.41, 82.13, 82.27, 81.62, 83.38, 84.66, 82.5, 83.74, 84.7, 83.83, 81.78, 84.9, 84.12, 85.01, 85.35, 84.0, 83.58, 85.66, 84.77, 84.32], [0, 0, 0, 0, 0, 0, 0, 0, 0, 0, 0, 0, 0, 0, 0, 0, 0, 0, 0, 0, 0]], [[0, 1, 2, 3, 4, 5, 6, 7, 8, 9, 10, 11, 12, 13, 14, 15, 16, 17, 18, 19, 20], [11.39, 76.19, 80.43, 81.09, 82.99, 84.13, 84.17, 83.32, 84.79, 83.75, 83.74, 84.36, 84.4, 85.06, 85.14, 84.71, 84.98, 84.32, 84.8, 83.91, 85.0], [0, 0, 0, 0, 0, 0, 0, 0, 0, 0, 0, 0, 0, 0, 0, 0, 0, 0, 0, 0, 0]]], "msds": [[[0, 1, 2, 3, 4, 5, 6, 7, 8, 9, 10, 11, 12, 13, 14, 15, 16, 17, 18, 19, 20], [10.88, 78.41, 82.13, 82.27, 81.62, 83.38, 84.66, 82.5, 83.74, 84.7, 83.83, 81.78, 84.9, 84.12, 85.01, 85.35, 84.0, 83.58, 85.66, 84.77, 84.32], [0, 0, 0, 0, 0, 0, 0, 0, 0, 0, 0, 0, 0, 0, 0, 0, 0, 0, 0, 0, 0]], [[0, 1, 2, 3, 4, 5, 6, 7, 8, 9, 10, 11, 12, 13, 14, 15, 16, 17, 18, 19, 20], [10.86, 50.83, 80.37, 83.57, 83.82, 85.02, 84.73, 85.2, 85.77, 84.7, 85.29, 86.01, 85.33, 85.88, 85.34, 85.55, 86.4, 86.29, 85.46, 85.09, 85.34], [0, 0.0053773014806210995, 0.0015645773382857442, 0.0005257381126284599, 0.00025002751499414444, 0.00018031625950243324, 0.0001617234811419621, 0.0001546982821309939, 0.00015581533079966903, 0.0001540660159662366, 0.00016524251259397715, 0.00015293198521248996, 0.00016556571063119918, 0.00016635503561701626, 0.00017293209384661168, 0.00017403883975930512, 0.00017868717259261757, 0.0001838176540331915, 0.00017319714243058115, 0.00018040137365460396, 0.00017650866357143968]]], "alpha": 0.5, "beta": 0.0, "gamma": 0.0, "num_samples": 6000, "node_count": 10, "density": 0.75, "startup_delay": 0.0, "forward_prob": 0}