{"nodes_data": [[[0, 1, 2, 3, 4, 5, 6, 7, 8, 9, 10, 11, 12, 13, 14, 15, 16, 17, 18, 19, 20], [8.34, 68.13, 60.82, 51.96, 76.9, 80.72, 82.85, 83.31, 83.94, 84.28, 84.16, 84.42, 85.16, 85.74, 86.09, 85.38, 86.42, 85.18, 86.45, 86.65, 86.38], [0, 0.005368339363485575, 0.0034616070333868265, 0.0013823609333485365, 0.0008299877517856658, 0.000560451066121459, 0.0003481725580058992, 0.0002397708158241585, 0.00019567323033697903, 0.00018105260096490383, 0.00016755532124079764, 0.000154908761032857, 0.00015876548422966152, 0.000153530461830087, 0.0001561203971505165, 0.0001558864751132205, 0.0001536127383587882, 0.00015399102994706482, 0.00015432755753863603, 0.00015443249139934778, 0.0001614352804608643]], [[0, 1, 2, 3, 4, 5, 6, 7, 8, 9, 10, 11, 12, 13, 14, 15, 16, 17, 18, 19, 20], [9.51, 64.78, 56.46, 76.91, 78.65, 81.31, 82.96, 83.77, 84.58, 84.79, 84.36, 85.17, 85.51, 85.39, 85.72, 86.23, 86.42, 85.44, 86.64, 86.3, 86.62], [0, 0.005367020145058632, 0.0032403043005615473, 0.0011495489161461592, 0.0007258814875967801, 0.0004383184132166207, 0.00028533939621411264, 0.0002076952368952334, 0.000186660690815188, 0.00016708200564607978, 0.0001585762802278623, 0.00015364000864792615, 0.00015564894420094788, 0.00015028391499072313, 0.00015549850650131702, 0.00016195491480175406, 0.00015296804485842586, 0.00014599326823372394, 0.00015411144704557955, 0.00015124281344469637, 0.00016218515520449728]]], "msds": [[[0, 1, 2, 3, 4, 5, 6, 7, 8, 9, 10, 11, 12, 13, 14, 15, 16, 17, 18, 19, 20], [8.34, 68.13, 60.82, 51.96, 76.9, 80.72, 82.85, 83.31, 83.94, 84.28, 84.16, 84.42, 85.16, 85.74, 86.09, 85.38, 86.42, 85.18, 86.45, 86.65, 86.38], [0, 0.005368339363485575, 0.0034616070333868265, 0.0013823609333485365, 0.0008299877517856658, 0.000560451066121459, 0.0003481725580058992, 0.0002397708158241585, 0.00019567323033697903, 0.00018105260096490383, 0.00016755532124079764, 0.000154908761032857, 0.00015876548422966152, 0.000153530461830087, 0.0001561203971505165, 0.0001558864751132205, 0.0001536127383587882, 0.00015399102994706482, 0.00015432755753863603, 0.00015443249139934778, 0.0001614352804608643]], [[0, 1, 2, 3, 4, 5, 6, 7, 8, 9, 10, 11, 12, 13, 14, 15, 16, 17, 18, 19, 20], [13.51, 43.98, 55.25, 66.22, 79.01, 82.2, 82.67, 83.12, 83.58, 84.87, 85.02, 85.5, 85.18, 85.55, 85.59, 86.1, 85.81, 85.93, 86.52, 86.21, 86.35], [0, 0.005370487924665213, 0.0026757006999105215, 0.001189902308396995, 0.0007081571384333074, 0.00047712866216897964, 0.0003182652872055769, 0.00022488598187919706, 0.00018410797929391265, 0.00016561437223572284, 0.00015988346422091126, 0.0001553022739244625, 0.00015105008787941188, 0.00015074691327754408, 0.0001600044924998656, 0.00015260413056239486, 0.000149294181028381, 0.00015275634359568357, 0.00015270344738382846, 0.00016507795953657478, 0.00016411372052971274]]], "alpha": 0.5, "beta": 2.0, "gamma": 3.0, "num_samples": 6000, "node_count": 10, "density": 1.0, "startup_delay": 0.0, "forward_prob": 0}