{"nodes_data": [[[0, 1, 2, 3, 4, 5, 6, 7, 8, 9, 10, 11, 12, 13, 14, 15, 16, 17, 18, 19, 20], [11.56, 10.0, 10.0, 74.58, 81.0, 82.02, 82.83, 83.63, 83.68, 84.36, 84.63, 84.66, 85.23, 85.48, 85.88, 86.02, 85.46, 86.27, 85.96, 86.47, 86.63], [0, 0.005374266766011715, 0.0029477521311491728, 0.0005201330641284585, 0.0002310607669642195, 0.00011790822463808581, 7.760922744637355e-05, 7.148966687964275e-05, 7.510095747420564e-05, 7.738607382634655e-05, 7.530921720899642e-05, 7.58621608838439e-05, 8.02260692580603e-05, 8.333154255524278e-05, 8.34601087262854e-05, 8.460790559183806e-05, 8.649724622955546e-05, 9.095844143303111e-05, 9.30743626668118e-05, 9.438306733500212e-05, 9.267855057260022e-05]], [[0, 1, 2, 3, 4, 5, 6, 7, 8, 9, 10, 11, 12, 13, 14, 15, 16, 17, 18, 19, 20], [9.98, 10.0, 55.1, 77.17, 81.31, 82.25, 83.41, 83.57, 83.71, 84.49, 84.96, 84.64, 85.38, 85.56, 85.8, 85.89, 85.95, 86.21, 85.99, 86.58, 86.7], [0, 0.00536715192720294, 0.0020745242945849895, 0.0005020743701606989, 0.00018304563127458096, 9.144333307631314e-05, 7.798470323905349e-05, 7.421734335366637e-05, 7.322790042962879e-05, 7.319002179428935e-05, 7.607765292050317e-05, 7.575813651783392e-05, 8.039840031415224e-05, 8.059346146183088e-05, 8.169690408976749e-05, 8.804057870293036e-05, 8.746932871872559e-05, 8.515565423294902e-05, 9.065800986718386e-05, 9.9282267910894e-05, 9.120298636844382e-05]]], "msds": [[[0, 1, 2, 3, 4, 5, 6, 7, 8, 9, 10, 11, 12, 13, 14, 15, 16, 17, 18, 19, 20], [11.56, 10.0, 10.0, 74.58, 81.0, 82.02, 82.83, 83.63, 83.68, 84.36, 84.63, 84.66, 85.23, 85.48, 85.88, 86.02, 85.46, 86.27, 85.96, 86.47, 86.63], [0, 0.005374266766011715, 0.0029477521311491728, 0.0005201330641284585, 0.0002310607669642195, 0.00011790822463808581, 7.760922744637355e-05, 7.148966687964275e-05, 7.510095747420564e-05, 7.738607382634655e-05, 7.530921720899642e-05, 7.58621608838439e-05, 8.02260692580603e-05, 8.333154255524278e-05, 8.34601087262854e-05, 8.460790559183806e-05, 8.649724622955546e-05, 9.095844143303111e-05, 9.30743626668118e-05, 9.438306733500212e-05, 9.267855057260022e-05]], [[0, 1, 2, 3, 4, 5, 6, 7, 8, 9, 10, 11, 12, 13, 14, 15, 16, 17, 18, 19, 20], [5.86, 10.0, 59.24, 77.7, 81.27, 82.22, 83.39, 83.51, 83.75, 84.43, 84.88, 84.76, 85.45, 85.58, 85.82, 85.8, 85.78, 86.24, 85.92, 86.47, 86.59], [0, 0.005383296404033899, 0.001826981082558632, 0.0004839027824345976, 0.00015533091209363192, 0.00010100200597662479, 7.614280912093818e-05, 7.630410982528701e-05, 7.503719825763255e-05, 7.820235623512417e-05, 7.982057286426425e-05, 8.017693471629173e-05, 8.065089787123725e-05, 8.456807699985802e-05, 8.836304914439097e-05, 9.181705536320806e-05, 8.863763650879264e-05, 9.021010191645473e-05, 9.46392901823856e-05, 9.36316791921854e-05, 0.00010801877942867577]]], "alpha": 0.0, "beta": 2.0, "gamma": 5.0, "num_samples": 6000, "node_count": 10, "density": 1.0, "startup_delay": 0.0, "forward_prob": 0}