{"nodes_data": [[[0, 1, 2, 3, 4, 5, 6, 7, 8, 9, 10, 11, 12, 13, 14, 15, 16, 17, 18, 19, 20], [9.09, 10.0, 53.42, 81.16, 82.51, 83.42, 84.42, 84.55, 84.99, 85.33, 85.66, 85.96, 86.24, 86.55, 86.67, 86.75, 86.49, 86.91, 87.08, 87.04, 87.14], [0, 0.0053644925355911255, 0.0009270773152820766, 0.0002940419944934547, 0.0001225472951773554, 0.00010118089994648471, 9.143503120867535e-05, 9.551706170896068e-05, 9.411100472789258e-05, 9.72318957792595e-05, 9.989066165871918e-05, 0.00010612305777613074, 0.00010496729373699054, 0.00010193163325311616, 0.0001093671889975667, 0.00011251404794165865, 0.00011853442993015051, 0.00010620096873026341, 0.00011711356637533754, 0.00011954006185987964, 0.00012000501010334119]], [[0, 1, 2, 3, 4, 5, 6, 7, 8, 9, 10, 11, 12, 13, 14, 15, 16, 17, 18, 19, 20], [7.66, 10.52, 57.72, 81.46, 82.74, 83.44, 84.44, 84.83, 85.29, 85.5, 85.38, 85.71, 86.08, 86.57, 86.36, 86.65, 86.56, 86.74, 86.78, 87.0, 87.35], [0, 0.005374325439333916, 0.0008457610383629799, 0.0003267281863372773, 0.0001305758487433195, 0.00010854904394363984, 9.747729927767068e-05, 0.00010126187407877296, 9.845279419096187e-05, 0.00010405128705315292, 0.00010266064055031165, 0.00010630885662976652, 0.00010868177196243778, 0.00011158035340486094, 0.00011033339251298457, 0.00011449194425949827, 0.00011599651770666242, 0.00011307988461339846, 0.00011308259854558855, 0.00012841571879107505, 0.00011694637942127883]]], "msds": [[[0, 1, 2, 3, 4, 5, 6, 7, 8, 9, 10, 11, 12, 13, 14, 15, 16, 17, 18, 19, 20], [9.09, 10.0, 53.42, 81.16, 82.51, 83.42, 84.42, 84.55, 84.99, 85.33, 85.66, 85.96, 86.24, 86.55, 86.67, 86.75, 86.49, 86.91, 87.08, 87.04, 87.14], [0, 0.0053644925355911255, 0.0009270773152820766, 0.0002940419944934547, 0.0001225472951773554, 0.00010118089994648471, 9.143503120867535e-05, 9.551706170896068e-05, 9.411100472789258e-05, 9.72318957792595e-05, 9.989066165871918e-05, 0.00010612305777613074, 0.00010496729373699054, 0.00010193163325311616, 0.0001093671889975667, 0.00011251404794165865, 0.00011853442993015051, 0.00010620096873026341, 0.00011711356637533754, 0.00011954006185987964, 0.00012000501010334119]], [[0, 1, 2, 3, 4, 5, 6, 7, 8, 9, 10, 11, 12, 13, 14, 15, 16, 17, 18, 19, 20], [9.46, 13.21, 52.58, 80.68, 82.95, 83.75, 84.28, 85.01, 85.09, 85.24, 85.98, 85.78, 86.23, 86.3, 86.5, 86.4, 86.49, 86.75, 87.09, 87.12, 87.02], [0, 0.005369950085878372, 0.0009214156889356673, 0.000320949504384771, 0.00013763573952019215, 0.00010434139403514564, 9.45405408856459e-05, 9.656192560214549e-05, 9.634158777771518e-05, 9.773318015504628e-05, 0.00010133760224562138, 0.00010036416642833501, 0.00010474184091435745, 0.00010670864139683545, 0.00011197132698725909, 0.00011007945431629196, 0.00011108718172181398, 0.00011359783820807934, 0.00011347354302415624, 0.00012344715651124716, 0.00011782995716203004]]], "alpha": 0.7, "beta": 0.5, "gamma": 5.0, "num_samples": 6000, "node_count": 10, "density": 1.0, "startup_delay": 0.0, "forward_prob": 0}