{"nodes_data": [[[0, 1, 2, 3, 4, 5, 6, 7, 8, 9, 10, 11, 12, 13, 14, 15, 16, 17, 18, 19, 20], [7.44, 47.55, 72.93, 81.09, 81.32, 84.06, 84.86, 84.56, 84.83, 85.77, 85.36, 85.69, 86.34, 86.16, 86.61, 86.1, 86.86, 86.89, 87.0, 86.14, 87.05], [0, 0.005363879259675741, 0.00160935427993536, 0.0005582423764280975, 0.0009429707424715161, 0.0003900762239936739, 0.00022058479953557253, 0.0002623084874358028, 0.00013214033970143646, 0.00020905603014398366, 0.00019282539142295718, 0.00017759717593435198, 0.0001715064572636038, 0.0001691034558461979, 9.414531086804345e-05, 0, 0.00013597206270787865, 0.00016576243797317147, 0.00010822073818417266, 0.00011532515054568648, 0.00010556390043348074]], [[0, 1, 2, 3, 4, 5, 6, 7, 8, 9, 10, 11, 12, 13, 14, 15, 16, 17, 18, 19, 20], [11.92, 64.28, 71.75, 81.84, 80.27, 81.93, 82.95, 84.99, 85.73, 85.85, 86.18, 85.97, 86.39, 86.38, 86.59, 86.45, 86.1, 86.86, 86.1, 86.65, 87.07], [0, 0.0053575970232486725, 0.0015486510237678885, 0.0003047924838028848, 0, 0, 0, 0.00022724670998286456, 0.00013121459051035345, 0.00013145376578904688, 0.00014617938722949475, 0.00013993999164085835, 0.00013232982018962502, 0.00013926267274655402, 0.00022101608919911087, 0.00013606136781163514, 0.00012279361544642597, 0.00020636865519918501, 0.00013897901226300746, 0.00016492471331730485, 0.0001660364359850064]]], "msds": [[[0, 1, 2, 3, 4, 5, 6, 7, 8, 9, 10, 11, 12, 13, 14, 15, 16, 17, 18, 19, 20], [7.44, 47.55, 72.93, 81.09, 81.32, 84.06, 84.86, 84.56, 84.83, 85.77, 85.36, 85.69, 86.34, 86.16, 86.61, 86.1, 86.86, 86.89, 87.0, 86.14, 87.05], [0, 0.005363879259675741, 0.00160935427993536, 0.0005582423764280975, 0.0009429707424715161, 0.0003900762239936739, 0.00022058479953557253, 0.0002623084874358028, 0.00013214033970143646, 0.00020905603014398366, 0.00019282539142295718, 0.00017759717593435198, 0.0001715064572636038, 0.0001691034558461979, 9.414531086804345e-05, 0, 0.00013597206270787865, 0.00016576243797317147, 0.00010822073818417266, 0.00011532515054568648, 0.00010556390043348074]], [[0, 1, 2, 3, 4, 5, 6, 7, 8, 9, 10, 11, 12, 13, 14, 15, 16, 17, 18, 19, 20], [5.56, 56.12, 77.44, 83.11, 83.6, 83.65, 84.79, 85.03, 84.94, 85.48, 85.9, 85.44, 86.29, 86.04, 86.48, 85.65, 86.08, 84.88, 86.87, 87.14, 86.56], [0, 0.004467432387173176, 0.0009138560271821916, 0.0003328427847009152, 0.0005972948274575174, 0.0005416660569608212, 0.00029062427347525954, 0.0002439328090986237, 0.00020800797210540622, 0.00016333242820110172, 0.0001557853538542986, 0.0001415117149008438, 0.00013061004574410617, 0.00013925033272244036, 0.00022717441606801003, 0.00017485418356955051, 0.0001778335717972368, 0.00020210542425047606, 0.00012770168541464955, 0.00011728224490070716, 7.150249439291656e-05]]], "alpha": 0.5, "beta": 0.0, "gamma": 2.0, "num_samples": 6000, "node_count": 10, "density": 0.0, "startup_delay": 0.0, "forward_prob": 0}