{"nodes_data": [[[0, 1, 2, 3, 4, 5, 6, 7, 8, 9, 10, 11, 12, 13, 14, 15, 16, 17, 18, 19, 20], [8.3, 74.09, 77.61, 81.72, 82.26, 78.99, 83.77, 82.26, 83.79, 85.04, 84.41, 83.17, 82.87, 84.72, 84.34, 84.88, 84.87, 83.93, 85.48, 83.2, 83.61], [0, 0.005382317118346691, 0.0012327220756560564, 0.001110173761844635, 0, 0, 0, 0, 0, 0, 0, 0, 0, 0, 0, 0, 0, 0, 0, 0, 0]], [[0, 1, 2, 3, 4, 5, 6, 7, 8, 9, 10, 11, 12, 13, 14, 15, 16, 17, 18, 19, 20], [8.95, 79.97, 79.46, 82.66, 82.35, 82.07, 84.3, 83.29, 82.43, 84.67, 85.02, 84.73, 84.42, 84.52, 84.64, 82.85, 84.75, 84.66, 81.6, 83.43, 83.94], [0, 0, 0, 0, 0, 0, 0, 0, 0, 0, 0, 0, 0, 0, 0, 0, 0, 0, 0, 0, 0]]], "msds": [[[0, 1, 2, 3, 4, 5, 6, 7, 8, 9, 10, 11, 12, 13, 14, 15, 16, 17, 18, 19, 20], [8.3, 74.09, 77.61, 81.72, 82.26, 78.99, 83.77, 82.26, 83.79, 85.04, 84.41, 83.17, 82.87, 84.72, 84.34, 84.88, 84.87, 83.93, 85.48, 83.2, 83.61], [0, 0.005382317118346691, 0.0012327220756560564, 0.001110173761844635, 0, 0, 0, 0, 0, 0, 0, 0, 0, 0, 0, 0, 0, 0, 0, 0, 0]], [[0, 1, 2, 3, 4, 5, 6, 7, 8, 9, 10, 11, 12, 13, 14, 15, 16, 17, 18, 19, 20], [4.34, 31.03, 81.64, 81.78, 82.89, 81.08, 83.14, 83.47, 84.02, 83.09, 82.37, 83.19, 83.67, 80.65, 84.54, 83.22, 83.59, 82.18, 82.84, 84.55, 82.81], [0, 0.005360889248549938, 0.00158703385386616, 0.0008597880369052291, 0, 0, 0, 0, 0, 0, 0, 0, 0, 0, 0, 0, 0, 0, 0, 0, 0]]], "alpha": 0.5, "beta": 0.0, "gamma": 0.0, "num_samples": 6000, "node_count": 10, "density": 0.0, "startup_delay": 0.0, "forward_prob": 0}