{"nodes_data": [[[0, 1, 2, 3, 4, 5, 6, 7, 8, 9, 10, 11, 12, 13, 14, 15, 16, 17, 18, 19, 20], [11.7, 41.15, 79.12, 81.82, 82.25, 83.42, 82.03, 84.86, 85.12, 85.38, 85.78, 85.8, 85.84, 84.34, 86.66, 86.95, 86.58, 86.33, 86.61, 87.13, 87.03], [0, 0.005359485745429993, 0.0012291062157601118, 0.000370220368495211, 0.00013144836702849716, 0.00021333302720449865, 0.00011002358951373026, 0.00014852396270725876, 7.84465009928681e-05, 6.58768622088246e-05, 6.607864634133875e-05, 7.409200770780444e-05, 6.704419502057135e-05, 6.71447123750113e-05, 8.769912528805435e-05, 7.366437057498842e-05, 7.440956687787548e-05, 8.123770385282114e-05, 8.207187784137204e-05, 8.051627810345963e-05, 8.390432049054652e-05]], [[0, 1, 2, 3, 4, 5, 6, 7, 8, 9, 10, 11, 12, 13, 14, 15, 16, 17, 18, 19, 20], [12.82, 47.34, 74.79, 82.7, 82.13, 83.92, 84.47, 84.96, 84.81, 85.41, 86.01, 86.05, 86.5, 86.34, 86.77, 86.66, 86.43, 86.31, 86.73, 87.08, 85.82], [0, 0.0053590452298521996, 0.0013975461479276419, 0.0006218311609700322, 0.0001956970663741231, 0.00011844789696624503, 9.769723692443222e-05, 8.192269160645083e-05, 7.352081593126059e-05, 6.301767280092463e-05, 6.205618410604075e-05, 6.134886643849313e-05, 6.469337677117437e-05, 6.933177792234346e-05, 7.113740866770968e-05, 7.640804687980562e-05, 7.836830627638847e-05, 7.934913446661085e-05, 8.306148083647713e-05, 7.649868348380551e-05, 9.669128485256806e-05]]], "msds": [[[0, 1, 2, 3, 4, 5, 6, 7, 8, 9, 10, 11, 12, 13, 14, 15, 16, 17, 18, 19, 20], [11.7, 41.15, 79.12, 81.82, 82.25, 83.42, 82.03, 84.86, 85.12, 85.38, 85.78, 85.8, 85.84, 84.34, 86.66, 86.95, 86.58, 86.33, 86.61, 87.13, 87.03], [0, 0.005359485745429993, 0.0012291062157601118, 0.000370220368495211, 0.00013144836702849716, 0.00021333302720449865, 0.00011002358951373026, 0.00014852396270725876, 7.84465009928681e-05, 6.58768622088246e-05, 6.607864634133875e-05, 7.409200770780444e-05, 6.704419502057135e-05, 6.71447123750113e-05, 8.769912528805435e-05, 7.366437057498842e-05, 7.440956687787548e-05, 8.123770385282114e-05, 8.207187784137204e-05, 8.051627810345963e-05, 8.390432049054652e-05]], [[0, 1, 2, 3, 4, 5, 6, 7, 8, 9, 10, 11, 12, 13, 14, 15, 16, 17, 18, 19, 20], [12.01, 10.0, 78.38, 82.4, 82.32, 84.01, 84.57, 84.57, 84.71, 84.89, 83.1, 86.08, 86.51, 86.45, 86.83, 86.64, 86.7, 86.38, 87.03, 87.19, 87.12], [0, 0.005369720980525017, 0.0013772188685834408, 0.00026022581732831895, 0.00018161443585995585, 0.00013167233555577695, 9.242947271559387e-05, 0.00010524843673920259, 7.25373174645938e-05, 6.830042548244819e-05, 7.493319571949542e-05, 8.637231076136231e-05, 6.342148844851181e-05, 6.82803220115602e-05, 7.041340722935274e-05, 7.36272704671137e-05, 7.434344297507778e-05, 7.827406079741195e-05, 8.174750109901652e-05, 8.701380284037441e-05, 9.304555715061724e-05]]], "alpha": 1.0, "beta": 0.0, "gamma": 1.0, "num_samples": 6000, "node_count": 10, "density": 1.0, "startup_delay": 0.0, "forward_prob": 0}