{"nodes_data": [[[0, 1, 2, 3, 4, 5, 6, 7, 8, 9, 10, 11, 12, 13, 14, 15, 16, 17, 18, 19, 20], [9.87, 77.38, 11.41, 76.72, 80.5, 81.57, 82.82, 83.1, 83.6, 84.51, 84.48, 84.86, 85.08, 85.36, 85.77, 85.85, 86.04, 86.18, 86.34, 86.34, 86.39], [0, 0, 0.005548869725316763, 0.0012646730756387115, 0.0004160368989687413, 0.00021247344557195902, 9.70318797044456e-05, 8.011375757632777e-05, 7.792533142492175e-05, 7.473108416888863e-05, 7.378124428214505e-05, 7.999336958164349e-05, 8.12554862932302e-05, 8.619108120910823e-05, 8.230746607296169e-05, 8.708435052540153e-05, 8.717137825442478e-05, 9.105080243898556e-05, 9.5292431069538e-05, 9.452684025745839e-05, 9.735982166603208e-05]], [[0, 1, 2, 3, 4, 5, 6, 7, 8, 9, 10, 11, 12, 13, 14, 15, 16, 17, 18, 19, 20], [6.05, 10.0, 70.23, 74.11, 80.94, 81.92, 82.96, 83.4, 84.07, 84.44, 84.74, 85.14, 85.07, 85.66, 85.72, 85.86, 86.07, 86.37, 86.2, 86.36, 86.65], [0, 0.0053557432256639, 0.0014245081692934036, 0.0010364382760599256, 0.00029131615883670747, 0.00013648159801959991, 9.376768139190972e-05, 7.851717964513227e-05, 7.096118497429416e-05, 7.209047907963395e-05, 7.374933193204924e-05, 7.63335992814973e-05, 7.920512871351093e-05, 8.455632632831112e-05, 7.820511382305995e-05, 8.823923417367041e-05, 9.122797928284854e-05, 8.790466381469741e-05, 9.250214498024434e-05, 8.831907325657085e-05, 9.527483052806929e-05]]], "msds": [[[0, 1, 2, 3, 4, 5, 6, 7, 8, 9, 10, 11, 12, 13, 14, 15, 16, 17, 18, 19, 20], [9.87, 77.38, 11.41, 76.72, 80.5, 81.57, 82.82, 83.1, 83.6, 84.51, 84.48, 84.86, 85.08, 85.36, 85.77, 85.85, 86.04, 86.18, 86.34, 86.34, 86.39], [0, 0, 0.005548869725316763, 0.0012646730756387115, 0.0004160368989687413, 0.00021247344557195902, 9.70318797044456e-05, 8.011375757632777e-05, 7.792533142492175e-05, 7.473108416888863e-05, 7.378124428214505e-05, 7.999336958164349e-05, 8.12554862932302e-05, 8.619108120910823e-05, 8.230746607296169e-05, 8.708435052540153e-05, 8.717137825442478e-05, 9.105080243898556e-05, 9.5292431069538e-05, 9.452684025745839e-05, 9.735982166603208e-05]], [[0, 1, 2, 3, 4, 5, 6, 7, 8, 9, 10, 11, 12, 13, 14, 15, 16, 17, 18, 19, 20], [10.11, 23.4, 32.03, 75.45, 80.99, 81.97, 83.19, 83.5, 84.07, 84.34, 85.02, 84.96, 85.34, 85.5, 85.56, 85.8, 86.35, 86.21, 86.41, 86.18, 86.81], [0, 0.0053661842830479145, 0.0026518164668232203, 0.0011186577612534165, 0.00035805185325443745, 0.00014850222214590758, 9.152121492661536e-05, 7.657201786059886e-05, 7.572015601908788e-05, 7.508343696827069e-05, 7.945681136334315e-05, 7.903150981292129e-05, 8.229041850427166e-05, 8.091561176115647e-05, 8.478268864564598e-05, 8.757374598644674e-05, 9.035297262016684e-05, 8.936008089222014e-05, 9.322191181126982e-05, 9.278301877202466e-05, 9.589691035216674e-05]]], "alpha": 0.9, "beta": 1.0, "gamma": 0.0, "num_samples": 6000, "node_count": 10, "density": 0.75, "startup_delay": 0.0, "forward_prob": 0}