{"nodes_data": [[[0, 1, 2, 3, 4, 5, 6, 7, 8, 9, 10, 11, 12, 13, 14, 15, 16, 17, 18, 19, 20], [4.86, 10.0, 49.43, 79.38, 81.92, 82.03, 83.45, 84.2, 84.61, 84.67, 85.09, 85.75, 85.96, 85.77, 85.59, 86.2, 86.74, 86.39, 86.8, 86.72, 86.92], [0, 0.0053880829364061356, 0.0024051861837506294, 0.0008223674376495183, 0.00017089236644096673, 8.85811896296218e-05, 7.778865983709693e-05, 7.52239502617158e-05, 7.426631782436743e-05, 7.761293818475679e-05, 7.68098107073456e-05, 7.905092934379354e-05, 8.055593934841454e-05, 8.218623406719416e-05, 8.388155401917174e-05, 8.49242860567756e-05, 8.45803806441836e-05, 8.821899973554537e-05, 9.12547911866568e-05, 9.062348544830456e-05, 9.966712241293862e-05]], [[0, 1, 2, 3, 4, 5, 6, 7, 8, 9, 10, 11, 12, 13, 14, 15, 16, 17, 18, 19, 20], [6.9, 10.0, 72.73, 80.93, 81.44, 82.05, 83.29, 83.85, 84.56, 84.43, 85.09, 85.59, 86.07, 85.7, 85.62, 86.17, 86.71, 86.58, 86.7, 86.71, 86.96], [0, 0.005378462374210358, 0.0012928234646096826, 0.0005983777227811515, 0.00024376243527512997, 0.00010074608871946111, 7.949438440846279e-05, 7.399162132060155e-05, 7.374161941697821e-05, 7.664061558898538e-05, 8.091291238088161e-05, 7.682142313569784e-05, 7.659526454517618e-05, 8.059042738750577e-05, 8.942478598328307e-05, 8.464846177957952e-05, 8.571692887926474e-05, 9.454430983169004e-05, 9.066087659448385e-05, 9.4824172265362e-05, 9.576870797900483e-05]]], "msds": [[[0, 1, 2, 3, 4, 5, 6, 7, 8, 9, 10, 11, 12, 13, 14, 15, 16, 17, 18, 19, 20], [4.86, 10.0, 49.43, 79.38, 81.92, 82.03, 83.45, 84.2, 84.61, 84.67, 85.09, 85.75, 85.96, 85.77, 85.59, 86.2, 86.74, 86.39, 86.8, 86.72, 86.92], [0, 0.0053880829364061356, 0.0024051861837506294, 0.0008223674376495183, 0.00017089236644096673, 8.85811896296218e-05, 7.778865983709693e-05, 7.52239502617158e-05, 7.426631782436743e-05, 7.761293818475679e-05, 7.68098107073456e-05, 7.905092934379354e-05, 8.055593934841454e-05, 8.218623406719416e-05, 8.388155401917174e-05, 8.49242860567756e-05, 8.45803806441836e-05, 8.821899973554537e-05, 9.12547911866568e-05, 9.062348544830456e-05, 9.966712241293862e-05]], [[0, 1, 2, 3, 4, 5, 6, 7, 8, 9, 10, 11, 12, 13, 14, 15, 16, 17, 18, 19, 20], [5.11, 11.76, 41.74, 73.48, 81.35, 82.37, 83.09, 84.02, 84.45, 84.65, 85.1, 85.51, 85.82, 85.71, 85.73, 86.1, 86.65, 86.31, 86.63, 86.72, 86.92], [0, 0.005377358756959438, 0.0027402276173233986, 0.0010165529092773795, 0.00025297069805674255, 0.00011128486221423373, 7.611355977132916e-05, 7.267043110914528e-05, 7.381452451227233e-05, 7.578594522783533e-05, 7.488147093681619e-05, 7.541754894191399e-05, 7.78051617089659e-05, 8.278823952423409e-05, 8.325080125359818e-05, 7.769993680994958e-05, 8.55073521961458e-05, 8.684807835379615e-05, 8.506180165568367e-05, 8.69066352606751e-05, 9.415196836926043e-05]]], "alpha": 0.9, "beta": 2.0, "gamma": 0.0, "num_samples": 6000, "node_count": 10, "density": 1.0, "startup_delay": 0.0, "forward_prob": 0}