{"nodes_data": [[[0, 1, 2, 3, 4, 5, 6, 7, 8, 9, 10, 11, 12, 13, 14, 15, 16, 17, 18, 19, 20], [11.15, 10.0, 67.0, 81.95, 82.93, 84.17, 84.94, 85.22, 85.24, 85.92, 86.32, 86.76, 86.29, 85.03, 87.0, 86.83, 86.96, 86.99, 87.29, 86.66, 86.33], [0, 0.005380397662520409, 0.0010126542765647173, 0.0006143792998045683, 0.00019721861463040113, 0.00015969354717526585, 8.597702981205657e-05, 7.45725556043908e-05, 7.99297631601803e-05, 8.300966146634892e-05, 7.898553303675726e-05, 7.888925756560639e-05, 9.181431960314512e-05, 9.031217632582411e-05, 9.89096806733869e-05, 7.914493471616879e-05, 9.604466322343796e-05, 8.977569086709991e-05, 9.214279998559505e-05, 9.058594878297299e-05, 9.248757123714313e-05]], [[0, 1, 2, 3, 4, 5, 6, 7, 8, 9, 10, 11, 12, 13, 14, 15, 16, 17, 18, 19, 20], [17.77, 46.93, 79.66, 81.62, 80.29, 82.35, 85.07, 85.59, 85.78, 85.47, 85.69, 86.54, 85.56, 86.82, 86.91, 86.72, 87.21, 87.05, 87.48, 87.32, 87.46], [0, 0.005366956815123558, 0.0011767726391553879, 0.0004919567727483809, 0.0004603686975315213, 0.00016436331497970968, 0.00011020629608538002, 7.237437239382416e-05, 7.569430454168469e-05, 9.021892037708312e-05, 7.882079808041453e-05, 7.149743032641709e-05, 8.521765994373709e-05, 9.608558320906013e-05, 7.653810462215915e-05, 8.339341729879379e-05, 8.87013811734505e-05, 9.61773403105326e-05, 9.766579751158133e-05, 8.982532017398626e-05, 8.560523565392941e-05]]], "msds": [[[0, 1, 2, 3, 4, 5, 6, 7, 8, 9, 10, 11, 12, 13, 14, 15, 16, 17, 18, 19, 20], [11.15, 10.0, 67.0, 81.95, 82.93, 84.17, 84.94, 85.22, 85.24, 85.92, 86.32, 86.76, 86.29, 85.03, 87.0, 86.83, 86.96, 86.99, 87.29, 86.66, 86.33], [0, 0.005380397662520409, 0.0010126542765647173, 0.0006143792998045683, 0.00019721861463040113, 0.00015969354717526585, 8.597702981205657e-05, 7.45725556043908e-05, 7.99297631601803e-05, 8.300966146634892e-05, 7.898553303675726e-05, 7.888925756560639e-05, 9.181431960314512e-05, 9.031217632582411e-05, 9.89096806733869e-05, 7.914493471616879e-05, 9.604466322343796e-05, 8.977569086709991e-05, 9.214279998559505e-05, 9.058594878297299e-05, 9.248757123714313e-05]], [[0, 1, 2, 3, 4, 5, 6, 7, 8, 9, 10, 11, 12, 13, 14, 15, 16, 17, 18, 19, 20], [14.6, 79.95, 67.0, 82.07, 83.29, 84.49, 84.91, 84.59, 85.84, 85.75, 86.08, 85.29, 86.52, 86.82, 86.54, 86.05, 86.01, 87.12, 87.46, 87.19, 87.39], [0, 0.005369882099330425, 0.002184862270951271, 0.0004544092807918787, 0.0002157906856155023, 0.00016257251263596117, 0.00011739612091332674, 7.544334221165627e-05, 9.436478285351768e-05, 7.840046600904316e-05, 7.852540875319391e-05, 8.302582136821002e-05, 9.944148041540757e-05, 7.663908036192879e-05, 8.767674444243312e-05, 8.365070971194655e-05, 8.662644540891051e-05, 0.00010699200356611982, 8.682083716848865e-05, 9.233226592186838e-05, 8.528018224751577e-05]]], "alpha": 0.9, "beta": 0.5, "gamma": 1.0, "num_samples": 6000, "node_count": 10, "density": 1.0, "startup_delay": 0.0, "forward_prob": 0}