{"nodes_data": [[[0, 1, 2, 3, 4, 5, 6, 7, 8, 9, 10, 11, 12, 13, 14, 15, 16, 17, 18, 19, 20], [8.69, 10.0, 77.13, 80.61, 82.84, 84.02, 84.4, 84.98, 85.12, 85.94, 85.89, 86.35, 86.38, 86.58, 86.81, 86.7, 86.83, 86.89, 87.18, 87.46, 87.5], [0, 0.0053701200522482395, 0.0005879013333469629, 0.00013283923908602446, 7.027440733509138e-05, 6.797756941523403e-05, 6.911991658853367e-05, 7.325773913180456e-05, 7.3682313086465e-05, 7.856001320760697e-05, 7.620511314598843e-05, 8.073671779129654e-05, 8.209994120988995e-05, 8.896386862033978e-05, 9.212036820827052e-05, 8.884278940968215e-05, 9.462377784075215e-05, 9.980248432839289e-05, 0.00010169796587433666, 0.00010494817252038047, 0.00010527382255531847]], [[0, 1, 2, 3, 4, 5, 6, 7, 8, 9, 10, 11, 12, 13, 14, 15, 16, 17, 18, 19, 20], [6.57, 12.34, 77.13, 80.54, 82.84, 84.0, 84.4, 84.33, 85.26, 85.94, 85.88, 86.27, 86.38, 86.42, 86.81, 86.82, 86.83, 86.93, 86.84, 87.46, 87.47], [0, 0.005373446270823479, 0.0006816911045461893, 0.00012723870167974383, 7.014864968368784e-05, 6.403042789315805e-05, 6.920471787452698e-05, 7.18818191671744e-05, 7.458711479557678e-05, 7.29950625100173e-05, 7.679469854338095e-05, 8.164245082298294e-05, 8.116952085401863e-05, 7.888734398875386e-05, 8.623601024737582e-05, 8.532536594429985e-05, 9.25702988752164e-05, 9.666357800597325e-05, 9.60244724410586e-05, 0.00010177436342928559, 0.00010993472824338824]]], "msds": [[[0, 1, 2, 3, 4, 5, 6, 7, 8, 9, 10, 11, 12, 13, 14, 15, 16, 17, 18, 19, 20], [8.69, 10.0, 77.13, 80.61, 82.84, 84.02, 84.4, 84.98, 85.12, 85.94, 85.89, 86.35, 86.38, 86.58, 86.81, 86.7, 86.83, 86.89, 87.18, 87.46, 87.5], [0, 0.0053701200522482395, 0.0005879013333469629, 0.00013283923908602446, 7.027440733509138e-05, 6.797756941523403e-05, 6.911991658853367e-05, 7.325773913180456e-05, 7.3682313086465e-05, 7.856001320760697e-05, 7.620511314598843e-05, 8.073671779129654e-05, 8.209994120988995e-05, 8.896386862033978e-05, 9.212036820827052e-05, 8.884278940968215e-05, 9.462377784075215e-05, 9.980248432839289e-05, 0.00010169796587433666, 0.00010494817252038047, 0.00010527382255531847]], [[0, 1, 2, 3, 4, 5, 6, 7, 8, 9, 10, 11, 12, 13, 14, 15, 16, 17, 18, 19, 20], [11.01, 10.0, 77.13, 80.76, 82.84, 84.02, 84.27, 84.98, 85.26, 85.86, 85.89, 86.27, 86.38, 86.4, 86.81, 86.64, 86.83, 86.84, 87.18, 87.2, 87.47], [0, 0.005383786279708147, 0.0005719572654925287, 0.00012539127783384174, 7.077871850924566e-05, 7.144179835449904e-05, 7.145732524804771e-05, 7.718840788584203e-05, 7.9719589848537e-05, 7.391692633973435e-05, 8.101441198959947e-05, 8.398752834182233e-05, 8.821472147246823e-05, 8.434667688561603e-05, 9.20760357985273e-05, 8.719634934095666e-05, 9.81430130195804e-05, 9.675352339399979e-05, 9.656133624957874e-05, 0.00010412731353426352, 0.00010574736370472237]]], "alpha": 0.0, "beta": 0.5, "gamma": 5.0, "num_samples": 6000, "node_count": 10, "density": 1.0, "startup_delay": 0.0, "forward_prob": 0}