{"nodes_data": [[[0, 1, 2, 3, 4, 5, 6, 7, 8, 9, 10, 11, 12, 13, 14, 15, 16, 17, 18, 19, 20], [8.63, 15.91, 71.64, 81.86, 83.52, 82.87, 84.85, 85.12, 85.39, 85.72, 85.84, 86.25, 86.14, 86.61, 86.32, 85.37, 86.95, 87.23, 87.19, 87.23, 87.1], [0, 0.0053485664539039135, 0.0009570828988216817, 0.00033938014530576766, 0.00010352162644267082, 7.684215961489826e-05, 7.242517312988639e-05, 7.284233288373798e-05, 7.3327733844053e-05, 7.756617560517043e-05, 8.576449181418866e-05, 8.104771404759958e-05, 8.422916289418936e-05, 9.140066686086357e-05, 8.19061096990481e-05, 8.796227484708652e-05, 9.9301862064749e-05, 9.339963435195386e-05, 0.00010253747313981876, 9.330016473541036e-05, 9.901044541038573e-05]], [[0, 1, 2, 3, 4, 5, 6, 7, 8, 9, 10, 11, 12, 13, 14, 15, 16, 17, 18, 19, 20], [16.72, 27.6, 71.52, 81.69, 83.44, 83.96, 84.51, 85.22, 85.14, 85.24, 85.97, 86.28, 86.35, 85.72, 86.41, 85.94, 87.27, 87.43, 87.08, 87.11, 87.09], [0, 0.0053716786205768585, 0.001385282725095749, 0.0003322811098769307, 0.00010176608338952065, 7.395148713840172e-05, 7.996118802111596e-05, 7.37100126571022e-05, 7.498285413021222e-05, 7.88428878877312e-05, 7.673675281694159e-05, 8.555824751965702e-05, 8.1191974459216e-05, 9.779896936379373e-05, 8.636181155452505e-05, 7.585112325614318e-05, 9.2924979981035e-05, 9.143316128756851e-05, 9.155009320238605e-05, 9.471317753195763e-05, 9.961069736164063e-05]]], "msds": [[[0, 1, 2, 3, 4, 5, 6, 7, 8, 9, 10, 11, 12, 13, 14, 15, 16, 17, 18, 19, 20], [8.63, 15.91, 71.64, 81.86, 83.52, 82.87, 84.85, 85.12, 85.39, 85.72, 85.84, 86.25, 86.14, 86.61, 86.32, 85.37, 86.95, 87.23, 87.19, 87.23, 87.1], [0, 0.0053485664539039135, 0.0009570828988216817, 0.00033938014530576766, 0.00010352162644267082, 7.684215961489826e-05, 7.242517312988639e-05, 7.284233288373798e-05, 7.3327733844053e-05, 7.756617560517043e-05, 8.576449181418866e-05, 8.104771404759958e-05, 8.422916289418936e-05, 9.140066686086357e-05, 8.19061096990481e-05, 8.796227484708652e-05, 9.9301862064749e-05, 9.339963435195386e-05, 0.00010253747313981876, 9.330016473541036e-05, 9.901044541038573e-05]], [[0, 1, 2, 3, 4, 5, 6, 7, 8, 9, 10, 11, 12, 13, 14, 15, 16, 17, 18, 19, 20], [13.24, 10.0, 69.33, 81.86, 82.83, 83.02, 84.63, 85.19, 85.51, 85.76, 86.11, 86.44, 86.45, 86.61, 86.41, 86.67, 87.05, 87.3, 86.99, 87.21, 87.42], [0, 0.005388278514146805, 0.0009208365227095783, 0.0002366005355725065, 0.00010198688687523827, 7.08476800355129e-05, 7.014239236013964e-05, 7.481428474420682e-05, 6.839953130111098e-05, 8.030269236769527e-05, 8.299156615976244e-05, 8.777374750934541e-05, 8.609172800788656e-05, 9.294925257563591e-05, 8.405844710068777e-05, 8.881985559128225e-05, 9.781576227396727e-05, 9.111939289141446e-05, 9.027816849993542e-05, 9.835234232014045e-05, 9.227843111148104e-05]]], "alpha": 0.9, "beta": 0.5, "gamma": 2.0, "num_samples": 6000, "node_count": 10, "density": 0.75, "startup_delay": 0.0, "forward_prob": 0}