{"nodes_data": [[[0, 1, 2, 3, 4, 5, 6, 7, 8, 9, 10, 11, 12, 13, 14, 15, 16, 17, 18, 19, 20], [8.31, 71.22, 71.22, 71.22, 79.46, 81.49, 82.67, 83.16, 83.89, 84.46, 84.5, 85.37, 85.37, 85.37, 85.6, 86.05, 84.43, 85.7, 86.28, 86.45, 86.47], [0, 0.0015295229386538267, 0.0005418202490545809, 0.0005290764383971691, 0.0006674071773886681, 0.000377386313630268, 0.00038045362452976406, 0.00034386588959023356, 0.00019368517678231, 0.00011362653458490968, 0.00010960888175759465, 4.291344521334395e-05, 6.122903869254515e-05, 5.884759229957126e-05, 8.743382932152599e-05, 6.633118755416945e-05, 8.343157969648018e-05, 0.00010114613542100415, 8.705443906364962e-05, 0.00011219073348911479, 9.693736501503736e-05]], [[0, 1, 2, 3, 4, 5, 6, 7, 8, 9, 10, 11, 12, 13, 14, 15, 16, 17, 18, 19, 20], [12.29, 44.67, 44.67, 44.67, 78.22, 79.18, 81.29, 82.38, 84.26, 84.3, 83.94, 85.07, 85.79, 85.45, 86.32, 86.16, 86.31, 86.2, 86.28, 85.93, 85.96], [0, 0.005350848659873009, 0.0015084829647094011, 0.001474551041610539, 0.001065548276528716, 0.0007501069339923561, 0.0007176327635534108, 0.0003869495412800461, 0.00019847633666358888, 0.0001302385062444955, 0.00011446673306636512, 0.00011474436178104952, 7.860574987716973e-05, 8.283666102215648e-05, 7.832307164790109e-05, 8.169776265276596e-05, 0.00010875405860133469, 9.366213635075837e-05, 8.366403926629573e-05, 0.0001603143464308232, 0.00012281438102945685]]], "msds": [[[0, 1, 2, 3, 4, 5, 6, 7, 8, 9, 10, 11, 12, 13, 14, 15, 16, 17, 18, 19, 20], [8.31, 71.22, 71.22, 71.22, 79.46, 81.49, 82.67, 83.16, 83.89, 84.46, 84.5, 85.37, 85.37, 85.37, 85.6, 86.05, 84.43, 85.7, 86.28, 86.45, 86.47], [0, 0.0015295229386538267, 0.0005418202490545809, 0.0005290764383971691, 0.0006674071773886681, 0.000377386313630268, 0.00038045362452976406, 0.00034386588959023356, 0.00019368517678231, 0.00011362653458490968, 0.00010960888175759465, 4.291344521334395e-05, 6.122903869254515e-05, 5.884759229957126e-05, 8.743382932152599e-05, 6.633118755416945e-05, 8.343157969648018e-05, 0.00010114613542100415, 8.705443906364962e-05, 0.00011219073348911479, 9.693736501503736e-05]], [[0, 1, 2, 3, 4, 5, 6, 7, 8, 9, 10, 11, 12, 13, 14, 15, 16, 17, 18, 19, 20], [5.18, 32.52, 79.68, 80.84, 83.3, 83.32, 84.49, 84.7, 85.77, 85.73, 86.5, 86.46, 85.51, 87.11, 86.41, 86.94, 86.88, 86.86, 87.22, 87.45, 86.9], [0, 0.004082594066858292, 0.001905371667817235, 0.001160918385721743, 0.00016447817324660718, 0.00015272284508682787, 9.802281419979408e-05, 0.0001348562800558284, 7.464115333277732e-05, 7.503134111175314e-05, 6.558957102242857e-05, 6.726415449520573e-05, 8.081273699644953e-05, 6.85707273078151e-05, 5.0933012971654534e-05, 5.2333656640257686e-05, 5.134802995598875e-05, 4.942047598888166e-05, 5.1838778745150194e-05, 4.970696318196133e-05, 5.388772115111351e-05]]], "alpha": 1.0, "beta": 1.0, "gamma": 2.0, "num_samples": 6000, "node_count": 10, "density": 0.0, "startup_delay": 0.0, "forward_prob": 0}