{"nodes_data": [[[0, 1, 2, 3, 4, 5, 6, 7, 8, 9, 10, 11, 12, 13, 14, 15, 16, 17, 18, 19, 20], [7.35, 21.72, 58.17, 58.42, 80.54, 81.67, 82.8, 83.58, 83.28, 84.08, 84.32, 84.54, 84.3, 83.9, 85.08, 84.83, 85.33, 84.62, 85.77, 85.67, 85.58], [0, 0.005360730458050966, 0.0025813921820372343, 0.0019806090276688337, 0.0008155606337822974, 0.000606769579462707, 0.0005879464442841709, 0.0005266733351163566, 0.0004260546702425927, 0.00039669335819780827, 0.0003902275930158794, 0.0003793989890255034, 0.0003692737373057753, 0.0003037300193682313, 0.0002934554358944297, 0.0002991934888996184, 0.0003612708824221045, 0.0003328134771436453, 0.00034247629810124636, 0.0002853131154552102, 0.0002829814038705081]], [[0, 1, 2, 3, 4, 5, 6, 7, 8, 9, 10, 11, 12, 13, 14, 15, 16, 17, 18, 19, 20], [10.34, 64.55, 79.02, 81.34, 81.8, 82.89, 83.48, 83.79, 82.68, 83.96, 83.78, 83.81, 84.31, 84.59, 85.39, 85.42, 85.43, 85.33, 85.61, 85.29, 85.19], [0, 0.003622469026595354, 0.0010345197515562177, 0.0006012838566675782, 0.0005101471906527877, 0.00036113784881308675, 0.00034719897666946054, 0.0003307907027192414, 0.0003210101567674428, 0.00031706434674561024, 0.0003148679679725319, 0.0003171101270709187, 0.0002932668139692396, 0.0002943213330581784, 0.00027773863985203207, 0.00027427103486843407, 0.00029324772185646, 0.00029638802516274154, 0.00027633237186819315, 0.00025725626619532704, 0.0002577982086222619]]], "msds": [[[0, 1, 2, 3, 4, 5, 6, 7, 8, 9, 10, 11, 12, 13, 14, 15, 16, 17, 18, 19, 20], [7.35, 21.72, 58.17, 58.42, 80.54, 81.67, 82.8, 83.58, 83.28, 84.08, 84.32, 84.54, 84.3, 83.9, 85.08, 84.83, 85.33, 84.62, 85.77, 85.67, 85.58], [0, 0.005360730458050966, 0.0025813921820372343, 0.0019806090276688337, 0.0008155606337822974, 0.000606769579462707, 0.0005879464442841709, 0.0005266733351163566, 0.0004260546702425927, 0.00039669335819780827, 0.0003902275930158794, 0.0003793989890255034, 0.0003692737373057753, 0.0003037300193682313, 0.0002934554358944297, 0.0002991934888996184, 0.0003612708824221045, 0.0003328134771436453, 0.00034247629810124636, 0.0002853131154552102, 0.0002829814038705081]], [[0, 1, 2, 3, 4, 5, 6, 7, 8, 9, 10, 11, 12, 13, 14, 15, 16, 17, 18, 19, 20], [14.12, 28.86, 79.05, 80.18, 79.93, 82.03, 82.63, 82.98, 81.73, 83.01, 84.29, 83.92, 84.65, 83.6, 84.87, 85.18, 85.75, 85.04, 85.95, 85.64, 85.93], [0, 0.00539265526458621, 0.0019167331047356129, 0.0015799746615812182, 0.0009832894429564476, 0.0004953034804202616, 0.00046375044621527195, 0.00037874895497225225, 0.000304870045511052, 0.00028612863388843834, 0.00028894373099319637, 0.0002852518518920988, 0.00024751952150836587, 0.00024153204867616296, 0.00024447269970551133, 0.00022678553068544716, 0.0002175671252189204, 0.00020691812096629292, 0.0002057535748463124, 0.00020782249339390546, 0.00021682657825294882]]], "alpha": 0.7, "beta": 2.0, "gamma": 2.0, "num_samples": 6000, "node_count": 10, "density": 0.0, "startup_delay": 0.0, "forward_prob": 0}