{"nodes_data": [[[0, 1, 2, 3, 4, 5, 6, 7, 8, 9, 10, 11, 12, 13, 14, 15, 16, 17, 18, 19, 20], [9.91, 13.74, 13.74, 28.31, 81.39, 81.38, 81.46, 81.43, 83.21, 83.07, 82.68, 83.8, 84.7, 84.31, 84.29, 84.87, 85.19, 85.57, 85.52, 85.57, 85.97], [0, 0.005364556796848774, 0.0022787076886743307, 0.0035045319236814976, 0.0016828534426167607, 0.0006438858690671623, 0.001504099345766008, 0.0012484649196267128, 0.0005993930972181261, 0.000978431897237897, 0.0008872724138200283, 0.0004068649432156235, 0.0008157658157870173, 0.0005511417984962463, 0.00046811424545012414, 0.0004892914439551532, 0.0003623797674663365, 0.00029850334976799786, 0.0003266786225140095, 0.0002738937037065625, 0.00030863971915096045]], [[0, 1, 2, 3, 4, 5, 6, 7, 8, 9, 10, 11, 12, 13, 14, 15, 16, 17, 18, 19, 20], [10.7, 79.02, 77.91, 79.25, 80.25, 80.25, 81.11, 82.36, 79.56, 83.03, 82.56, 82.56, 83.61, 83.55, 83.37, 83.37, 83.99, 83.47, 83.47, 84.13, 84.11], [0, 0, 0.005554108414798975, 0.0058380793780088425, 0.0022500348277390003, 7.520272629335523e-05, 0.0005826582200825214, 0.000510659534484148, 0.00029237967100925744, 0.0005824838881380856, 0.0007611282635480165, 5.117988621350378e-05, 0.0001513707247795537, 0.0001791126123862341, 0.0001919497735798359, 5.4499720135936514e-05, 0.00014831118460278958, 0.00014365077367983758, 5.642700853059068e-05, 0.00017270429816562682, 0.00016865864745341241]]], "msds": [[[0, 1, 2, 3, 4, 5, 6, 7, 8, 9, 10, 11, 12, 13, 14, 15, 16, 17, 18, 19, 20], [9.91, 13.74, 13.74, 28.31, 81.39, 81.38, 81.46, 81.43, 83.21, 83.07, 82.68, 83.8, 84.7, 84.31, 84.29, 84.87, 85.19, 85.57, 85.52, 85.57, 85.97], [0, 0.005364556796848774, 0.0022787076886743307, 0.0035045319236814976, 0.0016828534426167607, 0.0006438858690671623, 0.001504099345766008, 0.0012484649196267128, 0.0005993930972181261, 0.000978431897237897, 0.0008872724138200283, 0.0004068649432156235, 0.0008157658157870173, 0.0005511417984962463, 0.00046811424545012414, 0.0004892914439551532, 0.0003623797674663365, 0.00029850334976799786, 0.0003266786225140095, 0.0002738937037065625, 0.00030863971915096045]], [[0, 1, 2, 3, 4, 5, 6, 7, 8, 9, 10, 11, 12, 13, 14, 15, 16, 17, 18, 19, 20], [13.75, 74.31, 49.94, 52.14, 81.64, 81.64, 80.44, 83.78, 83.11, 83.27, 82.42, 84.66, 84.38, 84.77, 83.91, 83.86, 84.77, 85.22, 85.7, 85.14, 85.81], [0, 0.005387027747929096, 0.002854549791663885, 0.003052797168493271, 0.0015070908702909946, 0.0003477552381809801, 0.001000750344246626, 0.0005861036479473114, 0.00037266628351062536, 0.0005114673404023051, 0.00047670461935922503, 0.0004647554596886039, 0.0003539837198331952, 0.00038183541619218886, 0.00032364565413445234, 0.00023146912280935794, 0.00031861395109444857, 0.000266626215307042, 0.00023829164274502546, 0.00031360157299786806, 0.0003142149362247437]]], "alpha": 1.0, "beta": 1.0, "gamma": 0.0, "num_samples": 6000, "node_count": 10, "density": 0.0, "startup_delay": 0.0, "forward_prob": 0}