{"nodes_data": [[[0, 1, 2, 3, 4, 5, 6, 7, 8, 9, 10, 11, 12, 13, 14, 15, 16, 17, 18, 19, 20], [15.51, 10.0, 70.91, 81.66, 83.99, 84.65, 84.95, 85.13, 85.39, 85.31, 85.1, 85.4, 85.64, 85.43, 85.8, 86.3, 85.92, 83.01, 84.48, 86.16, 86.08], [0, 0.0053815050050616264, 0.0011629787040874362, 0.0005701559130102396, 0.0002821127709466964, 0.0003304680285509676, 0.0003623926895670593, 0.00020506297005340457, 0.00016685396258253604, 0.00015854969387874007, 0.0001562133402330801, 0.0001545242266729474, 0.0001456488826079294, 0.00014533346984535456, 0.00015018583508208394, 0.00015329816960729659, 0.00013919892080593854, 0, 0, 0, 0]], [[0, 1, 2, 3, 4, 5, 6, 7, 8, 9, 10, 11, 12, 13, 14, 15, 16, 17, 18, 19, 20], [15.64, 77.74, 79.31, 79.59, 82.67, 82.96, 83.97, 79.07, 84.78, 83.9, 84.2, 85.43, 83.69, 83.59, 84.28, 85.8, 85.65, 86.43, 86.61, 85.93, 86.75], [0, 0, 0, 0, 0, 0, 0, 0, 0, 0, 0, 0.0001565738202771172, 0, 0, 0, 0.000163429940585047, 0.0001536625059088692, 0.00014528587053064257, 0.00013282409054227173, 0.00014002154057379812, 0.00018268846906721592]]], "msds": [[[0, 1, 2, 3, 4, 5, 6, 7, 8, 9, 10, 11, 12, 13, 14, 15, 16, 17, 18, 19, 20], [15.51, 10.0, 70.91, 81.66, 83.99, 84.65, 84.95, 85.13, 85.39, 85.31, 85.1, 85.4, 85.64, 85.43, 85.8, 86.3, 85.92, 83.01, 84.48, 86.16, 86.08], [0, 0.0053815050050616264, 0.0011629787040874362, 0.0005701559130102396, 0.0002821127709466964, 0.0003304680285509676, 0.0003623926895670593, 0.00020506297005340457, 0.00016685396258253604, 0.00015854969387874007, 0.0001562133402330801, 0.0001545242266729474, 0.0001456488826079294, 0.00014533346984535456, 0.00015018583508208394, 0.00015329816960729659, 0.00013919892080593854, 0, 0, 0, 0]], [[0, 1, 2, 3, 4, 5, 6, 7, 8, 9, 10, 11, 12, 13, 14, 15, 16, 17, 18, 19, 20], [7.86, 14.3, 74.84, 81.31, 83.53, 84.57, 85.11, 85.24, 85.68, 85.57, 85.46, 85.64, 85.74, 85.68, 86.22, 86.1, 85.97, 85.19, 86.29, 86.28, 87.01], [0, 0.0053415559232234955, 0.00236536655575037, 0.0005750996642746031, 0.0003429239150136709, 0.00016549430438317358, 0.00027935815160162747, 0.00019376823911443353, 0.00018338378868065774, 0.00015960047312546521, 0.00015627796528860927, 0.00015003661974333227, 0.0001366033684462309, 0.00013857240264769644, 0.00014146629837341607, 0.00014874825137667358, 0.00015893083764240146, 0.00012395091471262276, 0.00014590503997169435, 0.0001354429841740057, 0.00015431847714353353]]], "alpha": 0.0, "beta": 0.0, "gamma": 0.0, "num_samples": 6000, "node_count": 10, "density": 1.0, "startup_delay": 0.0, "forward_prob": 0}