{"nodes_data": [[[0, 1, 2, 3, 4, 5, 6, 7, 8, 9, 10, 11, 12, 13, 14, 15, 16, 17, 18, 19, 20], [10.28, 31.23, 52.71, 55.32, 81.28, 82.23, 83.13, 83.57, 83.83, 83.89, 84.24, 84.65, 84.37, 84.83, 84.11, 85.04, 85.51, 85.74, 85.75, 85.69, 85.86], [0, 0.005379119887948036, 0.0017849841387942433, 0.0017091836780309677, 0.00042676509474404156, 0.0003188484988640994, 0.00018771979375742376, 0.00015674057067371905, 0.00015206850366666913, 0.00013997970381751657, 0.00010685628512874246, 9.532650437904522e-05, 0.00010717719851527363, 9.925509220920503e-05, 0.00010419965110486373, 8.264050120487809e-05, 0.00010226128506474197, 0.00010146787099074572, 0.00010514348105061799, 0.00010277060937369242, 9.178943582810462e-05]], [[0, 1, 2, 3, 4, 5, 6, 7, 8, 9, 10, 11, 12, 13, 14, 15, 16, 17, 18, 19, 20], [10.14, 18.79, 46.13, 69.77, 81.94, 81.62, 82.95, 83.17, 83.34, 83.74, 84.51, 84.73, 84.61, 85.13, 85.06, 85.19, 85.62, 85.78, 85.41, 85.99, 86.1], [0, 0.00537404790520668, 0.0023249154910445213, 0.0018636002205312252, 0.0007015001610852778, 0.0004006387898698449, 0.00035449309507384896, 0.0003327035519760102, 0.00012888837954960763, 8.263039489975199e-05, 0.000251005869358778, 0.00018513246322982013, 0.00019623407570179552, 9.822793072089553e-05, 8.209088264266029e-05, 0.0001674545492278412, 0.0001454120356356725, 0.00015477357374038547, 0.00010098055645357817, 8.827698911773041e-05, 8.815940236672759e-05]]], "msds": [[[0, 1, 2, 3, 4, 5, 6, 7, 8, 9, 10, 11, 12, 13, 14, 15, 16, 17, 18, 19, 20], [10.28, 31.23, 52.71, 55.32, 81.28, 82.23, 83.13, 83.57, 83.83, 83.89, 84.24, 84.65, 84.37, 84.83, 84.11, 85.04, 85.51, 85.74, 85.75, 85.69, 85.86], [0, 0.005379119887948036, 0.0017849841387942433, 0.0017091836780309677, 0.00042676509474404156, 0.0003188484988640994, 0.00018771979375742376, 0.00015674057067371905, 0.00015206850366666913, 0.00013997970381751657, 0.00010685628512874246, 9.532650437904522e-05, 0.00010717719851527363, 9.925509220920503e-05, 0.00010419965110486373, 8.264050120487809e-05, 0.00010226128506474197, 0.00010146787099074572, 0.00010514348105061799, 0.00010277060937369242, 9.178943582810462e-05]], [[0, 1, 2, 3, 4, 5, 6, 7, 8, 9, 10, 11, 12, 13, 14, 15, 16, 17, 18, 19, 20], [9.99, 61.5, 78.86, 82.07, 82.54, 83.06, 83.55, 83.97, 84.29, 84.48, 84.44, 84.5, 84.34, 85.51, 85.41, 85.69, 85.75, 85.51, 85.75, 86.07, 86.28], [0, 0.003767581656575203, 0.0009126091026701033, 0.00044993654591962695, 0.00020260449673514813, 0.00017624183965381235, 0.0001597934460733086, 0.0001503352541476488, 0.00010147408465854824, 0.00010069920972455293, 0.00010768687934614718, 0.00010320443834643811, 0.00010535130422795191, 8.401541708735749e-05, 0.00010398165613878518, 0.00010765674960566685, 0.0001030863422784023, 0.00010803141049109399, 9.494541154708713e-05, 8.047587471082807e-05, 9.351366315968335e-05]]], "alpha": 0.9, "beta": 2.0, "gamma": 3.0, "num_samples": 6000, "node_count": 10, "density": 0.15, "startup_delay": 0.0, "forward_prob": 0}