{"nodes_data": [[[0, 1, 2, 3, 4, 5, 6, 7, 8, 9, 10, 11, 12, 13, 14, 15, 16, 17, 18, 19, 20], [10.17, 76.99, 44.58, 81.59, 78.22, 82.29, 83.48, 83.02, 83.98, 84.31, 84.45, 84.32, 84.37, 85.16, 84.38, 84.35, 85.55, 84.97, 85.51, 85.56, 85.73], [0, 0, 0.005550512112677097, 0.0041997856460511684, 0.0011026699794456363, 0.0009196314495056868, 0.0005652739200741053, 0.0006179205374792218, 0.0007463225047104061, 0.0006332732737064362, 0.00046789878979325294, 0.00074353365926072, 0.00045189037336967885, 0.00038652634248137474, 0.000584227207582444, 0.0002957272808998823, 0.0002363342937314883, 0.00028774255770258605, 0.00024243984080385417, 0.00021499219292309135, 0.0002372061280766502]], [[0, 1, 2, 3, 4, 5, 6, 7, 8, 9, 10, 11, 12, 13, 14, 15, 16, 17, 18, 19, 20], [14.06, 80.81, 78.12, 78.12, 80.76, 83.08, 83.08, 82.69, 80.32, 82.62, 83.82, 84.35, 84.31, 83.7, 84.31, 83.25, 85.29, 84.37, 84.33, 85.54, 85.04], [0, 0.005391555372625589, 0.00010976539488183334, 6.332921475404873e-05, 0.00010591692989692092, 0.0002998622367158532, 4.9212459998670965e-05, 0.000230555931921117, 0.00028934143483638763, 0.00010536738409427926, 0.00020305065845604986, 0.00015871674986556172, 0.0001505610125605017, 0.00015729808364994824, 0.0001252940419362858, 0.00012744401465170085, 0.0001985714043257758, 0.0001680169370956719, 0.00018402663408778608, 0.0002452148764859885, 0.00021461544383782893]]], "msds": [[[0, 1, 2, 3, 4, 5, 6, 7, 8, 9, 10, 11, 12, 13, 14, 15, 16, 17, 18, 19, 20], [10.17, 76.99, 44.58, 81.59, 78.22, 82.29, 83.48, 83.02, 83.98, 84.31, 84.45, 84.32, 84.37, 85.16, 84.38, 84.35, 85.55, 84.97, 85.51, 85.56, 85.73], [0, 0, 0.005550512112677097, 0.0041997856460511684, 0.0011026699794456363, 0.0009196314495056868, 0.0005652739200741053, 0.0006179205374792218, 0.0007463225047104061, 0.0006332732737064362, 0.00046789878979325294, 0.00074353365926072, 0.00045189037336967885, 0.00038652634248137474, 0.000584227207582444, 0.0002957272808998823, 0.0002363342937314883, 0.00028774255770258605, 0.00024243984080385417, 0.00021499219292309135, 0.0002372061280766502]], [[0, 1, 2, 3, 4, 5, 6, 7, 8, 9, 10, 11, 12, 13, 14, 15, 16, 17, 18, 19, 20], [10.1, 76.99, 45.95, 48.69, 81.65, 81.95, 81.92, 83.69, 83.08, 83.53, 82.44, 84.45, 83.56, 84.65, 84.02, 85.08, 85.34, 84.78, 85.17, 85.31, 85.13], [0, 0.005367232020944357, 0.002842852845788002, 0.0024372367188334465, 0.0014055154751986265, 0.0009949324885383248, 0.0007625127327628434, 0.0008282181806862354, 0.00045481621054932475, 0.0006282819085754454, 0.0005350047722458839, 0.00041279822471551597, 0.0006086741923354566, 0.00040965439984574914, 0.0003312601475045085, 0.0004769307270180434, 0.00035304660559631884, 0.0002999079297296703, 0.00028870071400888264, 0.0003134267753921449, 0.00031011132523417473]]], "alpha": 1.0, "beta": 2.0, "gamma": 0.0, "num_samples": 6000, "node_count": 10, "density": 0.0, "startup_delay": 0.0, "forward_prob": 0}