{"nodes_data": [[[0, 1, 2, 3, 4, 5, 6, 7, 8, 9, 10, 11, 12, 13, 14, 15, 16, 17, 18, 19, 20], [15.47, 10.07, 37.77, 74.57, 81.45, 82.12, 83.28, 83.43, 83.98, 84.6, 85.13, 85.25, 85.43, 85.67, 85.9, 85.83, 86.2, 86.31, 86.47, 86.59, 86.51], [0, 0.005376429297029972, 0.0026532383635640144, 0.0005054515204392374, 0.0002159076975658536, 0.00010060718341264874, 8.110349881462753e-05, 7.316235132748261e-05, 7.060068310238421e-05, 7.604354323120788e-05, 7.173690391937271e-05, 7.716698746662587e-05, 8.274181163869798e-05, 7.870946865295991e-05, 8.52351076900959e-05, 8.632300887256861e-05, 8.55365942697972e-05, 9.180935740005225e-05, 8.825869008433074e-05, 9.182603389490396e-05, 9.855359530774876e-05]], [[0, 1, 2, 3, 4, 5, 6, 7, 8, 9, 10, 11, 12, 13, 14, 15, 16, 17, 18, 19, 20], [6.59, 10.0, 23.3, 72.28, 81.04, 81.76, 83.47, 83.23, 83.96, 84.27, 85.01, 85.12, 85.45, 85.65, 85.8, 85.93, 86.15, 86.35, 86.48, 86.64, 86.43], [0, 0.005378848407417536, 0.002863694215193391, 0.0005368154379539192, 0.00022855379211250693, 0.00012626202078536153, 8.403482934227213e-05, 8.085163426585495e-05, 7.950636063469574e-05, 7.602434197906405e-05, 7.698572153458372e-05, 7.934551103971899e-05, 8.360849460586905e-05, 8.426410204265267e-05, 8.230030653066933e-05, 8.963280561147258e-05, 9.198315092362463e-05, 9.352177585242316e-05, 9.192358993459493e-05, 9.869115456240252e-05, 9.239830978913233e-05]]], "msds": [[[0, 1, 2, 3, 4, 5, 6, 7, 8, 9, 10, 11, 12, 13, 14, 15, 16, 17, 18, 19, 20], [15.47, 10.07, 37.77, 74.57, 81.45, 82.12, 83.28, 83.43, 83.98, 84.6, 85.13, 85.25, 85.43, 85.67, 85.9, 85.83, 86.2, 86.31, 86.47, 86.59, 86.51], [0, 0.005376429297029972, 0.0026532383635640144, 0.0005054515204392374, 0.0002159076975658536, 0.00010060718341264874, 8.110349881462753e-05, 7.316235132748261e-05, 7.060068310238421e-05, 7.604354323120788e-05, 7.173690391937271e-05, 7.716698746662587e-05, 8.274181163869798e-05, 7.870946865295991e-05, 8.52351076900959e-05, 8.632300887256861e-05, 8.55365942697972e-05, 9.180935740005225e-05, 8.825869008433074e-05, 9.182603389490396e-05, 9.855359530774876e-05]], [[0, 1, 2, 3, 4, 5, 6, 7, 8, 9, 10, 11, 12, 13, 14, 15, 16, 17, 18, 19, 20], [10.32, 10.0, 60.87, 78.99, 81.41, 82.59, 83.33, 83.63, 83.79, 84.56, 85.09, 85.28, 85.51, 85.62, 86.02, 85.86, 86.05, 86.25, 86.53, 86.36, 86.68], [0, 0.005369099788367748, 0.001609577564522624, 0.00045241258339956403, 0.00015388372412417084, 9.284950647270307e-05, 8.085970330284908e-05, 7.641248521395028e-05, 7.83400610089302e-05, 7.356228161370382e-05, 7.649858162039891e-05, 7.951476436574012e-05, 8.861795504344627e-05, 7.903278310550377e-05, 8.266104123322293e-05, 8.63300301716663e-05, 8.789995627012104e-05, 9.170308476313949e-05, 9.423201117897406e-05, 9.651952132117003e-05, 9.592424612492323e-05]]], "alpha": 0.9, "beta": 2.0, "gamma": 5.0, "num_samples": 6000, "node_count": 10, "density": 1.0, "startup_delay": 0.0, "forward_prob": 0}