{"nodes_data": [[[0, 1, 2, 3, 4, 5, 6, 7, 8, 9, 10, 11, 12, 13, 14, 15, 16, 17, 18, 19, 20], [12.66, 77.39, 80.29, 80.95, 82.72, 82.09, 83.28, 80.99, 84.42, 84.11, 83.18, 85.38, 84.19, 86.05, 85.48, 85.75, 84.82, 86.67, 87.05, 86.62, 85.97], [0, 0.005391840822994709, 0.004139179363846779, 0.00368273863568902, 0.0038225597236305475, 0.0021775332279503345, 0.0015693620080128312, 0.00032101216493174434, 7.403998461086303e-05, 7.342755270656198e-05, 7.52082050894387e-05, 0, 0.000142376302392222, 9.465400216868147e-05, 0.00013276925892569125, 0.00012012179649900645, 0.0005377712659537792, 6.58323333482258e-05, 6.165133527247235e-05, 7.407928933389485e-05, 4.690911009674892e-05]], [[0, 1, 2, 3, 4, 5, 6, 7, 8, 9, 10, 11, 12, 13, 14, 15, 16, 17, 18, 19, 20], [10.08, 39.43, 75.18, 79.45, 63.56, 82.64, 81.17, 83.73, 84.17, 85.69, 86.26, 85.73, 85.71, 85.78, 85.01, 86.17, 87.11, 86.42, 86.96, 86.82, 85.75], [0, 0.00534543814137578, 0.003099999390542507, 0.0025929296389222145, 0.001520803663879633, 0.0009343170095235109, 0.0002963612787425518, 9.233831224264577e-05, 3.721637767739594e-05, 0.00024290819419547915, 7.721917791059241e-05, 0.00010280917922500521, 9.287244756706059e-05, 0.00010156084317713976, 5.771243741037324e-05, 7.474457379430532e-05, 0.00010223755816696212, 0.00011055613867938519, 0.0001189766262541525, 0.00016326682816725224, 0.00021619771723635495]]], "msds": [[[0, 1, 2, 3, 4, 5, 6, 7, 8, 9, 10, 11, 12, 13, 14, 15, 16, 17, 18, 19, 20], [12.66, 77.39, 80.29, 80.95, 82.72, 82.09, 83.28, 80.99, 84.42, 84.11, 83.18, 85.38, 84.19, 86.05, 85.48, 85.75, 84.82, 86.67, 87.05, 86.62, 85.97], [0, 0.005391840822994709, 0.004139179363846779, 0.00368273863568902, 0.0038225597236305475, 0.0021775332279503345, 0.0015693620080128312, 0.00032101216493174434, 7.403998461086303e-05, 7.342755270656198e-05, 7.52082050894387e-05, 0, 0.000142376302392222, 9.465400216868147e-05, 0.00013276925892569125, 0.00012012179649900645, 0.0005377712659537792, 6.58323333482258e-05, 6.165133527247235e-05, 7.407928933389485e-05, 4.690911009674892e-05]], [[0, 1, 2, 3, 4, 5, 6, 7, 8, 9, 10, 11, 12, 13, 14, 15, 16, 17, 18, 19, 20], [11.88, 77.84, 80.53, 82.28, 81.68, 80.46, 83.38, 84.04, 82.08, 84.8, 82.02, 84.33, 84.98, 84.03, 84.83, 86.06, 84.98, 86.79, 85.67, 85.6, 84.95], [0, 0.005360779818147421, 0.004123656079173088, 0.0034320265986025333, 0.0036156238056719303, 0.003459629137068987, 0.003662401344627142, 0.003553027054294944, 0.0036279887426644564, 0.0033764257095754147, 0.0026367667596787214, 0.0015639873454347253, 0.00013086981198284775, 0.00012326601427048445, 5.901313488720916e-05, 6.0734095313819125e-05, 7.00730161042884e-05, 0, 0, 0.00010806461796164513, 9.920150478137657e-05]]], "alpha": 1.0, "beta": 0.5, "gamma": 5.0, "num_samples": 6000, "node_count": 10, "density": 0.0, "startup_delay": 0.0, "forward_prob": 0}