{"nodes_data": [[[0, 1, 2, 3, 4, 5, 6, 7, 8, 9, 10, 11, 12, 13, 14, 15, 16, 17, 18, 19, 20], [6.22, 20.55, 10.0, 75.71, 81.19, 82.68, 83.1, 83.67, 84.25, 84.52, 85.17, 85.32, 85.07, 85.79, 85.78, 85.87, 86.42, 86.32, 86.37, 86.61, 86.71], [0, 0.005364287178963423, 0.0032278297003358603, 0.0006795738590881228, 0.00026705185882747173, 0.00010041955101769418, 7.657380047021434e-05, 7.469053525710478e-05, 7.34108907636255e-05, 7.405674841720611e-05, 7.521342195104808e-05, 7.873447611927986e-05, 7.605275459354743e-05, 8.411794988205656e-05, 8.487784361932427e-05, 8.821838127914816e-05, 8.447439904557541e-05, 9.056760609382764e-05, 8.968115434981883e-05, 9.063883044291288e-05, 9.429598139831796e-05]], [[0, 1, 2, 3, 4, 5, 6, 7, 8, 9, 10, 11, 12, 13, 14, 15, 16, 17, 18, 19, 20], [10.73, 10.15, 71.06, 74.36, 81.24, 82.73, 83.16, 83.82, 84.41, 84.7, 85.08, 85.23, 85.45, 85.86, 85.75, 85.86, 86.26, 86.38, 86.48, 86.72, 86.52], [0, 0.005344852805137634, 0.0017552421195432544, 0.0006042473833076656, 0.00022392529353965074, 9.116883302340284e-05, 8.042104309424758e-05, 7.76143278926611e-05, 7.623716373927891e-05, 7.831658149370924e-05, 7.83356445026584e-05, 8.304852235596627e-05, 8.637824794277549e-05, 8.849194273352623e-05, 8.833735046209767e-05, 9.023300663102418e-05, 9.26459179027006e-05, 9.11456227186136e-05, 9.319651871919632e-05, 9.409574704477564e-05, 0.00010900804045377299]]], "msds": [[[0, 1, 2, 3, 4, 5, 6, 7, 8, 9, 10, 11, 12, 13, 14, 15, 16, 17, 18, 19, 20], [6.22, 20.55, 10.0, 75.71, 81.19, 82.68, 83.1, 83.67, 84.25, 84.52, 85.17, 85.32, 85.07, 85.79, 85.78, 85.87, 86.42, 86.32, 86.37, 86.61, 86.71], [0, 0.005364287178963423, 0.0032278297003358603, 0.0006795738590881228, 0.00026705185882747173, 0.00010041955101769418, 7.657380047021434e-05, 7.469053525710478e-05, 7.34108907636255e-05, 7.405674841720611e-05, 7.521342195104808e-05, 7.873447611927986e-05, 7.605275459354743e-05, 8.411794988205656e-05, 8.487784361932427e-05, 8.821838127914816e-05, 8.447439904557541e-05, 9.056760609382764e-05, 8.968115434981883e-05, 9.063883044291288e-05, 9.429598139831796e-05]], [[0, 1, 2, 3, 4, 5, 6, 7, 8, 9, 10, 11, 12, 13, 14, 15, 16, 17, 18, 19, 20], [6.63, 20.61, 60.55, 76.09, 81.22, 82.76, 83.11, 83.77, 84.44, 84.67, 85.13, 85.11, 85.27, 85.74, 85.95, 85.77, 86.26, 86.46, 86.32, 86.73, 86.78], [0, 0.005358758382499218, 0.0020690138917416334, 0.0005728457472287118, 0.0002002427208935842, 8.956593956099823e-05, 7.555641059298068e-05, 7.14737907401286e-05, 7.380369061138481e-05, 7.623615238117054e-05, 7.48685997677967e-05, 7.580601959489286e-05, 8.568994235247374e-05, 8.313530270243064e-05, 8.49388525239192e-05, 8.573694503866136e-05, 8.739124314161018e-05, 9.468358621234074e-05, 9.581946505932137e-05, 9.805943409446627e-05, 0.00010293857485521585]]], "alpha": 0.9, "beta": 2.0, "gamma": 2.0, "num_samples": 6000, "node_count": 10, "density": 1.0, "startup_delay": 0.0, "forward_prob": 0}