{"nodes_data": [[[0, 1, 2, 3, 4, 5, 6, 7, 8, 9, 10, 11, 12, 13, 14, 15, 16, 17, 18, 19, 20], [11.74, 69.47, 65.31, 59.36, 74.75, 81.87, 83.38, 82.33, 84.23, 84.54, 84.79, 85.11, 85.28, 85.61, 85.33, 85.77, 85.64, 86.38, 85.8, 86.17, 86.78], [0, 0.005385932046920061, 0.003271430032327771, 0.0012296786298975348, 0.0007789696101099253, 0.0005251530674286187, 0.0003347522288095206, 0.00023398196208290756, 0.00019052994321100414, 0.00017574484809301794, 0.00016195312491618097, 0.0001570957392686978, 0.00015853972581680864, 0.00016071792924776673, 0.00015912475646473467, 0.00016493021394126117, 0.00016210372268687934, 0.00015839296975173056, 0.0001617588713997975, 0.00017079879762604833, 0.0001609569153515622]], [[0, 1, 2, 3, 4, 5, 6, 7, 8, 9, 10, 11, 12, 13, 14, 15, 16, 17, 18, 19, 20], [3.14, 75.92, 76.24, 71.3, 75.67, 81.7, 82.69, 83.51, 83.12, 84.28, 84.35, 84.99, 85.16, 85.21, 85.62, 86.06, 86.08, 85.61, 86.17, 85.84, 85.68], [0, 0.005380196496844292, 0.002836700528860092, 0.0011589991627261043, 0.0007615546928718686, 0.0005067934398539364, 0.00034772572689689696, 0.0002564157184679061, 0.0001964806579053402, 0.0001780065504135564, 0.00016811264504212886, 0.0001678076951066032, 0.00015823388821445405, 0.0001524620602140203, 0.0001649425394134596, 0.00016044010408222675, 0.0001536706549813971, 0.0001534726470708847, 0.0001626985613256693, 0.00015782087575644255, 0.00015440046263393015]]], "msds": [[[0, 1, 2, 3, 4, 5, 6, 7, 8, 9, 10, 11, 12, 13, 14, 15, 16, 17, 18, 19, 20], [11.74, 69.47, 65.31, 59.36, 74.75, 81.87, 83.38, 82.33, 84.23, 84.54, 84.79, 85.11, 85.28, 85.61, 85.33, 85.77, 85.64, 86.38, 85.8, 86.17, 86.78], [0, 0.005385932046920061, 0.003271430032327771, 0.0012296786298975348, 0.0007789696101099253, 0.0005251530674286187, 0.0003347522288095206, 0.00023398196208290756, 0.00019052994321100414, 0.00017574484809301794, 0.00016195312491618097, 0.0001570957392686978, 0.00015853972581680864, 0.00016071792924776673, 0.00015912475646473467, 0.00016493021394126117, 0.00016210372268687934, 0.00015839296975173056, 0.0001617588713997975, 0.00017079879762604833, 0.0001609569153515622]], [[0, 1, 2, 3, 4, 5, 6, 7, 8, 9, 10, 11, 12, 13, 14, 15, 16, 17, 18, 19, 20], [1.96, 67.78, 62.86, 64.51, 80.87, 82.68, 83.1, 83.72, 84.23, 83.81, 84.54, 85.2, 85.68, 85.87, 85.91, 85.84, 85.01, 86.53, 86.53, 86.64, 85.96], [0, 0.005382258910685778, 0.001826381660066545, 0.0010511695872992277, 0.0006608343683183193, 0.0004235663218423724, 0.0002746630634646863, 0.00020623519958462566, 0.00017750347615219653, 0.00016383864567615092, 0.00016118890198413283, 0.0001541941164759919, 0.00015570226241834462, 0.00015509627701248974, 0.00016203893756028265, 0.0001576033391756937, 0.00015215622261166573, 0.00015926039486657828, 0.00016122144006658345, 0.00016138066712301224, 0.00015681116201449186]]], "alpha": 0.5, "beta": 2.0, "gamma": 5.0, "num_samples": 6000, "node_count": 10, "density": 1.0, "startup_delay": 0.0, "forward_prob": 0}