{"nodes_data": [[[0, 1, 2, 3, 4, 5, 6, 7, 8, 9, 10, 11, 12, 13, 14, 15, 16, 17, 18, 19, 20], [8.29, 10.0, 73.49, 81.35, 83.05, 83.92, 84.46, 84.61, 85.25, 85.59, 85.57, 86.11, 86.35, 86.64, 86.26, 86.79, 86.94, 87.18, 86.94, 87.18, 87.4], [0, 0.0053688837215304375, 0.0007244930020533502, 0.00016982750094030052, 8.12281432445161e-05, 7.295320392586291e-05, 7.666289457120001e-05, 7.253955118358135e-05, 7.913001900305972e-05, 7.896128227002919e-05, 8.052889461396262e-05, 8.020731183933094e-05, 8.224912744481117e-05, 8.676252036821097e-05, 9.658224735176191e-05, 9.29067173274234e-05, 9.314544149674475e-05, 9.685373515821993e-05, 9.490108641330153e-05, 0.0001044847522280179, 0.00010182032565353438]], [[0, 1, 2, 3, 4, 5, 6, 7, 8, 9, 10, 11, 12, 13, 14, 15, 16, 17, 18, 19, 20], [6.67, 10.0, 73.09, 81.22, 83.01, 83.94, 84.7, 84.94, 85.21, 85.58, 85.68, 86.05, 86.42, 86.55, 86.68, 86.67, 86.88, 87.31, 86.74, 87.22, 87.36], [0, 0.005360111128538847, 0.0006811883067712188, 0.0001610168255865574, 0.00010178695811191574, 7.265709427883849e-05, 6.828543700976297e-05, 7.614305650349706e-05, 7.745610491838306e-05, 7.613351772306487e-05, 7.818226731615141e-05, 8.196318958653137e-05, 8.3145234384574e-05, 8.073056233115494e-05, 8.588001219322905e-05, 9.480384323978797e-05, 0.00010060322529170662, 8.86888155946508e-05, 9.159349428955466e-05, 0.00010045130329672247, 9.923371544573456e-05]]], "msds": [[[0, 1, 2, 3, 4, 5, 6, 7, 8, 9, 10, 11, 12, 13, 14, 15, 16, 17, 18, 19, 20], [8.29, 10.0, 73.49, 81.35, 83.05, 83.92, 84.46, 84.61, 85.25, 85.59, 85.57, 86.11, 86.35, 86.64, 86.26, 86.79, 86.94, 87.18, 86.94, 87.18, 87.4], [0, 0.0053688837215304375, 0.0007244930020533502, 0.00016982750094030052, 8.12281432445161e-05, 7.295320392586291e-05, 7.666289457120001e-05, 7.253955118358135e-05, 7.913001900305972e-05, 7.896128227002919e-05, 8.052889461396262e-05, 8.020731183933094e-05, 8.224912744481117e-05, 8.676252036821097e-05, 9.658224735176191e-05, 9.29067173274234e-05, 9.314544149674475e-05, 9.685373515821993e-05, 9.490108641330153e-05, 0.0001044847522280179, 0.00010182032565353438]], [[0, 1, 2, 3, 4, 5, 6, 7, 8, 9, 10, 11, 12, 13, 14, 15, 16, 17, 18, 19, 20], [15.52, 23.96, 73.09, 81.32, 83.03, 83.94, 84.61, 85.01, 85.38, 85.6, 85.76, 85.84, 86.35, 86.32, 86.42, 86.86, 86.71, 87.15, 86.91, 87.25, 87.54], [0, 0.005360277835279703, 0.0006712023168802261, 0.00017591479991097003, 8.540977432858199e-05, 7.430024561472237e-05, 7.173304038587958e-05, 7.375206769211218e-05, 7.517469930462539e-05, 8.052668272284791e-05, 8.281008194899186e-05, 7.806717621861026e-05, 8.213525143219158e-05, 7.863163773436099e-05, 8.63315217429772e-05, 9.39605015446432e-05, 9.343388228444383e-05, 9.827315807342529e-05, 9.10314847715199e-05, 0.0001011728891171515, 0.00010333037789678201]]], "alpha": 0.9, "beta": 0.5, "gamma": 3.0, "num_samples": 6000, "node_count": 10, "density": 1.0, "startup_delay": 0.0, "forward_prob": 0}