{"nodes_data": [[[0, 1, 2, 3, 4, 5, 6, 7, 8, 9, 10, 11, 12, 13, 14, 15, 16, 17, 18, 19, 20], [5.98, 10.31, 15.12, 63.33, 79.36, 82.36, 82.92, 83.37, 84.26, 84.33, 84.94, 84.73, 84.93, 85.36, 85.65, 85.87, 86.17, 85.66, 86.1, 86.16, 86.35], [0, 0.005382528528571129, 0.0032378253526985645, 0.0010063201189041138, 0.0002496795787010342, 0.00011814631579909474, 7.964140240801498e-05, 7.131954043870792e-05, 7.31846084818244e-05, 7.321021257666871e-05, 7.431537233060226e-05, 7.85624361014925e-05, 7.823527266737074e-05, 8.43296802486293e-05, 8.256414730567485e-05, 8.528283069608733e-05, 8.159940625773743e-05, 8.652469841763377e-05, 9.068645158549771e-05, 8.748706022743136e-05, 9.245268302038312e-05]], [[0, 1, 2, 3, 4, 5, 6, 7, 8, 9, 10, 11, 12, 13, 14, 15, 16, 17, 18, 19, 20], [3.3, 12.14, 52.44, 73.39, 80.11, 82.58, 83.08, 83.8, 84.29, 84.33, 85.0, 84.87, 85.12, 85.43, 85.76, 86.16, 85.6, 85.74, 86.1, 86.11, 86.53], [0, 0.0053966767154634, 0.0023790777195245028, 0.0007795806159265339, 0.00021532329265028238, 9.964292257791385e-05, 7.200070103863254e-05, 7.226606248877943e-05, 6.973998824832961e-05, 7.265401654876769e-05, 7.65614677220583e-05, 7.280151476152241e-05, 7.626746082678437e-05, 8.096567034954205e-05, 8.701801561983302e-05, 8.387945854337886e-05, 8.075371442828327e-05, 8.905481081455946e-05, 9.11890238057822e-05, 9.062312165042385e-05, 9.471545490669087e-05]]], "msds": [[[0, 1, 2, 3, 4, 5, 6, 7, 8, 9, 10, 11, 12, 13, 14, 15, 16, 17, 18, 19, 20], [5.98, 10.31, 15.12, 63.33, 79.36, 82.36, 82.92, 83.37, 84.26, 84.33, 84.94, 84.73, 84.93, 85.36, 85.65, 85.87, 86.17, 85.66, 86.1, 86.16, 86.35], [0, 0.005382528528571129, 0.0032378253526985645, 0.0010063201189041138, 0.0002496795787010342, 0.00011814631579909474, 7.964140240801498e-05, 7.131954043870792e-05, 7.31846084818244e-05, 7.321021257666871e-05, 7.431537233060226e-05, 7.85624361014925e-05, 7.823527266737074e-05, 8.43296802486293e-05, 8.256414730567485e-05, 8.528283069608733e-05, 8.159940625773743e-05, 8.652469841763377e-05, 9.068645158549771e-05, 8.748706022743136e-05, 9.245268302038312e-05]], [[0, 1, 2, 3, 4, 5, 6, 7, 8, 9, 10, 11, 12, 13, 14, 15, 16, 17, 18, 19, 20], [7.72, 10.46, 26.01, 66.07, 79.57, 82.54, 83.02, 83.88, 84.13, 84.37, 85.11, 84.7, 85.07, 85.21, 85.78, 85.93, 86.04, 85.87, 86.06, 86.14, 86.44], [0, 0.005359616130590439, 0.0027042727451771498, 0.0009281820966862142, 0.0002154642716050148, 0.00011279999307589605, 7.903662481112406e-05, 7.266928878379986e-05, 7.017865573288873e-05, 7.072407606756315e-05, 7.4943141953554e-05, 7.691897917538881e-05, 7.905907114036381e-05, 8.737772441236302e-05, 8.49697898956947e-05, 8.15634848549962e-05, 8.539713599020615e-05, 9.0603600256145e-05, 8.666776557220146e-05, 9.082791075343266e-05, 9.233997843693942e-05]]], "alpha": 0.0, "beta": 2.0, "gamma": 0.0, "num_samples": 6000, "node_count": 10, "density": 1.0, "startup_delay": 0.0, "forward_prob": 0}