{"nodes_data": [[[0, 1, 2, 3, 4, 5, 6, 7, 8, 9, 10, 11, 12, 13, 14, 15, 16, 17, 18, 19, 20], [11.16, 80.0, 80.71, 81.58, 81.68, 83.53, 81.77, 84.4, 83.48, 83.92, 83.22, 83.23, 84.14, 84.67, 85.21, 83.49, 84.54, 84.07, 84.58, 84.59, 85.35], [0, 0, 0, 0, 0, 0, 0, 0, 0, 0, 0, 0, 0, 0, 0, 0, 0, 0, 0, 0, 0]], [[0, 1, 2, 3, 4, 5, 6, 7, 8, 9, 10, 11, 12, 13, 14, 15, 16, 17, 18, 19, 20], [5.31, 34.36, 80.13, 83.48, 83.77, 83.94, 84.61, 85.38, 85.31, 85.53, 85.38, 85.19, 85.46, 85.68, 85.57, 85.6, 86.12, 85.31, 85.16, 86.07, 85.86], [0, 0.005366143770515919, 0.0012603107606992126, 0.0006791411433368921, 0.00043840703438036144, 0.00030736991902813315, 0.00032913254108279943, 0.00020513297931756824, 0.00016349465295206755, 0.00015374312351923436, 0.00016164117550943047, 0.0001723069726722315, 0.0001655910164117813, 0.00015643273945897818, 0.00017072657647076994, 0.00017266451322939247, 0.00016725563909858465, 0.0001778021833160892, 0.00018587117665447295, 0.00017608479538466781, 0.00017077285156119615]]], "msds": [[[0, 1, 2, 3, 4, 5, 6, 7, 8, 9, 10, 11, 12, 13, 14, 15, 16, 17, 18, 19, 20], [11.16, 80.0, 80.71, 81.58, 81.68, 83.53, 81.77, 84.4, 83.48, 83.92, 83.22, 83.23, 84.14, 84.67, 85.21, 83.49, 84.54, 84.07, 84.58, 84.59, 85.35], [0, 0, 0, 0, 0, 0, 0, 0, 0, 0, 0, 0, 0, 0, 0, 0, 0, 0, 0, 0, 0]], [[0, 1, 2, 3, 4, 5, 6, 7, 8, 9, 10, 11, 12, 13, 14, 15, 16, 17, 18, 19, 20], [11.19, 52.1, 78.17, 83.32, 84.2, 84.06, 84.76, 85.19, 85.16, 85.38, 86.18, 85.91, 86.14, 86.18, 85.65, 86.33, 86.01, 86.11, 85.92, 86.32, 86.17], [0, 0.005348497070372105, 0.001483673695474863, 0.0009496118291281164, 0.00035846707760356367, 0.00022589773288927972, 0.0002888891031034291, 0.00020113462232984602, 0.0001567821018397808, 0.0001452764990972355, 0.0001478963968111202, 0.0001560951059218496, 0.00015202496433630586, 0.00014565809397026896, 0.00014719073078595102, 0.00015400612028315663, 0.00015295548655558378, 0.0001576755166752264, 0.00015935864939820021, 0.00016142459935508668, 0.0001637098757782951]]], "alpha": 0.0, "beta": 0.0, "gamma": 0.0, "num_samples": 6000, "node_count": 10, "density": 1.0, "startup_delay": 0.0, "forward_prob": 0}