{"nodes_data": [[[0, 1, 2, 3, 4, 5, 6, 7, 8, 9, 10, 11, 12, 13, 14, 15, 16, 17, 18, 19, 20], [9.8, 47.59, 77.66, 80.9, 81.6, 84.22, 83.95, 85.02, 85.41, 85.53, 84.68, 85.62, 85.49, 86.04, 86.35, 86.41, 86.73, 86.71, 86.63, 87.1, 87.3], [0, 0.005375127773731947, 0.0012507661012932658, 0.0006747202714905143, 0.00032338479650206864, 0.00034110358683392406, 0.00020370793936308473, 0.00027416303055360913, 0.00018570796237327158, 0.000106084618892055, 0, 0.00026693541440181434, 0.00014062761329114437, 0.000145304249599576, 0.00020644342293962836, 0.00010645741713233292, 0.00017479757661931217, 0.00015129071834962815, 0.00016920329653657973, 0.00015212314610835165, 0.00014865875709801912]], [[0, 1, 2, 3, 4, 5, 6, 7, 8, 9, 10, 11, 12, 13, 14, 15, 16, 17, 18, 19, 20], [6.66, 53.57, 70.59, 78.81, 83.45, 82.85, 83.32, 84.51, 84.81, 85.17, 85.04, 86.0, 85.81, 86.35, 85.8, 86.6, 86.74, 85.97, 86.58, 86.71, 87.03], [0, 0.005378405563533306, 0.0016175012569874525, 0.0007870047120377421, 0.0003675790794659406, 0.0004153133777435869, 0.00023456370399799198, 0.0001799816673155874, 0.00018390848708804697, 0.00018573494162410498, 0.00017891278548631817, 0.00021002281573601067, 0.00021811384067405015, 0.00015017995610833168, 0.00013929011765867472, 0.00020935569773428142, 0.00018700011423788965, 0.0001615949731785804, 0.0001926004479173571, 0.00018467944755684584, 0.00011641077435342595]]], "msds": [[[0, 1, 2, 3, 4, 5, 6, 7, 8, 9, 10, 11, 12, 13, 14, 15, 16, 17, 18, 19, 20], [9.8, 47.59, 77.66, 80.9, 81.6, 84.22, 83.95, 85.02, 85.41, 85.53, 84.68, 85.62, 85.49, 86.04, 86.35, 86.41, 86.73, 86.71, 86.63, 87.1, 87.3], [0, 0.005375127773731947, 0.0012507661012932658, 0.0006747202714905143, 0.00032338479650206864, 0.00034110358683392406, 0.00020370793936308473, 0.00027416303055360913, 0.00018570796237327158, 0.000106084618892055, 0, 0.00026693541440181434, 0.00014062761329114437, 0.000145304249599576, 0.00020644342293962836, 0.00010645741713233292, 0.00017479757661931217, 0.00015129071834962815, 0.00016920329653657973, 0.00015212314610835165, 0.00014865875709801912]], [[0, 1, 2, 3, 4, 5, 6, 7, 8, 9, 10, 11, 12, 13, 14, 15, 16, 17, 18, 19, 20], [11.0, 46.1, 80.1, 82.58, 80.71, 81.32, 83.39, 84.85, 84.47, 85.69, 84.9, 85.28, 85.71, 85.91, 86.35, 86.71, 86.26, 86.74, 86.83, 87.06, 86.6], [0, 0.003993971738964319, 0.0008775785099714994, 0.00037035797140561044, 0, 0, 0, 0.00020816210599150509, 0.00014962197747081518, 0.000105505037936382, 0.00012962632172275335, 0.00019781716400757432, 0.0002308770635863766, 0.00024105633201543242, 0.00022158566571306437, 0.00019414539565332234, 0.00019233202328905463, 0.00020276624127291143, 0.00019486724340822548, 0.00019738527771551162, 0]]], "alpha": 0.5, "beta": 0.0, "gamma": 2.0, "num_samples": 6000, "node_count": 10, "density": 0.0, "startup_delay": 0.0, "forward_prob": 0}