{"nodes_data": [[[0, 1, 2, 3, 4, 5, 6, 7, 8, 9, 10, 11, 12, 13, 14, 15, 16, 17, 18, 19, 20], [9.61, 65.72, 72.28, 81.5, 82.71, 83.85, 84.46, 84.79, 84.67, 85.37, 85.77, 86.02, 85.8, 86.52, 86.41, 86.69, 86.7, 86.93, 87.18, 86.78, 86.63], [0, 0.00536872074007988, 0.001607474172487855, 0.00036607685615308583, 0.0001817088486859575, 0.0001009119296213612, 9.578079334460199e-05, 9.468210919294506e-05, 9.654291352489963e-05, 9.700741793494672e-05, 9.778993990039453e-05, 9.562650666339323e-05, 0.0001046991310431622, 0.00010647589078871533, 8.837518544169143e-05, 9.604245133232325e-05, 0.00010389503586338833, 0.00010802020551636815, 0.00010504435340408236, 0.0001126317583839409, 0.00010959314386127517]], [[0, 1, 2, 3, 4, 5, 6, 7, 8, 9, 10, 11, 12, 13, 14, 15, 16, 17, 18, 19, 20], [10.48, 30.21, 68.14, 82.6, 83.47, 84.14, 84.18, 84.96, 85.0, 85.35, 85.79, 85.98, 86.19, 86.43, 86.6, 86.45, 86.9, 86.99, 87.37, 87.17, 87.19], [0, 0.005372644402086735, 0.001112625701352954, 0.0004524810065049678, 0.0002244934148620814, 9.337942174170166e-05, 9.404490265296772e-05, 9.194349695462734e-05, 9.413070074515417e-05, 0.00010400075552752241, 0.00010017713793786243, 0.0001019550472847186, 9.460803994443268e-05, 0.00010427470260765404, 0.00010659451072569937, 0.00011069369065808132, 0.00011180498404428363, 0.00011399745562812313, 0.0001145496207755059, 0.00012360459368210286, 0.00012835145753342658]]], "msds": [[[0, 1, 2, 3, 4, 5, 6, 7, 8, 9, 10, 11, 12, 13, 14, 15, 16, 17, 18, 19, 20], [9.61, 65.72, 72.28, 81.5, 82.71, 83.85, 84.46, 84.79, 84.67, 85.37, 85.77, 86.02, 85.8, 86.52, 86.41, 86.69, 86.7, 86.93, 87.18, 86.78, 86.63], [0, 0.00536872074007988, 0.001607474172487855, 0.00036607685615308583, 0.0001817088486859575, 0.0001009119296213612, 9.578079334460199e-05, 9.468210919294506e-05, 9.654291352489963e-05, 9.700741793494672e-05, 9.778993990039453e-05, 9.562650666339323e-05, 0.0001046991310431622, 0.00010647589078871533, 8.837518544169143e-05, 9.604245133232325e-05, 0.00010389503586338833, 0.00010802020551636815, 0.00010504435340408236, 0.0001126317583839409, 0.00010959314386127517]], [[0, 1, 2, 3, 4, 5, 6, 7, 8, 9, 10, 11, 12, 13, 14, 15, 16, 17, 18, 19, 20], [10.55, 25.76, 71.27, 81.64, 82.99, 83.83, 84.18, 84.79, 84.43, 85.29, 85.68, 85.03, 86.12, 86.54, 86.48, 86.66, 86.48, 86.83, 87.04, 87.31, 87.2], [0, 0.00537516176700592, 0.0011560614220798016, 0.00035598105750977993, 0.00016691490600351244, 0.00012869734200648963, 0.00010521954391151667, 9.834286174736917e-05, 9.021999721881002e-05, 9.482958557782695e-05, 0.00010991269664373249, 9.591765410732478e-05, 9.8892291134689e-05, 8.923970017349347e-05, 0.00010008722165366635, 0.0001038653717841953, 0.00010563048999756575, 0.00011106227611890063, 0.00010800542077049613, 0.00011135666136397049, 0.0001237811375176534]]], "alpha": 0.7, "beta": 0.0, "gamma": 1.0, "num_samples": 6000, "node_count": 10, "density": 1.0, "startup_delay": 0.0, "forward_prob": 0}