{"nodes_data": [[[0, 1, 2, 3, 4, 5, 6, 7, 8, 9, 10, 11, 12, 13, 14, 15, 16, 17, 18, 19, 20], [12.16, 77.08, 74.26, 74.76, 77.69, 81.6, 83.19, 83.86, 83.68, 84.03, 84.76, 85.0, 85.13, 85.4, 86.1, 85.27, 86.18, 85.51, 86.33, 86.19, 86.11], [0, 0, 0.005538166966289282, 0.001549171982333064, 0.0007820031023584306, 0.000498447916470468, 0.000318685284582898, 0.00023007292475085706, 0.00018155532598029822, 0.00016778473218437284, 0.00016750884242355824, 0.0001487811387050897, 0.00015449628699570894, 0.00015170978440437466, 0.0001542490063002333, 0.00015390645421575755, 0.0001513102324679494, 0.0001466925023123622, 0.00015422279830090702, 0.0001603310083737597, 0.00016429582319688052]], [[0, 1, 2, 3, 4, 5, 6, 7, 8, 9, 10, 11, 12, 13, 14, 15, 16, 17, 18, 19, 20], [11.42, 57.62, 72.8, 73.36, 79.56, 82.2, 83.19, 83.77, 84.28, 84.35, 85.19, 84.89, 84.99, 85.55, 85.86, 86.23, 85.95, 86.43, 86.29, 86.61, 86.58], [0, 0.005359254777431488, 0.002687676576897502, 0.001146211987361312, 0.0006735581555403769, 0.00042429688619449735, 0.00024352010223083198, 0.00022384984185919166, 0.00017993018263950944, 0.00016542486264370382, 0.00016122809029184282, 0.0001522405946161598, 0.00015324052947107702, 0.00014799003838561475, 0.00015048703062348068, 0.0001532626774860546, 0.00014988193288445473, 0.0001481285144109279, 0.00015825688024051487, 0.00016126346599776298, 0.00015968283696565777]]], "msds": [[[0, 1, 2, 3, 4, 5, 6, 7, 8, 9, 10, 11, 12, 13, 14, 15, 16, 17, 18, 19, 20], [12.16, 77.08, 74.26, 74.76, 77.69, 81.6, 83.19, 83.86, 83.68, 84.03, 84.76, 85.0, 85.13, 85.4, 86.1, 85.27, 86.18, 85.51, 86.33, 86.19, 86.11], [0, 0, 0.005538166966289282, 0.001549171982333064, 0.0007820031023584306, 0.000498447916470468, 0.000318685284582898, 0.00023007292475085706, 0.00018155532598029822, 0.00016778473218437284, 0.00016750884242355824, 0.0001487811387050897, 0.00015449628699570894, 0.00015170978440437466, 0.0001542490063002333, 0.00015390645421575755, 0.0001513102324679494, 0.0001466925023123622, 0.00015422279830090702, 0.0001603310083737597, 0.00016429582319688052]], [[0, 1, 2, 3, 4, 5, 6, 7, 8, 9, 10, 11, 12, 13, 14, 15, 16, 17, 18, 19, 20], [11.63, 59.18, 75.77, 70.29, 81.0, 83.36, 83.67, 83.43, 84.23, 84.2, 84.99, 84.28, 85.01, 85.56, 86.05, 85.38, 85.86, 85.96, 86.07, 86.6, 86.84], [0, 0.005333891604095697, 0.0034353299997746944, 0.0010325327748432755, 0.0006180272321216762, 0.0003471762465778738, 0.00024357991060242057, 0.00018255659961141646, 0.00016470890841446817, 0.00015758778317831457, 0.0001547096180729568, 0.0001457946636946872, 0.00015135001740418375, 0.00014557621034327894, 0.00014471326721832156, 0.00014882373216096312, 0.00014969171024858952, 0.000148735533002764, 0.000158010094310157, 0.0001595017674844712, 0.00016178972146008164]]], "alpha": 0.5, "beta": 2.0, "gamma": 0.0, "num_samples": 6000, "node_count": 10, "density": 1.0, "startup_delay": 0.0, "forward_prob": 0}