{"nodes_data": [[[0, 1, 2, 3, 4, 5, 6, 7, 8, 9, 10, 11, 12, 13, 14, 15, 16, 17, 18, 19, 20], [10.12, 10.0, 76.87, 81.88, 83.45, 83.86, 84.43, 83.67, 85.33, 85.42, 85.58, 85.32, 84.63, 86.31, 86.53, 86.91, 86.59, 86.59, 86.56, 86.48, 84.72], [0, 0.005378355272114277, 0.0010000220499932766, 0.0001968952128663659, 0.00013133570610079914, 0.00011414409527787939, 8.292176789836958e-05, 0.00010076963371830061, 9.76853771135211e-05, 7.061540964059532e-05, 7.8298915468622e-05, 7.461434870492667e-05, 7.336845010286197e-05, 9.691576997283846e-05, 7.779589941492304e-05, 8.371406147489324e-05, 8.880747191142291e-05, 9.902606689138338e-05, 9.761077672010288e-05, 9.19642552617006e-05, 0.00010151116293855011]], [[0, 1, 2, 3, 4, 5, 6, 7, 8, 9, 10, 11, 12, 13, 14, 15, 16, 17, 18, 19, 20], [14.69, 54.56, 75.32, 82.21, 83.48, 83.85, 84.53, 84.84, 84.96, 85.19, 85.43, 83.13, 86.37, 86.31, 86.5, 86.71, 86.65, 87.13, 87.12, 87.01, 86.16], [0, 0.005387327633798122, 0.0012981332838535309, 0.0003149688709527254, 9.757727821124718e-05, 9.791758202482015e-05, 8.761072967899963e-05, 7.879654731368646e-05, 7.247395114973187e-05, 7.932909647934139e-05, 7.415048457914963e-05, 7.249534246511757e-05, 9.127645898843184e-05, 7.447650568792596e-05, 7.974143227329478e-05, 8.577604603487998e-05, 8.773141598794609e-05, 9.384542499901727e-05, 9.086672071134672e-05, 0.00010524912067921832, 0.00010476760508026928]]], "msds": [[[0, 1, 2, 3, 4, 5, 6, 7, 8, 9, 10, 11, 12, 13, 14, 15, 16, 17, 18, 19, 20], [10.12, 10.0, 76.87, 81.88, 83.45, 83.86, 84.43, 83.67, 85.33, 85.42, 85.58, 85.32, 84.63, 86.31, 86.53, 86.91, 86.59, 86.59, 86.56, 86.48, 84.72], [0, 0.005378355272114277, 0.0010000220499932766, 0.0001968952128663659, 0.00013133570610079914, 0.00011414409527787939, 8.292176789836958e-05, 0.00010076963371830061, 9.76853771135211e-05, 7.061540964059532e-05, 7.8298915468622e-05, 7.461434870492667e-05, 7.336845010286197e-05, 9.691576997283846e-05, 7.779589941492304e-05, 8.371406147489324e-05, 8.880747191142291e-05, 9.902606689138338e-05, 9.761077672010288e-05, 9.19642552617006e-05, 0.00010151116293855011]], [[0, 1, 2, 3, 4, 5, 6, 7, 8, 9, 10, 11, 12, 13, 14, 15, 16, 17, 18, 19, 20], [10.85, 10.0, 76.87, 82.16, 83.45, 83.59, 84.36, 85.06, 84.77, 85.08, 84.94, 85.8, 86.33, 86.12, 85.87, 86.71, 86.62, 87.18, 87.02, 87.15, 86.81], [0, 0.005380510818213224, 0.0009332451736554503, 0.00019243032147642225, 0.00011640223965514451, 0.00011378368071746081, 7.7393080573529e-05, 8.420593803748488e-05, 8.335292659467086e-05, 7.427245145663619e-05, 7.677161920582876e-05, 8.685403008712456e-05, 7.581882528029382e-05, 7.818901940481737e-05, 8.108856854960322e-05, 8.846759737934917e-05, 8.414631156483665e-05, 8.38454652694054e-05, 9.386007877765223e-05, 0.00010764743637992069, 0.00010394031414762139]]], "alpha": 0.9, "beta": 0.0, "gamma": 1.0, "num_samples": 6000, "node_count": 10, "density": 1.0, "startup_delay": 0.0, "forward_prob": 0}