{"nodes_data": [[[0, 1, 2, 3, 4, 5, 6, 7, 8, 9, 10, 11, 12, 13, 14, 15, 16, 17, 18, 19, 20], [13.79, 18.98, 79.68, 82.2, 82.52, 83.51, 84.27, 84.22, 85.17, 84.87, 84.69, 85.86, 85.83, 86.3, 86.02, 86.3, 85.74, 86.0, 86.72, 86.56, 86.6], [0, 0.005373446736484766, 0.0008021247340366244, 0.00034744260483421385, 0.00021530063531827182, 0.00011946451559197158, 0.00016870569379534572, 0.00011682169861160219, 0.00010967938578687608, 0.00011312161950627342, 0.00010741445294115692, 0.00010071955330204219, 0.00010433646093588322, 0.00010490464046597481, 9.557805606164038e-05, 9.060593583853915e-05, 8.829056605463848e-05, 9.043739555636421e-05, 8.96355850272812e-05, 9.1535497631412e-05, 0.00010136223863810301]], [[0, 1, 2, 3, 4, 5, 6, 7, 8, 9, 10, 11, 12, 13, 14, 15, 16, 17, 18, 19, 20], [6.62, 27.01, 75.77, 81.88, 83.17, 83.61, 84.02, 83.78, 85.19, 85.03, 84.82, 85.66, 85.75, 85.97, 86.35, 86.3, 86.1, 86.0, 86.6, 86.56, 86.46], [0, 0.005376240238547325, 0.0008062537526711822, 0.00032463151728734374, 0.00017654607654549181, 0.00014076923253014684, 0.00011502799316076562, 8.77564525580965e-05, 0.00010792628745548427, 9.623543883208185e-05, 9.995415894081816e-05, 8.563320443499833e-05, 0.00011047462612623349, 9.370547195430845e-05, 8.742124191485345e-05, 9.144112118519843e-05, 9.423707524547353e-05, 8.978018740890548e-05, 9.09271402633749e-05, 9.875457180896774e-05, 0.00010317567648598924]]], "msds": [[[0, 1, 2, 3, 4, 5, 6, 7, 8, 9, 10, 11, 12, 13, 14, 15, 16, 17, 18, 19, 20], [13.79, 18.98, 79.68, 82.2, 82.52, 83.51, 84.27, 84.22, 85.17, 84.87, 84.69, 85.86, 85.83, 86.3, 86.02, 86.3, 85.74, 86.0, 86.72, 86.56, 86.6], [0, 0.005373446736484766, 0.0008021247340366244, 0.00034744260483421385, 0.00021530063531827182, 0.00011946451559197158, 0.00016870569379534572, 0.00011682169861160219, 0.00010967938578687608, 0.00011312161950627342, 0.00010741445294115692, 0.00010071955330204219, 0.00010433646093588322, 0.00010490464046597481, 9.557805606164038e-05, 9.060593583853915e-05, 8.829056605463848e-05, 9.043739555636421e-05, 8.96355850272812e-05, 9.1535497631412e-05, 0.00010136223863810301]], [[0, 1, 2, 3, 4, 5, 6, 7, 8, 9, 10, 11, 12, 13, 14, 15, 16, 17, 18, 19, 20], [5.53, 42.78, 79.71, 82.54, 82.94, 83.01, 84.18, 84.08, 85.11, 84.97, 84.73, 85.81, 86.0, 85.97, 86.35, 86.3, 86.1, 86.0, 86.72, 86.56, 86.46], [0, 0.005355923902243376, 0.0006986205698922276, 0.00019011831318493932, 0.00011484760034363717, 0.00010194035712629557, 8.969457121565938e-05, 8.572614751756191e-05, 8.205857739085332e-05, 8.6867185018491e-05, 8.387144771404564e-05, 8.093129144981503e-05, 9.354843496112153e-05, 8.579174027545378e-05, 8.930269541451707e-05, 8.508281462127343e-05, 8.843802788760513e-05, 8.945023728301749e-05, 8.898411033442244e-05, 9.259855869458988e-05, 0.00010109589493367821]]], "alpha": 0.0, "beta": 0.5, "gamma": 2.0, "num_samples": 6000, "node_count": 10, "density": 0.15, "startup_delay": 0.0, "forward_prob": 0}