{"nodes_data": [[[0, 1, 2, 3, 4, 5, 6, 7, 8, 9, 10, 11, 12, 13, 14, 15, 16, 17, 18, 19, 20], [3.35, 10.01, 75.91, 80.95, 82.79, 83.8, 84.21, 84.86, 85.21, 85.35, 85.73, 85.89, 85.77, 86.72, 86.77, 86.52, 86.64, 87.25, 87.22, 86.92, 86.93], [0, 0.005365909077227116, 0.0006163362413644791, 0.00019144837278872728, 9.044232137966901e-05, 7.484717207262293e-05, 7.323192403418943e-05, 7.222531712614e-05, 8.02638751338236e-05, 8.294644794659689e-05, 8.583206363255158e-05, 8.281263581011444e-05, 8.182708552340046e-05, 8.559936395613477e-05, 8.652021642774343e-05, 8.496865484630689e-05, 8.46092589199543e-05, 9.600254998076707e-05, 9.276473429054022e-05, 0.00010613939957693219, 0.0001015510642901063]], [[0, 1, 2, 3, 4, 5, 6, 7, 8, 9, 10, 11, 12, 13, 14, 15, 16, 17, 18, 19, 20], [9.96, 10.05, 67.56, 81.02, 82.82, 83.97, 83.92, 84.9, 85.31, 85.65, 85.38, 85.89, 85.86, 87.01, 86.5, 86.52, 86.85, 87.38, 87.09, 87.07, 87.07], [0, 0.005359437316656113, 0.0007558580255135894, 0.00017292748088948429, 8.768910629441962e-05, 7.140149682527408e-05, 6.628462870139629e-05, 7.386925426544622e-05, 7.538741920143366e-05, 7.219379040179774e-05, 8.142276055878028e-05, 7.857486343709752e-05, 8.018586231628433e-05, 8.657750731799752e-05, 8.391378651140258e-05, 8.291754056699574e-05, 8.578078268328682e-05, 9.365290316054597e-05, 9.373325883643702e-05, 9.190668788505718e-05, 0.00010690750787034631]]], "msds": [[[0, 1, 2, 3, 4, 5, 6, 7, 8, 9, 10, 11, 12, 13, 14, 15, 16, 17, 18, 19, 20], [3.35, 10.01, 75.91, 80.95, 82.79, 83.8, 84.21, 84.86, 85.21, 85.35, 85.73, 85.89, 85.77, 86.72, 86.77, 86.52, 86.64, 87.25, 87.22, 86.92, 86.93], [0, 0.005365909077227116, 0.0006163362413644791, 0.00019144837278872728, 9.044232137966901e-05, 7.484717207262293e-05, 7.323192403418943e-05, 7.222531712614e-05, 8.02638751338236e-05, 8.294644794659689e-05, 8.583206363255158e-05, 8.281263581011444e-05, 8.182708552340046e-05, 8.559936395613477e-05, 8.652021642774343e-05, 8.496865484630689e-05, 8.46092589199543e-05, 9.600254998076707e-05, 9.276473429054022e-05, 0.00010613939957693219, 0.0001015510642901063]], [[0, 1, 2, 3, 4, 5, 6, 7, 8, 9, 10, 11, 12, 13, 14, 15, 16, 17, 18, 19, 20], [15.51, 10.0, 71.19, 81.33, 82.79, 83.97, 84.17, 84.86, 85.31, 85.61, 85.63, 85.81, 85.65, 86.8, 86.64, 86.7, 86.76, 87.09, 87.09, 87.13, 87.08], [0, 0.0053731417283415794, 0.0007427367381751537, 0.0001641003182157874, 8.833593165036291e-05, 6.776487862225622e-05, 7.396043656626716e-05, 7.398606976494193e-05, 7.219328108476475e-05, 7.810011447872967e-05, 8.435575728071854e-05, 7.904457743279636e-05, 9.155598672805354e-05, 9.174457227345556e-05, 8.258482557721436e-05, 9.20072925509885e-05, 9.578491881256923e-05, 0.00010001073678722605, 9.835986566031352e-05, 9.931566455634311e-05, 0.00010833140549948439]]], "alpha": 0.0, "beta": 0.5, "gamma": 3.0, "num_samples": 6000, "node_count": 10, "density": 1.0, "startup_delay": 0.0, "forward_prob": 0}