{"nodes_data": [[[0, 1, 2, 3, 4, 5, 6, 7, 8, 9, 10, 11, 12, 13, 14, 15, 16, 17, 18, 19, 20], [6.47, 36.79, 79.93, 82.2, 83.34, 83.89, 84.47, 85.38, 85.03, 85.6, 84.88, 85.92, 84.86, 84.46, 85.32, 85.25, 84.18, 85.35, 84.1, 84.22, 85.55], [0, 0.005369149148464203, 0.0013475387822836637, 0.0011302368948236108, 0.00041865312959998846, 0.0001880191994132474, 0.00017200018919538707, 0.00015631539281457663, 0.00015013126539997756, 0.0001397779124090448, 0.00014425358676817268, 0.00015270845324266702, 0.00018149609968531877, 0, 0.00014759745681658387, 0, 0, 0, 0, 0, 0]], [[0, 1, 2, 3, 4, 5, 6, 7, 8, 9, 10, 11, 12, 13, 14, 15, 16, 17, 18, 19, 20], [4.34, 78.12, 81.21, 82.75, 83.22, 81.82, 84.17, 82.49, 84.68, 84.32, 84.07, 83.38, 82.7, 85.19, 85.09, 86.08, 85.81, 86.06, 85.78, 86.51, 86.41], [0, 0, 0, 0, 0, 0, 0, 0, 0, 0, 0, 0, 0, 0.0001888385886559263, 0, 0.0001601228432264179, 0.0001389551325701177, 0.00012940747546963394, 0.00014603724412154406, 0.0001399107277393341, 0.00015101554163265973]]], "msds": [[[0, 1, 2, 3, 4, 5, 6, 7, 8, 9, 10, 11, 12, 13, 14, 15, 16, 17, 18, 19, 20], [6.47, 36.79, 79.93, 82.2, 83.34, 83.89, 84.47, 85.38, 85.03, 85.6, 84.88, 85.92, 84.86, 84.46, 85.32, 85.25, 84.18, 85.35, 84.1, 84.22, 85.55], [0, 0.005369149148464203, 0.0013475387822836637, 0.0011302368948236108, 0.00041865312959998846, 0.0001880191994132474, 0.00017200018919538707, 0.00015631539281457663, 0.00015013126539997756, 0.0001397779124090448, 0.00014425358676817268, 0.00015270845324266702, 0.00018149609968531877, 0, 0.00014759745681658387, 0, 0, 0, 0, 0, 0]], [[0, 1, 2, 3, 4, 5, 6, 7, 8, 9, 10, 11, 12, 13, 14, 15, 16, 17, 18, 19, 20], [2.84, 10.08, 79.04, 82.49, 83.11, 83.49, 84.35, 84.64, 85.05, 85.27, 85.0, 85.22, 85.15, 84.57, 85.62, 86.09, 86.35, 86.3, 86.06, 86.63, 86.91], [0, 0.005384442396461964, 0.0016946537652984262, 0.0005528504843823612, 0.0005683875642716885, 0.0003879725991282612, 0.0002176259586121887, 0.00017022866813931614, 0.00016661275003571063, 0.00015360610268544406, 0.00016361971211154014, 0.00016449102258775383, 0.00013795577979180962, 0.00012213776062708348, 0.00013163386029191315, 0.00013280645362101495, 0.00012384021829348058, 0.00013173496699891984, 0.00014334992738440633, 0.00014272968110162765, 0.00014743060455657542]]], "alpha": 0.0, "beta": 0.5, "gamma": 0.0, "num_samples": 6000, "node_count": 10, "density": 1.0, "startup_delay": 0.0, "forward_prob": 0}