{"nodes_data": [[[0, 1, 2, 3, 4, 5, 6, 7, 8, 9, 10, 11, 12, 13, 14, 15, 16, 17, 18, 19, 20], [5.85, 51.64, 78.4, 80.87, 81.55, 83.02, 82.38, 83.63, 83.58, 84.16, 84.65, 84.04, 84.92, 84.9, 84.88, 85.61, 85.17, 85.38, 85.54, 85.92, 85.82], [0, 0.0038292785175144672, 0.0008631728123873472, 0.0006182222277857363, 0.0005439504748210311, 0.00046381328138522804, 0.00035082781687378883, 0.0003445910115260631, 0.00029978176462464035, 0.00028486549854278564, 0.00028497882885858417, 0.00027334512560628355, 0.00027463494916446507, 0.00027519988361746073, 0.00026909064035862684, 0.00027582072652876377, 0.00027076021069660783, 0.0002773476007860154, 0.00026989280013367534, 0.0002805244002956897, 0.00026842390070669353]], [[0, 1, 2, 3, 4, 5, 6, 7, 8, 9, 10, 11, 12, 13, 14, 15, 16, 17, 18, 19, 20], [15.28, 35.85, 54.71, 60.86, 78.22, 81.71, 82.65, 83.52, 83.5, 83.91, 84.37, 84.07, 84.64, 84.28, 84.54, 84.78, 85.51, 85.07, 85.41, 85.53, 85.12], [0, 0.005360307637602091, 0.002285137539729476, 0.002060641534626484, 0.0013283827574923635, 0.0009931945241987705, 0.0006127951783128083, 0.0005430610035546124, 0.00035789687535725534, 0.00031165190739557147, 0.0002867209550458938, 0.00028908890089951456, 0.00027993254479952157, 0.0002769299317151308, 0.0002787341072689742, 0.000275696802418679, 0.000270947435637936, 0.00027104298351332545, 0.00026327426894567907, 0.0002803629613481462, 0.0002666658256202936]]], "msds": [[[0, 1, 2, 3, 4, 5, 6, 7, 8, 9, 10, 11, 12, 13, 14, 15, 16, 17, 18, 19, 20], [5.85, 51.64, 78.4, 80.87, 81.55, 83.02, 82.38, 83.63, 83.58, 84.16, 84.65, 84.04, 84.92, 84.9, 84.88, 85.61, 85.17, 85.38, 85.54, 85.92, 85.82], [0, 0.0038292785175144672, 0.0008631728123873472, 0.0006182222277857363, 0.0005439504748210311, 0.00046381328138522804, 0.00035082781687378883, 0.0003445910115260631, 0.00029978176462464035, 0.00028486549854278564, 0.00028497882885858417, 0.00027334512560628355, 0.00027463494916446507, 0.00027519988361746073, 0.00026909064035862684, 0.00027582072652876377, 0.00027076021069660783, 0.0002773476007860154, 0.00026989280013367534, 0.0002805244002956897, 0.00026842390070669353]], [[0, 1, 2, 3, 4, 5, 6, 7, 8, 9, 10, 11, 12, 13, 14, 15, 16, 17, 18, 19, 20], [13.18, 33.47, 55.46, 73.19, 77.44, 81.99, 82.76, 81.46, 83.39, 83.42, 84.58, 84.69, 85.07, 83.24, 84.36, 85.11, 83.74, 85.8, 85.78, 85.64, 85.41], [0, 0.005373932421207428, 0.0014245141064748168, 0.0009336653165519238, 0.0005426816060207784, 0.0004965847474522889, 0.0003556392330210656, 0.00034479517489671707, 0.0003200154169462621, 0.0002945926389656961, 0.00029194261878728867, 0.0002799909270834178, 0.00028115915483795106, 0.00026923572295345366, 0.0002749141422100365, 0.0002749559353105724, 0.000274468504358083, 0.0002585139300208539, 0.0002584038011264056, 0.00026144617004320025, 0.00024837255477905273]]], "alpha": 0.0, "beta": 2.0, "gamma": 2.0, "num_samples": 6000, "node_count": 10, "density": 0.0, "startup_delay": 0.0, "forward_prob": 0}