{"nodes_data": [[[0, 1, 2, 3, 4, 5, 6, 7, 8, 9, 10, 11, 12, 13, 14, 15, 16, 17, 18, 19, 20], [8.55, 31.66, 58.15, 77.49, 81.42, 82.44, 83.23, 83.67, 84.25, 84.76, 85.2, 85.17, 85.77, 85.43, 86.27, 86.04, 86.56, 86.62, 86.64, 86.77, 86.78], [0, 0.005396734457463026, 0.0017135200323536992, 0.0006517134606838226, 0.00029980900580994785, 0.00014908880984876305, 0.00011490719043649733, 0.00010477858450030908, 0.00010192106128670275, 9.770214819582179e-05, 0.00010193388152401894, 0.0001022400610963814, 0.0001038703994709067, 0.00010306398326065391, 0.00010500833741389215, 0.00011635667033260688, 0.00011301885388093069, 0.00011321606143610552, 0.00012035325926262885, 0.0001102824680856429, 0.00011802381777670234]], [[0, 1, 2, 3, 4, 5, 6, 7, 8, 9, 10, 11, 12, 13, 14, 15, 16, 17, 18, 19, 20], [9.94, 12.41, 58.34, 76.49, 81.54, 82.34, 83.31, 84.13, 84.49, 84.97, 85.25, 85.36, 85.66, 85.59, 86.49, 86.24, 86.23, 86.58, 86.61, 86.86, 86.89], [0, 0.005360540468245745, 0.002411685651168227, 0.0005418169312179089, 0.00025174388429149985, 0.00013810969539918005, 0.00010303734597982839, 9.85602309810929e-05, 9.49625318753533e-05, 9.560122271068394e-05, 9.844156738836318e-05, 0.00010088255658047274, 0.00010337174171581864, 0.00010430609836475924, 0.0001008610925055109, 0.00010522703087190166, 0.00011807210830738768, 0.00011030347377527505, 0.00011248690861975774, 0.00011178174463566393, 0.0001152724726125598]]], "msds": [[[0, 1, 2, 3, 4, 5, 6, 7, 8, 9, 10, 11, 12, 13, 14, 15, 16, 17, 18, 19, 20], [8.55, 31.66, 58.15, 77.49, 81.42, 82.44, 83.23, 83.67, 84.25, 84.76, 85.2, 85.17, 85.77, 85.43, 86.27, 86.04, 86.56, 86.62, 86.64, 86.77, 86.78], [0, 0.005396734457463026, 0.0017135200323536992, 0.0006517134606838226, 0.00029980900580994785, 0.00014908880984876305, 0.00011490719043649733, 0.00010477858450030908, 0.00010192106128670275, 9.770214819582179e-05, 0.00010193388152401894, 0.0001022400610963814, 0.0001038703994709067, 0.00010306398326065391, 0.00010500833741389215, 0.00011635667033260688, 0.00011301885388093069, 0.00011321606143610552, 0.00012035325926262885, 0.0001102824680856429, 0.00011802381777670234]], [[0, 1, 2, 3, 4, 5, 6, 7, 8, 9, 10, 11, 12, 13, 14, 15, 16, 17, 18, 19, 20], [11.97, 19.64, 50.47, 67.04, 80.92, 82.32, 83.41, 83.67, 84.37, 84.66, 85.25, 85.16, 85.53, 85.39, 85.94, 86.14, 86.61, 86.72, 86.7, 86.68, 86.9], [0, 0.005371027160435915, 0.0032997881062328815, 0.0006909307558089495, 0.0003155869781039655, 0.00014374601596500725, 0.00011532334610819817, 9.87541425274685e-05, 9.890610090224072e-05, 0.00010379105515312403, 9.694233449408785e-05, 0.00010159512021346018, 0.00010270650818711147, 0.00010358764120610431, 0.00010454709263285622, 0.0001095024126698263, 0.00011078377428930253, 0.0001124956615967676, 0.00011177213309565559, 0.00011476568761281669, 0.0001145945061580278]]], "alpha": 0.7, "beta": 2.0, "gamma": 3.0, "num_samples": 6000, "node_count": 10, "density": 1.0, "startup_delay": 0.0, "forward_prob": 0}