{"nodes_data": [[[0, 1, 2, 3, 4, 5, 6, 7, 8, 9, 10, 11, 12, 13, 14, 15, 16, 17, 18, 19, 20], [9.2, 17.01, 43.71, 77.22, 80.61, 82.34, 83.28, 83.78, 84.08, 84.66, 84.64, 85.01, 85.48, 85.41, 85.45, 85.77, 85.94, 85.92, 86.15, 86.58, 86.66], [0, 0.0053904675878584385, 0.002290527569130063, 0.00044811569387093186, 0.00023725056962575763, 0.00010195374488830566, 8.196331327781081e-05, 7.617336086696014e-05, 7.825927605153993e-05, 7.529331924160942e-05, 7.710383215453476e-05, 8.705734217073768e-05, 8.006477582966909e-05, 8.682630868861452e-05, 8.840052760206163e-05, 8.455232455162331e-05, 9.164048969978467e-05, 9.407113975612447e-05, 9.729018347570673e-05, 0.0001082390226656571, 0.00010013585415435955]], [[0, 1, 2, 3, 4, 5, 6, 7, 8, 9, 10, 11, 12, 13, 14, 15, 16, 17, 18, 19, 20], [11.26, 13.98, 19.41, 73.79, 80.98, 82.47, 83.25, 83.74, 84.16, 84.42, 84.87, 84.96, 85.48, 85.36, 85.45, 85.86, 85.86, 86.16, 86.09, 86.67, 86.79], [0, 0.005366023629903793, 0.002808427205309272, 0.00046890584053471684, 0.0001816700241761282, 0.00010447172826388851, 8.311792043969035e-05, 8.14771992736496e-05, 7.700388232478872e-05, 7.941439253045246e-05, 8.201994933187962e-05, 8.702142076799646e-05, 7.92176288086921e-05, 8.300803165184334e-05, 8.715960575500503e-05, 9.20401798794046e-05, 9.106963989324868e-05, 9.45715291891247e-05, 0.00010079371713800356, 9.983148629544303e-05, 9.930598025675863e-05]]], "msds": [[[0, 1, 2, 3, 4, 5, 6, 7, 8, 9, 10, 11, 12, 13, 14, 15, 16, 17, 18, 19, 20], [9.2, 17.01, 43.71, 77.22, 80.61, 82.34, 83.28, 83.78, 84.08, 84.66, 84.64, 85.01, 85.48, 85.41, 85.45, 85.77, 85.94, 85.92, 86.15, 86.58, 86.66], [0, 0.0053904675878584385, 0.002290527569130063, 0.00044811569387093186, 0.00023725056962575763, 0.00010195374488830566, 8.196331327781081e-05, 7.617336086696014e-05, 7.825927605153993e-05, 7.529331924160942e-05, 7.710383215453476e-05, 8.705734217073768e-05, 8.006477582966909e-05, 8.682630868861452e-05, 8.840052760206163e-05, 8.455232455162331e-05, 9.164048969978467e-05, 9.407113975612447e-05, 9.729018347570673e-05, 0.0001082390226656571, 0.00010013585415435955]], [[0, 1, 2, 3, 4, 5, 6, 7, 8, 9, 10, 11, 12, 13, 14, 15, 16, 17, 18, 19, 20], [14.23, 12.68, 34.79, 75.71, 81.02, 82.69, 83.31, 83.83, 84.18, 84.59, 84.84, 84.93, 85.41, 85.49, 85.46, 85.92, 85.79, 86.0, 85.79, 86.76, 86.89], [0, 0.005374503321945667, 0.0025724414736032486, 0.00045639052405022085, 0.00020199308346491307, 9.051390225067735e-05, 8.356105536222458e-05, 7.561554957646877e-05, 7.781913882354274e-05, 7.774870755383745e-05, 7.954589818837121e-05, 8.17221007309854e-05, 8.185253682313487e-05, 8.567968325223774e-05, 8.810750296106562e-05, 8.862942922860384e-05, 9.326651343144476e-05, 9.665710967965424e-05, 0.00010006696538766846, 0.00010353656398365274, 9.428054181626067e-05]]], "alpha": 0.9, "beta": 2.0, "gamma": 5.0, "num_samples": 6000, "node_count": 10, "density": 1.0, "startup_delay": 0.0, "forward_prob": 0}