{"nodes_data": [[[0, 1, 2, 3, 4, 5, 6, 7, 8, 9, 10, 11, 12, 13, 14, 15, 16, 17, 18, 19, 20], [9.64, 37.41, 53.03, 53.78, 77.81, 79.19, 80.98, 81.34, 82.63, 83.6, 84.1, 84.01, 83.44, 84.44, 84.82, 84.72, 83.51, 84.67, 85.61, 85.03, 85.19], [0, 0.005372945219278336, 0.002069348469376564, 0.001995871076360345, 0.0013925767270848155, 0.0009765059221535921, 0.0007750929798930883, 0.00034641652018763125, 0.0003976327134296298, 0.00039203104097396135, 0.00033433607313781977, 0.00024394718639086932, 0.00021927355555817485, 0.0002153533569071442, 0.00021425473096314818, 0.00021176667360123247, 0.00021817123342771083, 0.00021627149544656277, 0.00019354776304680854, 0.0001875665911938995, 0.00020092324120923877]], [[0, 1, 2, 3, 4, 5, 6, 7, 8, 9, 10, 11, 12, 13, 14, 15, 16, 17, 18, 19, 20], [16.53, 31.76, 78.53, 78.27, 78.86, 82.16, 82.38, 82.13, 83.35, 84.02, 84.12, 84.05, 83.82, 84.05, 84.77, 84.9, 85.2, 85.29, 85.0, 85.39, 85.39], [0, 0.0037276328075677156, 0.0013929794076830149, 0.0007656990201212466, 0.0006571488920599222, 0.0006760929827578366, 0.0004268970515113324, 0.00028475382714532316, 0.00033062350121326745, 0.0002906194713432342, 0.00027403628337197006, 0.00023802148643881083, 0.0001999020023504272, 0.00022109682322479784, 0.0002138333220500499, 0.00020947451412212104, 0.00020687417418230325, 0.00020378816407173872, 0.00019322110165376216, 0.00019652435730677098, 0.0001845408114604652]]], "msds": [[[0, 1, 2, 3, 4, 5, 6, 7, 8, 9, 10, 11, 12, 13, 14, 15, 16, 17, 18, 19, 20], [9.64, 37.41, 53.03, 53.78, 77.81, 79.19, 80.98, 81.34, 82.63, 83.6, 84.1, 84.01, 83.44, 84.44, 84.82, 84.72, 83.51, 84.67, 85.61, 85.03, 85.19], [0, 0.005372945219278336, 0.002069348469376564, 0.001995871076360345, 0.0013925767270848155, 0.0009765059221535921, 0.0007750929798930883, 0.00034641652018763125, 0.0003976327134296298, 0.00039203104097396135, 0.00033433607313781977, 0.00024394718639086932, 0.00021927355555817485, 0.0002153533569071442, 0.00021425473096314818, 0.00021176667360123247, 0.00021817123342771083, 0.00021627149544656277, 0.00019354776304680854, 0.0001875665911938995, 0.00020092324120923877]], [[0, 1, 2, 3, 4, 5, 6, 7, 8, 9, 10, 11, 12, 13, 14, 15, 16, 17, 18, 19, 20], [4.54, 55.46, 75.72, 81.62, 82.54, 80.62, 82.34, 82.31, 82.82, 83.02, 83.44, 84.29, 84.75, 84.28, 83.9, 85.15, 85.16, 84.85, 84.95, 85.87, 86.07], [0, 0.003724084235727787, 0.0012074110563844442, 0.0006418999982997775, 0.0004274222010280937, 0.00038304366171360016, 0.00042839135858230293, 0.0002929400943685323, 0.0002958549011964351, 0.00026561945560388267, 0.00023549592879135162, 0.0002504415169823915, 0.00023282013717107475, 0.00023595210222993046, 0.00023816108296159655, 0.00022446821094490588, 0.0002230687823612243, 0.0002412839385215193, 0.00023430126020684838, 0.00023683009203523397, 0.0002206537319580093]]], "alpha": 0.9, "beta": 2.0, "gamma": 2.0, "num_samples": 6000, "node_count": 10, "density": 0.0, "startup_delay": 0.0, "forward_prob": 0}