{"nodes_data": [[[0, 1, 2, 3, 4, 5, 6, 7, 8, 9, 10, 11, 12, 13, 14, 15, 16, 17, 18, 19, 20], [7.73, 59.94, 57.97, 64.25, 78.97, 81.78, 82.29, 84.06, 83.32, 84.67, 84.26, 85.1, 85.0, 85.02, 85.88, 85.74, 85.86, 86.53, 86.54, 86.56, 86.08], [0, 0.005373917054384947, 0.002854230348020792, 0.0012094592675566673, 0.0007608210435137153, 0.0005425441777333617, 0.0003589215048123151, 0.0002487228193785995, 0.00020480780221987516, 0.00018185522640123963, 0.00017085124272853136, 0.00016850446991156787, 0.00016069684352260083, 0.00015155135770328343, 0.0001509798166807741, 0.00014678783190902323, 0.0001521919184597209, 0.00015597794845234603, 0.00016542871890123934, 0.00016292018699459732, 0.0001636634988244623]], [[0, 1, 2, 3, 4, 5, 6, 7, 8, 9, 10, 11, 12, 13, 14, 15, 16, 17, 18, 19, 20], [8.98, 74.98, 57.61, 68.1, 79.18, 81.15, 83.02, 84.15, 83.89, 83.32, 84.76, 85.09, 85.46, 85.7, 85.6, 85.96, 86.05, 86.2, 86.24, 86.06, 86.0], [0, 0.005374478176236153, 0.0020013011526316404, 0.0008905340218916535, 0.000618912628851831, 0.0004069071728736162, 0.0002797780034597963, 0.00020722454064525664, 0.00018159612955059856, 0.00016313072410412133, 0.00015289885050151497, 0.00015094681293703616, 0.00014821260992903262, 0.0001444834633730352, 0.0001477784535381943, 0.0001484329259255901, 0.00015403238649014384, 0.00016692295321263373, 0.00015709675790276378, 0.00015984961646609008, 0.0001619257527636364]]], "msds": [[[0, 1, 2, 3, 4, 5, 6, 7, 8, 9, 10, 11, 12, 13, 14, 15, 16, 17, 18, 19, 20], [7.73, 59.94, 57.97, 64.25, 78.97, 81.78, 82.29, 84.06, 83.32, 84.67, 84.26, 85.1, 85.0, 85.02, 85.88, 85.74, 85.86, 86.53, 86.54, 86.56, 86.08], [0, 0.005373917054384947, 0.002854230348020792, 0.0012094592675566673, 0.0007608210435137153, 0.0005425441777333617, 0.0003589215048123151, 0.0002487228193785995, 0.00020480780221987516, 0.00018185522640123963, 0.00017085124272853136, 0.00016850446991156787, 0.00016069684352260083, 0.00015155135770328343, 0.0001509798166807741, 0.00014678783190902323, 0.0001521919184597209, 0.00015597794845234603, 0.00016542871890123934, 0.00016292018699459732, 0.0001636634988244623]], [[0, 1, 2, 3, 4, 5, 6, 7, 8, 9, 10, 11, 12, 13, 14, 15, 16, 17, 18, 19, 20], [7.7, 70.53, 66.32, 62.0, 75.1, 82.19, 82.8, 84.02, 83.57, 84.37, 84.98, 84.6, 85.08, 85.94, 85.78, 86.06, 86.12, 86.15, 86.45, 86.9, 86.9], [0, 0.005382333882153034, 0.0030908272601664066, 0.0012943829642608762, 0.000777489214669913, 0.0005231219693087041, 0.0003459919535089284, 0.0002509349724277854, 0.0002031946205534041, 0.00018079848086927086, 0.00016684494039509445, 0.0001599433016963303, 0.0001545578270452097, 0.00016039684123825282, 0.0001583495904924348, 0.0001534827024443075, 0.00015722413081675768, 0.00016606134886387736, 0.00015567938680760562, 0.00015705832629464567, 0.0001641619164729491]]], "alpha": 0.5, "beta": 2.0, "gamma": 5.0, "num_samples": 6000, "node_count": 10, "density": 1.0, "startup_delay": 0.0, "forward_prob": 0}