{"nodes_data": [[[0, 1, 2, 3, 4, 5, 6, 7, 8, 9, 10, 11, 12, 13, 14, 15, 16, 17, 18, 19, 20], [12.41, 28.04, 55.23, 77.36, 79.14, 80.22, 82.88, 83.37, 84.66, 84.91, 85.26, 85.05, 85.68, 85.55, 86.18, 86.49, 86.14, 86.3, 86.11, 86.19, 86.73], [0, 0.005341580603271723, 0.0022476883605122566, 0.0010756889823824167, 0.0008486816077493131, 0.00040662699029780924, 0.00016762154700700194, 0.00010334819671697915, 9.974557178793475e-05, 0.00031467695953324437, 0.00028534073499031365, 0.00020330111146904528, 0.0002278493921039626, 0.00022741295106243342, 0.00019952203729189932, 0.00019654911011457443, 0.0001986548159038648, 0.0001916064793476835, 0.00019626907305791974, 0.00019895377045031637, 0.00019477863679639995]], [[0, 1, 2, 3, 4, 5, 6, 7, 8, 9, 10, 11, 12, 13, 14, 15, 16, 17, 18, 19, 20], [10.28, 39.17, 77.36, 81.8, 80.22, 83.72, 83.58, 83.9, 85.35, 84.96, 85.85, 86.26, 86.29, 86.52, 86.44, 86.29, 86.53, 86.33, 86.7, 86.68, 87.04], [0, 0.004337838385254145, 0.0010756889823824167, 0.0008568558259867132, 0.00040662699029780924, 0.0004373301053419709, 0.00015833151701372117, 0.00010236453090328723, 9.973118721973151e-05, 8.967376197688282e-05, 0.00014464442210737616, 0.00010720056889113039, 0.0002670456888154149, 0.0002286836097482592, 0.000218236877117306, 0.00021513109095394611, 0.00021851807832717896, 0.00021978822769597173, 0.00020183963351882994, 0.0001757807331159711, 0.00015549399540759623]]], "msds": [[[0, 1, 2, 3, 4, 5, 6, 7, 8, 9, 10, 11, 12, 13, 14, 15, 16, 17, 18, 19, 20], [12.41, 28.04, 55.23, 77.36, 79.14, 80.22, 82.88, 83.37, 84.66, 84.91, 85.26, 85.05, 85.68, 85.55, 86.18, 86.49, 86.14, 86.3, 86.11, 86.19, 86.73], [0, 0.005341580603271723, 0.0022476883605122566, 0.0010756889823824167, 0.0008486816077493131, 0.00040662699029780924, 0.00016762154700700194, 0.00010334819671697915, 9.974557178793475e-05, 0.00031467695953324437, 0.00028534073499031365, 0.00020330111146904528, 0.0002278493921039626, 0.00022741295106243342, 0.00019952203729189932, 0.00019654911011457443, 0.0001986548159038648, 0.0001916064793476835, 0.00019626907305791974, 0.00019895377045031637, 0.00019477863679639995]], [[0, 1, 2, 3, 4, 5, 6, 7, 8, 9, 10, 11, 12, 13, 14, 15, 16, 17, 18, 19, 20], [11.36, 73.76, 80.69, 82.9, 84.12, 84.61, 85.11, 84.93, 85.58, 86.21, 86.04, 85.57, 85.83, 86.18, 85.75, 86.88, 86.92, 85.4, 85.13, 85.49, 84.24], [0, 0.0022628088481724262, 0.0007111745653674006, 0.0003168683615513146, 0.00012878845154773444, 0.00010313362145097926, 9.60542747634463e-05, 9.029440843733028e-05, 8.598775457357988e-05, 0.00011212345270905644, 0.0001367436780128628, 0.0001341700117336586, 0.00013546152331400663, 0.00013901604688726366, 0.00012654336751438677, 0.0001279596472159028, 0.00010173131158808246, 0, 0, 0, 0]]], "alpha": 0.0, "beta": 1.0, "gamma": 3.0, "num_samples": 6000, "node_count": 10, "density": 0.0, "startup_delay": 0.0, "forward_prob": 0}