{"nodes_data": [[[0, 1, 2, 3, 4, 5, 6, 7, 8, 9, 10, 11, 12, 13, 14, 15, 16, 17, 18, 19, 20], [7.13, 10.0, 52.15, 75.49, 80.62, 82.06, 83.08, 83.73, 84.34, 84.52, 84.45, 84.92, 84.94, 85.35, 85.75, 85.82, 85.85, 85.97, 86.25, 86.34, 86.56], [0, 0.005377568770200014, 0.0022533300798386335, 0.0005415263003669679, 0.0002599941217340529, 0.0001429392577847466, 7.523024396505207e-05, 7.721344445599243e-05, 6.847899203421548e-05, 6.995064177317545e-05, 6.93423644406721e-05, 7.45352590456605e-05, 7.821379404049367e-05, 7.33863198547624e-05, 8.147235348587856e-05, 8.073517528828233e-05, 8.041891123866662e-05, 8.58721396070905e-05, 9.214402962243184e-05, 8.783965313341469e-05, 8.474805508740246e-05]], [[0, 1, 2, 3, 4, 5, 6, 7, 8, 9, 10, 11, 12, 13, 14, 15, 16, 17, 18, 19, 20], [11.86, 10.03, 73.67, 79.18, 81.53, 82.48, 83.69, 84.21, 84.31, 84.53, 84.39, 84.94, 84.79, 85.54, 85.95, 85.76, 85.97, 86.46, 86.2, 86.55, 86.61], [0, 0.005359631031751633, 0.001658821594901383, 0.0005309309926815331, 0.0001580229145474732, 0.00010934527381323278, 8.462655387120321e-05, 7.411999104078859e-05, 7.006969826761633e-05, 6.818013935117051e-05, 7.642971468158066e-05, 7.299071876332164e-05, 7.563924737041816e-05, 7.776208803988993e-05, 7.882238423917443e-05, 8.464478014502674e-05, 8.062570850597695e-05, 8.5967403720133e-05, 9.315590432379395e-05, 8.317731408169493e-05, 8.81112355273217e-05]]], "msds": [[[0, 1, 2, 3, 4, 5, 6, 7, 8, 9, 10, 11, 12, 13, 14, 15, 16, 17, 18, 19, 20], [7.13, 10.0, 52.15, 75.49, 80.62, 82.06, 83.08, 83.73, 84.34, 84.52, 84.45, 84.92, 84.94, 85.35, 85.75, 85.82, 85.85, 85.97, 86.25, 86.34, 86.56], [0, 0.005377568770200014, 0.0022533300798386335, 0.0005415263003669679, 0.0002599941217340529, 0.0001429392577847466, 7.523024396505207e-05, 7.721344445599243e-05, 6.847899203421548e-05, 6.995064177317545e-05, 6.93423644406721e-05, 7.45352590456605e-05, 7.821379404049367e-05, 7.33863198547624e-05, 8.147235348587856e-05, 8.073517528828233e-05, 8.041891123866662e-05, 8.58721396070905e-05, 9.214402962243184e-05, 8.783965313341469e-05, 8.474805508740246e-05]], [[0, 1, 2, 3, 4, 5, 6, 7, 8, 9, 10, 11, 12, 13, 14, 15, 16, 17, 18, 19, 20], [9.33, 13.31, 35.41, 77.04, 81.23, 82.23, 83.13, 84.05, 84.18, 84.49, 84.82, 84.88, 85.16, 85.63, 85.76, 85.63, 86.04, 86.56, 86.24, 86.3, 86.52], [0, 0.005364418961107731, 0.002543304581195116, 0.000528385047800839, 0.00020493866759352386, 0.0001320105802733451, 7.846993685234338e-05, 7.293961243703961e-05, 6.727842992404476e-05, 6.388829933712259e-05, 6.90240558469668e-05, 7.614966307301074e-05, 7.192393240984529e-05, 7.72137864260003e-05, 7.977074710652232e-05, 7.963118696352467e-05, 7.997981447260827e-05, 9.139905887423083e-05, 8.676356810610741e-05, 8.793501183390617e-05, 8.784305100562051e-05]]], "alpha": 1.0, "beta": 2.0, "gamma": 5.0, "num_samples": 6000, "node_count": 10, "density": 1.0, "startup_delay": 0.0, "forward_prob": 0}