{"nodes_data": [[[0, 1, 2, 3, 4, 5, 6, 7, 8, 9, 10, 11, 12, 13, 14, 15, 16, 17, 18, 19, 20], [8.8, 76.91, 65.32, 63.91, 74.78, 81.54, 82.65, 83.06, 83.77, 83.71, 84.44, 84.65, 84.9, 85.33, 85.62, 85.54, 85.59, 85.71, 86.14, 86.14, 86.22], [0, 0, 0.005549925845116377, 0.0015669038984924555, 0.0008250637329183519, 0.0005418307264335454, 0.00035616240347735584, 0.00024367663718294352, 0.00021400678087957203, 0.00019104714738205075, 0.00018086246564053, 0.00017196951375808567, 0.00015574418648611754, 0.00016013252025004476, 0.0001610491017345339, 0.0001563156838528812, 0.0001530718000140041, 0.0001657172542763874, 0.00016006342775654048, 0.00015929060464259237, 0.00016791130474302918]], [[0, 1, 2, 3, 4, 5, 6, 7, 8, 9, 10, 11, 12, 13, 14, 15, 16, 17, 18, 19, 20], [9.98, 51.38, 61.13, 68.95, 80.37, 81.09, 83.12, 83.42, 83.07, 84.12, 84.74, 84.77, 84.93, 85.33, 85.5, 86.02, 86.02, 85.66, 86.15, 86.2, 86.46], [0, 0.005383734125643969, 0.002393051516264677, 0.0010683404980227351, 0.000679232703987509, 0.0005002379766665399, 0.0003172456636093557, 0.0002286543312948197, 0.0001849499240051955, 0.00016786479682195932, 0.00016183985280804336, 0.00016016646986827254, 0.00015805542352609336, 0.00015463525778613985, 0.00015175281441770494, 0.0001519978541182354, 0.00015507961506955326, 0.00015959751908667386, 0.00015407241880893707, 0.00016069121193140745, 0.00017035023483913392]]], "msds": [[[0, 1, 2, 3, 4, 5, 6, 7, 8, 9, 10, 11, 12, 13, 14, 15, 16, 17, 18, 19, 20], [8.8, 76.91, 65.32, 63.91, 74.78, 81.54, 82.65, 83.06, 83.77, 83.71, 84.44, 84.65, 84.9, 85.33, 85.62, 85.54, 85.59, 85.71, 86.14, 86.14, 86.22], [0, 0, 0.005549925845116377, 0.0015669038984924555, 0.0008250637329183519, 0.0005418307264335454, 0.00035616240347735584, 0.00024367663718294352, 0.00021400678087957203, 0.00019104714738205075, 0.00018086246564053, 0.00017196951375808567, 0.00015574418648611754, 0.00016013252025004476, 0.0001610491017345339, 0.0001563156838528812, 0.0001530718000140041, 0.0001657172542763874, 0.00016006342775654048, 0.00015929060464259237, 0.00016791130474302918]], [[0, 1, 2, 3, 4, 5, 6, 7, 8, 9, 10, 11, 12, 13, 14, 15, 16, 17, 18, 19, 20], [16.85, 46.07, 64.96, 64.04, 74.13, 82.3, 82.71, 83.61, 84.31, 83.54, 85.0, 84.48, 84.63, 85.16, 85.33, 85.92, 86.16, 86.37, 86.2, 86.26, 86.21], [0, 0.005354783032089472, 0.004029582720249891, 0.0012812258210033178, 0.0007281370344571769, 0.00047172055928967893, 0.00029852832085452974, 0.00020661501912400126, 0.00017110198677983135, 0.0001588017912581563, 0.00015079241711646318, 0.00014571775682270527, 0.00014869676670059562, 0.00014788097178097814, 0.0001502504455856979, 0.00014937172818463296, 0.00015963480109348893, 0.00015495685511268675, 0.00015035239630378783, 0.00015582550258841366, 0.0001608949969522655]]], "alpha": 0.5, "beta": 2.0, "gamma": 0.0, "num_samples": 6000, "node_count": 10, "density": 1.0, "startup_delay": 0.0, "forward_prob": 0}