{"nodes_data": [[[0, 1, 2, 3, 4, 5, 6, 7, 8, 9, 10, 11, 12, 13, 14, 15, 16, 17, 18, 19, 20], [13.73, 46.32, 70.67, 71.15, 81.28, 82.32, 82.82, 83.33, 84.13, 84.61, 84.55, 84.77, 85.23, 85.55, 85.89, 85.82, 86.2, 86.09, 85.98, 86.42, 86.3], [0, 0.005361450370401144, 0.0016539476346224546, 0.0007187736919149756, 0.00030070426873862743, 0.00011473154881969094, 7.437277236022055e-05, 6.887386552989483e-05, 6.78692595101893e-05, 6.812383071519434e-05, 7.35618086764589e-05, 7.268774788826704e-05, 7.200902473414317e-05, 7.814364653313532e-05, 7.978568464750424e-05, 7.978614303283393e-05, 8.521760901203379e-05, 8.062938286457211e-05, 9.10910966922529e-05, 9.01291350601241e-05, 8.146687468979508e-05]], [[0, 1, 2, 3, 4, 5, 6, 7, 8, 9, 10, 11, 12, 13, 14, 15, 16, 17, 18, 19, 20], [4.0, 17.0, 36.14, 73.92, 81.42, 82.46, 82.69, 83.35, 84.26, 84.68, 84.9, 84.92, 85.15, 85.61, 85.89, 85.9, 86.25, 86.19, 85.93, 86.31, 86.37], [0, 0.0053757973946630955, 0.0023719468154013157, 0.0008453681948594749, 0.00021679443307220936, 0.00010544094402575865, 7.503479719161987e-05, 7.36261936253868e-05, 6.992393173277378e-05, 6.82989921187982e-05, 7.274919335031882e-05, 7.396046567009762e-05, 7.336966518778354e-05, 7.769091462250799e-05, 7.87318276707083e-05, 8.310763951158151e-05, 8.326826355187222e-05, 8.253222767962143e-05, 8.686789806233719e-05, 8.510991028742865e-05, 8.834341133479029e-05]]], "msds": [[[0, 1, 2, 3, 4, 5, 6, 7, 8, 9, 10, 11, 12, 13, 14, 15, 16, 17, 18, 19, 20], [13.73, 46.32, 70.67, 71.15, 81.28, 82.32, 82.82, 83.33, 84.13, 84.61, 84.55, 84.77, 85.23, 85.55, 85.89, 85.82, 86.2, 86.09, 85.98, 86.42, 86.3], [0, 0.005361450370401144, 0.0016539476346224546, 0.0007187736919149756, 0.00030070426873862743, 0.00011473154881969094, 7.437277236022055e-05, 6.887386552989483e-05, 6.78692595101893e-05, 6.812383071519434e-05, 7.35618086764589e-05, 7.268774788826704e-05, 7.200902473414317e-05, 7.814364653313532e-05, 7.978568464750424e-05, 7.978614303283393e-05, 8.521760901203379e-05, 8.062938286457211e-05, 9.10910966922529e-05, 9.01291350601241e-05, 8.146687468979508e-05]], [[0, 1, 2, 3, 4, 5, 6, 7, 8, 9, 10, 11, 12, 13, 14, 15, 16, 17, 18, 19, 20], [8.98, 20.11, 68.25, 74.6, 81.27, 82.65, 82.81, 83.87, 83.99, 84.78, 84.81, 84.86, 85.42, 85.58, 85.85, 86.27, 86.26, 86.25, 86.1, 86.13, 86.5], [0, 0.0053510507568717, 0.0015523977344855666, 0.0006899083964526653, 0.00023265891650225967, 9.704655531095341e-05, 6.752333865733817e-05, 6.769379251636565e-05, 6.60831356071867e-05, 6.999230390647426e-05, 7.002941856626421e-05, 7.351477688644081e-05, 7.292397640412673e-05, 7.69987454987131e-05, 7.739252760075033e-05, 8.045705908443779e-05, 8.590537618147209e-05, 8.820823131827638e-05, 8.876620995579287e-05, 8.430708840023726e-05, 8.96608762559481e-05]]], "alpha": 1.0, "beta": 1.0, "gamma": 1.0, "num_samples": 6000, "node_count": 10, "density": 1.0, "startup_delay": 0.0, "forward_prob": 0}