{"nodes_data": [[[0, 1, 2, 3, 4, 5, 6, 7, 8, 9, 10, 11, 12, 13, 14, 15, 16, 17, 18, 19, 20], [9.92, 10.0, 49.68, 77.92, 80.94, 82.13, 83.33, 83.09, 84.31, 84.7, 85.11, 85.0, 85.36, 85.78, 85.71, 86.08, 86.29, 86.21, 86.9, 86.69, 86.78], [0, 0.005372868850827217, 0.0023075358476489782, 0.0005046170554123819, 0.00021828642638865858, 0.00010415494034532458, 7.64506621635519e-05, 7.298455602722242e-05, 7.163760892581195e-05, 7.174713391577825e-05, 7.477445615222678e-05, 7.87999524618499e-05, 7.685722812311724e-05, 8.239400631282479e-05, 8.497749513480812e-05, 8.212010288843885e-05, 8.822723611956462e-05, 8.613637328380719e-05, 8.608756616013125e-05, 8.97813806659542e-05, 9.13315307116136e-05]], [[0, 1, 2, 3, 4, 5, 6, 7, 8, 9, 10, 11, 12, 13, 14, 15, 16, 17, 18, 19, 20], [8.88, 10.0, 64.44, 78.3, 81.26, 82.74, 83.31, 83.36, 84.55, 84.86, 85.07, 84.76, 85.51, 85.77, 85.77, 86.29, 86.25, 86.4, 86.81, 86.59, 86.96], [0, 0.0053611150942742825, 0.0017408916028216481, 0.0005014740163460374, 0.00016260518168564886, 8.849311416270211e-05, 7.944079698063433e-05, 6.964532076381147e-05, 6.924624176463112e-05, 7.354520494118333e-05, 7.794323755661026e-05, 7.823117630323395e-05, 8.064734720392153e-05, 8.039681415539235e-05, 8.441659156233072e-05, 8.826967678032815e-05, 8.631246600998566e-05, 8.646988862892613e-05, 8.695697033545002e-05, 9.417386900167912e-05, 9.145045623881742e-05]]], "msds": [[[0, 1, 2, 3, 4, 5, 6, 7, 8, 9, 10, 11, 12, 13, 14, 15, 16, 17, 18, 19, 20], [9.92, 10.0, 49.68, 77.92, 80.94, 82.13, 83.33, 83.09, 84.31, 84.7, 85.11, 85.0, 85.36, 85.78, 85.71, 86.08, 86.29, 86.21, 86.9, 86.69, 86.78], [0, 0.005372868850827217, 0.0023075358476489782, 0.0005046170554123819, 0.00021828642638865858, 0.00010415494034532458, 7.64506621635519e-05, 7.298455602722242e-05, 7.163760892581195e-05, 7.174713391577825e-05, 7.477445615222678e-05, 7.87999524618499e-05, 7.685722812311724e-05, 8.239400631282479e-05, 8.497749513480812e-05, 8.212010288843885e-05, 8.822723611956462e-05, 8.613637328380719e-05, 8.608756616013125e-05, 8.97813806659542e-05, 9.13315307116136e-05]], [[0, 1, 2, 3, 4, 5, 6, 7, 8, 9, 10, 11, 12, 13, 14, 15, 16, 17, 18, 19, 20], [3.58, 10.0, 16.69, 76.96, 81.47, 82.36, 83.54, 83.28, 84.4, 84.68, 85.24, 84.86, 85.6, 85.62, 85.95, 86.18, 86.29, 86.53, 86.99, 86.7, 86.93], [0, 0.0053626177832484245, 0.0028421669267117977, 0.0004821454640477896, 0.0002014153724303469, 0.00010441645281389356, 8.066526788752526e-05, 7.677346002310514e-05, 7.56608642404899e-05, 7.41788389859721e-05, 8.112422074191272e-05, 7.844062201911584e-05, 9.048959327628836e-05, 8.565597818233073e-05, 8.558713307138532e-05, 8.986950706457719e-05, 8.514563523931429e-05, 8.883560803951696e-05, 9.187764226226136e-05, 9.197719919029623e-05, 9.160155605059117e-05]]], "alpha": 0.0, "beta": 1.0, "gamma": 5.0, "num_samples": 6000, "node_count": 10, "density": 1.0, "startup_delay": 0.0, "forward_prob": 0}