{"nodes_data": [[[0, 1, 2, 3, 4, 5, 6, 7, 8, 9, 10, 11, 12, 13, 14, 15, 16, 17, 18, 19, 20], [11.18, 34.73, 70.33, 73.81, 78.3, 81.77, 82.85, 83.32, 84.21, 83.47, 84.13, 84.05, 84.98, 85.49, 85.38, 85.5, 85.71, 86.21, 86.11, 86.25, 86.32], [0, 0.0053835297003388405, 0.0036096242256462574, 0.0011079353280365467, 0.0006935974233783782, 0.00046052277320995927, 0.0003173082659486681, 0.00023332462296821177, 0.00019439509196672589, 0.00018507466302253306, 0.00016572704771533608, 0.00015755603089928627, 0.0001527417916804552, 0.00015276997874025255, 0.00016086258983705193, 0.00015527081268373877, 0.00014997732068877667, 0.0001536039635539055, 0.00015839496336411685, 0.00016770866932347417, 0.000167340665939264]], [[0, 1, 2, 3, 4, 5, 6, 7, 8, 9, 10, 11, 12, 13, 14, 15, 16, 17, 18, 19, 20], [9.8, 56.55, 65.06, 66.63, 75.67, 81.5, 82.69, 83.18, 82.65, 83.79, 84.39, 84.75, 85.31, 85.43, 85.55, 85.55, 85.63, 86.12, 86.3, 86.03, 86.6], [0, 0.005375747103244066, 0.003333359258249402, 0.0013149251462891698, 0.0007835921132937074, 0.0005381296505220234, 0.0003447215131018311, 0.00024499831488355994, 0.00019852981495205313, 0.00018229005218017846, 0.0001688131596893072, 0.00015973822155501693, 0.0001549486769363284, 0.00015260004147421569, 0.0001524408726254478, 0.0001565062120789662, 0.0001538178330520168, 0.0001512085582362488, 0.00015263674140442163, 0.00016130243602674454, 0.00015967462968546897]]], "msds": [[[0, 1, 2, 3, 4, 5, 6, 7, 8, 9, 10, 11, 12, 13, 14, 15, 16, 17, 18, 19, 20], [11.18, 34.73, 70.33, 73.81, 78.3, 81.77, 82.85, 83.32, 84.21, 83.47, 84.13, 84.05, 84.98, 85.49, 85.38, 85.5, 85.71, 86.21, 86.11, 86.25, 86.32], [0, 0.0053835297003388405, 0.0036096242256462574, 0.0011079353280365467, 0.0006935974233783782, 0.00046052277320995927, 0.0003173082659486681, 0.00023332462296821177, 0.00019439509196672589, 0.00018507466302253306, 0.00016572704771533608, 0.00015755603089928627, 0.0001527417916804552, 0.00015276997874025255, 0.00016086258983705193, 0.00015527081268373877, 0.00014997732068877667, 0.0001536039635539055, 0.00015839496336411685, 0.00016770866932347417, 0.000167340665939264]], [[0, 1, 2, 3, 4, 5, 6, 7, 8, 9, 10, 11, 12, 13, 14, 15, 16, 17, 18, 19, 20], [2.97, 51.17, 61.17, 74.89, 78.53, 82.18, 82.65, 81.65, 83.8, 84.2, 83.72, 85.09, 85.76, 84.92, 85.22, 85.35, 85.43, 85.83, 86.25, 86.38, 86.35], [0, 0.005366568453609943, 0.0015175731386989355, 0.0009330587345175445, 0.0006248096469789743, 0.0004383557243272662, 0.0002887742011807859, 0.00022135928156785667, 0.00018726573034655303, 0.00017166428733617067, 0.00016443281492684036, 0.00016096803301479667, 0.00015807240561116487, 0.00015976119902916253, 0.00015877651458140463, 0.0001575628702994436, 0.00016020690964069217, 0.00016618803783785552, 0.0001625516451895237, 0.00017182824376504868, 0.00016423419583588839]]], "alpha": 0.5, "beta": 1.0, "gamma": 2.0, "num_samples": 6000, "node_count": 10, "density": 0.75, "startup_delay": 0.0, "forward_prob": 0}