{"nodes_data": [[[0, 1, 2, 3, 4, 5, 6, 7, 8, 9, 10, 11, 12, 13, 14, 15, 16, 17, 18, 19, 20], [6.44, 13.61, 44.59, 71.31, 81.06, 81.84, 83.15, 83.67, 84.47, 84.72, 84.75, 85.01, 85.43, 85.57, 85.55, 85.83, 85.72, 86.24, 86.22, 86.36, 86.78], [0, 0.00537820253521204, 0.002537779277190566, 0.000608947710134089, 0.00023257989960256964, 0.00013404250785242766, 0.0001021409552777186, 9.273809700971469e-05, 9.566429071128368e-05, 9.649375715525821e-05, 9.69289249042049e-05, 0.00010372942051617429, 9.764698188519105e-05, 9.876942203845829e-05, 0.00010714938252931461, 0.00010321512672817335, 0.00010586083226371557, 0.00011502754932735115, 0.00011276591249043122, 0.00011056078074034303, 0.00010893428407143801]], [[0, 1, 2, 3, 4, 5, 6, 7, 8, 9, 10, 11, 12, 13, 14, 15, 16, 17, 18, 19, 20], [10.21, 37.7, 54.2, 67.24, 79.95, 82.31, 82.09, 83.69, 84.39, 84.84, 84.28, 85.02, 85.36, 85.65, 85.59, 85.97, 85.87, 86.15, 86.26, 86.47, 86.52], [0, 0.005359102506190538, 0.0027687482070177794, 0.0006684929830953479, 0.00031396752456203103, 0.00014067802112549543, 0.00010560404189163819, 9.768195013748482e-05, 9.304747072746977e-05, 9.799628605833277e-05, 0.00010041757195722312, 9.785914153326303e-05, 0.00010173200280405581, 0.0001063085874193348, 0.00010620682587614283, 0.0001049465499818325, 0.00011712351260939613, 0.0001101293382816948, 0.00011410693696234375, 0.00011936310329474509, 0.00011649825319182128]]], "msds": [[[0, 1, 2, 3, 4, 5, 6, 7, 8, 9, 10, 11, 12, 13, 14, 15, 16, 17, 18, 19, 20], [6.44, 13.61, 44.59, 71.31, 81.06, 81.84, 83.15, 83.67, 84.47, 84.72, 84.75, 85.01, 85.43, 85.57, 85.55, 85.83, 85.72, 86.24, 86.22, 86.36, 86.78], [0, 0.00537820253521204, 0.002537779277190566, 0.000608947710134089, 0.00023257989960256964, 0.00013404250785242766, 0.0001021409552777186, 9.273809700971469e-05, 9.566429071128368e-05, 9.649375715525821e-05, 9.69289249042049e-05, 0.00010372942051617429, 9.764698188519105e-05, 9.876942203845829e-05, 0.00010714938252931461, 0.00010321512672817335, 0.00010586083226371557, 0.00011502754932735115, 0.00011276591249043122, 0.00011056078074034303, 0.00010893428407143801]], [[0, 1, 2, 3, 4, 5, 6, 7, 8, 9, 10, 11, 12, 13, 14, 15, 16, 17, 18, 19, 20], [11.05, 30.72, 57.16, 70.75, 80.38, 81.55, 83.04, 83.63, 84.3, 84.75, 84.51, 85.1, 85.39, 85.64, 85.76, 85.44, 86.03, 86.07, 86.36, 86.31, 86.68], [0, 0.005367923062294722, 0.0022904984652996063, 0.0005893377820029855, 0.00027289678109809756, 0.00013659225078299642, 0.00010948285489575937, 9.822563879424706e-05, 9.497148130321875e-05, 9.863039304036647e-05, 9.963096090359613e-05, 0.00010258877591695637, 0.00010155606287298724, 0.00011039411037927493, 0.00010406486399006099, 0.00010325135372113436, 0.00011314774747006595, 0.00011365521640982479, 0.00011734034342225641, 0.00011373214510967955, 0.00011737471504602581]]], "alpha": 0.7, "beta": 2.0, "gamma": 5.0, "num_samples": 6000, "node_count": 10, "density": 1.0, "startup_delay": 0.0, "forward_prob": 0}