{"nodes_data": [[[0, 1, 2, 3, 4, 5, 6, 7, 8, 9, 10, 11, 12, 13, 14, 15, 16, 17, 18, 19, 20], [8.68, 16.9, 67.82, 81.63, 82.9, 83.96, 84.19, 84.87, 85.27, 85.96, 86.24, 86.39, 86.59, 86.62, 86.87, 86.89, 87.23, 87.4, 87.11, 87.32, 87.4], [0, 0.005364506039768457, 0.0007199592073448002, 0.00013624773418996483, 6.952722469577566e-05, 7.013927097432315e-05, 6.870624929433689e-05, 7.23700868547894e-05, 7.014600851107389e-05, 8.072845957940444e-05, 7.486077083740383e-05, 7.681774877710268e-05, 8.58597268234007e-05, 8.347279072040692e-05, 8.789994899416342e-05, 9.225107351085171e-05, 8.594847895437852e-05, 9.35283096623607e-05, 9.407699690200388e-05, 9.317052899859846e-05, 9.479937580181286e-05]], [[0, 1, 2, 3, 4, 5, 6, 7, 8, 9, 10, 11, 12, 13, 14, 15, 16, 17, 18, 19, 20], [7.19, 10.0, 67.82, 81.44, 82.56, 83.96, 83.78, 84.89, 85.08, 85.93, 86.2, 86.24, 86.03, 86.69, 86.89, 86.82, 87.25, 87.4, 87.21, 87.32, 87.29], [0, 0.0053655607625842094, 0.0005819854559376836, 0.00012606836389750242, 6.95844937581569e-05, 6.869875505799428e-05, 6.694191688438877e-05, 7.112888852134347e-05, 6.645949906669557e-05, 7.382640615105629e-05, 7.477563485736027e-05, 7.802400068612769e-05, 8.248262020060793e-05, 8.332181459991261e-05, 8.221963798860088e-05, 9.05620472622104e-05, 9.088099614018574e-05, 8.647619688417763e-05, 9.148386016022414e-05, 9.331801265943795e-05, 9.779467654880136e-05]]], "msds": [[[0, 1, 2, 3, 4, 5, 6, 7, 8, 9, 10, 11, 12, 13, 14, 15, 16, 17, 18, 19, 20], [8.68, 16.9, 67.82, 81.63, 82.9, 83.96, 84.19, 84.87, 85.27, 85.96, 86.24, 86.39, 86.59, 86.62, 86.87, 86.89, 87.23, 87.4, 87.11, 87.32, 87.4], [0, 0.005364506039768457, 0.0007199592073448002, 0.00013624773418996483, 6.952722469577566e-05, 7.013927097432315e-05, 6.870624929433689e-05, 7.23700868547894e-05, 7.014600851107389e-05, 8.072845957940444e-05, 7.486077083740383e-05, 7.681774877710268e-05, 8.58597268234007e-05, 8.347279072040692e-05, 8.789994899416342e-05, 9.225107351085171e-05, 8.594847895437852e-05, 9.35283096623607e-05, 9.407699690200388e-05, 9.317052899859846e-05, 9.479937580181286e-05]], [[0, 1, 2, 3, 4, 5, 6, 7, 8, 9, 10, 11, 12, 13, 14, 15, 16, 17, 18, 19, 20], [9.18, 10.0, 71.34, 81.44, 82.9, 83.96, 83.98, 84.89, 85.27, 85.85, 86.24, 86.2, 86.59, 86.75, 86.86, 86.83, 87.25, 87.18, 87.25, 87.32, 87.4], [0, 0.005362026393413544, 0.0005899559473618865, 0.000136564951390028, 6.542585470015183e-05, 7.024093065410852e-05, 6.919624138390645e-05, 6.998523895163089e-05, 7.410353282466531e-05, 8.060198160819709e-05, 7.745808397885412e-05, 8.027427247725427e-05, 8.587401680415496e-05, 8.063069981290027e-05, 8.763663936406374e-05, 8.578147389926016e-05, 8.948875620262697e-05, 9.339805546915159e-05, 9.138779569184408e-05, 9.169413533527404e-05, 0.00010313843085896224]]], "alpha": 0.9, "beta": 0.0, "gamma": 5.0, "num_samples": 6000, "node_count": 10, "density": 1.0, "startup_delay": 0.0, "forward_prob": 0}