{"nodes_data": [[[0, 1, 2, 3, 4, 5, 6, 7, 8, 9, 10, 11, 12, 13, 14, 15, 16, 17, 18, 19, 20], [11.68, 79.88, 81.95, 82.42, 83.57, 83.38, 82.72, 84.47, 82.28, 83.39, 84.25, 84.39, 85.15, 84.45, 86.03, 84.12, 85.6, 85.4, 85.69, 86.07, 83.62], [0, 0, 0, 0, 0, 0, 0, 0, 0, 0, 0, 8.81390442373231e-05, 6.915209087310359e-05, 6.452837988035753e-05, 8.217508730012923e-05, 7.983377145137638e-05, 9.299619705416262e-05, 8.802235242910683e-05, 9.074382978724316e-05, 9.670166036812589e-05, 9.664362733019516e-05]], [[0, 1, 2, 3, 4, 5, 6, 7, 8, 9, 10, 11, 12, 13, 14, 15, 16, 17, 18, 19, 20], [13.07, 45.52, 81.95, 82.42, 83.57, 83.38, 82.72, 84.47, 82.28, 83.39, 84.25, 84.39, 85.15, 84.45, 86.03, 84.12, 85.6, 85.4, 85.69, 86.07, 83.62], [0, 0.0053575895726680756, 0.0021374875213950872, 9.30192181840539e-05, 7.907936378614977e-05, 8.041527325985953e-05, 7.790837116772309e-05, 8.88071590452455e-05, 8.432294998783618e-05, 9.238100028596818e-05, 8.27699332148768e-05, 0, 0, 0, 0, 0, 0, 0, 0, 0, 0]]], "msds": [[[0, 1, 2, 3, 4, 5, 6, 7, 8, 9, 10, 11, 12, 13, 14, 15, 16, 17, 18, 19, 20], [11.68, 79.88, 81.95, 82.42, 83.57, 83.38, 82.72, 84.47, 82.28, 83.39, 84.25, 84.39, 85.15, 84.45, 86.03, 84.12, 85.6, 85.4, 85.69, 86.07, 83.62], [0, 0, 0, 0, 0, 0, 0, 0, 0, 0, 0, 8.81390442373231e-05, 6.915209087310359e-05, 6.452837988035753e-05, 8.217508730012923e-05, 7.983377145137638e-05, 9.299619705416262e-05, 8.802235242910683e-05, 9.074382978724316e-05, 9.670166036812589e-05, 9.664362733019516e-05]], [[0, 1, 2, 3, 4, 5, 6, 7, 8, 9, 10, 11, 12, 13, 14, 15, 16, 17, 18, 19, 20], [12.23, 79.88, 78.75, 82.6, 83.34, 84.14, 84.12, 84.8, 85.04, 85.34, 85.5, 85.33, 85.62, 85.61, 85.85, 85.69, 86.08, 86.55, 85.71, 86.37, 85.44], [0, 0.0053264605812728405, 0.0011373022571206093, 0.0006678522331640124, 0.00010140116501133889, 9.857993427431211e-05, 9.459265129407868e-05, 9.947150101652369e-05, 0.00010017097520176321, 0.00010859334724955261, 0.00010790148371597752, 0.0001050009741447866, 0.00010370137897552922, 8.718635945115238e-05, 0.00010028964607045054, 0.00010355551785323769, 0.00010821811156347394, 0.00011130209168186411, 0.00011685177014442161, 0.00011984272714471444, 0.0001268072082893923]]], "alpha": 1.0, "beta": 0.0, "gamma": 0.0, "num_samples": 6000, "node_count": 10, "density": 1.0, "startup_delay": 0.0, "forward_prob": 0}