{"nodes_data": [[[0, 1, 2, 3, 4, 5, 6, 7, 8, 9, 10, 11, 12, 13, 14, 15, 16, 17, 18, 19, 20], [12.35, 46.43, 56.43, 79.74, 81.68, 83.45, 81.5, 84.55, 84.47, 85.32, 84.37, 84.77, 85.52, 85.72, 86.22, 86.11, 85.93, 86.82, 86.38, 86.84, 86.26], [0, 0.005365006159991026, 0.001914875814691186, 0.0008649782394059002, 0.0004264049930498004, 0.00023388017143588513, 0.0001543371909065172, 0.00018886261386796832, 0.00013141664385329932, 0.00013595932978205383, 0.0001515097974333912, 0.00014721151092089713, 0.00014874403132125735, 0.00012468754721339792, 0.0001487007102696225, 0.00012998895545024425, 0.0001428015239071101, 0.00015568041999358684, 0.00014870167069602758, 0.00014449411537498236, 0.00013765088806394488]], [[0, 1, 2, 3, 4, 5, 6, 7, 8, 9, 10, 11, 12, 13, 14, 15, 16, 17, 18, 19, 20], [7.47, 47.44, 62.42, 79.72, 82.35, 83.3, 83.05, 84.71, 84.24, 84.88, 84.57, 84.75, 85.74, 85.99, 86.23, 86.14, 86.23, 86.24, 86.81, 86.87, 86.79], [0, 0.005397208966314793, 0.0015180681366473436, 0.0009251839946955442, 0.00040891580283641815, 0.0002597232232801616, 0.00019469404651317745, 0.0001778308505890891, 0.0001613918720977381, 0.00015602454368490726, 0.00014722507330588996, 0.000129655483760871, 0.0001709036878310144, 0.00015158276073634624, 0.00013476090680342168, 0.00014222296886146069, 0.00015088033978827298, 0.00015506954514421523, 0.00016243731079157442, 0.00016097963089123368, 0.00015892765077296644]]], "msds": [[[0, 1, 2, 3, 4, 5, 6, 7, 8, 9, 10, 11, 12, 13, 14, 15, 16, 17, 18, 19, 20], [12.35, 46.43, 56.43, 79.74, 81.68, 83.45, 81.5, 84.55, 84.47, 85.32, 84.37, 84.77, 85.52, 85.72, 86.22, 86.11, 85.93, 86.82, 86.38, 86.84, 86.26], [0, 0.005365006159991026, 0.001914875814691186, 0.0008649782394059002, 0.0004264049930498004, 0.00023388017143588513, 0.0001543371909065172, 0.00018886261386796832, 0.00013141664385329932, 0.00013595932978205383, 0.0001515097974333912, 0.00014721151092089713, 0.00014874403132125735, 0.00012468754721339792, 0.0001487007102696225, 0.00012998895545024425, 0.0001428015239071101, 0.00015568041999358684, 0.00014870167069602758, 0.00014449411537498236, 0.00013765088806394488]], [[0, 1, 2, 3, 4, 5, 6, 7, 8, 9, 10, 11, 12, 13, 14, 15, 16, 17, 18, 19, 20], [3.06, 51.05, 56.67, 76.05, 81.96, 82.76, 83.09, 84.42, 84.65, 84.57, 84.5, 85.52, 85.61, 85.89, 86.24, 86.09, 86.73, 86.7, 86.83, 86.79, 86.72], [0, 0.0053658136166632175, 0.0017771216807886958, 0.0009673655149526894, 0.0005325759411789477, 0.00033250919659622014, 0.00021167781960684806, 0.0001634663640288636, 0.00015357437951024622, 0.00015088278451003134, 0.0001304885372519493, 0.00014261626347433776, 0.000133126275613904, 0.0001423027424607426, 0.0001467742695240304, 0.000146426769788377, 0.0001587928127264604, 0.0001687402109382674, 0.0001679725100984797, 0.0001692425721557811, 0.00017385608225595206]]], "alpha": 0.5, "beta": 0.0, "gamma": 1.0, "num_samples": 6000, "node_count": 10, "density": 1.0, "startup_delay": 0.0, "forward_prob": 0}