{"nodes_data": [[[0, 1, 2, 3, 4, 5, 6, 7, 8, 9, 10, 11, 12, 13, 14, 15, 16, 17, 18, 19, 20], [10.16, 79.2, 79.37, 80.22, 82.59, 80.59, 83.31, 83.38, 84.09, 83.27, 83.21, 85.14, 85.81, 84.62, 85.89, 85.72, 85.75, 86.13, 85.21, 85.49, 87.02], [0, 0.005382089409977198, 0.002856121165677905, 0.0017779278568923473, 0.001407792093232274, 0.0010432943236082792, 0.0008578512351959944, 0.0006644243258051574, 0.0005031961482018232, 0.00036520545836538076, 0.00022639037342742085, 0.00038993480848148465, 0.0002360985236009583, 0, 0.00019628486188594252, 9.046753984875977e-05, 0.00010571969323791564, 8.451817120658234e-05, 9.98475807136856e-05, 9.086577483685687e-05, 0.00010319327702745795]], [[0, 1, 2, 3, 4, 5, 6, 7, 8, 9, 10, 11, 12, 13, 14, 15, 16, 17, 18, 19, 20], [13.36, 78.89, 76.86, 80.13, 82.72, 82.87, 83.88, 84.04, 84.46, 84.94, 85.21, 84.98, 85.09, 85.97, 86.14, 86.66, 86.07, 86.49, 86.06, 86.42, 86.13], [0, 0.005386956501752138, 0.002744644181802869, 0.001017461996525526, 0.0004958808422088623, 0.00023903562396299094, 0.00010188471060246229, 8.93202013685368e-05, 6.65478000883013e-05, 7.20578755135648e-05, 6.0547023167600855e-05, 0, 0.00010631251643644646, 8.236260327976197e-05, 7.348582585109398e-05, 7.260379788931459e-05, 8.219557639677078e-05, 0.00012223192607052624, 0.00011947537132073194, 0.00013109554129187018, 0.00013087269326206297]]], "msds": [[[0, 1, 2, 3, 4, 5, 6, 7, 8, 9, 10, 11, 12, 13, 14, 15, 16, 17, 18, 19, 20], [10.16, 79.2, 79.37, 80.22, 82.59, 80.59, 83.31, 83.38, 84.09, 83.27, 83.21, 85.14, 85.81, 84.62, 85.89, 85.72, 85.75, 86.13, 85.21, 85.49, 87.02], [0, 0.005382089409977198, 0.002856121165677905, 0.0017779278568923473, 0.001407792093232274, 0.0010432943236082792, 0.0008578512351959944, 0.0006644243258051574, 0.0005031961482018232, 0.00036520545836538076, 0.00022639037342742085, 0.00038993480848148465, 0.0002360985236009583, 0, 0.00019628486188594252, 9.046753984875977e-05, 0.00010571969323791564, 8.451817120658234e-05, 9.98475807136856e-05, 9.086577483685687e-05, 0.00010319327702745795]], [[0, 1, 2, 3, 4, 5, 6, 7, 8, 9, 10, 11, 12, 13, 14, 15, 16, 17, 18, 19, 20], [8.29, 10.0, 77.61, 81.01, 83.73, 84.58, 84.92, 85.21, 85.64, 85.57, 86.3, 86.38, 86.46, 86.57, 86.93, 86.91, 85.48, 85.13, 84.97, 84.35, 86.81], [0, 0.005373441614210606, 0.001900945440866053, 0.0008633100078441203, 0.0004370670940261334, 0.00019938322657253593, 0.00014601678412873298, 0.00011444547999417409, 8.815351611701772e-05, 6.805633165640756e-05, 8.581634756410494e-05, 9.25875865505077e-05, 0.00010038512846222147, 6.6529588366393e-05, 6.895047408761457e-05, 6.050626689102501e-05, 6.281392415985465e-05, 4.675256786867976e-05, 5.14214116265066e-05, 8.603712194599211e-05, 0.00011700885079335421]]], "alpha": 0.9, "beta": 0.5, "gamma": 5.0, "num_samples": 6000, "node_count": 10, "density": 0.0, "startup_delay": 0.0, "forward_prob": 0}