{"nodes_data": [[[0, 1, 2, 3, 4, 5, 6, 7, 8, 9, 10, 11, 12, 13, 14, 15, 16, 17, 18, 19, 20], [10.79, 10.0, 77.01, 81.96, 83.29, 84.09, 84.83, 84.99, 85.14, 85.55, 85.53, 85.76, 86.39, 86.61, 86.66, 86.89, 87.11, 86.97, 87.3, 87.13, 87.44], [0, 0.005367022007703781, 0.0006501806201413274, 0.00012729826266877353, 6.941513856872916e-05, 7.175080827437341e-05, 7.137264765333384e-05, 7.195568468887359e-05, 7.824075873941183e-05, 7.274356903508306e-05, 8.076652738964185e-05, 8.273846469819546e-05, 8.160230936482549e-05, 8.156443072948605e-05, 8.729835826670751e-05, 8.714983414392918e-05, 8.765355596551672e-05, 9.97688330244273e-05, 8.98864891496487e-05, 0.00010083760571433231, 9.98630202957429e-05]], [[0, 1, 2, 3, 4, 5, 6, 7, 8, 9, 10, 11, 12, 13, 14, 15, 16, 17, 18, 19, 20], [10.01, 16.35, 75.95, 81.46, 82.98, 84.18, 84.83, 84.98, 85.14, 85.6, 85.86, 85.76, 86.39, 86.47, 86.66, 86.9, 87.09, 86.97, 87.31, 87.13, 87.53], [0, 0.00538679538294673, 0.0006303438567556441, 0.00011245712812524289, 7.443324284395203e-05, 6.979652971494943e-05, 7.352612010436133e-05, 7.410092803183943e-05, 7.753352838335559e-05, 7.416945300064981e-05, 8.356248872587457e-05, 8.374908065889031e-05, 8.10803467174992e-05, 8.235360292019323e-05, 9.345056605525315e-05, 8.951094787335023e-05, 8.722692291485146e-05, 9.502471220912412e-05, 9.27119399420917e-05, 9.940690506482497e-05, 9.951001993613318e-05]]], "msds": [[[0, 1, 2, 3, 4, 5, 6, 7, 8, 9, 10, 11, 12, 13, 14, 15, 16, 17, 18, 19, 20], [10.79, 10.0, 77.01, 81.96, 83.29, 84.09, 84.83, 84.99, 85.14, 85.55, 85.53, 85.76, 86.39, 86.61, 86.66, 86.89, 87.11, 86.97, 87.3, 87.13, 87.44], [0, 0.005367022007703781, 0.0006501806201413274, 0.00012729826266877353, 6.941513856872916e-05, 7.175080827437341e-05, 7.137264765333384e-05, 7.195568468887359e-05, 7.824075873941183e-05, 7.274356903508306e-05, 8.076652738964185e-05, 8.273846469819546e-05, 8.160230936482549e-05, 8.156443072948605e-05, 8.729835826670751e-05, 8.714983414392918e-05, 8.765355596551672e-05, 9.97688330244273e-05, 8.98864891496487e-05, 0.00010083760571433231, 9.98630202957429e-05]], [[0, 1, 2, 3, 4, 5, 6, 7, 8, 9, 10, 11, 12, 13, 14, 15, 16, 17, 18, 19, 20], [12.55, 10.0, 75.95, 81.59, 82.98, 84.09, 84.79, 84.98, 85.09, 85.55, 85.86, 86.15, 86.3, 86.44, 86.59, 86.85, 86.97, 86.97, 87.24, 87.13, 87.48], [0, 0.005369890946894884, 0.0005932440981268883, 0.00010586342250462621, 7.208291935967281e-05, 6.854355160612613e-05, 7.077192276483402e-05, 7.647094753338024e-05, 7.72955609136261e-05, 7.469819684047252e-05, 8.061179687501863e-05, 7.985121919773519e-05, 8.27743933768943e-05, 8.054554200498387e-05, 8.650847303215414e-05, 9.459259308641776e-05, 8.954963413998485e-05, 9.782160486793146e-05, 9.513578697806224e-05, 0.0001000980701064691, 9.715558553580195e-05]]], "alpha": 0.0, "beta": 0.0, "gamma": 5.0, "num_samples": 6000, "node_count": 10, "density": 1.0, "startup_delay": 0.0, "forward_prob": 0}