{"nodes_data": [[[0, 1, 2, 3, 4, 5, 6, 7, 8, 9, 10, 11, 12, 13, 14, 15, 16, 17, 18, 19, 20], [10.17, 27.59, 79.14, 82.02, 82.75, 83.01, 84.16, 84.47, 85.43, 85.32, 85.66, 85.35, 85.94, 85.61, 85.75, 86.67, 86.45, 86.69, 86.53, 86.75, 86.35], [0, 0.0053671058267354965, 0.0009018119308166206, 0.00033717419137246907, 0.0001162565458798781, 9.349615720566362e-05, 8.585035538999364e-05, 8.709448593435809e-05, 8.924223220674321e-05, 9.161600610241294e-05, 8.721927588339895e-05, 8.914341015042737e-05, 9.900163422571495e-05, 0.00010208827734459192, 9.419629350304604e-05, 9.242295345757157e-05, 9.650054562371224e-05, 9.310711902799085e-05, 9.202418732456863e-05, 0.00010612126789055765, 0.00011931972403544933]], [[0, 1, 2, 3, 4, 5, 6, 7, 8, 9, 10, 11, 12, 13, 14, 15, 16, 17, 18, 19, 20], [14.53, 23.85, 66.28, 81.4, 82.79, 83.93, 84.22, 84.91, 85.5, 85.45, 85.73, 85.27, 86.24, 85.61, 85.86, 86.79, 86.67, 86.52, 86.72, 86.14, 86.35], [0, 0.005360641982406378, 0.0012328372104093432, 0.0002665230422280729, 8.714869909454137e-05, 9.175393643090501e-05, 8.225515193771571e-05, 8.476447692373767e-05, 0.00010890958947129548, 0.00010188402666244656, 0.00010772681707749143, 9.530888200970367e-05, 0.0001163917186204344, 0.00010574269981589168, 0.00011322208592901006, 0.00010996484343195334, 0.00013638949894811958, 0.00011994685337413102, 0.00011041393008781597, 0.0001066183831426315, 0.00012952674296684563]]], "msds": [[[0, 1, 2, 3, 4, 5, 6, 7, 8, 9, 10, 11, 12, 13, 14, 15, 16, 17, 18, 19, 20], [10.17, 27.59, 79.14, 82.02, 82.75, 83.01, 84.16, 84.47, 85.43, 85.32, 85.66, 85.35, 85.94, 85.61, 85.75, 86.67, 86.45, 86.69, 86.53, 86.75, 86.35], [0, 0.0053671058267354965, 0.0009018119308166206, 0.00033717419137246907, 0.0001162565458798781, 9.349615720566362e-05, 8.585035538999364e-05, 8.709448593435809e-05, 8.924223220674321e-05, 9.161600610241294e-05, 8.721927588339895e-05, 8.914341015042737e-05, 9.900163422571495e-05, 0.00010208827734459192, 9.419629350304604e-05, 9.242295345757157e-05, 9.650054562371224e-05, 9.310711902799085e-05, 9.202418732456863e-05, 0.00010612126789055765, 0.00011931972403544933]], [[0, 1, 2, 3, 4, 5, 6, 7, 8, 9, 10, 11, 12, 13, 14, 15, 16, 17, 18, 19, 20], [8.58, 49.54, 78.58, 82.08, 82.16, 82.55, 84.05, 84.58, 85.08, 85.13, 85.48, 84.67, 85.76, 85.82, 85.41, 86.67, 86.45, 86.37, 86.73, 86.58, 86.96], [0, 0.005364562850445509, 0.0009447624906897545, 0.00026616756804287434, 0.00020075110660400242, 0.00010054757876787335, 8.79587241797708e-05, 9.045493061421439e-05, 9.170009434456006e-05, 8.463887934340164e-05, 9.106936340685934e-05, 8.843703108141199e-05, 9.580694313626736e-05, 0.00010438506433274597, 9.311480243923143e-05, 9.246241097571328e-05, 9.44895509746857e-05, 8.263329073088244e-05, 8.795596659183502e-05, 0.00010428341920487583, 0.00011403161624912173]]], "alpha": 0.0, "beta": 0.5, "gamma": 2.0, "num_samples": 6000, "node_count": 10, "density": 0.15, "startup_delay": 0.0, "forward_prob": 0}