{"nodes_data": [[[0, 1, 2, 3, 4, 5, 6, 7, 8, 9, 10, 11, 12, 13, 14, 15, 16, 17, 18, 19, 20], [12.51, 66.34, 65.07, 69.75, 78.24, 81.64, 82.99, 82.92, 84.29, 84.06, 83.83, 85.08, 85.29, 85.15, 85.9, 85.47, 85.96, 86.13, 85.85, 86.0, 86.66], [0, 0.005372306797653437, 0.0030326226260513067, 0.0012949714437127113, 0.000795965432189405, 0.0005382354138419032, 0.0003344362776260823, 0.0002413739712210372, 0.0001919480855576694, 0.00017086768639273942, 0.00016299111302942038, 0.00015688114217482507, 0.00015494880790356547, 0.0001540988450869918, 0.0001504349202150479, 0.0001539561344543472, 0.0001510527654318139, 0.00015434158558491617, 0.00015519128646701574, 0.00015801550762262195, 0.00015961444296408445]], [[0, 1, 2, 3, 4, 5, 6, 7, 8, 9, 10, 11, 12, 13, 14, 15, 16, 17, 18, 19, 20], [15.68, 60.35, 59.61, 59.35, 78.64, 81.1, 82.28, 83.6, 83.4, 84.3, 84.53, 84.43, 84.46, 85.83, 85.13, 85.69, 85.34, 85.91, 85.27, 86.67, 86.73], [0, 0.005370008759200573, 0.002613353542983532, 0.0011001015082001686, 0.0007331432425417006, 0.0004988923319615424, 0.0003317615482956171, 0.0002325178065802902, 0.00018500446458347142, 0.00016891529958229512, 0.000161294054123573, 0.00015244669339153916, 0.00015250433352775872, 0.00015207292744889855, 0.00015242763038259, 0.00015355016512330621, 0.00015223163063637912, 0.00015819104737602174, 0.00016088788106571883, 0.00016367743955925107, 0.00016638498345855623]]], "msds": [[[0, 1, 2, 3, 4, 5, 6, 7, 8, 9, 10, 11, 12, 13, 14, 15, 16, 17, 18, 19, 20], [12.51, 66.34, 65.07, 69.75, 78.24, 81.64, 82.99, 82.92, 84.29, 84.06, 83.83, 85.08, 85.29, 85.15, 85.9, 85.47, 85.96, 86.13, 85.85, 86.0, 86.66], [0, 0.005372306797653437, 0.0030326226260513067, 0.0012949714437127113, 0.000795965432189405, 0.0005382354138419032, 0.0003344362776260823, 0.0002413739712210372, 0.0001919480855576694, 0.00017086768639273942, 0.00016299111302942038, 0.00015688114217482507, 0.00015494880790356547, 0.0001540988450869918, 0.0001504349202150479, 0.0001539561344543472, 0.0001510527654318139, 0.00015434158558491617, 0.00015519128646701574, 0.00015801550762262195, 0.00015961444296408445]], [[0, 1, 2, 3, 4, 5, 6, 7, 8, 9, 10, 11, 12, 13, 14, 15, 16, 17, 18, 19, 20], [9.49, 47.85, 62.2, 72.41, 76.58, 81.19, 81.5, 83.7, 83.02, 84.55, 84.45, 84.72, 85.09, 85.08, 85.77, 85.12, 85.84, 86.2, 86.04, 86.39, 86.8], [0, 0.005365381482988596, 0.0028210971504449844, 0.0011359357740730047, 0.0006998825701884925, 0.00046425662003457546, 0.0002808579010888934, 0.00020928158483002335, 0.00017837175983004272, 0.0001674918894423172, 0.00015770262689329684, 0.0001594290224602446, 0.0001559957308927551, 0.0001532193855382502, 0.00015397320385091007, 0.00015263179375324398, 0.000154241468408145, 0.0001592805201653391, 0.00015520394663326442, 0.00016655072977300733, 0.00016778695862740278]]], "alpha": 0.5, "beta": 1.0, "gamma": 5.0, "num_samples": 6000, "node_count": 10, "density": 1.0, "startup_delay": 0.0, "forward_prob": 0}