{"nodes_data": [[[0, 1, 2, 3, 4, 5, 6, 7, 8, 9, 10, 11, 12, 13, 14, 15, 16, 17, 18, 19, 20], [11.58, 12.39, 53.15, 67.74, 81.87, 82.88, 83.26, 84.03, 84.28, 84.68, 84.96, 85.17, 85.37, 85.26, 85.9, 85.98, 86.25, 86.04, 86.19, 86.34, 86.48], [0, 0.005387515295296907, 0.0023489496670663357, 0.0006461940938606858, 0.00020212501112837344, 9.881827281787992e-05, 7.907106191851199e-05, 7.530274160671979e-05, 7.247208122862503e-05, 7.272885704878718e-05, 7.743985042907298e-05, 7.879918848630041e-05, 8.09855991974473e-05, 8.298565080622211e-05, 8.877403161022812e-05, 8.511597116012126e-05, 8.716154843568802e-05, 8.734948642086238e-05, 9.278503421228379e-05, 9.36904179980047e-05, 9.932967077475041e-05]], [[0, 1, 2, 3, 4, 5, 6, 7, 8, 9, 10, 11, 12, 13, 14, 15, 16, 17, 18, 19, 20], [5.93, 35.25, 19.09, 68.94, 81.44, 82.65, 83.13, 83.91, 84.15, 84.61, 84.93, 85.2, 85.37, 85.33, 85.61, 85.84, 86.23, 85.98, 86.17, 86.42, 86.51], [0, 0.005373513326048851, 0.003508923575282097, 0.000794611987657845, 0.00025982418446801603, 0.00011116961832158267, 7.676635141251609e-05, 7.057670154608786e-05, 7.327867933781818e-05, 7.096750050550327e-05, 7.576210191473365e-05, 7.445583469234407e-05, 8.137629629345611e-05, 8.408776193391532e-05, 8.057559898588806e-05, 8.56111291795969e-05, 8.269751560874283e-05, 8.780652569839731e-05, 9.230322757503018e-05, 8.843261457514018e-05, 9.240825602319092e-05]]], "msds": [[[0, 1, 2, 3, 4, 5, 6, 7, 8, 9, 10, 11, 12, 13, 14, 15, 16, 17, 18, 19, 20], [11.58, 12.39, 53.15, 67.74, 81.87, 82.88, 83.26, 84.03, 84.28, 84.68, 84.96, 85.17, 85.37, 85.26, 85.9, 85.98, 86.25, 86.04, 86.19, 86.34, 86.48], [0, 0.005387515295296907, 0.0023489496670663357, 0.0006461940938606858, 0.00020212501112837344, 9.881827281787992e-05, 7.907106191851199e-05, 7.530274160671979e-05, 7.247208122862503e-05, 7.272885704878718e-05, 7.743985042907298e-05, 7.879918848630041e-05, 8.09855991974473e-05, 8.298565080622211e-05, 8.877403161022812e-05, 8.511597116012126e-05, 8.716154843568802e-05, 8.734948642086238e-05, 9.278503421228379e-05, 9.36904179980047e-05, 9.932967077475041e-05]], [[0, 1, 2, 3, 4, 5, 6, 7, 8, 9, 10, 11, 12, 13, 14, 15, 16, 17, 18, 19, 20], [9.13, 11.5, 69.11, 79.81, 81.7, 82.98, 83.64, 83.92, 84.28, 84.74, 84.98, 85.28, 85.21, 85.56, 85.84, 86.21, 86.19, 85.95, 86.16, 86.5, 86.52], [0, 0.00536760501563549, 0.0011103253345936537, 0.00041516442433930933, 0.0001826041261665523, 9.544603381073102e-05, 7.463111978722736e-05, 7.432552956743166e-05, 7.370586536126211e-05, 7.744742470094934e-05, 7.907413964858279e-05, 8.296359737869352e-05, 8.793392771622166e-05, 8.704380161361769e-05, 8.856539352564141e-05, 8.468053420074284e-05, 8.626436465419829e-05, 9.013818635139614e-05, 9.263432730222121e-05, 9.569270332576707e-05, 9.621786011848599e-05]]], "alpha": 0.0, "beta": 2.0, "gamma": 1.0, "num_samples": 6000, "node_count": 10, "density": 1.0, "startup_delay": 0.0, "forward_prob": 0}