{"nodes_data": [[[0, 1, 2, 3, 4, 5, 6, 7, 8, 9, 10, 11, 12, 13, 14, 15, 16, 17, 18, 19, 20], [10.21, 52.48, 51.53, 74.29, 80.68, 82.4, 83.82, 84.14, 84.64, 84.97, 85.54, 85.87, 86.12, 86.11, 86.13, 86.28, 86.66, 86.98, 86.52, 87.06, 87.21], [0, 0.005369115155190229, 0.0017421417869627476, 0.0008923661080189049, 0.0005327161634340882, 0.0002965930034406483, 0.00021405966253951192, 0.00017336926248390228, 0.0001569013111293316, 0.0001516418851679191, 0.0001470666757086292, 0.00014893269690219313, 0.00014868077414575964, 0.0001500775251770392, 0.00014543349971063435, 0.00014940861728973687, 0.0001454997982364148, 0.00014887817087583244, 0.00016044368385337293, 0.0001599771057954058, 0.0001477121259085834]], [[0, 1, 2, 3, 4, 5, 6, 7, 8, 9, 10, 11, 12, 13, 14, 15, 16, 17, 18, 19, 20], [7.24, 60.1, 52.95, 63.54, 81.08, 83.13, 84.39, 82.98, 85.03, 85.26, 85.78, 85.41, 85.61, 85.74, 86.0, 86.55, 86.53, 87.23, 86.62, 87.05, 86.96], [0, 0.005373968742787838, 0.0016295125242322683, 0.0008847129065543413, 0.0005153581732884049, 0.0003043742326553911, 0.00020733867131639272, 0.00017173500964418054, 0.00015902362065389752, 0.00015372053894679993, 0.0001580088137416169, 0.00014554857625626028, 0.00015948590589687228, 0.0001514041214250028, 0.00014847797865513712, 0.00015747676661703736, 0.00014925008872523904, 0.0001575783680891618, 0.0001593937340658158, 0.00015374865324702114, 0.00015791162149980664]]], "msds": [[[0, 1, 2, 3, 4, 5, 6, 7, 8, 9, 10, 11, 12, 13, 14, 15, 16, 17, 18, 19, 20], [10.21, 52.48, 51.53, 74.29, 80.68, 82.4, 83.82, 84.14, 84.64, 84.97, 85.54, 85.87, 86.12, 86.11, 86.13, 86.28, 86.66, 86.98, 86.52, 87.06, 87.21], [0, 0.005369115155190229, 0.0017421417869627476, 0.0008923661080189049, 0.0005327161634340882, 0.0002965930034406483, 0.00021405966253951192, 0.00017336926248390228, 0.0001569013111293316, 0.0001516418851679191, 0.0001470666757086292, 0.00014893269690219313, 0.00014868077414575964, 0.0001500775251770392, 0.00014543349971063435, 0.00014940861728973687, 0.0001454997982364148, 0.00014887817087583244, 0.00016044368385337293, 0.0001599771057954058, 0.0001477121259085834]], [[0, 1, 2, 3, 4, 5, 6, 7, 8, 9, 10, 11, 12, 13, 14, 15, 16, 17, 18, 19, 20], [9.58, 61.27, 48.3, 73.4, 82.42, 83.33, 84.09, 84.0, 84.83, 85.09, 85.2, 85.82, 86.0, 86.13, 86.36, 86.58, 86.94, 87.05, 86.53, 86.95, 87.1], [0, 0.005365987308323383, 0.0016029346734285355, 0.0008565838215872645, 0.0004986181738786399, 0.00029964398709125817, 0.00020356547611299902, 0.00017923599807545543, 0.00015768944285809994, 0.00014600259601138532, 0.00014979556726757437, 0.00014907403965480626, 0.00014928831660654396, 0.0001459702616557479, 0.00015299153164960444, 0.00015621274360455573, 0.0001494789612479508, 0.00016001658514142036, 0.00016341486480087042, 0.00016972902812995017, 0.00016285007586702704]]], "alpha": 0.5, "beta": 0.5, "gamma": 5.0, "num_samples": 6000, "node_count": 10, "density": 1.0, "startup_delay": 0.0, "forward_prob": 0}