{"nodes_data": [[[0, 1, 2, 3, 4, 5, 6, 7, 8, 9, 10, 11, 12, 13, 14, 15, 16, 17, 18, 19, 20], [3.96, 15.54, 75.28, 81.22, 83.03, 84.15, 83.94, 84.88, 85.41, 85.64, 85.24, 86.03, 86.17, 86.47, 86.39, 86.27, 86.9, 86.76, 86.87, 87.24, 87.09], [0, 0.0053596775978803635, 0.0010326069314032793, 0.0004028655821457505, 0.0002098871482303366, 0.00013155634223949164, 0.00010466636740602553, 9.122930350713432e-05, 8.771217108005658e-05, 7.537408964708447e-05, 0.00010388565715402365, 9.004079038277268e-05, 8.647229697089642e-05, 8.386383706238121e-05, 8.883263217285275e-05, 9.442331065656617e-05, 8.744464139454067e-05, 8.65808833623305e-05, 8.326629176735878e-05, 8.744675142224878e-05, 9.291175956605002e-05]], [[0, 1, 2, 3, 4, 5, 6, 7, 8, 9, 10, 11, 12, 13, 14, 15, 16, 17, 18, 19, 20], [12.32, 32.34, 75.58, 81.07, 82.86, 83.96, 84.06, 84.83, 85.45, 85.58, 86.03, 86.23, 86.15, 86.01, 86.37, 86.29, 86.52, 86.73, 87.15, 87.23, 86.96], [0, 0.00534528773277998, 0.0011143727460876107, 0.00044566276483237743, 0.0002276654849993065, 0.00013931264402344823, 0.00012068033538525924, 0.00010263727745041251, 0.00010786199709400535, 9.146455704467371e-05, 8.561422873754054e-05, 7.543234823970124e-05, 7.44126591598615e-05, 7.535977056249976e-05, 9.216507896780968e-05, 8.574053208576515e-05, 9.534302080282941e-05, 9.24879641388543e-05, 9.415100066689774e-05, 0.00010621518595144153, 9.67200321611017e-05]]], "msds": [[[0, 1, 2, 3, 4, 5, 6, 7, 8, 9, 10, 11, 12, 13, 14, 15, 16, 17, 18, 19, 20], [3.96, 15.54, 75.28, 81.22, 83.03, 84.15, 83.94, 84.88, 85.41, 85.64, 85.24, 86.03, 86.17, 86.47, 86.39, 86.27, 86.9, 86.76, 86.87, 87.24, 87.09], [0, 0.0053596775978803635, 0.0010326069314032793, 0.0004028655821457505, 0.0002098871482303366, 0.00013155634223949164, 0.00010466636740602553, 9.122930350713432e-05, 8.771217108005658e-05, 7.537408964708447e-05, 0.00010388565715402365, 9.004079038277268e-05, 8.647229697089642e-05, 8.386383706238121e-05, 8.883263217285275e-05, 9.442331065656617e-05, 8.744464139454067e-05, 8.65808833623305e-05, 8.326629176735878e-05, 8.744675142224878e-05, 9.291175956605002e-05]], [[0, 1, 2, 3, 4, 5, 6, 7, 8, 9, 10, 11, 12, 13, 14, 15, 16, 17, 18, 19, 20], [5.49, 34.43, 70.47, 79.2, 81.96, 82.15, 83.35, 84.22, 85.28, 84.78, 85.44, 84.96, 85.62, 86.08, 85.9, 86.2, 86.11, 86.46, 86.76, 87.23, 86.86], [0, 0.005371908191591501, 0.0021053054369986057, 0.0010934434831142426, 0.0007071962463669479, 0.0004154098860453814, 0.0002809811267070472, 0.0001512256421847269, 0.000111799941805657, 0.00010978506179526448, 0.00010295316315023229, 0.00010056868632091209, 0.00015092871035449207, 9.920348384184763e-05, 0.00010388209921075031, 0.00010325231414753944, 0.00010447933891555294, 9.94038928183727e-05, 0.00011278247984591872, 0.00010617371299304068, 0.00010617934458423406]]], "alpha": 0.9, "beta": 1.0, "gamma": 5.0, "num_samples": 6000, "node_count": 10, "density": 0.15, "startup_delay": 0.0, "forward_prob": 0}