{"nodes_data": [[[0, 1, 2, 3, 4, 5, 6, 7, 8, 9, 10, 11, 12, 13, 14, 15, 16, 17, 18, 19, 20], [8.63, 45.01, 78.1, 81.96, 81.9, 82.95, 83.08, 84.07, 83.15, 81.02, 83.55, 82.83, 83.27, 84.38, 84.32, 85.07, 85.72, 86.0, 86.2, 85.28, 85.74], [0, 0.005376080516725779, 0.001506296219304204, 0.0009930424857884645, 0.000612434174399823, 0.0003440772998146713, 0.00016036587476264685, 0.00013108130951877683, 0, 0, 0, 0, 0, 0, 0, 0.0005458051455207169, 0.00022561682271771133, 0.00015004836313892156, 0.0001604432036401704, 0, 0]], [[0, 1, 2, 3, 4, 5, 6, 7, 8, 9, 10, 11, 12, 13, 14, 15, 16, 17, 18, 19, 20], [13.46, 79.89, 50.58, 79.46, 80.83, 83.34, 83.56, 83.55, 84.14, 84.04, 83.62, 84.19, 85.33, 84.86, 85.22, 85.02, 85.26, 84.78, 85.16, 85.23, 86.21], [0, 0, 0.005550029221922159, 0.0011140634305775166, 0.0008272856939584017, 0.0006802883581258357, 0.00043514359276741743, 0.0004413770220708102, 0.0004593318735715002, 0.0004446856037247926, 0.00043306886800564826, 0.0004399206372909248, 0.0004517595225479454, 0.0004522405215539038, 0.000456011708592996, 0.0005876929499208927, 0.000646408589091152, 0.0005473236087709665, 0.0004949564463458955, 0.0004942791420035064, 0.00048012210754677653]]], "msds": [[[0, 1, 2, 3, 4, 5, 6, 7, 8, 9, 10, 11, 12, 13, 14, 15, 16, 17, 18, 19, 20], [8.63, 45.01, 78.1, 81.96, 81.9, 82.95, 83.08, 84.07, 83.15, 81.02, 83.55, 82.83, 83.27, 84.38, 84.32, 85.07, 85.72, 86.0, 86.2, 85.28, 85.74], [0, 0.005376080516725779, 0.001506296219304204, 0.0009930424857884645, 0.000612434174399823, 0.0003440772998146713, 0.00016036587476264685, 0.00013108130951877683, 0, 0, 0, 0, 0, 0, 0, 0.0005458051455207169, 0.00022561682271771133, 0.00015004836313892156, 0.0001604432036401704, 0, 0]], [[0, 1, 2, 3, 4, 5, 6, 7, 8, 9, 10, 11, 12, 13, 14, 15, 16, 17, 18, 19, 20], [9.61, 45.31, 82.41, 82.22, 81.99, 83.24, 83.04, 82.54, 84.12, 84.21, 84.07, 84.66, 85.07, 83.6, 85.12, 84.81, 82.84, 84.32, 84.56, 85.93, 86.26], [0, 0.005336964502930641, 0.0015591321280226111, 0.0004730238579213619, 0.0007415811414830387, 0.00025722189457155764, 0.00017094086797442287, 0.00014198196004144847, 0.0001769250666256994, 0.0001773508993210271, 0.00016458187019452453, 0.00020834039605688304, 0, 0, 0, 0, 0, 0, 0, 0.0006079079466871917, 0.0002548776683397591]]], "alpha": 0.5, "beta": 1.0, "gamma": 0.0, "num_samples": 6000, "node_count": 10, "density": 0.0, "startup_delay": 0.0, "forward_prob": 0}