{"nodes_data": [[[0, 1, 2, 3, 4, 5, 6, 7, 8, 9, 10, 11, 12, 13, 14, 15, 16, 17, 18, 19, 20], [12.66, 28.61, 71.25, 81.83, 83.15, 83.87, 84.05, 85.1, 84.97, 84.34, 85.4, 85.62, 85.53, 86.51, 86.62, 86.62, 86.42, 86.67, 86.61, 86.72, 86.9], [0, 0.005342439282685518, 0.0011903643608093262, 0.0005174952675588429, 0.00034336987300775945, 0.0002962459984701127, 0.00026676736888475716, 0.00026283221086487174, 0.0002547612239141017, 0.00025200771051459014, 0.0002443237171974033, 0.00023794521985109895, 0.00024306855630129576, 0.00024575990391895175, 0.0002521378919482231, 0.0002537944237701595, 0.0002620485902298242, 0.0002656633732840419, 0.0002662495244294405, 0.00026120172697119415, 0.0002623827022034675]], [[0, 1, 2, 3, 4, 5, 6, 7, 8, 9, 10, 11, 12, 13, 14, 15, 16, 17, 18, 19, 20], [13.16, 24.07, 71.26, 80.39, 83.47, 82.56, 83.89, 85.14, 85.33, 85.32, 86.05, 86.26, 86.23, 86.86, 86.77, 86.79, 86.55, 87.12, 86.69, 86.21, 87.22], [0, 0.005375694017857313, 0.0011778826592490077, 0.0005565524916164577, 0.0003530863905325532, 0.00027190582477487624, 0.00023929958115331829, 0.00021434013615362346, 0.00020881116506643593, 0.00020315565052442253, 0.00019680366676766425, 0.00020001872326247394, 0.0002009676245506853, 0.000203508825507015, 0.00020068360026925802, 0.00020868456340394914, 0.00021508957433979958, 0.00021113245747983456, 0.00021007837494835258, 0.00022248565801419318, 0.00021447741892188787]]], "msds": [[[0, 1, 2, 3, 4, 5, 6, 7, 8, 9, 10, 11, 12, 13, 14, 15, 16, 17, 18, 19, 20], [12.66, 28.61, 71.25, 81.83, 83.15, 83.87, 84.05, 85.1, 84.97, 84.34, 85.4, 85.62, 85.53, 86.51, 86.62, 86.62, 86.42, 86.67, 86.61, 86.72, 86.9], [0, 0.005342439282685518, 0.0011903643608093262, 0.0005174952675588429, 0.00034336987300775945, 0.0002962459984701127, 0.00026676736888475716, 0.00026283221086487174, 0.0002547612239141017, 0.00025200771051459014, 0.0002443237171974033, 0.00023794521985109895, 0.00024306855630129576, 0.00024575990391895175, 0.0002521378919482231, 0.0002537944237701595, 0.0002620485902298242, 0.0002656633732840419, 0.0002662495244294405, 0.00026120172697119415, 0.0002623827022034675]], [[0, 1, 2, 3, 4, 5, 6, 7, 8, 9, 10, 11, 12, 13, 14, 15, 16, 17, 18, 19, 20], [10.7, 40.36, 76.75, 81.69, 82.85, 83.22, 83.85, 84.84, 84.74, 84.22, 85.11, 85.39, 86.01, 85.52, 85.93, 86.22, 86.37, 86.43, 86.51, 86.85, 86.73], [0, 0.0053692650981247425, 0.0011806387919932604, 0.0005543850129470229, 0.00038897362537682056, 0.00033234935835935175, 0.000308876798953861, 0.00029700880986638367, 0.00029237542185001075, 0.00028838240541517735, 0.00028831695090048015, 0.00028807780472561717, 0.00028465085779316723, 0.00028312174254097044, 0.00028261516126804054, 0.00027529505314305425, 0.00028373621171340346, 0.00029937439830973744, 0.00028588389977812767, 0.0002782880619633943, 0.00028998017660342157]]], "alpha": 0.7, "beta": 2.0, "gamma": 5.0, "num_samples": 6000, "node_count": 10, "density": 0.0, "startup_delay": 0.0, "forward_prob": 0}