{"nodes_data": [[[0, 1, 2, 3, 4, 5, 6, 7, 8, 9, 10, 11, 12, 13, 14, 15, 16, 17, 18, 19, 20], [13.59, 46.22, 71.41, 76.8, 81.88, 83.37, 83.95, 84.05, 84.72, 85.38, 84.86, 85.26, 85.66, 85.87, 86.16, 86.43, 86.51, 86.02, 86.97, 86.29, 86.45], [0, 0.005365796387195587, 0.001364733325317502, 0.0008169719949364662, 0.0005918199894949794, 0.00047168266610242426, 0.0003783342835959047, 0.0003186766116414219, 0.00030305716791190207, 0.00026317278388887644, 0.0002462220727466047, 0.00021890945208724588, 0.00021041615400463343, 0.0001939892681548372, 0.0001921244984259829, 0.00018710234144236892, 0.00018426356837153435, 0.00018212449504062533, 0.00018817896489053965, 0.00018131300748791546, 0.00018555329006630927]], [[0, 1, 2, 3, 4, 5, 6, 7, 8, 9, 10, 11, 12, 13, 14, 15, 16, 17, 18, 19, 20], [4.25, 54.64, 74.34, 80.98, 82.06, 82.26, 83.35, 84.07, 84.58, 84.97, 84.61, 85.4, 85.4, 85.13, 86.01, 85.79, 86.07, 86.71, 85.34, 86.06, 86.63], [0, 0.005375496111810207, 0.001242156489752233, 0.0007739861612208188, 0.0005880760727450252, 0.0005000289529561996, 0.00043325647129677236, 0.0003780073893722147, 0.0003308215527795255, 0.00029166851891204715, 0.000267984316451475, 0.0002923034189734608, 0.00023749536194372922, 0.00021503034804482013, 0.00021108124929014593, 0.0001956858905032277, 0.0001913251617224887, 0.0001987126743188128, 0.00018508784705772996, 0.0001854348520282656, 0.0001805387291824445]]], "msds": [[[0, 1, 2, 3, 4, 5, 6, 7, 8, 9, 10, 11, 12, 13, 14, 15, 16, 17, 18, 19, 20], [13.59, 46.22, 71.41, 76.8, 81.88, 83.37, 83.95, 84.05, 84.72, 85.38, 84.86, 85.26, 85.66, 85.87, 86.16, 86.43, 86.51, 86.02, 86.97, 86.29, 86.45], [0, 0.005365796387195587, 0.001364733325317502, 0.0008169719949364662, 0.0005918199894949794, 0.00047168266610242426, 0.0003783342835959047, 0.0003186766116414219, 0.00030305716791190207, 0.00026317278388887644, 0.0002462220727466047, 0.00021890945208724588, 0.00021041615400463343, 0.0001939892681548372, 0.0001921244984259829, 0.00018710234144236892, 0.00018426356837153435, 0.00018212449504062533, 0.00018817896489053965, 0.00018131300748791546, 0.00018555329006630927]], [[0, 1, 2, 3, 4, 5, 6, 7, 8, 9, 10, 11, 12, 13, 14, 15, 16, 17, 18, 19, 20], [10.46, 42.15, 73.13, 79.35, 82.96, 82.82, 83.99, 84.44, 84.55, 84.96, 84.27, 84.94, 85.43, 85.55, 85.34, 86.0, 85.94, 86.15, 86.49, 85.96, 87.11], [0, 0.0053827036172151566, 0.0013411507243290544, 0.0008336503524333239, 0.0006010110373608768, 0.0004788265796378255, 0.0003979565517511219, 0.0003375257074367255, 0.00029162937426008284, 0.0002634576230775565, 0.0002282617788296193, 0.00024788896553218365, 0.0002205039927503094, 0.00020845583640038967, 0.0002017059741774574, 0.00019391874957364053, 0.00019222282571718097, 0.00018597407324705273, 0.00018515328702051193, 0.00017793384904507548, 0.0001801242760848254]]], "alpha": 0.5, "beta": 1.0, "gamma": 5.0, "num_samples": 6000, "node_count": 10, "density": 0.15, "startup_delay": 0.0, "forward_prob": 0}