{"nodes_data": [[[0, 1, 2, 3, 4, 5, 6, 7, 8, 9, 10, 11, 12, 13, 14, 15, 16, 17, 18, 19, 20], [15.2, 12.63, 77.9, 82.76, 83.87, 84.28, 84.66, 84.02, 84.9, 83.92, 85.39, 85.03, 84.44, 84.63, 84.79, 82.84, 84.73, 85.04, 85.82, 84.32, 85.22], [0, 0.005384034477174282, 0.003087293356657028, 0.000386516738217324, 0.00013320478319656104, 0.00011197590356459841, 0.00011622541205724701, 0.00011540581908775494, 0.00011455232743173838, 0.0001164580971817486, 0.000114274094812572, 0.0001178158272523433, 0, 0, 0.00010050513810710981, 0, 0, 0, 0, 0, 0]], [[0, 1, 2, 3, 4, 5, 6, 7, 8, 9, 10, 11, 12, 13, 14, 15, 16, 17, 18, 19, 20], [10.28, 80.02, 80.81, 81.74, 83.32, 83.28, 83.38, 82.15, 83.69, 81.84, 84.75, 83.63, 85.05, 85.2, 83.3, 84.81, 85.76, 85.97, 86.22, 86.09, 85.86], [0, 0, 0, 0, 0, 0, 0, 0, 0, 0, 0, 0, 0.00011274628195678815, 9.966071229428053e-05, 0, 0.00010889577970374376, 9.85036967904307e-05, 9.697194036561996e-05, 9.883064194582403e-05, 0.00010398765152785927, 0.00011680670286295936]]], "msds": [[[0, 1, 2, 3, 4, 5, 6, 7, 8, 9, 10, 11, 12, 13, 14, 15, 16, 17, 18, 19, 20], [15.2, 12.63, 77.9, 82.76, 83.87, 84.28, 84.66, 84.02, 84.9, 83.92, 85.39, 85.03, 84.44, 84.63, 84.79, 82.84, 84.73, 85.04, 85.82, 84.32, 85.22], [0, 0.005384034477174282, 0.003087293356657028, 0.000386516738217324, 0.00013320478319656104, 0.00011197590356459841, 0.00011622541205724701, 0.00011540581908775494, 0.00011455232743173838, 0.0001164580971817486, 0.000114274094812572, 0.0001178158272523433, 0, 0, 0.00010050513810710981, 0, 0, 0, 0, 0, 0]], [[0, 1, 2, 3, 4, 5, 6, 7, 8, 9, 10, 11, 12, 13, 14, 15, 16, 17, 18, 19, 20], [10.65, 10.88, 68.6, 81.8, 83.57, 84.32, 85.28, 85.36, 85.49, 85.66, 85.71, 85.76, 85.32, 85.57, 86.13, 86.16, 86.46, 86.66, 86.79, 86.74, 86.63], [0, 0.00537156080827117, 0.001493433490395546, 0.0005723148351535201, 0.0005254391580820084, 0.00039398384978994727, 0.00024613228742964566, 0.00018325421842746437, 0.00016053476429078728, 0.0001444997760700062, 0.00018814444774761796, 0.0001535352348582819, 0.00014527713938150555, 0.00013846340880263597, 0.00013791992387268692, 0.00012924546899739653, 0.00013273036165628582, 0.00013909507833886892, 0.00014409013965632766, 0.00014424658729694784, 0.0001685782481217757]]], "alpha": 0.7, "beta": 0.0, "gamma": 0.0, "num_samples": 6000, "node_count": 10, "density": 1.0, "startup_delay": 0.0, "forward_prob": 0}