{"nodes_data": [[[0, 1, 2, 3, 4, 5, 6, 7, 8, 9, 10, 11, 12, 13, 14, 15, 16, 17, 18, 19, 20], [11.45, 21.94, 55.24, 61.47, 80.13, 81.82, 82.93, 83.55, 84.35, 84.55, 84.75, 84.69, 84.96, 85.63, 85.64, 86.03, 86.14, 86.16, 86.19, 86.12, 86.79], [0, 0.005349989514797926, 0.003075601300224662, 0.0014511615736410022, 0.0005132994265295565, 0.00024002486316021532, 0.00013695386587642133, 0.00011024672130588442, 0.0001021372590912506, 0.00010451827256474644, 0.00010277386172674596, 0.00010116209887200966, 0.00010967659909510985, 0.00010741371806943789, 0.00010339917207602412, 0.0001060476788552478, 0.00010799574374686927, 0.00010473449947312474, 0.00011767787509597838, 0.00011329622793709859, 0.00011931207700399682]], [[0, 1, 2, 3, 4, 5, 6, 7, 8, 9, 10, 11, 12, 13, 14, 15, 16, 17, 18, 19, 20], [11.59, 33.33, 58.71, 69.9, 79.17, 81.76, 83.45, 83.42, 84.41, 84.59, 85.01, 84.69, 84.91, 85.18, 85.57, 86.01, 85.8, 85.83, 86.48, 86.11, 86.48], [0, 0.005374407395720482, 0.0034449752420186996, 0.0012937551364302635, 0.000463431904790923, 0.00022001822071615607, 0.000130634376546368, 0.00010599613597150892, 0.0001036821267916821, 9.956504800356925e-05, 0.00010203057172475383, 0.00010449912952026352, 0.00010469258268130943, 0.00010687933536246419, 0.00011117695976281539, 0.00010800990276038647, 0.00011076893861172721, 0.0001148070368799381, 0.00011612643720582128, 0.0001179322789539583, 0.00011450136662460864]]], "msds": [[[0, 1, 2, 3, 4, 5, 6, 7, 8, 9, 10, 11, 12, 13, 14, 15, 16, 17, 18, 19, 20], [11.45, 21.94, 55.24, 61.47, 80.13, 81.82, 82.93, 83.55, 84.35, 84.55, 84.75, 84.69, 84.96, 85.63, 85.64, 86.03, 86.14, 86.16, 86.19, 86.12, 86.79], [0, 0.005349989514797926, 0.003075601300224662, 0.0014511615736410022, 0.0005132994265295565, 0.00024002486316021532, 0.00013695386587642133, 0.00011024672130588442, 0.0001021372590912506, 0.00010451827256474644, 0.00010277386172674596, 0.00010116209887200966, 0.00010967659909510985, 0.00010741371806943789, 0.00010339917207602412, 0.0001060476788552478, 0.00010799574374686927, 0.00010473449947312474, 0.00011767787509597838, 0.00011329622793709859, 0.00011931207700399682]], [[0, 1, 2, 3, 4, 5, 6, 7, 8, 9, 10, 11, 12, 13, 14, 15, 16, 17, 18, 19, 20], [6.66, 27.86, 55.9, 75.01, 80.97, 82.21, 83.11, 83.62, 84.42, 84.74, 84.62, 85.06, 84.92, 85.1, 85.41, 85.74, 85.95, 85.93, 86.45, 86.49, 86.17], [0, 0.0053746700286865234, 0.0019913618452847004, 0.0009011724032461643, 0.00037922192132100463, 0.00020157154358457774, 0.0001228999753948301, 0.00010283439769409597, 0.00010221143020316958, 9.853624214883894e-05, 9.79747055680491e-05, 9.91386259556748e-05, 0.00010249825572827831, 0.00010939079220406711, 0.00010767526691779494, 0.00010780982847791165, 0.00010876885062316433, 0.00010809299419634044, 0.00012040326691931114, 0.00011793633893830702, 0.00011545541201485321]]], "alpha": 0.7, "beta": 1.0, "gamma": 0.0, "num_samples": 6000, "node_count": 10, "density": 0.75, "startup_delay": 0.0, "forward_prob": 0}