{"nodes_data": [[[0, 1, 2, 3, 4, 5, 6, 7, 8, 9, 10, 11, 12, 13, 14, 15, 16, 17, 18, 19, 20], [9.58, 26.57, 68.67, 81.34, 82.98, 83.62, 84.49, 84.89, 85.46, 85.39, 85.28, 86.1, 86.01, 86.92, 86.64, 86.63, 86.92, 87.05, 87.26, 87.46, 87.58], [0, 0.005377880297601223, 0.0008444652194157243, 0.0003366729652043432, 0.00015872876974754035, 0.00010634518548613414, 8.619847358204424e-05, 9.671304724179208e-05, 9.985898213926703e-05, 9.126553777605295e-05, 9.610014240024611e-05, 9.861515718512237e-05, 0.0001024972225422971, 0.00010622418631101027, 0.00011404775432310998, 0.00011138779518660158, 0.00011003940744558349, 0.00010766628838609904, 0.00012206459359731525, 0.00011769295815611258, 0.00012944743502885103]], [[0, 1, 2, 3, 4, 5, 6, 7, 8, 9, 10, 11, 12, 13, 14, 15, 16, 17, 18, 19, 20], [10.82, 35.27, 62.22, 81.33, 82.52, 83.6, 84.38, 84.83, 85.24, 85.38, 85.39, 86.11, 85.99, 86.81, 86.51, 86.96, 86.85, 87.04, 87.15, 87.2, 87.49], [0, 0.0053713517263531685, 0.001003410667181015, 0.00035738246515393257, 0.00011996514513157308, 0.00010460267367307097, 9.930216037901118e-05, 9.691598097560927e-05, 9.90405969787389e-05, 9.726748976390809e-05, 0.0001020702111418359, 0.0001102258829632774, 0.00011228676157770678, 0.00010036210005637258, 0.00011590468784561381, 0.00011499492393340915, 0.00011211729724891484, 0.00012828869512304664, 0.00011592036025831476, 0.00012011687795165926, 0.0001311714731855318]]], "msds": [[[0, 1, 2, 3, 4, 5, 6, 7, 8, 9, 10, 11, 12, 13, 14, 15, 16, 17, 18, 19, 20], [9.58, 26.57, 68.67, 81.34, 82.98, 83.62, 84.49, 84.89, 85.46, 85.39, 85.28, 86.1, 86.01, 86.92, 86.64, 86.63, 86.92, 87.05, 87.26, 87.46, 87.58], [0, 0.005377880297601223, 0.0008444652194157243, 0.0003366729652043432, 0.00015872876974754035, 0.00010634518548613414, 8.619847358204424e-05, 9.671304724179208e-05, 9.985898213926703e-05, 9.126553777605295e-05, 9.610014240024611e-05, 9.861515718512237e-05, 0.0001024972225422971, 0.00010622418631101027, 0.00011404775432310998, 0.00011138779518660158, 0.00011003940744558349, 0.00010766628838609904, 0.00012206459359731525, 0.00011769295815611258, 0.00012944743502885103]], [[0, 1, 2, 3, 4, 5, 6, 7, 8, 9, 10, 11, 12, 13, 14, 15, 16, 17, 18, 19, 20], [10.1, 24.18, 66.0, 81.51, 82.56, 83.72, 84.16, 85.02, 85.43, 85.44, 85.66, 85.9, 86.09, 86.88, 86.61, 86.97, 86.77, 86.37, 87.18, 87.22, 87.64], [0, 0.005383978597819805, 0.0009767926530912519, 0.0003722350811585784, 0.00015978446754161268, 0.00010728493361966684, 9.488088835496455e-05, 8.939243707573041e-05, 8.747321408009157e-05, 9.36894430196844e-05, 9.520840831100941e-05, 0.00010395836579846218, 9.917148418026045e-05, 9.70927721937187e-05, 0.00010397859296062961, 0.00011242218170082197, 0.00010732117516454309, 0.00011436470958869904, 0.00012011737999273464, 0.00011911478941328824, 0.0001179891187348403]]], "alpha": 0.7, "beta": 0.0, "gamma": 2.0, "num_samples": 6000, "node_count": 10, "density": 1.0, "startup_delay": 0.0, "forward_prob": 0}