{"nodes_data": [[[0, 1, 2, 3, 4, 5, 6, 7, 8, 9, 10, 11, 12, 13, 14, 15, 16, 17, 18, 19, 20], [12.16, 36.03, 64.55, 81.29, 83.47, 83.71, 84.34, 85.67, 84.94, 85.61, 84.91, 85.72, 86.18, 86.57, 86.68, 85.53, 86.19, 86.71, 86.75, 86.72, 87.15], [0, 0.005392389837652445, 0.0018394114449620247, 0.0004755562695208937, 0.00018472052761353552, 8.320300548803061e-05, 6.948319787625223e-05, 4.8370668082498014e-05, 4.851981793763116e-05, 4.606950460583903e-05, 4.318360879551619e-05, 8.803856326267123e-05, 7.82445931690745e-05, 6.799466791562736e-05, 5.5937878641998395e-05, 6.113281415309757e-05, 5.6315951951546595e-05, 8.989754132926464e-05, 6.09776507189963e-05, 6.500526797026396e-05, 5.921432966715656e-05]], [[0, 1, 2, 3, 4, 5, 6, 7, 8, 9, 10, 11, 12, 13, 14, 15, 16, 17, 18, 19, 20], [7.83, 46.9, 61.2, 82.78, 83.52, 84.53, 84.22, 84.71, 85.12, 86.17, 86.49, 86.73, 86.72, 86.59, 86.21, 85.21, 86.3, 86.23, 84.95, 86.56, 87.01], [0, 0.005357234738767147, 0.0018489571521058679, 0.00035388386459089816, 0.00011433561303419992, 7.494497549487278e-05, 7.843848288757727e-05, 5.5800319387344643e-05, 9.691032755654305e-05, 0.00011704868666129187, 0.00013076425238978118, 9.915049304254353e-05, 7.241999264806509e-05, 7.573098264401779e-05, 6.225779361557215e-05, 0.0001167098234873265, 0.00013721248251385987, 8.961278945207596e-05, 8.111932402243838e-05, 6.800010305596516e-05, 0.00016600490198470652]]], "msds": [[[0, 1, 2, 3, 4, 5, 6, 7, 8, 9, 10, 11, 12, 13, 14, 15, 16, 17, 18, 19, 20], [12.16, 36.03, 64.55, 81.29, 83.47, 83.71, 84.34, 85.67, 84.94, 85.61, 84.91, 85.72, 86.18, 86.57, 86.68, 85.53, 86.19, 86.71, 86.75, 86.72, 87.15], [0, 0.005392389837652445, 0.0018394114449620247, 0.0004755562695208937, 0.00018472052761353552, 8.320300548803061e-05, 6.948319787625223e-05, 4.8370668082498014e-05, 4.851981793763116e-05, 4.606950460583903e-05, 4.318360879551619e-05, 8.803856326267123e-05, 7.82445931690745e-05, 6.799466791562736e-05, 5.5937878641998395e-05, 6.113281415309757e-05, 5.6315951951546595e-05, 8.989754132926464e-05, 6.09776507189963e-05, 6.500526797026396e-05, 5.921432966715656e-05]], [[0, 1, 2, 3, 4, 5, 6, 7, 8, 9, 10, 11, 12, 13, 14, 15, 16, 17, 18, 19, 20], [10.47, 41.65, 77.65, 82.47, 83.11, 84.46, 83.51, 83.85, 84.74, 85.74, 86.36, 86.7, 86.97, 86.49, 84.77, 85.43, 86.71, 86.12, 85.47, 85.88, 87.11], [0, 0.005368928425014019, 0.0015725569101050496, 0.000318971840897575, 0.00019865269132424146, 0.00017108650354202837, 0.0002690988185349852, 0.0004943172680214047, 0.000143878860399127, 0.00017357892647851259, 0.00018174135766457766, 0.00016246052109636366, 7.623985584359616e-05, 9.346992737846449e-05, 7.787488721078262e-05, 8.231012907344848e-05, 0.0002371074806433171, 0.000181233772309497, 0.00020397994376253337, 0.00013253168435767293, 9.35599091462791e-05]]], "alpha": 0.9, "beta": 0.0, "gamma": 2.0, "num_samples": 6000, "node_count": 10, "density": 0.0, "startup_delay": 0.0, "forward_prob": 0}