{"nodes_data": [[[0, 1, 2, 3, 4, 5, 6, 7, 8, 9, 10, 11, 12, 13, 14, 15, 16, 17, 18, 19, 20], [10.99, 79.44, 79.42, 83.24, 83.33, 83.54, 82.98, 83.23, 84.25, 85.09, 83.56, 82.93, 84.75, 84.68, 84.08, 85.29, 84.35, 83.6, 84.4, 84.38, 84.35], [0, 0, 0, 0, 0, 0, 0, 0, 0, 0, 0, 0, 0, 0, 0, 0, 0, 0, 0, 0, 0]], [[0, 1, 2, 3, 4, 5, 6, 7, 8, 9, 10, 11, 12, 13, 14, 15, 16, 17, 18, 19, 20], [7.49, 45.11, 59.95, 67.55, 73.47, 83.52, 83.0, 76.58, 84.42, 84.77, 85.39, 83.72, 85.64, 84.52, 85.02, 85.23, 85.89, 85.66, 85.49, 85.86, 85.82], [0, 0.005380659364163876, 0.001799707068130374, 0.001392911421135068, 0.0014509723987430334, 0.001264201826415956, 0.001356502645649016, 0.0015302177052944899, 0.0012267956044524908, 0.0004390702524688095, 0.00023525331926066428, 0.00018006932805292308, 0.0001783358457032591, 0, 0, 0, 0, 0, 0, 0, 0]]], "msds": [[[0, 1, 2, 3, 4, 5, 6, 7, 8, 9, 10, 11, 12, 13, 14, 15, 16, 17, 18, 19, 20], [10.99, 79.44, 79.42, 83.24, 83.33, 83.54, 82.98, 83.23, 84.25, 85.09, 83.56, 82.93, 84.75, 84.68, 84.08, 85.29, 84.35, 83.6, 84.4, 84.38, 84.35], [0, 0, 0, 0, 0, 0, 0, 0, 0, 0, 0, 0, 0, 0, 0, 0, 0, 0, 0, 0, 0]], [[0, 1, 2, 3, 4, 5, 6, 7, 8, 9, 10, 11, 12, 13, 14, 15, 16, 17, 18, 19, 20], [8.81, 76.35, 81.08, 81.64, 83.33, 83.22, 83.66, 82.93, 83.02, 81.53, 83.97, 82.85, 83.7, 83.87, 83.73, 84.44, 84.54, 84.1, 84.52, 84.24, 83.52], [0, 0, 0, 0, 0, 0, 0, 0, 0, 0, 0, 0, 0, 0, 0, 0, 0, 0, 0, 0, 0]]], "alpha": 0.0, "beta": 0.0, "gamma": 0.0, "num_samples": 6000, "node_count": 10, "density": 0.0, "startup_delay": 0.0, "forward_prob": 0}