{"nodes_data": [[[0, 1, 2, 3, 4, 5, 6, 7, 8, 9, 10, 11, 12, 13, 14, 15, 16, 17, 18, 19, 20], [7.71, 54.44, 78.67, 83.61, 81.53, 82.88, 83.65, 83.06, 84.11, 83.66, 84.38, 85.05, 84.59, 84.97, 84.78, 85.33, 85.08, 85.49, 85.72, 85.25, 86.05], [0, 0.005334855057299137, 0.0015738572692498565, 0.0004855208098888397, 0.0016883701318874955, 0.00019655255891848356, 0.0002156874688807875, 0.0001681885332800448, 0.00017349544214084744, 0.00012345098366495222, 0.00011289870599284768, 0.00012376742961350828, 0.00012858650006819516, 0.00012021886504953727, 0.00010544061660766602, 0.0001279078278457746, 0.00013110112922731787, 0.00012247366248629987, 0.00012674930621869862, 0.0001155338468379341, 0.00014065256982576102]], [[0, 1, 2, 3, 4, 5, 6, 7, 8, 9, 10, 11, 12, 13, 14, 15, 16, 17, 18, 19, 20], [13.65, 77.87, 40.42, 75.89, 82.05, 83.18, 83.08, 83.44, 84.39, 83.16, 84.68, 85.07, 84.64, 85.11, 85.58, 85.59, 85.56, 86.06, 85.78, 86.09, 86.32], [0, 0, 0.004219590220600367, 0.001024136203341186, 0.0006384135922417045, 0.0006511524552479386, 0.0004733417590614408, 0.00036702267243526876, 0.0003215966862626374, 0.0003103635099250823, 0.00028616588679142296, 0.00027857700479216874, 0.0002720135962590575, 0.0002630788367241621, 0.0002579523134045303, 0.0002602755557745695, 0.00025531533174216747, 0.00025160008226521313, 0.0002570816723164171, 0.0002556494146119803, 0.00024329384905286133]]], "msds": [[[0, 1, 2, 3, 4, 5, 6, 7, 8, 9, 10, 11, 12, 13, 14, 15, 16, 17, 18, 19, 20], [7.71, 54.44, 78.67, 83.61, 81.53, 82.88, 83.65, 83.06, 84.11, 83.66, 84.38, 85.05, 84.59, 84.97, 84.78, 85.33, 85.08, 85.49, 85.72, 85.25, 86.05], [0, 0.005334855057299137, 0.0015738572692498565, 0.0004855208098888397, 0.0016883701318874955, 0.00019655255891848356, 0.0002156874688807875, 0.0001681885332800448, 0.00017349544214084744, 0.00012345098366495222, 0.00011289870599284768, 0.00012376742961350828, 0.00012858650006819516, 0.00012021886504953727, 0.00010544061660766602, 0.0001279078278457746, 0.00013110112922731787, 0.00012247366248629987, 0.00012674930621869862, 0.0001155338468379341, 0.00014065256982576102]], [[0, 1, 2, 3, 4, 5, 6, 7, 8, 9, 10, 11, 12, 13, 14, 15, 16, 17, 18, 19, 20], [11.87, 63.78, 55.17, 60.77, 82.28, 83.03, 82.65, 83.65, 84.04, 84.14, 84.26, 84.7, 84.96, 85.3, 85.08, 85.46, 85.42, 85.76, 86.39, 86.06, 86.2], [0, 0.0053469473496079445, 0.002912909258157015, 0.0015241455985233188, 0.0004801898612640798, 0.00037532372516579926, 0.0004045106761623174, 0.0003677998320199549, 0.00033614682615734637, 0.0003186588000971824, 0.0003182848449796438, 0.00030249738483689725, 0.00030214901198633015, 0.0003035580739378929, 0.0002999728312715888, 0.0002962332800962031, 0.0002985275350511074, 0.0003006749611813575, 0.0002992931695189327, 0.0002991698565892875, 0.0002973507798742503]]], "alpha": 0.0, "beta": 2.0, "gamma": 0.0, "num_samples": 6000, "node_count": 10, "density": 0.0, "startup_delay": 0.0, "forward_prob": 0}