{"nodes_data": [[[0, 1, 2, 3, 4, 5, 6, 7, 8, 9, 10, 11, 12, 13, 14, 15, 16, 17, 18, 19, 20], [11.73, 35.1, 72.66, 69.03, 81.32, 82.46, 82.71, 83.29, 83.96, 84.38, 84.52, 84.66, 84.93, 84.92, 84.96, 84.71, 84.8, 85.54, 86.43, 85.75, 85.94], [0, 0.005373334977775812, 0.002016044221818447, 0.0015437677502632141, 0.0005259671015664935, 0.000518027925863862, 0.0003793976502493024, 0.00029862625524401665, 0.0002723032084759325, 0.00022583866666536778, 0.00022450205869972706, 0.00019814021652564406, 0.00018826615996658802, 0.0001802625774871558, 0.00017353233124595135, 0.0001603102427907288, 0.0001600231189513579, 0.00016124719695653766, 0.00015072197129484266, 0.0001594360510352999, 0.00015043253370095044]], [[0, 1, 2, 3, 4, 5, 6, 7, 8, 9, 10, 11, 12, 13, 14, 15, 16, 17, 18, 19, 20], [3.57, 15.04, 59.65, 62.06, 80.7, 81.52, 81.97, 82.92, 84.1, 84.46, 84.32, 84.91, 85.16, 84.91, 85.55, 85.66, 85.66, 86.13, 85.71, 86.02, 86.18], [0, 0.00539144454523921, 0.0022863096091896296, 0.001220240956172347, 0.00043786485912278295, 0.0003442135057412088, 0.00023470590531360358, 0.00017363540246151388, 0.00015464972238987684, 0.00013594943447969854, 0.00013094261521473527, 0.0001318790891673416, 0.00012367260933388025, 0.00013140923692844808, 0.00012753609917126596, 0.00012405155575834215, 0.00012413589865900576, 0.00012531773245427758, 0.0001205329317599535, 0.00011941058619413525, 0.0001228741748491302]]], "msds": [[[0, 1, 2, 3, 4, 5, 6, 7, 8, 9, 10, 11, 12, 13, 14, 15, 16, 17, 18, 19, 20], [11.73, 35.1, 72.66, 69.03, 81.32, 82.46, 82.71, 83.29, 83.96, 84.38, 84.52, 84.66, 84.93, 84.92, 84.96, 84.71, 84.8, 85.54, 86.43, 85.75, 85.94], [0, 0.005373334977775812, 0.002016044221818447, 0.0015437677502632141, 0.0005259671015664935, 0.000518027925863862, 0.0003793976502493024, 0.00029862625524401665, 0.0002723032084759325, 0.00022583866666536778, 0.00022450205869972706, 0.00019814021652564406, 0.00018826615996658802, 0.0001802625774871558, 0.00017353233124595135, 0.0001603102427907288, 0.0001600231189513579, 0.00016124719695653766, 0.00015072197129484266, 0.0001594360510352999, 0.00015043253370095044]], [[0, 1, 2, 3, 4, 5, 6, 7, 8, 9, 10, 11, 12, 13, 14, 15, 16, 17, 18, 19, 20], [6.82, 19.24, 72.02, 60.31, 79.4, 80.51, 81.84, 82.28, 83.81, 83.99, 84.27, 84.72, 84.98, 84.62, 85.22, 85.51, 85.83, 85.51, 85.91, 86.19, 86.04], [0, 0.005349723622202873, 0.0022563543170690536, 0.0012822785647585988, 0.0004950113361701369, 0.0004022299835924059, 0.0002582262677606195, 0.00019700253324117512, 0.0001932934974320233, 0.0001719465508358553, 0.00016000938194338232, 0.00015064541366882622, 0.00014563818695023656, 0.00013566826237365603, 0.0001428480027243495, 0.00013660943659488112, 0.00013436963490676135, 0.00013915394083596766, 0.00013417596346698701, 0.00013228879834059626, 0.00013952945300843567]]], "alpha": 0.0, "beta": 2.0, "gamma": 2.0, "num_samples": 6000, "node_count": 10, "density": 0.15, "startup_delay": 0.0, "forward_prob": 0}