{"nodes_data": [[[0, 1, 2, 3, 4, 5, 6, 7, 8, 9, 10, 11, 12, 13, 14, 15, 16, 17, 18, 19, 20], [15.5, 10.89, 62.68, 81.3, 83.01, 83.73, 84.48, 84.77, 85.05, 85.64, 85.31, 86.0, 86.04, 86.08, 86.44, 86.82, 87.01, 87.1, 87.15, 87.07, 87.21], [0, 0.005363160278648138, 0.0008215262205339968, 0.00018606138473842293, 8.384436659980565e-05, 7.417912274831906e-05, 7.673836807953194e-05, 7.02180914231576e-05, 7.530234142905101e-05, 8.111515489872545e-05, 8.063342102104798e-05, 8.286371303256601e-05, 8.25487804831937e-05, 9.471522935200483e-05, 8.938513929024339e-05, 9.10953531274572e-05, 8.878948574420065e-05, 9.803489956539124e-05, 9.228288399754092e-05, 9.878245327854529e-05, 0.00011002762039424852]], [[0, 1, 2, 3, 4, 5, 6, 7, 8, 9, 10, 11, 12, 13, 14, 15, 16, 17, 18, 19, 20], [16.79, 10.0, 68.03, 81.21, 83.16, 83.46, 84.6, 84.86, 85.33, 85.26, 85.56, 85.84, 86.15, 86.43, 86.61, 86.42, 87.05, 87.2, 87.2, 87.23, 87.09], [0, 0.005386827513575554, 0.0007229440379887819, 0.0001659872505115345, 8.542995055904612e-05, 8.068285387707874e-05, 7.193461351562291e-05, 7.527421257691458e-05, 7.887886022217572e-05, 8.20653440314345e-05, 8.063557470450178e-05, 8.919194806367159e-05, 8.569777855882421e-05, 9.278019570047036e-05, 8.9068322267849e-05, 8.545217133359984e-05, 9.540859900880605e-05, 9.179310291074216e-05, 9.5325471193064e-05, 9.588433749740943e-05, 0.00010145506530534476]]], "msds": [[[0, 1, 2, 3, 4, 5, 6, 7, 8, 9, 10, 11, 12, 13, 14, 15, 16, 17, 18, 19, 20], [15.5, 10.89, 62.68, 81.3, 83.01, 83.73, 84.48, 84.77, 85.05, 85.64, 85.31, 86.0, 86.04, 86.08, 86.44, 86.82, 87.01, 87.1, 87.15, 87.07, 87.21], [0, 0.005363160278648138, 0.0008215262205339968, 0.00018606138473842293, 8.384436659980565e-05, 7.417912274831906e-05, 7.673836807953194e-05, 7.02180914231576e-05, 7.530234142905101e-05, 8.111515489872545e-05, 8.063342102104798e-05, 8.286371303256601e-05, 8.25487804831937e-05, 9.471522935200483e-05, 8.938513929024339e-05, 9.10953531274572e-05, 8.878948574420065e-05, 9.803489956539124e-05, 9.228288399754092e-05, 9.878245327854529e-05, 0.00011002762039424852]], [[0, 1, 2, 3, 4, 5, 6, 7, 8, 9, 10, 11, 12, 13, 14, 15, 16, 17, 18, 19, 20], [15.7, 10.0, 63.79, 81.45, 83.04, 83.73, 84.7, 84.71, 85.23, 85.58, 85.63, 85.97, 86.09, 86.43, 86.65, 86.58, 87.02, 87.19, 87.23, 87.48, 87.18], [0, 0.005364224314689636, 0.0006504931952804327, 0.00015454666572622955, 7.512004958698526e-05, 7.34030400053598e-05, 7.292570808203891e-05, 7.272290531545877e-05, 7.080660725478083e-05, 7.723796443315223e-05, 7.856566662667319e-05, 8.285388321382925e-05, 8.439277007710189e-05, 8.411913586314768e-05, 8.983440784504637e-05, 8.547406469006091e-05, 9.289659647038206e-05, 9.279994992539287e-05, 8.899257227312773e-05, 9.261259401682764e-05, 0.0001025424207909964]]], "alpha": 0.0, "beta": 0.0, "gamma": 5.0, "num_samples": 6000, "node_count": 10, "density": 0.75, "startup_delay": 0.0, "forward_prob": 0}