{"nodes_data": [[[0, 1, 2, 3, 4, 5, 6, 7, 8, 9, 10, 11, 12, 13, 14, 15, 16, 17, 18, 19, 20], [14.24, 75.99, 75.27, 72.39, 76.38, 81.43, 82.16, 83.24, 83.66, 83.7, 84.85, 85.14, 85.54, 85.52, 85.74, 85.92, 85.86, 85.94, 86.37, 86.49, 86.78], [0, 0, 0.005533435381948948, 0.0014700405299663544, 0.0008064365247264504, 0.0005612254608422518, 0.00037808678462170064, 0.00026099453680217266, 0.00021388322056736797, 0.00018726600683294237, 0.00017531287448946387, 0.00016120074724312872, 0.00015821296256035566, 0.0001607709564268589, 0.0001627601741347462, 0.00015730496670585126, 0.0001613891654415056, 0.00016170163871720433, 0.00016462952771689743, 0.00016432091069873422, 0.00016532241716049612]], [[0, 1, 2, 3, 4, 5, 6, 7, 8, 9, 10, 11, 12, 13, 14, 15, 16, 17, 18, 19, 20], [9.86, 54.59, 51.84, 59.97, 79.53, 81.64, 82.81, 84.12, 83.45, 84.16, 85.05, 85.29, 85.41, 85.83, 85.01, 85.96, 85.61, 86.3, 85.97, 86.36, 86.79], [0, 0.005344823002815247, 0.0025363462045788765, 0.0011723838979378343, 0.0006630345596931875, 0.0004451393033377826, 0.00028872719849459827, 0.00025215474306605756, 0.0002041749976342544, 0.00017723385826684535, 0.0001669536723056808, 0.00016238634998444468, 0.00015609855472575873, 0.00015241741493809968, 0.0001565109851071611, 0.00015075578994583338, 0.00015422144497279078, 0.00016498289187438786, 0.00016553026216570288, 0.00015848400653339922, 0.00016570334264542907]]], "msds": [[[0, 1, 2, 3, 4, 5, 6, 7, 8, 9, 10, 11, 12, 13, 14, 15, 16, 17, 18, 19, 20], [14.24, 75.99, 75.27, 72.39, 76.38, 81.43, 82.16, 83.24, 83.66, 83.7, 84.85, 85.14, 85.54, 85.52, 85.74, 85.92, 85.86, 85.94, 86.37, 86.49, 86.78], [0, 0, 0.005533435381948948, 0.0014700405299663544, 0.0008064365247264504, 0.0005612254608422518, 0.00037808678462170064, 0.00026099453680217266, 0.00021388322056736797, 0.00018726600683294237, 0.00017531287448946387, 0.00016120074724312872, 0.00015821296256035566, 0.0001607709564268589, 0.0001627601741347462, 0.00015730496670585126, 0.0001613891654415056, 0.00016170163871720433, 0.00016462952771689743, 0.00016432091069873422, 0.00016532241716049612]], [[0, 1, 2, 3, 4, 5, 6, 7, 8, 9, 10, 11, 12, 13, 14, 15, 16, 17, 18, 19, 20], [9.04, 59.7, 56.06, 72.64, 76.66, 81.72, 83.0, 83.82, 83.97, 84.7, 84.73, 84.76, 85.16, 85.37, 86.02, 85.74, 86.11, 86.36, 86.18, 86.32, 87.07], [0, 0.005357117857784033, 0.0025306204333901405, 0.0013529777061194181, 0.0008069995092228055, 0.0005231560207903385, 0.0003419938439037651, 0.00024202560598496348, 0.00019851744582410902, 0.00017412976012565196, 0.00016739056445658207, 0.0001579995732754469, 0.00014767827815376222, 0.00014823053788859397, 0.00015301178791560233, 0.00015923590399324894, 0.00015458582493010908, 0.00015181626076810062, 0.00015383541176561266, 0.00015599915059283376, 0.00015366595471277833]]], "alpha": 0.5, "beta": 1.0, "gamma": 0.0, "num_samples": 6000, "node_count": 10, "density": 0.75, "startup_delay": 0.0, "forward_prob": 0}