{"nodes_data": [[[0, 1, 2, 3, 4, 5, 6, 7, 8, 9, 10, 11, 12, 13, 14, 15, 16, 17, 18, 19, 20], [9.91, 30.2, 76.88, 81.69, 82.82, 83.51, 83.92, 82.92, 85.26, 85.07, 84.82, 84.29, 86.07, 86.25, 86.01, 85.98, 86.17, 86.51, 87.0, 86.32, 87.18], [0, 0.00537175452336669, 0.0011539083207026124, 0.000547794159501791, 0.00036397227086126804, 0.00029100271058268845, 0.000249650125624612, 0.00023499804956372827, 0.00022026366787031293, 0.0001852535060606897, 9.635539026930928e-05, 8.28397533041425e-05, 9.819871775107458e-05, 8.167640044121072e-05, 0.00031547670369036496, 0.0002125986065948382, 0.00019869676907546818, 0.0002054743526969105, 0.00020461254462134093, 0.00020505208522081375, 0.00018073087267111987]], [[0, 1, 2, 3, 4, 5, 6, 7, 8, 9, 10, 11, 12, 13, 14, 15, 16, 17, 18, 19, 20], [7.33, 23.7, 76.91, 81.66, 82.38, 83.72, 84.37, 84.71, 85.09, 85.72, 85.81, 83.23, 86.71, 85.83, 85.81, 86.66, 86.47, 86.36, 86.56, 87.14, 87.04], [0, 0.005387504119426012, 0.0012021424481645226, 0.00044692857773043215, 0.0002523488365113735, 0.0001917334011523053, 0.00017081276746466756, 0.00016466995293740183, 0.0001422182540409267, 7.260053098434582e-05, 6.443231541197747e-05, 0, 9.719278023112565e-05, 8.080110274022445e-05, 9.160448826150969e-05, 0.00012615355080924928, 0.00013157616194803268, 0.00014014524640515447, 0.0001387851662002504, 0.00014319685578811914, 0.00014287953672464937]]], "msds": [[[0, 1, 2, 3, 4, 5, 6, 7, 8, 9, 10, 11, 12, 13, 14, 15, 16, 17, 18, 19, 20], [9.91, 30.2, 76.88, 81.69, 82.82, 83.51, 83.92, 82.92, 85.26, 85.07, 84.82, 84.29, 86.07, 86.25, 86.01, 85.98, 86.17, 86.51, 87.0, 86.32, 87.18], [0, 0.00537175452336669, 0.0011539083207026124, 0.000547794159501791, 0.00036397227086126804, 0.00029100271058268845, 0.000249650125624612, 0.00023499804956372827, 0.00022026366787031293, 0.0001852535060606897, 9.635539026930928e-05, 8.28397533041425e-05, 9.819871775107458e-05, 8.167640044121072e-05, 0.00031547670369036496, 0.0002125986065948382, 0.00019869676907546818, 0.0002054743526969105, 0.00020461254462134093, 0.00020505208522081375, 0.00018073087267111987]], [[0, 1, 2, 3, 4, 5, 6, 7, 8, 9, 10, 11, 12, 13, 14, 15, 16, 17, 18, 19, 20], [8.71, 26.37, 73.13, 80.58, 82.47, 81.57, 83.94, 84.36, 84.67, 85.0, 85.31, 84.83, 84.14, 85.58, 86.17, 86.23, 86.42, 86.3, 86.38, 86.25, 85.96], [0, 0.005363132804632187, 0.0011458959197625518, 0.0005133382510393858, 0.00033964370959438384, 0.0002888730959966779, 0.0002666630898602307, 0.0002591970260255039, 0.00025942843058146536, 0.00024966528872027993, 0.00027948792558163404, 0.0002205910423072055, 0, 0.0002547823532950133, 0.00020722644694615155, 0.00021830676996614784, 0.0001922139199450612, 0.0002183750766562298, 0.00022260028345044702, 0.00022169937437865883, 0.0001260524004464969]]], "alpha": 0.7, "beta": 0.5, "gamma": 3.0, "num_samples": 6000, "node_count": 10, "density": 0.0, "startup_delay": 0.0, "forward_prob": 0}