{"nodes_data": [[[0, 1, 2, 3, 4, 5, 6, 7, 8, 9, 10, 11, 12, 13, 14, 15, 16, 17, 18, 19, 20], [10.83, 79.11, 10.18, 73.87, 80.67, 82.05, 82.81, 83.38, 83.84, 84.56, 84.53, 85.15, 85.15, 85.37, 85.81, 85.61, 85.83, 85.96, 86.34, 86.04, 86.41], [0, 0, 0.005536110606044531, 0.0014312895946204662, 0.0004247669712640345, 0.00017818993364926428, 9.357295493828133e-05, 7.270941569004208e-05, 7.032956636976451e-05, 6.912792741786689e-05, 6.94767659297213e-05, 7.180703687481582e-05, 7.459308835677803e-05, 7.995391933945939e-05, 7.561873644590378e-05, 8.030418393900618e-05, 8.278166933450848e-05, 8.459926903015003e-05, 8.673148113302886e-05, 9.138660243479535e-05, 9.001894068205729e-05]], [[0, 1, 2, 3, 4, 5, 6, 7, 8, 9, 10, 11, 12, 13, 14, 15, 16, 17, 18, 19, 20], [5.82, 50.74, 62.4, 75.57, 80.58, 82.21, 82.91, 83.58, 83.85, 84.75, 84.68, 85.09, 85.34, 85.72, 85.66, 85.67, 86.03, 86.22, 86.28, 86.15, 86.42], [0, 0.005375436972826719, 0.0024700865615159273, 0.0007388899102807045, 0.0002568362979218364, 0.00015107663057278842, 7.581200043205172e-05, 7.406183431157842e-05, 6.825142918387428e-05, 6.718968506902456e-05, 6.922506872797385e-05, 7.083922537276521e-05, 7.065894169500098e-05, 7.708177145104855e-05, 7.816863944754004e-05, 7.870016997912899e-05, 7.763996109133586e-05, 8.51516961120069e-05, 8.411616727244109e-05, 9.034528193296865e-05, 9.327864972874522e-05]]], "msds": [[[0, 1, 2, 3, 4, 5, 6, 7, 8, 9, 10, 11, 12, 13, 14, 15, 16, 17, 18, 19, 20], [10.83, 79.11, 10.18, 73.87, 80.67, 82.05, 82.81, 83.38, 83.84, 84.56, 84.53, 85.15, 85.15, 85.37, 85.81, 85.61, 85.83, 85.96, 86.34, 86.04, 86.41], [0, 0, 0.005536110606044531, 0.0014312895946204662, 0.0004247669712640345, 0.00017818993364926428, 9.357295493828133e-05, 7.270941569004208e-05, 7.032956636976451e-05, 6.912792741786689e-05, 6.94767659297213e-05, 7.180703687481582e-05, 7.459308835677803e-05, 7.995391933945939e-05, 7.561873644590378e-05, 8.030418393900618e-05, 8.278166933450848e-05, 8.459926903015003e-05, 8.673148113302886e-05, 9.138660243479535e-05, 9.001894068205729e-05]], [[0, 1, 2, 3, 4, 5, 6, 7, 8, 9, 10, 11, 12, 13, 14, 15, 16, 17, 18, 19, 20], [12.84, 42.04, 74.41, 79.67, 81.26, 82.15, 82.83, 83.75, 84.0, 84.5, 84.7, 84.89, 85.59, 85.47, 85.64, 85.92, 85.89, 86.25, 86.32, 86.46, 86.65], [0, 0.0053694527596235275, 0.0012056290870532393, 0.0006142888450995088, 0.00022352056112140417, 0.0001529175933683291, 8.437014184892178e-05, 7.08476800355129e-05, 6.947157817194238e-05, 7.172657933551818e-05, 7.312824163818732e-05, 7.339892181335017e-05, 7.325880869757384e-05, 7.767695933580399e-05, 7.547606946900487e-05, 7.580225792480633e-05, 8.31345168990083e-05, 9.147288074018434e-05, 8.612430247012526e-05, 9.024498285725713e-05, 9.338778181700036e-05]]], "alpha": 1.0, "beta": 1.0, "gamma": 0.0, "num_samples": 6000, "node_count": 10, "density": 1.0, "startup_delay": 0.0, "forward_prob": 0}