{"nodes_data": [[[0, 1, 2, 3, 4, 5, 6, 7, 8, 9, 10, 11, 12, 13, 14, 15, 16, 17, 18, 19, 20], [13.92, 10.0, 70.6, 81.35, 82.71, 83.58, 83.56, 84.49, 85.09, 85.44, 85.55, 85.99, 86.33, 86.74, 86.72, 86.61, 87.07, 87.25, 87.37, 87.31, 87.41], [0, 0.005360739771276712, 0.0007289033965207636, 0.0001389846729580313, 6.743365520378575e-05, 6.6223947214894e-05, 6.713752372888848e-05, 6.584678340004757e-05, 6.363986904034391e-05, 7.216280937427655e-05, 7.287592598004267e-05, 7.715148240095004e-05, 7.250258204294369e-05, 8.143485320033506e-05, 7.609021849930286e-05, 8.145914762280881e-05, 7.981235103216022e-05, 8.539492409909144e-05, 8.269379031844437e-05, 9.199645865010098e-05, 9.194984886562452e-05]], [[0, 1, 2, 3, 4, 5, 6, 7, 8, 9, 10, 11, 12, 13, 14, 15, 16, 17, 18, 19, 20], [12.45, 10.3, 66.15, 81.15, 82.83, 83.56, 83.44, 83.95, 85.23, 85.46, 85.73, 85.76, 86.19, 86.65, 86.95, 86.78, 86.76, 87.19, 87.3, 87.45, 87.3], [0, 0.005370018538087606, 0.000668091292027384, 0.0001480704522691667, 7.18489900464192e-05, 6.192683213157579e-05, 6.416519318008795e-05, 6.601781933568418e-05, 6.952072726562619e-05, 6.916940765222535e-05, 7.229886978166178e-05, 7.002593338256702e-05, 7.32484768377617e-05, 7.968309364514425e-05, 7.962661038618535e-05, 8.04514202172868e-05, 8.743697253521532e-05, 8.223553595598787e-05, 8.090940536931157e-05, 9.116484579863027e-05, 9.042477904586121e-05]]], "msds": [[[0, 1, 2, 3, 4, 5, 6, 7, 8, 9, 10, 11, 12, 13, 14, 15, 16, 17, 18, 19, 20], [13.92, 10.0, 70.6, 81.35, 82.71, 83.58, 83.56, 84.49, 85.09, 85.44, 85.55, 85.99, 86.33, 86.74, 86.72, 86.61, 87.07, 87.25, 87.37, 87.31, 87.41], [0, 0.005360739771276712, 0.0007289033965207636, 0.0001389846729580313, 6.743365520378575e-05, 6.6223947214894e-05, 6.713752372888848e-05, 6.584678340004757e-05, 6.363986904034391e-05, 7.216280937427655e-05, 7.287592598004267e-05, 7.715148240095004e-05, 7.250258204294369e-05, 8.143485320033506e-05, 7.609021849930286e-05, 8.145914762280881e-05, 7.981235103216022e-05, 8.539492409909144e-05, 8.269379031844437e-05, 9.199645865010098e-05, 9.194984886562452e-05]], [[0, 1, 2, 3, 4, 5, 6, 7, 8, 9, 10, 11, 12, 13, 14, 15, 16, 17, 18, 19, 20], [10.41, 10.0, 75.5, 81.38, 82.57, 83.56, 84.1, 84.46, 85.12, 85.4, 85.77, 85.78, 86.19, 86.69, 86.52, 86.6, 86.96, 87.29, 87.46, 87.32, 87.49], [0, 0.005382462404668331, 0.0007709000492468476, 0.00020533469796646386, 7.333817484322935e-05, 6.218380440259352e-05, 6.43585663056001e-05, 6.488210783572868e-05, 6.684688560198992e-05, 7.075100438669324e-05, 6.996965385042131e-05, 7.373419066425413e-05, 7.699174602748826e-05, 7.787140930304304e-05, 8.686763612786308e-05, 8.532884385203943e-05, 8.550792699679732e-05, 8.994518429972231e-05, 8.468183659715578e-05, 9.699966904008761e-05, 8.805811376078054e-05]]], "alpha": 1.0, "beta": 0.5, "gamma": 5.0, "num_samples": 6000, "node_count": 10, "density": 1.0, "startup_delay": 0.0, "forward_prob": 0}