{"nodes_data": [[[0, 1, 2, 3, 4, 5, 6, 7, 8, 9, 10, 11, 12, 13, 14, 15, 16, 17, 18, 19, 20], [5.16, 51.41, 80.02, 79.91, 82.48, 83.3, 84.34, 84.57, 84.15, 84.87, 84.15, 85.66, 85.31, 85.76, 85.74, 85.42, 86.06, 86.31, 86.33, 86.66, 86.5], [0, 0.005369883030653, 0.0007834097486920655, 0.0002460340620018542, 0.00016025851073209196, 0.0001452794676879421, 0.00012876583787146956, 0.00011885939602507278, 9.618148760637268e-05, 0.00011524817091412842, 0.00010858648602152243, 0.00011247644579270855, 0.00011579097190406173, 0.000113183785288129, 0.00012444896856322885, 0.00011883084516739473, 0.00011205607006559148, 0.00011431461462052539, 0.00011803112283814698, 0.00012657624029088765, 0.00012598690227605402]], [[0, 1, 2, 3, 4, 5, 6, 7, 8, 9, 10, 11, 12, 13, 14, 15, 16, 17, 18, 19, 20], [3.9, 32.91, 77.23, 80.48, 81.89, 82.74, 83.55, 83.95, 85.04, 84.82, 84.97, 85.36, 85.46, 85.04, 85.88, 86.02, 86.26, 86.55, 86.62, 85.97, 86.83], [0, 0.0053415154106915, 0.0011293423594906926, 0.0005197465070523322, 0.0003822132421191782, 0.0003376227105036378, 0.0003241068625357002, 0.0003132354759145528, 0.00031039075111038983, 0.0003008625644724816, 0.0002996727707795799, 0.00029838710906915367, 0.00029714551055803895, 0.0002983311715070158, 0.0003056997957173735, 0.00030668763793073595, 0.000302333093713969, 0.00030678603798151016, 0.0002996522234752774, 0.0003061421448364854, 0.0002993432863149792]]], "msds": [[[0, 1, 2, 3, 4, 5, 6, 7, 8, 9, 10, 11, 12, 13, 14, 15, 16, 17, 18, 19, 20], [5.16, 51.41, 80.02, 79.91, 82.48, 83.3, 84.34, 84.57, 84.15, 84.87, 84.15, 85.66, 85.31, 85.76, 85.74, 85.42, 86.06, 86.31, 86.33, 86.66, 86.5], [0, 0.005369883030653, 0.0007834097486920655, 0.0002460340620018542, 0.00016025851073209196, 0.0001452794676879421, 0.00012876583787146956, 0.00011885939602507278, 9.618148760637268e-05, 0.00011524817091412842, 0.00010858648602152243, 0.00011247644579270855, 0.00011579097190406173, 0.000113183785288129, 0.00012444896856322885, 0.00011883084516739473, 0.00011205607006559148, 0.00011431461462052539, 0.00011803112283814698, 0.00012657624029088765, 0.00012598690227605402]], [[0, 1, 2, 3, 4, 5, 6, 7, 8, 9, 10, 11, 12, 13, 14, 15, 16, 17, 18, 19, 20], [15.4, 48.31, 79.53, 82.4, 81.88, 83.45, 81.65, 84.55, 84.52, 85.39, 84.44, 83.46, 85.48, 84.84, 85.51, 85.57, 86.62, 86.43, 86.35, 86.39, 86.98], [0, 0.005344079807400703, 0.0010816609719768167, 0.00037052351399324834, 0.00023836638138163835, 0.00017488292360212654, 0.00014725439541507512, 0.00013627481530420482, 0.00012473188689909875, 0.00012506157509051263, 0.00011741420166799799, 0.00010581205424387008, 0.00011405379336792976, 0.00011129983613500372, 0.00012080658052582294, 0.00011640815500868484, 0.00011755184823414311, 0.00012015111860819161, 0.00013445904187392443, 0.00012052657984895632, 0.0001272114459425211]]], "alpha": 0.0, "beta": 2.0, "gamma": 5.0, "num_samples": 6000, "node_count": 10, "density": 0.0, "startup_delay": 0.0, "forward_prob": 0}