{"nodes_data": [[[0, 1, 2, 3, 4, 5, 6, 7, 8, 9, 10, 11, 12, 13, 14, 15, 16, 17, 18, 19, 20], [5.57, 28.95, 62.9, 80.6, 81.88, 83.43, 84.16, 84.83, 84.92, 85.25, 85.28, 85.41, 85.47, 86.08, 86.38, 86.05, 86.45, 86.94, 86.81, 86.94, 86.83], [0, 0.005359780974686146, 0.000999554991722107, 0.0005586607148870826, 0.00021661412029061466, 0.00011255843128310516, 9.886878979159519e-05, 0.00010823877528309822, 0.0001018985130940564, 0.00010261934949085116, 9.902657620841637e-05, 0.00010659188410500064, 0.00010524460230953991, 0.00011012806498911232, 0.00011134451779071242, 0.0001137772123911418, 0.00010674080112949014, 0.000120349126518704, 0.00011492094927234575, 0.00012474115646909922, 0.00011612601520027965]], [[0, 1, 2, 3, 4, 5, 6, 7, 8, 9, 10, 11, 12, 13, 14, 15, 16, 17, 18, 19, 20], [8.17, 35.56, 57.3, 80.75, 82.84, 83.65, 83.91, 84.89, 85.12, 85.25, 85.62, 85.69, 85.55, 86.08, 86.28, 86.33, 86.84, 86.77, 86.73, 87.2, 86.75], [0, 0.005377599503844976, 0.001162092317827046, 0.0003831643261946738, 0.00014193292008712888, 0.00011442704271757975, 0.00010302462032996118, 9.982337360270321e-05, 9.84133075689897e-05, 9.428896009922028e-05, 9.560486796544865e-05, 9.781169501366094e-05, 0.00010426097287563607, 0.0001044484888552688, 0.00010622884292388335, 0.0001145803471445106, 0.00010819090675795451, 0.00011867650755448267, 0.00012080444139428437, 0.00011048351734643802, 0.00011898665252374485]]], "msds": [[[0, 1, 2, 3, 4, 5, 6, 7, 8, 9, 10, 11, 12, 13, 14, 15, 16, 17, 18, 19, 20], [5.57, 28.95, 62.9, 80.6, 81.88, 83.43, 84.16, 84.83, 84.92, 85.25, 85.28, 85.41, 85.47, 86.08, 86.38, 86.05, 86.45, 86.94, 86.81, 86.94, 86.83], [0, 0.005359780974686146, 0.000999554991722107, 0.0005586607148870826, 0.00021661412029061466, 0.00011255843128310516, 9.886878979159519e-05, 0.00010823877528309822, 0.0001018985130940564, 0.00010261934949085116, 9.902657620841637e-05, 0.00010659188410500064, 0.00010524460230953991, 0.00011012806498911232, 0.00011134451779071242, 0.0001137772123911418, 0.00010674080112949014, 0.000120349126518704, 0.00011492094927234575, 0.00012474115646909922, 0.00011612601520027965]], [[0, 1, 2, 3, 4, 5, 6, 7, 8, 9, 10, 11, 12, 13, 14, 15, 16, 17, 18, 19, 20], [12.51, 13.48, 62.76, 81.6, 82.6, 83.51, 83.89, 84.85, 84.59, 85.03, 85.49, 85.44, 85.81, 86.16, 86.09, 86.58, 86.72, 86.81, 86.67, 86.97, 86.86], [0, 0.005375983193516731, 0.001009695348329842, 0.00031505030347034335, 0.00013467944518197328, 0.0001160917745437473, 0.00010166055290028453, 9.355069778393954e-05, 9.476854029344395e-05, 0.00010284625750500709, 9.277555363951251e-05, 0.0001016970636555925, 9.713797771837562e-05, 0.00010002175258705392, 0.00010347861825721338, 0.00011618046119110659, 0.00010134723561350256, 0.00010744348401203752, 0.00012023282761219889, 0.00012238265480846167, 0.00011528753384482116]]], "alpha": 0.7, "beta": 0.5, "gamma": 2.0, "num_samples": 6000, "node_count": 10, "density": 0.75, "startup_delay": 0.0, "forward_prob": 0}