{"nodes_data": [[[0, 1, 2, 3, 4, 5, 6, 7, 8, 9, 10, 11, 12, 13, 14, 15, 16, 17, 18, 19, 20], [4.69, 10.6, 44.76, 62.39, 80.88, 82.25, 82.51, 83.93, 84.41, 84.51, 85.21, 85.43, 85.52, 85.64, 85.99, 85.95, 86.2, 86.33, 86.35, 86.24, 86.61], [0, 0.005384434014558792, 0.00328541430644691, 0.0010775597766041756, 0.00038131888140924275, 0.00016103347297757864, 0.00011039849050575867, 9.671782026998699e-05, 9.696038614492863e-05, 9.650653373682871e-05, 9.788454917725176e-05, 9.879411663860083e-05, 0.00010478148033143952, 9.9470118584577e-05, 0.00010306028707418591, 0.00010564171680016443, 0.00010986190318362787, 0.00012042603339068592, 0.00011541121784830466, 0.00011222486500628293, 0.00011487296433188021]], [[0, 1, 2, 3, 4, 5, 6, 7, 8, 9, 10, 11, 12, 13, 14, 15, 16, 17, 18, 19, 20], [8.42, 78.23, 45.07, 64.84, 81.15, 81.85, 82.93, 84.32, 84.36, 84.84, 85.31, 85.44, 85.72, 85.59, 86.14, 86.07, 86.36, 86.13, 86.6, 86.94, 86.84], [0, 0, 0.005211862735450268, 0.0009029548382386565, 0.00040933111449703574, 0.00017456994100939482, 0.00011910932516911998, 0.00010442295752000064, 0.00010069066047435626, 9.818983380682766e-05, 0.00010240414121653885, 0.00010643184214131907, 0.00010664873116184026, 0.00010159634257433936, 0.0001074653264367953, 0.0001098790016840212, 0.00010865022341022268, 0.00011259524762863293, 0.00011546899622771889, 0.0001127636933233589, 0.00011671067477436736]]], "msds": [[[0, 1, 2, 3, 4, 5, 6, 7, 8, 9, 10, 11, 12, 13, 14, 15, 16, 17, 18, 19, 20], [4.69, 10.6, 44.76, 62.39, 80.88, 82.25, 82.51, 83.93, 84.41, 84.51, 85.21, 85.43, 85.52, 85.64, 85.99, 85.95, 86.2, 86.33, 86.35, 86.24, 86.61], [0, 0.005384434014558792, 0.00328541430644691, 0.0010775597766041756, 0.00038131888140924275, 0.00016103347297757864, 0.00011039849050575867, 9.671782026998699e-05, 9.696038614492863e-05, 9.650653373682871e-05, 9.788454917725176e-05, 9.879411663860083e-05, 0.00010478148033143952, 9.9470118584577e-05, 0.00010306028707418591, 0.00010564171680016443, 0.00010986190318362787, 0.00012042603339068592, 0.00011541121784830466, 0.00011222486500628293, 0.00011487296433188021]], [[0, 1, 2, 3, 4, 5, 6, 7, 8, 9, 10, 11, 12, 13, 14, 15, 16, 17, 18, 19, 20], [15.51, 10.45, 51.32, 80.62, 81.89, 82.58, 82.85, 84.38, 84.53, 85.14, 85.27, 85.29, 85.78, 86.09, 86.1, 86.43, 86.21, 86.28, 86.38, 86.68, 86.57], [0, 0.005376018583774567, 0.0016116437036544085, 0.0006042399327270687, 0.00020248527289368212, 0.0001325618795817718, 0.00010130128066521138, 0.00010066443792311475, 9.782797860680148e-05, 0.00010073045996250585, 0.00010083947563543916, 0.00010342591849621385, 0.00010255694360239431, 0.0001006356833386235, 0.00010542494419496506, 0.00010763460159068927, 0.0001134501289925538, 0.00011513678327901289, 0.00011465104762464762, 0.00011804423411376774, 0.00011864906991831958]]], "alpha": 0.7, "beta": 1.0, "gamma": 0.0, "num_samples": 6000, "node_count": 10, "density": 1.0, "startup_delay": 0.0, "forward_prob": 0}