{"nodes_data": [[[0, 1, 2, 3, 4, 5, 6, 7, 8, 9, 10, 11, 12, 13, 14, 15, 16, 17, 18, 19, 20], [11.38, 47.21, 78.92, 82.8, 82.25, 82.53, 84.38, 83.88, 84.5, 84.16, 84.77, 84.63, 83.96, 84.53, 86.0, 86.1, 86.58, 86.35, 85.87, 86.68, 86.61], [0, 0.005321641452610493, 0.0007774960831739008, 0.0004053160082548857, 0.0002820256631821394, 0.00022395911219064146, 0.00020754564320668578, 0.00017463325639255345, 0.00017199073045048863, 0.0001579363306518644, 0.00014236908464226872, 0.00014114238729234785, 0.00013649350148625672, 0.00014247011858969927, 0.00013224784925114363, 0.0001269405911443755, 0.00012847676407545805, 0.00012850025086663663, 0.00013801052409689873, 0.0001276959665119648, 0.0001303424360230565]], [[0, 1, 2, 3, 4, 5, 6, 7, 8, 9, 10, 11, 12, 13, 14, 15, 16, 17, 18, 19, 20], [9.21, 48.41, 70.18, 79.23, 82.47, 83.66, 83.37, 84.18, 84.22, 85.03, 85.35, 85.32, 84.77, 85.25, 85.68, 85.96, 85.94, 86.84, 86.56, 86.49, 86.72], [0, 0.005371380597352982, 0.001232655718922615, 0.0007916894974187016, 0.0006245737313292921, 0.0005339974886737764, 0.0004676568496506661, 0.00040920916944742203, 0.0003637322224676609, 0.0003369496844243258, 0.0003310933825559914, 0.0002957375254482031, 0.0002781025250442326, 0.000261721812421456, 0.0002367617707932368, 0.00023878329375293106, 0.0002210671518696472, 0.000250588491326198, 0.00022574039758183062, 0.00021156418370082974, 0.00021007937903050333]]], "msds": [[[0, 1, 2, 3, 4, 5, 6, 7, 8, 9, 10, 11, 12, 13, 14, 15, 16, 17, 18, 19, 20], [11.38, 47.21, 78.92, 82.8, 82.25, 82.53, 84.38, 83.88, 84.5, 84.16, 84.77, 84.63, 83.96, 84.53, 86.0, 86.1, 86.58, 86.35, 85.87, 86.68, 86.61], [0, 0.005321641452610493, 0.0007774960831739008, 0.0004053160082548857, 0.0002820256631821394, 0.00022395911219064146, 0.00020754564320668578, 0.00017463325639255345, 0.00017199073045048863, 0.0001579363306518644, 0.00014236908464226872, 0.00014114238729234785, 0.00013649350148625672, 0.00014247011858969927, 0.00013224784925114363, 0.0001269405911443755, 0.00012847676407545805, 0.00012850025086663663, 0.00013801052409689873, 0.0001276959665119648, 0.0001303424360230565]], [[0, 1, 2, 3, 4, 5, 6, 7, 8, 9, 10, 11, 12, 13, 14, 15, 16, 17, 18, 19, 20], [13.93, 65.36, 78.52, 82.02, 82.54, 83.35, 83.75, 84.65, 84.75, 84.69, 85.24, 84.99, 85.32, 85.48, 86.27, 86.72, 86.57, 86.48, 86.63, 86.95, 86.82], [0, 0.005353695247322321, 0.0012522867182269692, 0.0007734891260042787, 0.0005771605647169054, 0.00045670787221752107, 0.0003987367090303451, 0.0003291418543085456, 0.00029266634373925626, 0.0002642528561409563, 0.0002475166693329811, 0.00023096356017049402, 0.00022034770518075675, 0.0002089563204208389, 0.00018289187573827803, 0.00022439956956077367, 0.00020595114619936794, 0.00020307923841755837, 0.00019712890207301825, 0.00019223149865865707, 0.00019753540982492268]]], "alpha": 0.5, "beta": 1.0, "gamma": 5.0, "num_samples": 6000, "node_count": 10, "density": 0.15, "startup_delay": 0.0, "forward_prob": 0}