{"nodes_data": [[[0, 1, 2, 3, 4, 5, 6, 7, 8, 9, 10, 11, 12, 13, 14, 15, 16, 17, 18, 19, 20], [9.78, 10.0, 66.97, 81.36, 83.09, 83.95, 84.74, 85.11, 85.33, 85.54, 85.97, 86.21, 86.43, 86.52, 86.83, 86.89, 86.74, 86.81, 86.99, 87.36, 86.54], [0, 0.005365415010601282, 0.000666339707095176, 0.00017052437760867178, 8.758810872677714e-05, 7.493673911085352e-05, 7.226729212561622e-05, 7.478053157683462e-05, 7.372476829914376e-05, 7.599258242407814e-05, 7.968292629811913e-05, 8.355724276043475e-05, 8.056409569690004e-05, 8.82484600879252e-05, 9.031066292664036e-05, 9.295204654335976e-05, 8.920798427425325e-05, 9.888912609312683e-05, 0.00010512694279896095, 9.365955338580534e-05, 0.0001028303086059168]], [[0, 1, 2, 3, 4, 5, 6, 7, 8, 9, 10, 11, 12, 13, 14, 15, 16, 17, 18, 19, 20], [11.22, 19.45, 66.03, 81.2, 83.02, 84.13, 84.74, 85.22, 85.11, 85.63, 86.05, 86.08, 86.43, 86.46, 86.83, 86.89, 86.84, 86.78, 87.05, 87.19, 87.02], [0, 0.005368686746805906, 0.0008515545632690191, 0.00017544116417411715, 7.581538375234231e-05, 7.165504939621314e-05, 6.926360219949856e-05, 7.591013854835182e-05, 7.527182606281713e-05, 7.569676381535828e-05, 8.114273805404082e-05, 8.348942355951294e-05, 8.365696703549474e-05, 8.045493450481445e-05, 9.402861905982718e-05, 9.65053477557376e-05, 9.057231363840401e-05, 9.773665806278586e-05, 0.00010490202839719132, 9.97015813481994e-05, 0.0001052996885846369]]], "msds": [[[0, 1, 2, 3, 4, 5, 6, 7, 8, 9, 10, 11, 12, 13, 14, 15, 16, 17, 18, 19, 20], [9.78, 10.0, 66.97, 81.36, 83.09, 83.95, 84.74, 85.11, 85.33, 85.54, 85.97, 86.21, 86.43, 86.52, 86.83, 86.89, 86.74, 86.81, 86.99, 87.36, 86.54], [0, 0.005365415010601282, 0.000666339707095176, 0.00017052437760867178, 8.758810872677714e-05, 7.493673911085352e-05, 7.226729212561622e-05, 7.478053157683462e-05, 7.372476829914376e-05, 7.599258242407814e-05, 7.968292629811913e-05, 8.355724276043475e-05, 8.056409569690004e-05, 8.82484600879252e-05, 9.031066292664036e-05, 9.295204654335976e-05, 8.920798427425325e-05, 9.888912609312683e-05, 0.00010512694279896095, 9.365955338580534e-05, 0.0001028303086059168]], [[0, 1, 2, 3, 4, 5, 6, 7, 8, 9, 10, 11, 12, 13, 14, 15, 16, 17, 18, 19, 20], [9.84, 10.0, 71.89, 81.36, 82.99, 83.73, 84.51, 85.11, 85.28, 85.43, 86.05, 86.16, 86.29, 86.61, 86.78, 86.68, 86.89, 87.11, 86.93, 87.21, 87.33], [0, 0.005354452878236771, 0.0007039255579002202, 0.00016870038234628737, 8.318146137753502e-05, 7.688390905968845e-05, 7.168506999732926e-05, 7.877270400058478e-05, 7.253554940689355e-05, 7.767790521029383e-05, 8.466467261314392e-05, 7.593615009682253e-05, 8.849894220475107e-05, 8.376418554689735e-05, 8.483116835122928e-05, 8.88044378370978e-05, 9.028155909618363e-05, 8.936818630900234e-05, 0.00010381891479482874, 9.933347610058263e-05, 0.00010279247362632304]]], "alpha": 0.0, "beta": 0.0, "gamma": 3.0, "num_samples": 6000, "node_count": 10, "density": 1.0, "startup_delay": 0.0, "forward_prob": 0}