{"nodes_data": [[[0, 1, 2, 3, 4, 5, 6, 7, 8, 9, 10, 11, 12, 13, 14, 15, 16, 17, 18, 19, 20], [7.69, 10.0, 71.28, 80.4, 82.91, 83.48, 84.31, 84.55, 85.03, 85.48, 85.77, 86.21, 86.35, 86.18, 86.68, 86.72, 86.89, 87.02, 86.9, 87.05, 87.13], [0, 0.005361694842576981, 0.0007151648169383407, 0.0001431815035175532, 6.412757647922263e-05, 6.278350338106975e-05, 5.924122524447739e-05, 6.322126864688471e-05, 6.795429362682626e-05, 6.563661736436188e-05, 6.499396840808913e-05, 7.313885726034641e-05, 7.429698598571122e-05, 7.540630031144246e-05, 8.079411054495722e-05, 8.063793939072639e-05, 8.077103120740503e-05, 8.716067532077432e-05, 8.81964951986447e-05, 8.728350076125935e-05, 9.344516729470342e-05]], [[0, 1, 2, 3, 4, 5, 6, 7, 8, 9, 10, 11, 12, 13, 14, 15, 16, 17, 18, 19, 20], [10.0, 10.0, 69.49, 80.48, 83.11, 83.66, 84.59, 84.37, 84.85, 85.73, 85.53, 85.89, 86.41, 86.05, 86.56, 86.33, 86.91, 87.03, 87.01, 87.25, 87.23], [0, 0.0053563909605145454, 0.0006563597708009183, 0.00014545663725584745, 6.945280620129779e-05, 6.293656770139933e-05, 6.257092172745615e-05, 6.507920625153929e-05, 6.802463758504018e-05, 6.842228322057053e-05, 6.981765909586102e-05, 7.330026710405946e-05, 7.94265215517953e-05, 8.17148174974136e-05, 8.457865624222904e-05, 8.23017253424041e-05, 8.497633098158985e-05, 9.205903188558295e-05, 8.539466944057494e-05, 9.289364970754832e-05, 9.602656791685149e-05]]], "msds": [[[0, 1, 2, 3, 4, 5, 6, 7, 8, 9, 10, 11, 12, 13, 14, 15, 16, 17, 18, 19, 20], [7.69, 10.0, 71.28, 80.4, 82.91, 83.48, 84.31, 84.55, 85.03, 85.48, 85.77, 86.21, 86.35, 86.18, 86.68, 86.72, 86.89, 87.02, 86.9, 87.05, 87.13], [0, 0.005361694842576981, 0.0007151648169383407, 0.0001431815035175532, 6.412757647922263e-05, 6.278350338106975e-05, 5.924122524447739e-05, 6.322126864688471e-05, 6.795429362682626e-05, 6.563661736436188e-05, 6.499396840808913e-05, 7.313885726034641e-05, 7.429698598571122e-05, 7.540630031144246e-05, 8.079411054495722e-05, 8.063793939072639e-05, 8.077103120740503e-05, 8.716067532077432e-05, 8.81964951986447e-05, 8.728350076125935e-05, 9.344516729470342e-05]], [[0, 1, 2, 3, 4, 5, 6, 7, 8, 9, 10, 11, 12, 13, 14, 15, 16, 17, 18, 19, 20], [6.29, 10.0, 71.9, 80.46, 82.94, 83.88, 84.49, 84.68, 85.06, 85.69, 85.56, 86.06, 86.23, 86.06, 86.69, 86.73, 86.84, 87.02, 86.94, 87.19, 87.28], [0, 0.005363683216273785, 0.0007562987157143652, 0.000165565827046521, 6.76529889460653e-05, 6.074746124795638e-05, 6.237631168914959e-05, 6.67764397803694e-05, 6.727008440066129e-05, 6.934427074156702e-05, 7.165705028455704e-05, 7.610850298078731e-05, 7.853672286728397e-05, 8.182659075828269e-05, 8.27775729703717e-05, 8.368858834728599e-05, 8.425235137110576e-05, 9.436780965188518e-05, 8.996429824037477e-05, 9.720009256852791e-05, 9.641907672630623e-05]]], "alpha": 1.0, "beta": 0.0, "gamma": 5.0, "num_samples": 6000, "node_count": 10, "density": 1.0, "startup_delay": 0.0, "forward_prob": 0}