{"nodes_data": [[[0, 1, 2, 3, 4, 5, 6, 7, 8, 9, 10, 11, 12, 13, 14, 15, 16, 17, 18, 19, 20], [11.68, 55.58, 58.48, 69.53, 82.06, 83.07, 84.18, 84.34, 84.64, 84.77, 85.35, 85.71, 85.68, 85.92, 85.82, 86.58, 86.17, 86.52, 86.83, 86.91, 87.18], [0, 0.005383740644901991, 0.001591779408045113, 0.0008982711588032544, 0.0005378483911044896, 0.00029232760425657034, 0.00021442989236675203, 0.00017134577501565218, 0.00016394152771681547, 0.0001504735992057249, 0.00014395732432603836, 0.00014993202057667077, 0.00014300791372079402, 0.00014979473780840635, 0.0001445937668904662, 0.00014388596173375845, 0.00015135499415919185, 0.00015832674398552626, 0.00015732039173599333, 0.0001490259892307222, 0.0001577454968355596]], [[0, 1, 2, 3, 4, 5, 6, 7, 8, 9, 10, 11, 12, 13, 14, 15, 16, 17, 18, 19, 20], [10.53, 61.78, 52.08, 66.59, 81.41, 82.82, 84.31, 84.88, 84.89, 85.1, 85.7, 86.12, 85.61, 86.47, 86.58, 86.69, 86.6, 86.83, 87.04, 87.01, 86.74], [0, 0.005385775119066238, 0.0018383086426183581, 0.0008544304291717708, 0.0005154670216143131, 0.0003090176032856107, 0.0002110554341925308, 0.0001840772310970351, 0.00016265586600638926, 0.0001457193138776347, 0.0001531212474219501, 0.00014254408597480506, 0.00015540183812845498, 0.0001462232758058235, 0.0001467255351599306, 0.0001616645895410329, 0.0001523749524494633, 0.00015057431301102042, 0.00016363525355700403, 0.00015908687782939523, 0.00015423365402966738]]], "msds": [[[0, 1, 2, 3, 4, 5, 6, 7, 8, 9, 10, 11, 12, 13, 14, 15, 16, 17, 18, 19, 20], [11.68, 55.58, 58.48, 69.53, 82.06, 83.07, 84.18, 84.34, 84.64, 84.77, 85.35, 85.71, 85.68, 85.92, 85.82, 86.58, 86.17, 86.52, 86.83, 86.91, 87.18], [0, 0.005383740644901991, 0.001591779408045113, 0.0008982711588032544, 0.0005378483911044896, 0.00029232760425657034, 0.00021442989236675203, 0.00017134577501565218, 0.00016394152771681547, 0.0001504735992057249, 0.00014395732432603836, 0.00014993202057667077, 0.00014300791372079402, 0.00014979473780840635, 0.0001445937668904662, 0.00014388596173375845, 0.00015135499415919185, 0.00015832674398552626, 0.00015732039173599333, 0.0001490259892307222, 0.0001577454968355596]], [[0, 1, 2, 3, 4, 5, 6, 7, 8, 9, 10, 11, 12, 13, 14, 15, 16, 17, 18, 19, 20], [4.2, 67.01, 55.79, 77.24, 81.59, 82.86, 83.81, 84.21, 85.08, 85.25, 84.98, 85.67, 85.25, 85.86, 86.24, 86.87, 85.86, 86.17, 86.89, 86.85, 86.79], [0, 0.005382408853620291, 0.0015543528134003282, 0.0009100468014366925, 0.0005191226373426616, 0.0003353669017087668, 0.00024050047795753926, 0.00017602862499188632, 0.00015784765128046274, 0.0001642640127101913, 0.0001568744337419048, 0.0001459023915231228, 0.000145175086800009, 0.000155811823788099, 0.00014753358846064657, 0.00015043937310110778, 0.00015710575098637491, 0.0001655922969803214, 0.00015983606863301247, 0.0001559704978717491, 0.00016503356164321303]]], "alpha": 0.5, "beta": 0.5, "gamma": 3.0, "num_samples": 6000, "node_count": 10, "density": 0.75, "startup_delay": 0.0, "forward_prob": 0}