{"nodes_data": [[[0, 1, 2, 3, 4, 5, 6, 7, 8, 9, 10, 11, 12, 13, 14, 15, 16, 17, 18, 19, 20], [16.63, 50.63, 70.52, 80.61, 81.34, 81.97, 83.43, 84.38, 84.55, 85.02, 84.82, 85.57, 85.93, 85.95, 85.84, 86.06, 86.03, 85.9, 86.21, 86.32, 86.15], [0, 0.005382914561778307, 0.0022444012574851513, 0.001483659609220922, 0.0012125599896535277, 0.0004818096349481493, 0.00030050944769755006, 0.00024954555556178093, 0.00022591842571273446, 0.00022078229812905192, 0.00021902381558902562, 0.00022475191508419812, 0.0002168845385313034, 0.0002113648661179468, 0.0002295182493980974, 0.0002291812706971541, 0.000238512919167988, 0.00022627561702392995, 0.00023104195133782923, 0.0002281732886331156, 0.00020364663214422762]], [[0, 1, 2, 3, 4, 5, 6, 7, 8, 9, 10, 11, 12, 13, 14, 15, 16, 17, 18, 19, 20], [5.95, 76.18, 79.11, 81.93, 81.41, 80.8, 83.41, 83.37, 83.84, 83.34, 85.21, 83.75, 83.51, 85.2, 85.83, 84.72, 85.81, 84.16, 85.74, 86.11, 84.89], [0, 0.005394519306719303, 0.002901948755607009, 0.0015713776228949428, 0.001224582432769239, 0.0005057486123405397, 0.00028707063756883144, 8.773244917392731e-05, 7.241570710903034e-05, 7.276456744875759e-05, 8.170723594957963e-05, 7.535915210610256e-05, 5.542156213778071e-05, 8.345561218447983e-05, 9.280165249947459e-05, 0.00010287014447385445, 0.00011360838107066229, 0.00010599358938634396, 0.00011920468386961147, 0.00012298909132368863, 0.00011289403482805938]]], "msds": [[[0, 1, 2, 3, 4, 5, 6, 7, 8, 9, 10, 11, 12, 13, 14, 15, 16, 17, 18, 19, 20], [16.63, 50.63, 70.52, 80.61, 81.34, 81.97, 83.43, 84.38, 84.55, 85.02, 84.82, 85.57, 85.93, 85.95, 85.84, 86.06, 86.03, 85.9, 86.21, 86.32, 86.15], [0, 0.005382914561778307, 0.0022444012574851513, 0.001483659609220922, 0.0012125599896535277, 0.0004818096349481493, 0.00030050944769755006, 0.00024954555556178093, 0.00022591842571273446, 0.00022078229812905192, 0.00021902381558902562, 0.00022475191508419812, 0.0002168845385313034, 0.0002113648661179468, 0.0002295182493980974, 0.0002291812706971541, 0.000238512919167988, 0.00022627561702392995, 0.00023104195133782923, 0.0002281732886331156, 0.00020364663214422762]], [[0, 1, 2, 3, 4, 5, 6, 7, 8, 9, 10, 11, 12, 13, 14, 15, 16, 17, 18, 19, 20], [7.97, 77.34, 78.81, 82.45, 80.27, 81.36, 81.79, 83.97, 83.02, 83.16, 84.64, 83.18, 83.2, 85.34, 85.61, 85.19, 85.4, 85.38, 86.08, 86.83, 85.46], [0, 0.005382828414440155, 0.0028781534638255835, 0.0017603716114535928, 0.0014024628326296806, 0.0010188468731939793, 0.0006710372399538755, 0.00020469575247261673, 8.978752157418057e-05, 7.298027776414528e-05, 6.875989492982626e-05, 7.266124157467857e-05, 5.5643566156504676e-05, 8.063259156187996e-05, 9.073955152416602e-05, 9.172724094241858e-05, 0.00010825297795236111, 9.94112269836478e-05, 9.5081799372565e-05, 8.381631050724536e-05, 8.478467498207465e-05]]], "alpha": 0.9, "beta": 1.0, "gamma": 5.0, "num_samples": 6000, "node_count": 10, "density": 0.0, "startup_delay": 0.0, "forward_prob": 0}