{"nodes_data": [[[0, 1, 2, 3, 4, 5, 6, 7, 8, 9, 10, 11, 12, 13, 14, 15, 16, 17, 18, 19, 20], [6.16, 10.1, 75.23, 81.35, 82.65, 83.93, 84.02, 84.94, 84.76, 85.54, 85.66, 86.06, 86.32, 86.36, 86.31, 86.89, 86.76, 86.74, 86.83, 87.09, 87.21], [0, 0.005382464732974768, 0.0006114190327934921, 0.00012579504982568324, 7.406570512102917e-05, 7.260060374392197e-05, 6.91720488248393e-05, 7.334403198910877e-05, 7.447994721587747e-05, 7.668036414543167e-05, 7.523453678004444e-05, 7.82446950324811e-05, 7.921055657789111e-05, 8.501094998791814e-05, 8.691824768902734e-05, 9.243970998795703e-05, 9.507802315056324e-05, 9.496487473370507e-05, 9.159420733340085e-05, 9.87631719908677e-05, 0.00010093549644807354]], [[0, 1, 2, 3, 4, 5, 6, 7, 8, 9, 10, 11, 12, 13, 14, 15, 16, 17, 18, 19, 20], [8.49, 10.0, 75.68, 81.35, 82.96, 84.06, 83.83, 85.04, 84.76, 85.51, 85.66, 85.88, 86.32, 86.31, 86.31, 86.89, 86.71, 86.74, 86.87, 87.09, 87.14], [0, 0.005380894523113966, 0.0005620781448669732, 0.00011426951823523268, 7.388870290014893e-05, 6.911388481967151e-05, 7.082215597620234e-05, 7.47528683859855e-05, 7.426724914694205e-05, 7.264266605488956e-05, 7.470910350093618e-05, 8.167805935954675e-05, 8.144233288476244e-05, 8.156905096257105e-05, 9.036467963596806e-05, 9.077743743546307e-05, 9.568477980792522e-05, 8.97337740752846e-05, 9.40390455070883e-05, 0.00011232505494263023, 9.486960334470496e-05]]], "msds": [[[0, 1, 2, 3, 4, 5, 6, 7, 8, 9, 10, 11, 12, 13, 14, 15, 16, 17, 18, 19, 20], [6.16, 10.1, 75.23, 81.35, 82.65, 83.93, 84.02, 84.94, 84.76, 85.54, 85.66, 86.06, 86.32, 86.36, 86.31, 86.89, 86.76, 86.74, 86.83, 87.09, 87.21], [0, 0.005382464732974768, 0.0006114190327934921, 0.00012579504982568324, 7.406570512102917e-05, 7.260060374392197e-05, 6.91720488248393e-05, 7.334403198910877e-05, 7.447994721587747e-05, 7.668036414543167e-05, 7.523453678004444e-05, 7.82446950324811e-05, 7.921055657789111e-05, 8.501094998791814e-05, 8.691824768902734e-05, 9.243970998795703e-05, 9.507802315056324e-05, 9.496487473370507e-05, 9.159420733340085e-05, 9.87631719908677e-05, 0.00010093549644807354]], [[0, 1, 2, 3, 4, 5, 6, 7, 8, 9, 10, 11, 12, 13, 14, 15, 16, 17, 18, 19, 20], [9.43, 10.1, 75.68, 81.35, 82.97, 83.93, 83.94, 84.85, 84.76, 85.66, 85.53, 86.0, 86.27, 86.34, 86.2, 86.89, 86.6, 86.74, 86.89, 87.09, 87.24], [0, 0.005381184164434671, 0.0005597779527306557, 0.000118437317723874, 7.061423821141943e-05, 7.202193228295073e-05, 6.975577707635239e-05, 7.671202183701098e-05, 8.086317393463105e-05, 7.553314208053052e-05, 7.574399933218956e-05, 8.534585504094139e-05, 7.70917977206409e-05, 8.465513383271173e-05, 8.229225204559043e-05, 9.44841158343479e-05, 9.811096970224753e-05, 9.332734771305695e-05, 9.411776409251615e-05, 0.00010121424566023052, 9.542978659737855e-05]]], "alpha": 0.0, "beta": 0.0, "gamma": 5.0, "num_samples": 6000, "node_count": 10, "density": 1.0, "startup_delay": 0.0, "forward_prob": 0}