{"nodes_data": [[[0, 1, 2, 3, 4, 5, 6, 7, 8, 9, 10, 11, 12, 13, 14, 15, 16, 17, 18, 19, 20], [8.35, 10.92, 53.99, 69.39, 81.58, 82.55, 83.52, 83.79, 84.44, 84.13, 84.98, 85.25, 85.16, 85.74, 85.8, 86.05, 86.17, 86.31, 86.16, 86.61, 86.94], [0, 0.0053686294704675674, 0.002062779851257801, 0.0005273303831927478, 0.00023468492145184427, 9.854482777882367e-05, 7.726974581601098e-05, 6.9057809014339e-05, 7.272070070030168e-05, 7.187454320956022e-05, 7.178960368037224e-05, 7.73479841882363e-05, 7.90380290709436e-05, 8.051858458202332e-05, 8.689029345987365e-05, 9.07881767489016e-05, 8.751737914280966e-05, 8.502194395987317e-05, 8.335903112310916e-05, 8.946010348154232e-05, 9.525848872726783e-05]], [[0, 1, 2, 3, 4, 5, 6, 7, 8, 9, 10, 11, 12, 13, 14, 15, 16, 17, 18, 19, 20], [4.92, 10.0, 37.43, 73.66, 81.66, 82.6, 83.51, 83.82, 84.08, 84.66, 84.94, 85.17, 85.46, 85.73, 85.78, 86.02, 86.1, 86.21, 86.46, 86.74, 86.88], [0, 0.0053703077137470245, 0.0026706899516284466, 0.0005166466580703855, 0.00020438236242625862, 0.0001039882845361717, 7.609183376189321e-05, 7.249449117807671e-05, 7.322499004658312e-05, 7.057509355945513e-05, 7.761648157611489e-05, 8.156561671057716e-05, 8.199233707273379e-05, 7.971228478709236e-05, 8.766398968873546e-05, 8.524922304786742e-05, 8.62534943735227e-05, 8.830483420751989e-05, 9.252553718397394e-05, 9.089497325476259e-05, 9.76702431216836e-05]]], "msds": [[[0, 1, 2, 3, 4, 5, 6, 7, 8, 9, 10, 11, 12, 13, 14, 15, 16, 17, 18, 19, 20], [8.35, 10.92, 53.99, 69.39, 81.58, 82.55, 83.52, 83.79, 84.44, 84.13, 84.98, 85.25, 85.16, 85.74, 85.8, 86.05, 86.17, 86.31, 86.16, 86.61, 86.94], [0, 0.0053686294704675674, 0.002062779851257801, 0.0005273303831927478, 0.00023468492145184427, 9.854482777882367e-05, 7.726974581601098e-05, 6.9057809014339e-05, 7.272070070030168e-05, 7.187454320956022e-05, 7.178960368037224e-05, 7.73479841882363e-05, 7.90380290709436e-05, 8.051858458202332e-05, 8.689029345987365e-05, 9.07881767489016e-05, 8.751737914280966e-05, 8.502194395987317e-05, 8.335903112310916e-05, 8.946010348154232e-05, 9.525848872726783e-05]], [[0, 1, 2, 3, 4, 5, 6, 7, 8, 9, 10, 11, 12, 13, 14, 15, 16, 17, 18, 19, 20], [9.77, 10.0, 69.78, 81.29, 81.97, 82.75, 83.88, 84.0, 83.96, 84.83, 85.15, 85.24, 85.7, 85.64, 86.1, 85.88, 86.16, 86.35, 86.37, 86.7, 86.87], [0, 0.0053572519682347775, 0.0009370148181915283, 0.00025495895533822477, 0.00013214937644079328, 8.768367115408182e-05, 7.496139733120799e-05, 7.518792699556798e-05, 7.163366535678506e-05, 7.813380216248333e-05, 7.645678124390543e-05, 8.63498353282921e-05, 7.874953735154122e-05, 8.244907803600654e-05, 8.786800754023716e-05, 8.543459989596158e-05, 9.098037116928026e-05, 9.129907266469672e-05, 8.738494216231629e-05, 9.067919745575637e-05, 9.705376578494906e-05]]], "alpha": 0.9, "beta": 2.0, "gamma": 3.0, "num_samples": 6000, "node_count": 10, "density": 1.0, "startup_delay": 0.0, "forward_prob": 0}