{"nodes_data": [[[0, 1, 2, 3, 4, 5, 6, 7, 8, 9, 10, 11, 12, 13, 14, 15, 16, 17, 18, 19, 20], [9.77, 10.0, 10.0, 76.85, 81.12, 82.12, 82.94, 83.57, 84.21, 84.13, 84.7, 84.48, 85.06, 85.61, 85.82, 85.87, 85.86, 86.04, 86.28, 86.34, 86.42], [0, 0.0053605143912136555, 0.002898115897551179, 0.0004785715136677027, 0.00022823366452939808, 0.00010158900840906426, 7.701068534515798e-05, 7.442472269758582e-05, 7.1296191890724e-05, 7.215133518911898e-05, 7.591501343995333e-05, 7.699001434957609e-05, 7.957510388223454e-05, 8.574398816563189e-05, 8.126611646730453e-05, 8.3672181062866e-05, 9.126381337409839e-05, 8.76723206602037e-05, 9.001757280202582e-05, 9.327929001301527e-05, 9.33941119001247e-05]], [[0, 1, 2, 3, 4, 5, 6, 7, 8, 9, 10, 11, 12, 13, 14, 15, 16, 17, 18, 19, 20], [8.29, 10.0, 56.21, 79.24, 81.27, 81.99, 82.96, 83.4, 84.21, 84.23, 84.73, 84.62, 85.21, 85.47, 85.64, 85.7, 85.9, 86.04, 86.36, 86.31, 86.38], [0, 0.005367322359234095, 0.0019811380188912153, 0.000466491183033213, 0.0002162615564884618, 0.00011342454672558233, 7.73388019297272e-05, 7.822430779924616e-05, 7.30182437109761e-05, 7.406202348647639e-05, 7.773446122882888e-05, 7.922254008008167e-05, 8.436515054199845e-05, 8.436373173026368e-05, 9.040114673553035e-05, 8.524675649823621e-05, 8.79428262123838e-05, 8.712431008461863e-05, 9.082401811610907e-05, 9.08387519302778e-05, 9.959669841919094e-05]]], "msds": [[[0, 1, 2, 3, 4, 5, 6, 7, 8, 9, 10, 11, 12, 13, 14, 15, 16, 17, 18, 19, 20], [9.77, 10.0, 10.0, 76.85, 81.12, 82.12, 82.94, 83.57, 84.21, 84.13, 84.7, 84.48, 85.06, 85.61, 85.82, 85.87, 85.86, 86.04, 86.28, 86.34, 86.42], [0, 0.0053605143912136555, 0.002898115897551179, 0.0004785715136677027, 0.00022823366452939808, 0.00010158900840906426, 7.701068534515798e-05, 7.442472269758582e-05, 7.1296191890724e-05, 7.215133518911898e-05, 7.591501343995333e-05, 7.699001434957609e-05, 7.957510388223454e-05, 8.574398816563189e-05, 8.126611646730453e-05, 8.3672181062866e-05, 9.126381337409839e-05, 8.76723206602037e-05, 9.001757280202582e-05, 9.327929001301527e-05, 9.33941119001247e-05]], [[0, 1, 2, 3, 4, 5, 6, 7, 8, 9, 10, 11, 12, 13, 14, 15, 16, 17, 18, 19, 20], [7.82, 10.0, 18.09, 79.22, 81.08, 82.49, 83.13, 83.94, 84.32, 84.43, 84.53, 85.14, 85.14, 85.47, 85.76, 85.87, 85.92, 86.23, 86.5, 86.29, 86.44], [0, 0.005389360710978508, 0.00256006745621562, 0.00043038796866312623, 0.000162433716468513, 9.558780584484339e-05, 7.701494178036228e-05, 7.190035103121772e-05, 7.142883987398818e-05, 7.203828863566741e-05, 7.621019904036075e-05, 8.091992640402168e-05, 8.115880336845294e-05, 8.534872176824138e-05, 8.068286115303636e-05, 8.36675098980777e-05, 8.484857244184241e-05, 8.807011181488633e-05, 9.29767920752056e-05, 9.267590212402865e-05, 9.24337946344167e-05]]], "alpha": 0.0, "beta": 1.0, "gamma": 5.0, "num_samples": 6000, "node_count": 10, "density": 1.0, "startup_delay": 0.0, "forward_prob": 0}