{"nodes_data": [[[0, 1, 2, 3, 4, 5, 6, 7, 8, 9, 10, 11, 12, 13, 14, 15, 16, 17, 18, 19, 20], [11.17, 80.57, 70.17, 64.86, 75.24, 82.64, 82.87, 82.91, 83.87, 84.84, 84.93, 84.99, 85.33, 85.62, 85.39, 85.97, 85.61, 86.08, 86.39, 85.93, 86.69], [0, 0, 0.005532753188163042, 0.0015315901255235076, 0.0007897950708866119, 0.0004961444064974785, 0.0003205998509656638, 0.00022536731557920575, 0.000179748865775764, 0.0001671229547355324, 0.00015749456360936165, 0.00015293432807084173, 0.0001525301777292043, 0.00015324917330872267, 0.00015062501188367605, 0.00014797634503338486, 0.00014973085490055382, 0.00014725103392265737, 0.0001589003950357437, 0.0001517856289865449, 0.00015198381152004004]], [[0, 1, 2, 3, 4, 5, 6, 7, 8, 9, 10, 11, 12, 13, 14, 15, 16, 17, 18, 19, 20], [9.61, 55.43, 56.7, 65.6, 81.18, 82.87, 82.08, 83.42, 84.32, 84.05, 85.14, 84.92, 85.03, 85.25, 85.55, 85.6, 85.29, 85.94, 86.36, 86.26, 86.39], [0, 0.005361351650208235, 0.0024352779146283865, 0.0010944036766886711, 0.0007206957088783383, 0.0004844095674343407, 0.00031188729917630553, 0.00021696298790629953, 0.0001741929299896583, 0.00016101807705126703, 0.0001537856151117012, 0.00014797119365539402, 0.00014795541937928647, 0.0001453981822123751, 0.00014099424879532307, 0.00014872588508296758, 0.0001480216160416603, 0.00014815718168392777, 0.0001505204854765907, 0.00015012221410870552, 0.00016095710452646017]]], "msds": [[[0, 1, 2, 3, 4, 5, 6, 7, 8, 9, 10, 11, 12, 13, 14, 15, 16, 17, 18, 19, 20], [11.17, 80.57, 70.17, 64.86, 75.24, 82.64, 82.87, 82.91, 83.87, 84.84, 84.93, 84.99, 85.33, 85.62, 85.39, 85.97, 85.61, 86.08, 86.39, 85.93, 86.69], [0, 0, 0.005532753188163042, 0.0015315901255235076, 0.0007897950708866119, 0.0004961444064974785, 0.0003205998509656638, 0.00022536731557920575, 0.000179748865775764, 0.0001671229547355324, 0.00015749456360936165, 0.00015293432807084173, 0.0001525301777292043, 0.00015324917330872267, 0.00015062501188367605, 0.00014797634503338486, 0.00014973085490055382, 0.00014725103392265737, 0.0001589003950357437, 0.0001517856289865449, 0.00015198381152004004]], [[0, 1, 2, 3, 4, 5, 6, 7, 8, 9, 10, 11, 12, 13, 14, 15, 16, 17, 18, 19, 20], [9.49, 60.44, 54.68, 67.3, 79.41, 81.62, 83.67, 83.68, 83.02, 84.22, 85.17, 84.14, 85.4, 85.09, 85.96, 85.82, 86.21, 86.03, 86.37, 86.15, 86.4], [0, 0.0053658499382436275, 0.0029849535785615444, 0.001076718675903976, 0.0006073232507333159, 0.0003752850752789527, 0.00026410791906528175, 0.00021047273185104132, 0.0001691773213678971, 0.00015927162894513458, 0.00015541624452453107, 0.0001481359504396096, 0.00014909994206391275, 0.00014485305291600525, 0.00015061661542858928, 0.00014449199079535902, 0.0001396620209561661, 0.00015389153850264847, 0.00014823740639258176, 0.00014694778656121343, 0.00016856069851201028]]], "alpha": 0.5, "beta": 2.0, "gamma": 0.0, "num_samples": 6000, "node_count": 10, "density": 1.0, "startup_delay": 0.0, "forward_prob": 0}