{"nodes_data": [[[0, 1, 2, 3, 4, 5, 6, 7, 8, 9, 10, 11, 12, 13, 14, 15, 16, 17, 18, 19, 20], [11.59, 22.63, 63.89, 80.16, 82.4, 82.9, 84.34, 84.62, 84.66, 85.59, 85.79, 85.43, 86.21, 86.72, 86.81, 86.74, 86.74, 86.66, 86.7, 87.1, 86.85], [0, 0.005355922970920801, 0.0011611292138695717, 0.00045050293556414545, 0.00013940800272393972, 0.00010740716243162751, 9.476982813794166e-05, 9.141307236859575e-05, 0.0001014251247397624, 8.853936742525548e-05, 9.724646952236071e-05, 0.00010150612069992349, 0.00010947302507702261, 0.00010009968536905944, 0.00011059606185881421, 0.00011605547479121014, 0.00012419205449987203, 0.00011572625226108357, 0.00012491900997702032, 0.00012126714136684313, 0.0001307846250711009]], [[0, 1, 2, 3, 4, 5, 6, 7, 8, 9, 10, 11, 12, 13, 14, 15, 16, 17, 18, 19, 20], [16.21, 22.89, 67.83, 81.36, 83.27, 83.74, 84.61, 84.69, 85.04, 85.57, 84.9, 85.2, 85.69, 86.58, 86.6, 86.6, 86.93, 86.72, 86.96, 87.4, 87.28], [0, 0.005361714866012335, 0.0011658063158392906, 0.0003381036513019353, 0.00018910245853476226, 0.00011242010077694431, 9.95800583041273e-05, 9.45584470173344e-05, 9.99820840661414e-05, 0.00010404180648038164, 0.00010535387264098972, 0.00010660448606358841, 8.846246055327356e-05, 0.00011208430805709213, 9.293926996178925e-05, 0.00010649233445292339, 0.00012736066128127277, 0.00010899087646976113, 0.00011392660962883383, 0.00011440119124017656, 0.00012993463315069675]]], "msds": [[[0, 1, 2, 3, 4, 5, 6, 7, 8, 9, 10, 11, 12, 13, 14, 15, 16, 17, 18, 19, 20], [11.59, 22.63, 63.89, 80.16, 82.4, 82.9, 84.34, 84.62, 84.66, 85.59, 85.79, 85.43, 86.21, 86.72, 86.81, 86.74, 86.74, 86.66, 86.7, 87.1, 86.85], [0, 0.005355922970920801, 0.0011611292138695717, 0.00045050293556414545, 0.00013940800272393972, 0.00010740716243162751, 9.476982813794166e-05, 9.141307236859575e-05, 0.0001014251247397624, 8.853936742525548e-05, 9.724646952236071e-05, 0.00010150612069992349, 0.00010947302507702261, 0.00010009968536905944, 0.00011059606185881421, 0.00011605547479121014, 0.00012419205449987203, 0.00011572625226108357, 0.00012491900997702032, 0.00012126714136684313, 0.0001307846250711009]], [[0, 1, 2, 3, 4, 5, 6, 7, 8, 9, 10, 11, 12, 13, 14, 15, 16, 17, 18, 19, 20], [12.71, 18.65, 63.21, 80.91, 82.65, 82.92, 82.4, 84.97, 85.02, 85.51, 85.77, 85.37, 86.17, 86.52, 86.55, 86.67, 86.85, 86.59, 86.42, 87.18, 87.2], [0, 0.005363566800951958, 0.0011185609037056565, 0.0002982265141326934, 0.00013758972636424005, 0.00012223233352415264, 9.778165258467197e-05, 0.00010733961971709505, 8.440244710072875e-05, 9.828749898588285e-05, 9.568520908942446e-05, 0.00010461424972163513, 9.774731734069064e-05, 0.00010454154835315421, 0.00010829136590473354, 0.0001166464135167189, 0.00011566906323423609, 0.000118567819299642, 0.00014309179096017033, 0.00012782594421878457, 0.00011624372564256191]]], "alpha": 0.7, "beta": 0.5, "gamma": 1.0, "num_samples": 6000, "node_count": 10, "density": 1.0, "startup_delay": 0.0, "forward_prob": 0}