{"nodes_data": [[[0, 1, 2, 3, 4, 5, 6, 7, 8, 9, 10, 11, 12, 13, 14, 15, 16, 17, 18, 19, 20], [15.34, 10.0, 10.0, 76.91, 81.21, 81.69, 82.98, 83.94, 83.81, 84.74, 84.5, 84.88, 85.21, 85.26, 85.52, 85.9, 85.74, 86.12, 85.86, 86.3, 86.41], [0, 0.005369580816477537, 0.002789539285004139, 0.0005036622169427574, 0.0002886878210119903, 0.000159148927195929, 8.770803833613172e-05, 8.674429409438744e-05, 7.890805136412382e-05, 6.724656122969463e-05, 7.374116830760613e-05, 7.223150896606967e-05, 7.490348070859909e-05, 7.470642594853416e-05, 8.164410974131897e-05, 8.217584399972111e-05, 8.976625395007432e-05, 8.605921175330877e-05, 8.716656157048419e-05, 8.938457176554948e-05, 8.910174074117094e-05]], [[0, 1, 2, 3, 4, 5, 6, 7, 8, 9, 10, 11, 12, 13, 14, 15, 16, 17, 18, 19, 20], [18.39, 10.0, 36.85, 69.99, 80.87, 81.48, 82.93, 83.66, 83.58, 84.6, 84.57, 84.73, 85.02, 85.39, 85.62, 85.67, 85.81, 86.27, 85.79, 86.24, 86.35], [0, 0.005350534338504076, 0.002607576083391905, 0.0005655648419633508, 0.00030815417994745076, 0.00017166294855996966, 9.060466254595667e-05, 8.507513121003285e-05, 8.13843944342807e-05, 7.086228288244456e-05, 7.607620500493795e-05, 7.223661668831483e-05, 7.870846457080916e-05, 7.450910925399512e-05, 8.259408787125722e-05, 8.477586379740387e-05, 8.564836025470868e-05, 9.038934513228014e-05, 9.057504212250933e-05, 9.059521107701585e-05, 9.233815217157826e-05]]], "msds": [[[0, 1, 2, 3, 4, 5, 6, 7, 8, 9, 10, 11, 12, 13, 14, 15, 16, 17, 18, 19, 20], [15.34, 10.0, 10.0, 76.91, 81.21, 81.69, 82.98, 83.94, 83.81, 84.74, 84.5, 84.88, 85.21, 85.26, 85.52, 85.9, 85.74, 86.12, 85.86, 86.3, 86.41], [0, 0.005369580816477537, 0.002789539285004139, 0.0005036622169427574, 0.0002886878210119903, 0.000159148927195929, 8.770803833613172e-05, 8.674429409438744e-05, 7.890805136412382e-05, 6.724656122969463e-05, 7.374116830760613e-05, 7.223150896606967e-05, 7.490348070859909e-05, 7.470642594853416e-05, 8.164410974131897e-05, 8.217584399972111e-05, 8.976625395007432e-05, 8.605921175330877e-05, 8.716656157048419e-05, 8.938457176554948e-05, 8.910174074117094e-05]], [[0, 1, 2, 3, 4, 5, 6, 7, 8, 9, 10, 11, 12, 13, 14, 15, 16, 17, 18, 19, 20], [12.62, 10.0, 64.56, 76.84, 81.29, 81.97, 83.23, 83.83, 84.27, 84.45, 84.53, 84.94, 85.02, 85.33, 85.66, 85.99, 85.73, 85.91, 85.9, 86.28, 86.43], [0, 0.005383460316807032, 0.0020680169109255075, 0.0006048765499144793, 0.00025329823256470263, 0.00012467821943573654, 8.713315764907748e-05, 7.369333616225049e-05, 6.803240830777213e-05, 6.849074270576239e-05, 7.26597718312405e-05, 7.805475615896285e-05, 7.754582475172356e-05, 7.748990901745856e-05, 7.616716175107285e-05, 8.210411033360288e-05, 8.959697879618034e-05, 8.519496623193845e-05, 8.872333273757249e-05, 8.770976273808628e-05, 9.009002678794786e-05]]], "alpha": 1.0, "beta": 2.0, "gamma": 5.0, "num_samples": 6000, "node_count": 10, "density": 1.0, "startup_delay": 0.0, "forward_prob": 0}