{"nodes_data": [[[0, 1, 2, 3, 4, 5, 6, 7, 8, 9, 10, 11, 12, 13, 14, 15, 16, 17, 18, 19, 20], [14.47, 10.94, 61.1, 81.04, 82.69, 83.78, 84.2, 84.99, 85.36, 85.89, 85.76, 85.77, 86.05, 86.65, 86.71, 87.02, 86.95, 87.2, 86.81, 87.12, 87.46], [0, 0.005363123957067728, 0.0008412207826040685, 0.00029339868342503905, 0.00011747541429940611, 9.602643694961444e-05, 9.125354699790478e-05, 9.476592822466046e-05, 9.050394146470353e-05, 9.267396671930328e-05, 9.865060565061867e-05, 0.00010089289571624249, 0.00010040708002634346, 0.00010622990521369502, 0.00010859511530725285, 0.00011050764442188665, 0.00011143138544866815, 0.00011217177234357223, 0.00011121382704004645, 0.00012442190200090408, 0.00011644536425592378]], [[0, 1, 2, 3, 4, 5, 6, 7, 8, 9, 10, 11, 12, 13, 14, 15, 16, 17, 18, 19, 20], [12.36, 11.71, 62.09, 80.26, 83.18, 83.55, 84.67, 84.39, 85.37, 85.71, 85.77, 85.96, 86.42, 86.38, 86.93, 86.88, 86.96, 87.37, 87.28, 87.46, 87.63], [0, 0.005361480172723532, 0.0008510659681633115, 0.0003423758898861706, 0.00013138569192960858, 9.481604502070695e-05, 9.362027049064636e-05, 9.317506192019209e-05, 9.46821819525212e-05, 9.196700557367876e-05, 0.0001010508494800888, 9.611849236534908e-05, 0.00010366551578044891, 0.00010543705138843507, 0.00010409923561383039, 0.00010713740630308166, 0.00010977690544677898, 0.00011104223085567355, 0.00011468545562820509, 0.00012096190766897053, 0.00011914390051970258]]], "msds": [[[0, 1, 2, 3, 4, 5, 6, 7, 8, 9, 10, 11, 12, 13, 14, 15, 16, 17, 18, 19, 20], [14.47, 10.94, 61.1, 81.04, 82.69, 83.78, 84.2, 84.99, 85.36, 85.89, 85.76, 85.77, 86.05, 86.65, 86.71, 87.02, 86.95, 87.2, 86.81, 87.12, 87.46], [0, 0.005363123957067728, 0.0008412207826040685, 0.00029339868342503905, 0.00011747541429940611, 9.602643694961444e-05, 9.125354699790478e-05, 9.476592822466046e-05, 9.050394146470353e-05, 9.267396671930328e-05, 9.865060565061867e-05, 0.00010089289571624249, 0.00010040708002634346, 0.00010622990521369502, 0.00010859511530725285, 0.00011050764442188665, 0.00011143138544866815, 0.00011217177234357223, 0.00011121382704004645, 0.00012442190200090408, 0.00011644536425592378]], [[0, 1, 2, 3, 4, 5, 6, 7, 8, 9, 10, 11, 12, 13, 14, 15, 16, 17, 18, 19, 20], [8.07, 22.03, 57.76, 80.02, 82.67, 83.48, 84.57, 84.72, 85.5, 85.67, 85.38, 85.68, 86.18, 86.64, 86.67, 86.93, 86.81, 87.41, 86.93, 87.32, 87.7], [0, 0.005372066982090473, 0.0009144581272266805, 0.0002827127755153924, 0.00011870806338265538, 9.594894072506577e-05, 9.006147593026981e-05, 9.292167669627815e-05, 9.303224214818329e-05, 9.714558837004006e-05, 9.628103725844994e-05, 9.868782944977283e-05, 9.910699736792594e-05, 0.00010711404320318252, 0.00010498797200853005, 0.00010800394375110045, 0.00010674531222321093, 0.00011176444968441501, 0.00010661008855095133, 0.00012583035277202725, 0.00011066831211792305]]], "alpha": 0.7, "beta": 0.0, "gamma": 5.0, "num_samples": 6000, "node_count": 10, "density": 1.0, "startup_delay": 0.0, "forward_prob": 0}