{"nodes_data": [[[0, 1, 2, 3, 4, 5, 6, 7, 8, 9, 10, 11, 12, 13, 14, 15, 16, 17, 18, 19, 20], [10.04, 10.24, 14.73, 74.74, 79.89, 82.05, 82.99, 83.7, 84.09, 84.56, 85.02, 85.07, 85.05, 84.74, 85.6, 85.82, 85.9, 86.17, 86.24, 86.13, 86.84], [0, 0.005368956830352545, 0.002870343392714858, 0.0004958228673785925, 0.0002380934456596151, 0.00010335364640923217, 7.856178126530722e-05, 6.971949187573045e-05, 7.136824569897726e-05, 7.487069524358958e-05, 7.600940443808213e-05, 7.962796371430159e-05, 7.962311065057293e-05, 8.120248094201088e-05, 8.577460539527237e-05, 7.932712469482794e-05, 8.769746636971831e-05, 8.760320633882657e-05, 9.272323222830892e-05, 9.080424206331372e-05, 9.410899656359106e-05]], [[0, 1, 2, 3, 4, 5, 6, 7, 8, 9, 10, 11, 12, 13, 14, 15, 16, 17, 18, 19, 20], [10.69, 12.87, 28.74, 76.48, 80.63, 82.23, 83.28, 83.52, 84.42, 84.56, 85.03, 85.21, 85.18, 84.79, 85.87, 85.62, 86.34, 86.21, 86.11, 86.58, 86.67], [0, 0.0053599621169269085, 0.0026534046046435833, 0.0004579980159178376, 0.00017822280642576516, 8.966956374933943e-05, 7.646279118489474e-05, 7.803562039043754e-05, 7.377984002232552e-05, 7.817975711077452e-05, 7.465195812983438e-05, 8.080650877673179e-05, 8.696909208083525e-05, 8.81699234014377e-05, 8.156464173225686e-05, 9.173021680908278e-05, 8.883834379957989e-05, 8.917834202293307e-05, 9.474351099925116e-05, 9.095508721657097e-05, 9.151963604381308e-05]]], "msds": [[[0, 1, 2, 3, 4, 5, 6, 7, 8, 9, 10, 11, 12, 13, 14, 15, 16, 17, 18, 19, 20], [10.04, 10.24, 14.73, 74.74, 79.89, 82.05, 82.99, 83.7, 84.09, 84.56, 85.02, 85.07, 85.05, 84.74, 85.6, 85.82, 85.9, 86.17, 86.24, 86.13, 86.84], [0, 0.005368956830352545, 0.002870343392714858, 0.0004958228673785925, 0.0002380934456596151, 0.00010335364640923217, 7.856178126530722e-05, 6.971949187573045e-05, 7.136824569897726e-05, 7.487069524358958e-05, 7.600940443808213e-05, 7.962796371430159e-05, 7.962311065057293e-05, 8.120248094201088e-05, 8.577460539527237e-05, 7.932712469482794e-05, 8.769746636971831e-05, 8.760320633882657e-05, 9.272323222830892e-05, 9.080424206331372e-05, 9.410899656359106e-05]], [[0, 1, 2, 3, 4, 5, 6, 7, 8, 9, 10, 11, 12, 13, 14, 15, 16, 17, 18, 19, 20], [18.06, 10.0, 63.75, 76.31, 80.33, 82.25, 83.09, 83.1, 84.26, 84.74, 85.11, 85.04, 85.08, 84.85, 85.81, 85.74, 86.27, 86.38, 86.07, 86.63, 86.65], [0, 0.005363012198358774, 0.0018227443797513843, 0.00047351865214295685, 0.00018519465811550617, 9.264937398256734e-05, 7.438712054863572e-05, 6.903125176904723e-05, 7.097609341144562e-05, 7.604815618833527e-05, 7.458007894456387e-05, 7.980908412719145e-05, 7.865641237003729e-05, 8.211610111175105e-05, 8.709460234967992e-05, 8.800475188763812e-05, 8.763107325648889e-05, 8.50102660479024e-05, 9.053717803908512e-05, 9.201405191561207e-05, 9.621503704693168e-05]]], "alpha": 0.0, "beta": 1.0, "gamma": 5.0, "num_samples": 6000, "node_count": 10, "density": 1.0, "startup_delay": 0.0, "forward_prob": 0}