{"nodes_data": [[[0, 1, 2, 3, 4, 5, 6, 7, 8, 9, 10, 11, 12, 13, 14, 15, 16, 17, 18, 19, 20], [10.33, 25.37, 55.91, 66.0, 81.23, 82.45, 83.27, 84.16, 84.41, 84.92, 84.86, 85.21, 85.4, 85.66, 85.55, 86.01, 86.18, 86.25, 86.27, 86.34, 86.67], [0, 0.0053717950358986855, 0.0029158389661461115, 0.0008991260547190905, 0.00033931504003703594, 0.00015105854254215956, 0.00010690361523302272, 9.722055256133899e-05, 9.385815792484209e-05, 9.447776392335072e-05, 9.853321535047144e-05, 9.744225098984316e-05, 9.709412552183494e-05, 0.00010197277879342437, 0.00010086158727062866, 0.00010574222687864676, 0.00010696377285057679, 0.00010630500764818862, 0.0001049534184858203, 0.00011651665408862755, 0.00011511051707202569]], [[0, 1, 2, 3, 4, 5, 6, 7, 8, 9, 10, 11, 12, 13, 14, 15, 16, 17, 18, 19, 20], [8.78, 70.93, 54.04, 66.57, 81.77, 82.74, 83.13, 83.83, 84.28, 84.85, 85.33, 85.44, 85.44, 85.74, 85.96, 86.04, 86.12, 86.55, 86.25, 86.67, 86.89], [0, 0.005363150034099817, 0.0041030957363545895, 0.0007701371796429157, 0.00028159815701656044, 0.00012664709356613457, 0.00010011619451688603, 9.36151627684012e-05, 9.325087739853188e-05, 9.571446571499109e-05, 9.547534136800095e-05, 9.774668433237821e-05, 9.828278416534886e-05, 0.00010186115105170757, 0.00010430450493004173, 0.00010562688839854673, 0.00010916333849309012, 0.00010525328980293125, 0.00010885398660320789, 0.00011564042506506667, 0.00011852133320644498]]], "msds": [[[0, 1, 2, 3, 4, 5, 6, 7, 8, 9, 10, 11, 12, 13, 14, 15, 16, 17, 18, 19, 20], [10.33, 25.37, 55.91, 66.0, 81.23, 82.45, 83.27, 84.16, 84.41, 84.92, 84.86, 85.21, 85.4, 85.66, 85.55, 86.01, 86.18, 86.25, 86.27, 86.34, 86.67], [0, 0.0053717950358986855, 0.0029158389661461115, 0.0008991260547190905, 0.00033931504003703594, 0.00015105854254215956, 0.00010690361523302272, 9.722055256133899e-05, 9.385815792484209e-05, 9.447776392335072e-05, 9.853321535047144e-05, 9.744225098984316e-05, 9.709412552183494e-05, 0.00010197277879342437, 0.00010086158727062866, 0.00010574222687864676, 0.00010696377285057679, 0.00010630500764818862, 0.0001049534184858203, 0.00011651665408862755, 0.00011511051707202569]], [[0, 1, 2, 3, 4, 5, 6, 7, 8, 9, 10, 11, 12, 13, 14, 15, 16, 17, 18, 19, 20], [8.97, 18.6, 56.9, 69.94, 81.18, 82.92, 83.54, 84.17, 83.67, 84.63, 85.44, 84.9, 85.52, 85.73, 86.01, 86.06, 86.35, 86.17, 86.12, 86.66, 86.52], [0, 0.005372411571443081, 0.002686022548004985, 0.0007308547501452267, 0.0003187545808032155, 0.00013712402142118663, 0.00010476978059159592, 9.221403888659552e-05, 9.85680817393586e-05, 9.259145008400083e-05, 9.867001790553331e-05, 9.631917055230588e-05, 9.891994704958051e-05, 0.00010028404358308762, 0.00010126586130354553, 0.00010123923129867762, 0.00010667856986401603, 0.00010789583757286891, 0.00011045327846659347, 0.00011085667938459665, 0.0001143844347097911]]], "alpha": 0.7, "beta": 1.0, "gamma": 1.0, "num_samples": 6000, "node_count": 10, "density": 1.0, "startup_delay": 0.0, "forward_prob": 0}