{"nodes_data": [[[0, 1, 2, 3, 4, 5, 6, 7, 8, 9, 10, 11, 12, 13, 14, 15, 16, 17, 18, 19, 20], [10.45, 47.72, 79.45, 82.25, 82.15, 83.41, 84.65, 82.86, 84.58, 84.05, 85.06, 85.64, 83.89, 85.75, 86.02, 85.64, 86.05, 85.84, 86.36, 86.23, 86.55], [0, 0.005361577495932579, 0.00058892642846331, 0.00025618940708227456, 0.00018549141532275826, 0.0001544379338156432, 0.00017886236310005188, 0.00014509311586152762, 0.0001346961798844859, 0.00013273431977722794, 7.731186633463949e-05, 6.50676665827632e-05, 0, 0.00010235998342977837, 8.410418377025053e-05, 8.549417543690652e-05, 0.00012034709652652964, 9.967545338440686e-05, 0.0001157209335360676, 0.00010455067967996001, 9.570694965077564e-05]], [[0, 1, 2, 3, 4, 5, 6, 7, 8, 9, 10, 11, 12, 13, 14, 15, 16, 17, 18, 19, 20], [5.31, 66.53, 76.06, 79.94, 83.19, 83.11, 84.31, 84.72, 84.67, 84.46, 85.12, 85.68, 85.85, 86.1, 85.44, 85.89, 86.41, 86.31, 85.33, 85.38, 86.6], [0, 0.005383081268519163, 0.001113498699851334, 0.0007315268740057945, 0.000571272277738899, 0.000493409635964781, 0.00044809741666540504, 0.0004112581955268979, 0.0004029931442346424, 0.00038257971755228937, 0.0004496408218983561, 0.0005091284983791411, 0.0005274192662909627, 0.0005554643576033413, 0.000464871758595109, 0.0004569528391584754, 0.00043755723163485527, 0.00026369327679276466, 0.00020468319416977465, 0.00017728414968587458, 0.00016110591241158545]]], "msds": [[[0, 1, 2, 3, 4, 5, 6, 7, 8, 9, 10, 11, 12, 13, 14, 15, 16, 17, 18, 19, 20], [10.45, 47.72, 79.45, 82.25, 82.15, 83.41, 84.65, 82.86, 84.58, 84.05, 85.06, 85.64, 83.89, 85.75, 86.02, 85.64, 86.05, 85.84, 86.36, 86.23, 86.55], [0, 0.005361577495932579, 0.00058892642846331, 0.00025618940708227456, 0.00018549141532275826, 0.0001544379338156432, 0.00017886236310005188, 0.00014509311586152762, 0.0001346961798844859, 0.00013273431977722794, 7.731186633463949e-05, 6.50676665827632e-05, 0, 0.00010235998342977837, 8.410418377025053e-05, 8.549417543690652e-05, 0.00012034709652652964, 9.967545338440686e-05, 0.0001157209335360676, 0.00010455067967996001, 9.570694965077564e-05]], [[0, 1, 2, 3, 4, 5, 6, 7, 8, 9, 10, 11, 12, 13, 14, 15, 16, 17, 18, 19, 20], [5.16, 49.36, 80.82, 82.63, 82.11, 84.1, 83.85, 84.25, 84.64, 83.21, 85.24, 84.79, 85.27, 84.47, 85.11, 85.59, 85.4, 85.72, 85.01, 86.34, 86.51], [0, 0.005383613519370556, 0.000589720206335187, 0.000277746410574764, 0.0002108605403918773, 0.0001709681237116456, 0.00016058178152889013, 0.00014942517736926675, 0.00013780980953015387, 0.00014338713663164526, 0.0001398021704517305, 0.00013299974671099335, 0.00012744113337248564, 0, 0, 0, 0.00034050154499709606, 0.00016637319640722126, 0.000208702651434578, 0.00017149907944258302, 0.00015512999380007386]]], "alpha": 0.5, "beta": 0.5, "gamma": 5.0, "num_samples": 6000, "node_count": 10, "density": 0.0, "startup_delay": 0.0, "forward_prob": 0}