{"nodes_data": [[[0, 1, 2, 3, 4, 5, 6, 7, 8, 9, 10, 11, 12, 13, 14, 15, 16, 17, 18, 19, 20], [17.84, 79.96, 28.68, 77.93, 81.52, 82.3, 83.53, 83.38, 84.57, 84.7, 85.07, 84.83, 85.71, 85.33, 85.76, 86.09, 86.14, 86.24, 86.27, 86.42, 86.5], [0, 0.005382664501667023, 0.004598367493599653, 0.0008174434769898653, 0.00028320783167146146, 0.00011197522690054029, 7.815556455170736e-05, 7.044676749501377e-05, 7.303829625016078e-05, 7.328132051043212e-05, 7.430170080624521e-05, 7.778580766171217e-05, 7.756419654469937e-05, 8.111837087199092e-05, 8.176640403689817e-05, 8.23643640615046e-05, 8.79345097928308e-05, 8.923430868890136e-05, 9.267266432289034e-05, 9.144991054199636e-05, 9.608283289708197e-05]], [[0, 1, 2, 3, 4, 5, 6, 7, 8, 9, 10, 11, 12, 13, 14, 15, 16, 17, 18, 19, 20], [5.07, 78.85, 17.37, 76.9, 81.21, 82.19, 83.42, 83.98, 84.6, 84.65, 85.15, 84.93, 85.65, 85.5, 85.8, 85.85, 86.2, 86.43, 86.04, 86.56, 86.58], [0, 0, 0.005546971689909697, 0.001085313269868493, 0.0003213108575437218, 0.00012219407653901726, 8.30329954624176e-05, 7.227434252854437e-05, 7.16530266799964e-05, 7.68210957176052e-05, 7.158111111493781e-05, 7.836328586563468e-05, 8.205995982280001e-05, 7.981135422596708e-05, 8.517424430465326e-05, 8.890528988558799e-05, 9.030844375956804e-05, 9.170290286419913e-05, 9.192642028210685e-05, 9.557358134770766e-05, 9.831860370468348e-05]]], "msds": [[[0, 1, 2, 3, 4, 5, 6, 7, 8, 9, 10, 11, 12, 13, 14, 15, 16, 17, 18, 19, 20], [17.84, 79.96, 28.68, 77.93, 81.52, 82.3, 83.53, 83.38, 84.57, 84.7, 85.07, 84.83, 85.71, 85.33, 85.76, 86.09, 86.14, 86.24, 86.27, 86.42, 86.5], [0, 0.005382664501667023, 0.004598367493599653, 0.0008174434769898653, 0.00028320783167146146, 0.00011197522690054029, 7.815556455170736e-05, 7.044676749501377e-05, 7.303829625016078e-05, 7.328132051043212e-05, 7.430170080624521e-05, 7.778580766171217e-05, 7.756419654469937e-05, 8.111837087199092e-05, 8.176640403689817e-05, 8.23643640615046e-05, 8.79345097928308e-05, 8.923430868890136e-05, 9.267266432289034e-05, 9.144991054199636e-05, 9.608283289708197e-05]], [[0, 1, 2, 3, 4, 5, 6, 7, 8, 9, 10, 11, 12, 13, 14, 15, 16, 17, 18, 19, 20], [5.63, 21.06, 70.77, 78.66, 81.58, 82.88, 83.08, 84.03, 84.58, 84.72, 84.99, 85.21, 85.61, 85.68, 85.69, 86.0, 86.46, 86.28, 86.12, 86.46, 86.53], [0, 0.0053724911995232105, 0.0020814165472984314, 0.0006420068093575537, 0.00023352245625574142, 9.577306627761573e-05, 7.523597014369443e-05, 7.28780432837084e-05, 7.334125257330015e-05, 7.628458115505055e-05, 7.554014155175537e-05, 8.12369617051445e-05, 8.190857624867931e-05, 8.880415407475084e-05, 9.071124077308923e-05, 8.480842370772734e-05, 9.158308967016637e-05, 9.053750545717776e-05, 9.673705790191889e-05, 9.44840139709413e-05, 9.869590576272458e-05]]], "alpha": 0.9, "beta": 1.0, "gamma": 0.0, "num_samples": 6000, "node_count": 10, "density": 1.0, "startup_delay": 0.0, "forward_prob": 0}