{"nodes_data": [[[0, 1, 2, 3, 4, 5, 6, 7, 8, 9, 10, 11, 12, 13, 14, 15, 16, 17, 18, 19, 20], [13.32, 10.0, 77.23, 81.34, 82.71, 83.61, 84.22, 84.9, 85.24, 85.51, 85.5, 85.84, 85.89, 86.35, 86.68, 86.58, 87.23, 87.06, 87.35, 87.15, 87.28], [0, 0.0053789736703038216, 0.0006976801669225097, 0.00015642379003111273, 8.032928599277511e-05, 7.498636841773987e-05, 7.326673221541569e-05, 6.958015001146123e-05, 7.849698886275291e-05, 8.009382872842252e-05, 8.263347262982279e-05, 9.045155456988141e-05, 9.129309182753786e-05, 8.925659494707361e-05, 8.863618859322742e-05, 8.81004671100527e-05, 9.139670146396384e-05, 9.45535211940296e-05, 9.879802382783964e-05, 0.00010480618948349729, 0.00010124114487553015]], [[0, 1, 2, 3, 4, 5, 6, 7, 8, 9, 10, 11, 12, 13, 14, 15, 16, 17, 18, 19, 20], [9.62, 10.67, 78.38, 81.36, 82.98, 83.45, 84.22, 85.04, 85.37, 85.37, 85.48, 85.91, 86.17, 86.45, 86.77, 86.58, 87.1, 86.92, 87.32, 86.89, 87.29], [0, 0.005379362963140011, 0.0006213164306245744, 0.00015405495651066303, 8.102271385723725e-05, 7.816011930117384e-05, 7.520269718952477e-05, 7.165340502979234e-05, 8.074321522144601e-05, 7.934543828014284e-05, 7.859951438149437e-05, 8.634976984467357e-05, 8.912894554669037e-05, 8.764326776145026e-05, 9.239376231562346e-05, 0.00010124649998033419, 9.58593373070471e-05, 0.00010570968879619613, 0.00010575565102044493, 0.0001047973710228689, 0.00011468065349617973]]], "msds": [[[0, 1, 2, 3, 4, 5, 6, 7, 8, 9, 10, 11, 12, 13, 14, 15, 16, 17, 18, 19, 20], [13.32, 10.0, 77.23, 81.34, 82.71, 83.61, 84.22, 84.9, 85.24, 85.51, 85.5, 85.84, 85.89, 86.35, 86.68, 86.58, 87.23, 87.06, 87.35, 87.15, 87.28], [0, 0.0053789736703038216, 0.0006976801669225097, 0.00015642379003111273, 8.032928599277511e-05, 7.498636841773987e-05, 7.326673221541569e-05, 6.958015001146123e-05, 7.849698886275291e-05, 8.009382872842252e-05, 8.263347262982279e-05, 9.045155456988141e-05, 9.129309182753786e-05, 8.925659494707361e-05, 8.863618859322742e-05, 8.81004671100527e-05, 9.139670146396384e-05, 9.45535211940296e-05, 9.879802382783964e-05, 0.00010480618948349729, 0.00010124114487553015]], [[0, 1, 2, 3, 4, 5, 6, 7, 8, 9, 10, 11, 12, 13, 14, 15, 16, 17, 18, 19, 20], [7.29, 31.14, 79.82, 81.61, 82.49, 83.61, 83.73, 84.9, 85.19, 85.37, 85.52, 85.86, 86.24, 86.19, 86.66, 86.5, 86.9, 87.24, 87.3, 86.95, 87.39], [0, 0.005356855224817991, 0.000617555808275938, 0.0001387886150041595, 7.983971590874717e-05, 7.822750194463879e-05, 7.303109305212274e-05, 7.622370321769267e-05, 7.542249659309164e-05, 7.60051843826659e-05, 7.43512500775978e-05, 8.750502456678078e-05, 9.03881955309771e-05, 8.62387751112692e-05, 9.457490523345768e-05, 9.273777686757967e-05, 9.831150964600965e-05, 0.0001032132568070665, 9.477546700509265e-05, 0.00010710673086578026, 0.00011063140846090391]]], "alpha": 0.0, "beta": 0.5, "gamma": 3.0, "num_samples": 6000, "node_count": 10, "density": 1.0, "startup_delay": 0.0, "forward_prob": 0}