{"nodes_data": [[[0, 1, 2, 3, 4, 5, 6, 7, 8, 9, 10, 11, 12, 13, 14, 15, 16, 17, 18, 19, 20], [11.98, 10.0, 29.86, 72.45, 82.47, 81.88, 82.8, 84.03, 84.03, 84.73, 85.27, 85.47, 85.74, 85.52, 85.78, 86.17, 86.11, 86.28, 86.27, 86.53, 86.42], [0, 0.005362474359571934, 0.002158950548619032, 0.0014960269909352064, 0.0009689261205494404, 0.0005620755255222321, 0.0004332807147875428, 0.00026950170285999775, 0.00020153190416749567, 0.00017799355555325747, 0.00013462433707900345, 0.0001518701610621065, 0.00014294343418441713, 0.00011282117338851094, 0.0001257185504073277, 0.00012452366354409605, 0.00011731670383596793, 0.00012333558697719127, 0.00011822162923635915, 0.000125563979963772, 0.00011808599811047316]], [[0, 1, 2, 3, 4, 5, 6, 7, 8, 9, 10, 11, 12, 13, 14, 15, 16, 17, 18, 19, 20], [9.24, 17.48, 57.56, 72.45, 77.81, 81.88, 82.81, 83.96, 84.57, 84.0, 84.93, 84.54, 85.78, 85.12, 85.5, 85.82, 86.11, 86.33, 86.72, 86.37, 86.62], [0, 0.005359598435461521, 0.002283626003190875, 0.0014960269909352064, 0.0008830701117403805, 0.0005620755255222321, 0.00043757527600973845, 0.0003682300157379359, 0.0002902384439948946, 0.0003239607030991465, 0.00025322375586256385, 0.00024297817435581237, 0.00015096369315870106, 0.00013625923020299524, 0.00012467788474168628, 0.00013132164895068854, 0.00012505208724178374, 0.00011726689263014123, 9.758174564922228e-05, 9.32801267481409e-05, 9.38574958126992e-05]]], "msds": [[[0, 1, 2, 3, 4, 5, 6, 7, 8, 9, 10, 11, 12, 13, 14, 15, 16, 17, 18, 19, 20], [11.98, 10.0, 29.86, 72.45, 82.47, 81.88, 82.8, 84.03, 84.03, 84.73, 85.27, 85.47, 85.74, 85.52, 85.78, 86.17, 86.11, 86.28, 86.27, 86.53, 86.42], [0, 0.005362474359571934, 0.002158950548619032, 0.0014960269909352064, 0.0009689261205494404, 0.0005620755255222321, 0.0004332807147875428, 0.00026950170285999775, 0.00020153190416749567, 0.00017799355555325747, 0.00013462433707900345, 0.0001518701610621065, 0.00014294343418441713, 0.00011282117338851094, 0.0001257185504073277, 0.00012452366354409605, 0.00011731670383596793, 0.00012333558697719127, 0.00011822162923635915, 0.000125563979963772, 0.00011808599811047316]], [[0, 1, 2, 3, 4, 5, 6, 7, 8, 9, 10, 11, 12, 13, 14, 15, 16, 17, 18, 19, 20], [10.06, 66.46, 81.51, 84.17, 82.58, 84.78, 85.33, 85.41, 85.75, 85.55, 85.78, 84.41, 82.19, 85.74, 83.84, 86.4, 85.98, 85.79, 85.51, 83.19, 86.02], [0, 0.0022329266648739576, 0.0007494385936297476, 0.00035705071059055626, 0.0001962930546142161, 0.00013052350550424308, 0.0001248686166945845, 0.0001761276798788458, 0.00010848014062503353, 0.00017324992222711444, 0.00010755733092082664, 0, 0, 0, 0, 0, 0, 0, 0, 0, 0]]], "alpha": 0.0, "beta": 1.0, "gamma": 3.0, "num_samples": 6000, "node_count": 10, "density": 0.0, "startup_delay": 0.0, "forward_prob": 0}