{"nodes_data": [[[0, 1, 2, 3, 4, 5, 6, 7, 8, 9, 10, 11, 12, 13, 14, 15, 16, 17, 18, 19, 20], [3.73, 46.71, 79.17, 80.79, 82.29, 83.04, 84.54, 83.79, 83.02, 84.12, 84.5, 85.34, 84.57, 86.06, 85.85, 85.59, 86.28, 86.94, 85.91, 86.71, 86.34], [0, 0.005349990911781788, 0.0008602805319242179, 0.0004838881432078779, 0.0003638842608779669, 0.00029216488474048674, 0.00013895294978283346, 0.00010580740490695462, 0, 0, 0, 0.0002754961315076798, 0.0008560567512176931, 0.0002793176390696317, 0.00018876692047342658, 0.0001517769560450688, 0.00012314475316088647, 0.00012942549074068666, 0.0001491171569796279, 0.00017200552974827588, 0.00011268604430370033]], [[0, 1, 2, 3, 4, 5, 6, 7, 8, 9, 10, 11, 12, 13, 14, 15, 16, 17, 18, 19, 20], [9.67, 58.95, 73.54, 80.6, 82.1, 83.22, 81.77, 84.41, 84.25, 84.39, 85.18, 84.94, 85.42, 85.34, 85.85, 85.96, 86.37, 86.38, 85.51, 86.44, 86.7], [0, 0.005341343116015196, 0.0010957209160551429, 0.0007187264855019748, 0.000575672835111618, 0.0005132751539349556, 0.0009951073443517089, 0.00047487305710092187, 0.0005556143005378544, 0.0003980105393566191, 0.0003760131075978279, 0.0003690711164381355, 0.00035086809657514095, 0.0003449526848271489, 0.0002807940763887018, 0.0002320074272574857, 0.0004594532656483352, 0.00048775921459309757, 0.0006196419708430767, 0.0005913591012358665, 0.0005891217733733356]]], "msds": [[[0, 1, 2, 3, 4, 5, 6, 7, 8, 9, 10, 11, 12, 13, 14, 15, 16, 17, 18, 19, 20], [3.73, 46.71, 79.17, 80.79, 82.29, 83.04, 84.54, 83.79, 83.02, 84.12, 84.5, 85.34, 84.57, 86.06, 85.85, 85.59, 86.28, 86.94, 85.91, 86.71, 86.34], [0, 0.005349990911781788, 0.0008602805319242179, 0.0004838881432078779, 0.0003638842608779669, 0.00029216488474048674, 0.00013895294978283346, 0.00010580740490695462, 0, 0, 0, 0.0002754961315076798, 0.0008560567512176931, 0.0002793176390696317, 0.00018876692047342658, 0.0001517769560450688, 0.00012314475316088647, 0.00012942549074068666, 0.0001491171569796279, 0.00017200552974827588, 0.00011268604430370033]], [[0, 1, 2, 3, 4, 5, 6, 7, 8, 9, 10, 11, 12, 13, 14, 15, 16, 17, 18, 19, 20], [6.16, 58.03, 76.66, 81.96, 82.78, 82.77, 84.68, 83.5, 85.05, 84.72, 83.02, 85.22, 85.29, 86.28, 85.88, 85.66, 85.62, 86.03, 85.99, 86.53, 86.16], [0, 0.0053542121313512325, 0.0011232919059693813, 0.0007228924077935517, 0.000555466627702117, 0.00034933810820803046, 0.0004952172748744488, 0.0004211614723317325, 0.0005539623089134693, 0.0006425166502594948, 0.000454358640126884, 0.00028961169300600886, 0.00025001290487125516, 0.00026792872813530266, 0.0002458292874507606, 0.000267353025265038, 0.00015677038754802197, 0.00012387349852360785, 0.00015077310672495514, 0.00016390514792874455, 0.00019327808695379645]]], "alpha": 0.5, "beta": 0.0, "gamma": 5.0, "num_samples": 6000, "node_count": 10, "density": 0.0, "startup_delay": 0.0, "forward_prob": 0}