{"nodes_data": [[[0, 1, 2, 3, 4, 5, 6, 7, 8, 9, 10, 11, 12, 13, 14, 15, 16, 17, 18, 19, 20], [2.83, 17.83, 77.14, 82.3, 83.16, 83.81, 84.31, 84.97, 85.37, 85.15, 85.94, 86.23, 86.25, 86.33, 86.82, 86.97, 87.02, 87.14, 87.18, 87.03, 87.02], [0, 0.005371754057705402, 0.0007022985955700278, 0.00015221175272017717, 7.753598765702918e-05, 6.95651542628184e-05, 6.992288399487734e-05, 6.879661668790504e-05, 6.788021710235626e-05, 7.332966924877837e-05, 7.796965655870736e-05, 7.299236312974244e-05, 7.876387826399878e-05, 8.293227438116446e-05, 8.278438326669857e-05, 7.96738313511014e-05, 8.965286542661488e-05, 9.018827404361218e-05, 8.901465480448678e-05, 9.908082574838772e-05, 9.61338373599574e-05]], [[0, 1, 2, 3, 4, 5, 6, 7, 8, 9, 10, 11, 12, 13, 14, 15, 16, 17, 18, 19, 20], [12.21, 19.47, 78.65, 82.3, 83.21, 83.95, 84.48, 85.07, 85.47, 85.53, 85.98, 86.26, 86.25, 86.32, 86.66, 87.17, 87.22, 86.96, 87.18, 86.93, 86.85], [0, 0.005371471866965294, 0.0005846421117894351, 0.00023844574752729386, 7.927363185444847e-05, 6.95977287250571e-05, 6.982728518778458e-05, 6.696183845633641e-05, 7.262384315254167e-05, 7.775710400892422e-05, 8.021988469408825e-05, 8.332651486853138e-05, 7.684076263103634e-05, 8.483613783027977e-05, 8.338632324011996e-05, 8.893102494766936e-05, 8.46994953462854e-05, 8.846566925058141e-05, 9.329275781055912e-05, 9.064721962204203e-05, 9.866427717497572e-05]]], "msds": [[[0, 1, 2, 3, 4, 5, 6, 7, 8, 9, 10, 11, 12, 13, 14, 15, 16, 17, 18, 19, 20], [2.83, 17.83, 77.14, 82.3, 83.16, 83.81, 84.31, 84.97, 85.37, 85.15, 85.94, 86.23, 86.25, 86.33, 86.82, 86.97, 87.02, 87.14, 87.18, 87.03, 87.02], [0, 0.005371754057705402, 0.0007022985955700278, 0.00015221175272017717, 7.753598765702918e-05, 6.95651542628184e-05, 6.992288399487734e-05, 6.879661668790504e-05, 6.788021710235626e-05, 7.332966924877837e-05, 7.796965655870736e-05, 7.299236312974244e-05, 7.876387826399878e-05, 8.293227438116446e-05, 8.278438326669857e-05, 7.96738313511014e-05, 8.965286542661488e-05, 9.018827404361218e-05, 8.901465480448678e-05, 9.908082574838772e-05, 9.61338373599574e-05]], [[0, 1, 2, 3, 4, 5, 6, 7, 8, 9, 10, 11, 12, 13, 14, 15, 16, 17, 18, 19, 20], [14.62, 16.84, 75.75, 82.3, 82.75, 83.98, 84.39, 85.09, 85.13, 85.66, 85.91, 86.12, 86.25, 86.34, 86.71, 86.81, 87.41, 86.99, 87.18, 87.0, 87.37], [0, 0.0053695072419941425, 0.0006430954090319574, 0.00015912203525658697, 0.0001073076855391264, 7.426042429869995e-05, 7.173640187829733e-05, 7.391366671072319e-05, 7.485991227440536e-05, 7.458935579052195e-05, 7.496264879591763e-05, 8.128450281219557e-05, 8.237391739385203e-05, 8.029204036574811e-05, 8.411385351791978e-05, 8.73779208632186e-05, 8.90014271135442e-05, 8.989504567580298e-05, 9.374401270179078e-05, 9.568827954353765e-05, 0.00010767833737190813]]], "alpha": 0.9, "beta": 0.5, "gamma": 3.0, "num_samples": 6000, "node_count": 10, "density": 1.0, "startup_delay": 0.0, "forward_prob": 0}