{"nodes_data": [[[0, 1, 2, 3, 4, 5, 6, 7, 8, 9, 10, 11, 12, 13, 14, 15, 16, 17, 18, 19, 20], [13.88, 52.56, 79.6, 81.46, 81.46, 83.74, 84.01, 84.25, 84.58, 84.92, 84.89, 84.86, 85.37, 85.37, 85.84, 85.63, 86.16, 86.61, 86.13, 85.6, 86.0], [0, 0.005368475802242756, 0.0010869099060073495, 0.000637164746876806, 0.0004935418837703764, 0.00044224195880815387, 0.00041996510117314756, 0.00040100846672430634, 0.0003908563812728971, 0.0003958521119784564, 0.00038934493204578757, 0.00039187201764434576, 0.00039911814383231103, 0.0004006055823992938, 0.0003917759167961776, 0.00039479442057199776, 0.00038838566979393363, 0.0003938603331334889, 0.00038882592343725264, 0.0003883029567077756, 0.0003881003940477967]], [[0, 1, 2, 3, 4, 5, 6, 7, 8, 9, 10, 11, 12, 13, 14, 15, 16, 17, 18, 19, 20], [8.91, 44.1, 79.38, 82.36, 83.34, 83.97, 84.84, 83.15, 85.6, 85.53, 85.93, 85.44, 84.94, 86.04, 86.22, 86.06, 85.66, 86.22, 86.34, 86.39, 86.73], [0, 0.005366106983274221, 0.000794950348790735, 0.000335532909957692, 0.00019933690782636404, 0.0001888882979983464, 0.00015291315503418446, 0.00014418708451557904, 0.00013123307144269347, 0.00012686893751379102, 0.00013028958346694708, 0.00011925190483452752, 0.00011667251965263858, 0.00011490269389469177, 0.00011658621951937675, 0.00010424198262626305, 0.0001245036255568266, 0.00013070252316538244, 0.0001305200858041644, 0.00013092518202029169, 0.00013950762513559312]]], "msds": [[[0, 1, 2, 3, 4, 5, 6, 7, 8, 9, 10, 11, 12, 13, 14, 15, 16, 17, 18, 19, 20], [13.88, 52.56, 79.6, 81.46, 81.46, 83.74, 84.01, 84.25, 84.58, 84.92, 84.89, 84.86, 85.37, 85.37, 85.84, 85.63, 86.16, 86.61, 86.13, 85.6, 86.0], [0, 0.005368475802242756, 0.0010869099060073495, 0.000637164746876806, 0.0004935418837703764, 0.00044224195880815387, 0.00041996510117314756, 0.00040100846672430634, 0.0003908563812728971, 0.0003958521119784564, 0.00038934493204578757, 0.00039187201764434576, 0.00039911814383231103, 0.0004006055823992938, 0.0003917759167961776, 0.00039479442057199776, 0.00038838566979393363, 0.0003938603331334889, 0.00038882592343725264, 0.0003883029567077756, 0.0003881003940477967]], [[0, 1, 2, 3, 4, 5, 6, 7, 8, 9, 10, 11, 12, 13, 14, 15, 16, 17, 18, 19, 20], [11.27, 40.17, 71.71, 82.43, 82.12, 84.12, 83.78, 84.14, 85.03, 84.22, 84.86, 85.75, 86.05, 86.2, 85.8, 86.25, 86.34, 86.57, 86.68, 86.09, 86.89], [0, 0.005350721534341574, 0.0008229921222664416, 0.0004680197162088007, 0.0003554105933289975, 0.00028833289979957044, 0.000252384168561548, 0.00022910782718099654, 0.00021930910588707775, 0.00020797192701138556, 0.00020095761283300817, 0.00019930023699998856, 0.00019959273049607873, 0.00018909425125457346, 0.00018722003733273596, 0.00018096798157785088, 0.00018874637316912413, 0.00018484427710063756, 0.0001882604556158185, 0.00019111974688712507, 0.00017679408483672887]]], "alpha": 0.5, "beta": 2.0, "gamma": 5.0, "num_samples": 6000, "node_count": 10, "density": 0.0, "startup_delay": 0.0, "forward_prob": 0}