{"nodes_data": [[[0, 1, 2, 3, 4, 5, 6, 7, 8, 9, 10, 11, 12, 13, 14, 15, 16, 17, 18, 19, 20], [10.27, 64.02, 64.02, 74.51, 81.49, 81.77, 82.85, 83.52, 83.97, 85.27, 85.15, 85.45, 85.51, 85.87, 86.69, 86.35, 86.02, 86.64, 86.9, 87.0, 86.7], [0, 0.005079761613160372, 0.0015937199350446463, 0.0008793306187726557, 0.0005416970234364271, 0.0003359494439791888, 0.00024810025934129953, 0.00019388260261621326, 0.00017096620285883546, 0.00016409550153184682, 0.00016233384667430073, 0.00015414821973536164, 0.0001507602137280628, 0.00015292935131583363, 0.00015609082765877247, 0.00014985361485742033, 0.0001578802039148286, 0.00015809090109542012, 0.00015165134391281754, 0.00016080420755315572, 0.00015348076703958213]], [[0, 1, 2, 3, 4, 5, 6, 7, 8, 9, 10, 11, 12, 13, 14, 15, 16, 17, 18, 19, 20], [9.43, 65.55, 75.76, 72.04, 81.42, 82.09, 82.9, 84.48, 84.68, 84.83, 84.62, 85.56, 85.07, 85.88, 86.43, 86.71, 86.62, 86.82, 86.55, 86.74, 87.05], [0, 0.005109110847115517, 0.001602799165993929, 0.0008526922902092338, 0.0005462063709273934, 0.0003367324825376272, 0.0002492622588761151, 0.00019287335453554988, 0.00017186054901685566, 0.00015802690177224576, 0.00015464614261873066, 0.00015395888476632535, 0.0001475443714298308, 0.00015892722876742482, 0.0001504637475591153, 0.00015066067862790078, 0.00015045290638227016, 0.00015958600852172822, 0.00015803155838511884, 0.00016614454216323793, 0.00015608410467393696]]], "msds": [[[0, 1, 2, 3, 4, 5, 6, 7, 8, 9, 10, 11, 12, 13, 14, 15, 16, 17, 18, 19, 20], [10.27, 64.02, 64.02, 74.51, 81.49, 81.77, 82.85, 83.52, 83.97, 85.27, 85.15, 85.45, 85.51, 85.87, 86.69, 86.35, 86.02, 86.64, 86.9, 87.0, 86.7], [0, 0.005079761613160372, 0.0015937199350446463, 0.0008793306187726557, 0.0005416970234364271, 0.0003359494439791888, 0.00024810025934129953, 0.00019388260261621326, 0.00017096620285883546, 0.00016409550153184682, 0.00016233384667430073, 0.00015414821973536164, 0.0001507602137280628, 0.00015292935131583363, 0.00015609082765877247, 0.00014985361485742033, 0.0001578802039148286, 0.00015809090109542012, 0.00015165134391281754, 0.00016080420755315572, 0.00015348076703958213]], [[0, 1, 2, 3, 4, 5, 6, 7, 8, 9, 10, 11, 12, 13, 14, 15, 16, 17, 18, 19, 20], [7.06, 62.33, 56.67, 67.45, 82.5, 81.12, 83.83, 82.88, 84.31, 84.7, 85.35, 85.63, 85.79, 86.71, 86.63, 86.54, 86.28, 86.95, 87.01, 86.78, 86.82], [0, 0.005114681553095579, 0.0016090205172076821, 0.000905259745195508, 0.0005423229886218905, 0.00032884388929232955, 0.0002428604057058692, 0.00019629030430223793, 0.0001778700388967991, 0.0001673449733061716, 0.00015984592027962208, 0.0001545732084196061, 0.0001521422091173008, 0.0001522161765024066, 0.00015612802235409617, 0.00015962561883497983, 0.00015522031753789634, 0.0001609706087037921, 0.0001635966036701575, 0.00016936288739088923, 0.00016522705846000463]]], "alpha": 0.5, "beta": 0.5, "gamma": 5.0, "num_samples": 6000, "node_count": 10, "density": 0.75, "startup_delay": 0.0, "forward_prob": 0}