{"nodes_data": [[[0, 1, 2, 3, 4, 5, 6, 7, 8, 9, 10, 11, 12, 13, 14, 15, 16, 17, 18, 19, 20], [11.53, 47.89, 76.99, 81.75, 82.07, 82.93, 84.29, 84.58, 84.84, 84.96, 84.48, 85.22, 86.07, 85.49, 85.54, 86.4, 85.07, 86.36, 86.5, 86.43, 86.73], [0, 0.0053571127355098724, 0.0010655755177140236, 0.0006646867841482162, 0.0005175371188670397, 0.00043683318654075265, 0.00036647278466261923, 0.00017064441635739058, 0.00011636866838671267, 0.00010811944957822561, 9.526562644168735e-05, 0.00011960076517425478, 0.00012236055044922978, 0.0001274931273655966, 0.0001063666568370536, 9.729333396535367e-05, 0.00010383778862887993, 0.00013314947136677802, 0.00012844413868151605, 0.00016889505786821246, 0.00016106692783068866]], [[0, 1, 2, 3, 4, 5, 6, 7, 8, 9, 10, 11, 12, 13, 14, 15, 16, 17, 18, 19, 20], [5.13, 50.34, 81.39, 81.89, 82.36, 83.48, 84.48, 84.47, 84.79, 84.9, 83.32, 84.67, 84.91, 86.14, 85.86, 86.33, 86.11, 86.0, 86.19, 86.43, 86.29], [0, 0.0053710294887423515, 0.0007214199285954237, 0.00031628733268007636, 0.00021552166435867548, 0.0002190593077102676, 0.00016525098180864006, 0.00012423895532265306, 0.00010876116721192375, 0.00011324519437039271, 0, 0, 0, 0.00018905347678810358, 0.00019499100744724274, 0.0001935884793056175, 0.00019501410133671016, 0.00024008216860238463, 0.00012879680434707552, 0.0001183153799502179, 0]]], "msds": [[[0, 1, 2, 3, 4, 5, 6, 7, 8, 9, 10, 11, 12, 13, 14, 15, 16, 17, 18, 19, 20], [11.53, 47.89, 76.99, 81.75, 82.07, 82.93, 84.29, 84.58, 84.84, 84.96, 84.48, 85.22, 86.07, 85.49, 85.54, 86.4, 85.07, 86.36, 86.5, 86.43, 86.73], [0, 0.0053571127355098724, 0.0010655755177140236, 0.0006646867841482162, 0.0005175371188670397, 0.00043683318654075265, 0.00036647278466261923, 0.00017064441635739058, 0.00011636866838671267, 0.00010811944957822561, 9.526562644168735e-05, 0.00011960076517425478, 0.00012236055044922978, 0.0001274931273655966, 0.0001063666568370536, 9.729333396535367e-05, 0.00010383778862887993, 0.00013314947136677802, 0.00012844413868151605, 0.00016889505786821246, 0.00016106692783068866]], [[0, 1, 2, 3, 4, 5, 6, 7, 8, 9, 10, 11, 12, 13, 14, 15, 16, 17, 18, 19, 20], [7.92, 49.31, 75.09, 80.71, 81.89, 83.58, 82.03, 84.14, 84.96, 84.24, 85.35, 85.12, 85.7, 85.86, 86.32, 86.45, 85.51, 86.57, 86.94, 86.96, 86.57], [0, 0.005347464699298143, 0.0011489811586216092, 0.0007154899649322033, 0.0005757458857260644, 0.0005001325625926256, 0.0004999018274247646, 0.0002228797529824078, 0.00014676310820505023, 0.00012870128557551652, 0.00014713985729031265, 0.00016041639901231974, 0.00012497972056735307, 9.106899233302101e-05, 8.57428676681593e-05, 8.908016025088727e-05, 8.533845539204776e-05, 0.0001066939439624548, 0.0001247572072315961, 0.00016766673070378602, 0.0002260919864056632]]], "alpha": 0.5, "beta": 0.0, "gamma": 5.0, "num_samples": 6000, "node_count": 10, "density": 0.0, "startup_delay": 0.0, "forward_prob": 0}