{"nodes_data": [[[0, 1, 2, 3, 4, 5, 6, 7, 8, 9, 10, 11, 12, 13, 14, 15, 16, 17, 18, 19, 20], [11.04, 42.31, 66.46, 78.83, 81.05, 83.01, 82.57, 83.64, 84.05, 84.54, 84.51, 84.07, 84.4, 85.03, 85.37, 85.45, 85.46, 86.19, 86.07, 86.04, 86.07], [0, 0.005365915130823851, 0.0029615757521241903, 0, 0.0011941902339458466, 0.0009671766310930252, 0.0004115369520150125, 0.0007810411625541747, 0.00032089996966533363, 0.000680205354001373, 0.000433907873230055, 0.0003622871299739927, 0.0004867120587732643, 0.00036329185240902007, 0.0003409583878237754, 0.0003165732487104833, 0.00041033755405806005, 0.0003526566142681986, 0.0003413330705370754, 0.0003432937664911151, 0.000352078175637871]], [[0, 1, 2, 3, 4, 5, 6, 7, 8, 9, 10, 11, 12, 13, 14, 15, 16, 17, 18, 19, 20], [4.92, 56.99, 66.1, 79.85, 80.76, 83.12, 83.43, 84.32, 83.46, 84.76, 85.18, 85.63, 85.59, 85.59, 85.96, 86.0, 85.63, 86.23, 86.26, 86.18, 85.47], [0, 0.00537828030064702, 0.002970747649669647, 0, 0.0009907882194966078, 0.0006712288013659418, 0.0003841363068204373, 0.0004205213044770062, 0.0003393911465536803, 0.00033083587186411023, 0.00029541848925873637, 0.00027316654450260103, 0.0002840324304997921, 0.0002687849919311702, 0.00026120018446817994, 0.0002717642637435347, 0.0002647644141688943, 0.0002657619770616293, 0.00025927185197360814, 0.00026257694116793573, 0.0002550510980654508]]], "msds": [[[0, 1, 2, 3, 4, 5, 6, 7, 8, 9, 10, 11, 12, 13, 14, 15, 16, 17, 18, 19, 20], [11.04, 42.31, 66.46, 78.83, 81.05, 83.01, 82.57, 83.64, 84.05, 84.54, 84.51, 84.07, 84.4, 85.03, 85.37, 85.45, 85.46, 86.19, 86.07, 86.04, 86.07], [0, 0.005365915130823851, 0.0029615757521241903, 0, 0.0011941902339458466, 0.0009671766310930252, 0.0004115369520150125, 0.0007810411625541747, 0.00032089996966533363, 0.000680205354001373, 0.000433907873230055, 0.0003622871299739927, 0.0004867120587732643, 0.00036329185240902007, 0.0003409583878237754, 0.0003165732487104833, 0.00041033755405806005, 0.0003526566142681986, 0.0003413330705370754, 0.0003432937664911151, 0.000352078175637871]], [[0, 1, 2, 3, 4, 5, 6, 7, 8, 9, 10, 11, 12, 13, 14, 15, 16, 17, 18, 19, 20], [11.75, 59.15, 79.21, 82.48, 83.61, 84.5, 84.61, 85.52, 85.13, 85.88, 86.21, 85.46, 85.7, 86.26, 86.22, 86.44, 86.27, 86.15, 86.58, 86.72, 86.61], [0, 0.0038664049934595823, 0.0008337897597812116, 0.0005740606575272977, 0.0005510927294380963, 0.0003642492229118943, 0.00029115728102624416, 0.0002490615879651159, 0.00022832368267700076, 0.0002042431733570993, 0.00020647523342631757, 0.00019757064001169056, 0.00018924116739071906, 0.00020365022646728903, 0.00017962479614652693, 0.00018422972061671317, 0.00011408401041990146, 8.189621439669281e-05, 8.291284029837698e-05, 7.91044149082154e-05, 8.774392335908487e-05]]], "alpha": 0.5, "beta": 1.0, "gamma": 3.0, "num_samples": 6000, "node_count": 10, "density": 0.0, "startup_delay": 0.0, "forward_prob": 0}