{"nodes_data": [[[0, 1, 2, 3, 4, 5, 6, 7, 8, 9, 10, 11, 12, 13, 14, 15, 16, 17, 18, 19, 20], [10.02, 30.58, 77.71, 81.55, 82.72, 81.98, 83.6, 83.33, 84.18, 85.39, 85.89, 85.56, 86.22, 85.7, 85.83, 86.16, 86.9, 86.19, 86.99, 86.59, 86.72], [0, 0.0053863790817558765, 0.0012056117411702871, 0.0005047741578891873, 0.0002874737838283181, 0.0001821946498239413, 0.00014578444825019687, 0.0001248582120751962, 0.00011317626922391355, 0.00010793734691105783, 0.00010264202865073457, 0.00010363280307501554, 0.00010872865095734596, 0.00010224753350485116, 0.00010132778697879985, 0.00013416814908850938, 0.00012167434033472091, 0.00012131850962759927, 0.00011519710824359208, 0.00011593822273425758, 0.0001315780682489276]], [[0, 1, 2, 3, 4, 5, 6, 7, 8, 9, 10, 11, 12, 13, 14, 15, 16, 17, 18, 19, 20], [6.27, 46.12, 77.85, 82.34, 82.0, 81.28, 83.84, 84.46, 84.91, 85.3, 85.69, 85.72, 86.07, 85.82, 86.03, 86.45, 86.04, 86.81, 86.65, 87.11, 86.96], [0, 0.005365811754018068, 0.001312948646955192, 0.00047488126438111067, 0.000303672015434131, 0.00030481640715152025, 0.00022613686451222748, 0.0001782183098839596, 0.00014966411981731653, 0.000133383073261939, 0.00012701145897153765, 9.912389214150608e-05, 0.0001255017996300012, 0.0001127616415033117, 0.00011461212852736935, 0.00012249058636371046, 0.00013155408669263124, 0.00011906648433068767, 0.00012385293666739017, 0.00012891110964119434, 0.00014315801672637463]]], "msds": [[[0, 1, 2, 3, 4, 5, 6, 7, 8, 9, 10, 11, 12, 13, 14, 15, 16, 17, 18, 19, 20], [10.02, 30.58, 77.71, 81.55, 82.72, 81.98, 83.6, 83.33, 84.18, 85.39, 85.89, 85.56, 86.22, 85.7, 85.83, 86.16, 86.9, 86.19, 86.99, 86.59, 86.72], [0, 0.0053863790817558765, 0.0012056117411702871, 0.0005047741578891873, 0.0002874737838283181, 0.0001821946498239413, 0.00014578444825019687, 0.0001248582120751962, 0.00011317626922391355, 0.00010793734691105783, 0.00010264202865073457, 0.00010363280307501554, 0.00010872865095734596, 0.00010224753350485116, 0.00010132778697879985, 0.00013416814908850938, 0.00012167434033472091, 0.00012131850962759927, 0.00011519710824359208, 0.00011593822273425758, 0.0001315780682489276]], [[0, 1, 2, 3, 4, 5, 6, 7, 8, 9, 10, 11, 12, 13, 14, 15, 16, 17, 18, 19, 20], [8.14, 27.4, 76.47, 81.33, 82.59, 83.81, 84.36, 84.91, 84.66, 85.41, 85.71, 86.12, 86.34, 86.17, 86.74, 86.14, 87.01, 87.38, 86.53, 87.21, 87.29], [0, 0.005375551991164684, 0.0010162247344851494, 0.000374037743313238, 0.00021489974460564554, 0.00014532191562466323, 0.0001206047018058598, 0.00010562063835095614, 0.00010235477384412661, 0.00010205781291006133, 0.00010363046021666378, 0.00010909599950537086, 0.0001043719457811676, 9.439548011869192e-05, 9.902682359097525e-05, 9.775108628673479e-05, 0.0001051305589498952, 0.00010087413102155551, 0.00011249122326262295, 0.00010965562978526577, 0.00011011990864062682]]], "alpha": 0.0, "beta": 1.0, "gamma": 5.0, "num_samples": 6000, "node_count": 10, "density": 0.15, "startup_delay": 0.0, "forward_prob": 0}