{"nodes_data": [[[0, 1, 2, 3, 4, 5, 6, 7, 8, 9, 10, 11, 12, 13, 14, 15, 16, 17, 18, 19, 20], [14.44, 21.31, 10.0, 52.41, 78.39, 80.29, 82.96, 82.92, 83.3, 83.3, 82.51, 81.67, 84.79, 84.93, 84.93, 84.93, 84.88, 84.35, 85.08, 85.46, 85.8], [0, 0.005380331538617611, 0.0023779920302331448, 0.0012617080938071012, 0.0009577112505212426, 0.0011310045374557376, 0.0005387266865000129, 0.001258914009667933, 9.992295235861093e-05, 6.761911936337128e-05, 0.0002191193780163303, 0.00030773645266890526, 0.0001115252380259335, 7.849424582673237e-05, 6.274245242821053e-05, 6.296025821939111e-05, 0.00011242708569625393, 7.532993913628161e-05, 7.631223706994206e-05, 0.00010100490180775523, 9.896966366795823e-05]], [[0, 1, 2, 3, 4, 5, 6, 7, 8, 9, 10, 11, 12, 13, 14, 15, 16, 17, 18, 19, 20], [12.94, 54.44, 77.48, 77.48, 80.11, 83.01, 83.11, 82.57, 83.96, 84.41, 85.38, 86.21, 86.21, 86.21, 86.21, 86.21, 86.21, 86.21, 86.21, 86.21, 86.21], [0, 0.003462520195171237, 0.0017390444409102201, 0.0005253588315099478, 0.0016068457625806332, 0.00022073985019233078, 0.00016306513862218708, 0.00019571796292439103, 7.836423174012452e-05, 6.398426194209605e-05, 5.3063769883010536e-05, 6.981736805755645e-05, 6.0216021665837616e-05, 5.393859828473069e-05, 5.5984626669669524e-05, 5.951438288320787e-05, 5.6447071983711794e-05, 6.162650242913514e-05, 6.687247514491901e-05, 5.93190488871187e-05, 6.810812919866294e-05]]], "msds": [[[0, 1, 2, 3, 4, 5, 6, 7, 8, 9, 10, 11, 12, 13, 14, 15, 16, 17, 18, 19, 20], [14.44, 21.31, 10.0, 52.41, 78.39, 80.29, 82.96, 82.92, 83.3, 83.3, 82.51, 81.67, 84.79, 84.93, 84.93, 84.93, 84.88, 84.35, 85.08, 85.46, 85.8], [0, 0.005380331538617611, 0.0023779920302331448, 0.0012617080938071012, 0.0009577112505212426, 0.0011310045374557376, 0.0005387266865000129, 0.001258914009667933, 9.992295235861093e-05, 6.761911936337128e-05, 0.0002191193780163303, 0.00030773645266890526, 0.0001115252380259335, 7.849424582673237e-05, 6.274245242821053e-05, 6.296025821939111e-05, 0.00011242708569625393, 7.532993913628161e-05, 7.631223706994206e-05, 0.00010100490180775523, 9.896966366795823e-05]], [[0, 1, 2, 3, 4, 5, 6, 7, 8, 9, 10, 11, 12, 13, 14, 15, 16, 17, 18, 19, 20], [9.74, 48.2, 48.2, 48.2, 79.7, 83.19, 79.03, 84.09, 85.11, 85.7, 86.03, 86.34, 86.82, 86.5, 86.5, 86.5, 86.5, 86.5, 86.5, 86.5, 86.5], [0, 0.00537838414311409, 0.0015238079940900207, 0.0014871858293190598, 0.0013985208934172988, 0.00024874683003872633, 0.0005348445847630501, 0.00011221496242797002, 0.00020087420125491917, 0.0001432952267350629, 6.835905514890328e-05, 5.226169741945341e-05, 5.292235437082127e-05, 6.3295905420091e-05, 5.4894051572773606e-05, 5.95158344367519e-05, 5.973924999125302e-05, 6.025273978593759e-05, 5.947550744167529e-05, 6.653887976426631e-05, 6.291415775194764e-05]]], "alpha": 1.0, "beta": 1.0, "gamma": 2.0, "num_samples": 6000, "node_count": 10, "density": 0.0, "startup_delay": 0.0, "forward_prob": 0}