{"nodes_data": [[[0, 1, 2, 3, 4, 5, 6, 7, 8, 9, 10, 11, 12, 13, 14, 15, 16, 17, 18, 19, 20], [6.99, 60.84, 71.18, 69.17, 81.08, 82.13, 83.78, 83.12, 83.04, 83.05, 84.83, 84.75, 85.17, 85.37, 85.55, 85.99, 86.06, 86.21, 85.94, 85.59, 85.62], [0, 0.0053677549585700035, 0.0026078226510435343, 0.0019298719707876444, 0.0008175170514732599, 0.0004901973297819495, 0.00020837897318415344, 0.00013555730402003974, 0.00019847918883897364, 0.00022159227228257805, 0.00021523555915337056, 0.0002212096005678177, 0.0002319249470019713, 0.00013628529268316925, 0.00032918676151894033, 0.00033438674290664494, 0.0003627972910180688, 0.0004060943319927901, 0.00043394463136792183, 0.0009695232729427516, 0.0012070927768945694]], [[0, 1, 2, 3, 4, 5, 6, 7, 8, 9, 10, 11, 12, 13, 14, 15, 16, 17, 18, 19, 20], [10.48, 49.83, 63.37, 77.68, 82.68, 81.33, 82.44, 83.71, 84.45, 81.96, 83.23, 82.78, 84.76, 84.91, 83.85, 84.82, 82.35, 84.77, 85.16, 85.35, 84.24], [0, 0.0053701139986515045, 0.002221317496150732, 0.0011145526077598333, 0.0006829499616287649, 0, 0, 0, 0, 0, 0, 0, 0, 0, 0, 0, 0, 0, 0, 0, 0]]], "msds": [[[0, 1, 2, 3, 4, 5, 6, 7, 8, 9, 10, 11, 12, 13, 14, 15, 16, 17, 18, 19, 20], [6.99, 60.84, 71.18, 69.17, 81.08, 82.13, 83.78, 83.12, 83.04, 83.05, 84.83, 84.75, 85.17, 85.37, 85.55, 85.99, 86.06, 86.21, 85.94, 85.59, 85.62], [0, 0.0053677549585700035, 0.0026078226510435343, 0.0019298719707876444, 0.0008175170514732599, 0.0004901973297819495, 0.00020837897318415344, 0.00013555730402003974, 0.00019847918883897364, 0.00022159227228257805, 0.00021523555915337056, 0.0002212096005678177, 0.0002319249470019713, 0.00013628529268316925, 0.00032918676151894033, 0.00033438674290664494, 0.0003627972910180688, 0.0004060943319927901, 0.00043394463136792183, 0.0009695232729427516, 0.0012070927768945694]], [[0, 1, 2, 3, 4, 5, 6, 7, 8, 9, 10, 11, 12, 13, 14, 15, 16, 17, 18, 19, 20], [11.07, 75.2, 77.5, 82.23, 82.6, 82.8, 83.11, 84.14, 83.55, 83.84, 85.26, 84.44, 85.32, 85.19, 85.61, 86.4, 86.28, 84.96, 86.23, 86.5, 85.91], [0, 0, 0.0027442374266684055, 0.0006204161909408867, 0.00031929463148117065, 0.00020035695342812687, 0.00015480330330319703, 0.0001171604308183305, 0.00011498803360154852, 0.00011220212036278099, 0.00012079870793968439, 0.00012295728083699942, 0.00012341095134615898, 0.00012223984231241047, 8.772117143962532e-05, 0.00013482500799000263, 0.00014781356730964035, 0.00015632316353730857, 0.00014663432375527918, 0.00016623237752355635, 0.00024469575146213174]]], "alpha": 0.5, "beta": 1.0, "gamma": 0.0, "num_samples": 6000, "node_count": 10, "density": 0.0, "startup_delay": 0.0, "forward_prob": 0}