{"nodes_data": [[[0, 1, 2, 3, 4, 5, 6, 7, 8, 9, 10, 11, 12, 13, 14, 15, 16, 17, 18, 19, 20], [12.09, 74.52, 77.92, 80.26, 82.36, 83.62, 83.61, 82.78, 84.53, 84.34, 83.82, 84.14, 84.14, 84.4, 84.72, 84.86, 84.43, 84.05, 82.48, 85.19, 84.55], [0, 0, 0, 0, 0, 0, 0, 0, 0, 0, 0, 0, 0, 0, 0, 0, 0, 0, 0, 0, 0]], [[0, 1, 2, 3, 4, 5, 6, 7, 8, 9, 10, 11, 12, 13, 14, 15, 16, 17, 18, 19, 20], [11.28, 50.97, 75.92, 81.93, 81.92, 83.03, 83.8, 84.59, 82.52, 82.47, 84.0, 83.67, 83.77, 83.39, 84.12, 84.45, 83.92, 85.4, 83.39, 81.76, 84.87], [0, 0.0053294808603823185, 0, 0, 0, 0, 0, 0, 0, 0, 0, 0, 0, 0, 0, 0, 0, 0, 0, 0, 0]]], "msds": [[[0, 1, 2, 3, 4, 5, 6, 7, 8, 9, 10, 11, 12, 13, 14, 15, 16, 17, 18, 19, 20], [12.09, 74.52, 77.92, 80.26, 82.36, 83.62, 83.61, 82.78, 84.53, 84.34, 83.82, 84.14, 84.14, 84.4, 84.72, 84.86, 84.43, 84.05, 82.48, 85.19, 84.55], [0, 0, 0, 0, 0, 0, 0, 0, 0, 0, 0, 0, 0, 0, 0, 0, 0, 0, 0, 0, 0]], [[0, 1, 2, 3, 4, 5, 6, 7, 8, 9, 10, 11, 12, 13, 14, 15, 16, 17, 18, 19, 20], [8.36, 18.25, 61.94, 80.63, 79.29, 82.32, 83.95, 84.63, 84.95, 85.52, 85.27, 83.63, 85.01, 84.11, 84.96, 84.63, 82.67, 84.12, 84.57, 84.37, 83.49], [0, 0.005380480084568262, 0.001946408418007195, 0, 0, 0.0013464114163070917, 0.0003982116759289056, 0.0007065683021210134, 0.0006725306157022715, 0.0007953207823447883, 0.00043343371362425387, 0, 0, 0, 0, 0, 0, 0, 0, 0, 0]]], "alpha": 0.0, "beta": 0.5, "gamma": 0.0, "num_samples": 6000, "node_count": 10, "density": 0.15, "startup_delay": 0.0, "forward_prob": 0}