{"nodes_data": [[[0, 1, 2, 3, 4, 5, 6, 7, 8, 9, 10, 11, 12, 13, 14, 15, 16, 17, 18, 19, 20], [15.66, 69.09, 78.29, 80.82, 83.31, 82.79, 80.72, 83.5, 83.7, 83.86, 83.68, 83.18, 82.57, 82.88, 84.92, 82.76, 83.91, 82.42, 83.17, 84.59, 84.16], [0, 0.005372061859816313, 0, 0, 0, 0, 0, 0, 0, 0, 0, 0, 0, 0, 0, 0, 0, 0, 0, 0, 0]], [[0, 1, 2, 3, 4, 5, 6, 7, 8, 9, 10, 11, 12, 13, 14, 15, 16, 17, 18, 19, 20], [9.79, 69.27, 78.33, 79.76, 83.24, 82.74, 83.19, 83.01, 84.43, 84.89, 84.36, 84.21, 84.46, 85.45, 84.91, 83.3, 81.88, 84.79, 82.67, 84.74, 84.38], [0, 0.0053879618644714355, 0, 0, 0, 0, 0, 0, 0, 0, 0, 0, 0, 0, 0, 0, 0, 0, 0, 0, 0]]], "msds": [[[0, 1, 2, 3, 4, 5, 6, 7, 8, 9, 10, 11, 12, 13, 14, 15, 16, 17, 18, 19, 20], [15.66, 69.09, 78.29, 80.82, 83.31, 82.79, 80.72, 83.5, 83.7, 83.86, 83.68, 83.18, 82.57, 82.88, 84.92, 82.76, 83.91, 82.42, 83.17, 84.59, 84.16], [0, 0.005372061859816313, 0, 0, 0, 0, 0, 0, 0, 0, 0, 0, 0, 0, 0, 0, 0, 0, 0, 0, 0]], [[0, 1, 2, 3, 4, 5, 6, 7, 8, 9, 10, 11, 12, 13, 14, 15, 16, 17, 18, 19, 20], [9.58, 79.66, 72.22, 82.27, 82.9, 83.78, 85.33, 84.74, 85.23, 85.84, 85.59, 85.32, 85.05, 85.97, 86.11, 84.72, 85.01, 85.87, 85.81, 85.34, 85.97], [0, 0, 0.002063860883936286, 0.0005032988265156746, 0.0003590660635381937, 0.00031797090196050704, 0.00027534933178685606, 0.0002958480909001082, 0.0006177618051879108, 0.000637520628515631, 0.0007054114830680192, 0.0007768521318212152, 0.0008537539397366345, 0.0009293201728723943, 0.0009889923967421055, 0.0010574058396741748, 0.0011425809934735298, 0.0012209162814542651, 0.0013053144793957472, 0.00137416273355484, 0.0014921375550329685]]], "alpha": 0.7, "beta": 0.0, "gamma": 0.0, "num_samples": 6000, "node_count": 10, "density": 0.75, "startup_delay": 0.0, "forward_prob": 0}