{"nodes_data": [[[0, 1, 2, 3, 4, 5, 6, 7, 8, 9, 10, 11, 12, 13, 14, 15, 16, 17, 18, 19, 20], [11.71, 55.06, 76.38, 68.76, 82.51, 82.92, 83.24, 84.33, 84.76, 85.08, 85.27, 83.79, 85.02, 84.93, 85.79, 86.52, 85.71, 86.83, 86.1, 86.67, 87.0], [0, 0.005376369692385197, 0.0017829863354563713, 0.0010274102678522468, 0.0005090271588414907, 0.00030049277120269835, 0.00022506392269860953, 0.00020542056881822646, 0.00016822422912809998, 0.00015851977514103055, 0.000142583652632311, 0.00014717085286974907, 0.00015789724420756102, 0.00015635175805073231, 0.00015049656212795526, 0.0001507418492110446, 0.00015208312834147364, 0.00015378415992017835, 0.00015017310215625912, 0.0001585360150784254, 0.00015423742297571152]], [[0, 1, 2, 3, 4, 5, 6, 7, 8, 9, 10, 11, 12, 13, 14, 15, 16, 17, 18, 19, 20], [6.26, 73.76, 59.33, 74.77, 81.53, 82.66, 83.23, 83.97, 84.96, 84.69, 84.58, 85.08, 84.9, 84.93, 85.67, 86.63, 86.38, 86.35, 86.46, 86.84, 86.99], [0, 0.005374935921281576, 0.001514678355306387, 0.0009433088125661016, 0.0005608440260402858, 0.00036181817995384336, 0.0002588792413007468, 0.00018931658996734768, 0.00015454816457349807, 0.00016592013707850128, 0.00015344918938353658, 0.0001424340152880177, 0.00015943226753734052, 0.00015582001651637256, 0.00015342605183832347, 0.00016170718299690634, 0.00014379489584825933, 0.00016761898586992174, 0.00016094994498416781, 0.00014921557158231735, 0.0001579660311108455]]], "msds": [[[0, 1, 2, 3, 4, 5, 6, 7, 8, 9, 10, 11, 12, 13, 14, 15, 16, 17, 18, 19, 20], [11.71, 55.06, 76.38, 68.76, 82.51, 82.92, 83.24, 84.33, 84.76, 85.08, 85.27, 83.79, 85.02, 84.93, 85.79, 86.52, 85.71, 86.83, 86.1, 86.67, 87.0], [0, 0.005376369692385197, 0.0017829863354563713, 0.0010274102678522468, 0.0005090271588414907, 0.00030049277120269835, 0.00022506392269860953, 0.00020542056881822646, 0.00016822422912809998, 0.00015851977514103055, 0.000142583652632311, 0.00014717085286974907, 0.00015789724420756102, 0.00015635175805073231, 0.00015049656212795526, 0.0001507418492110446, 0.00015208312834147364, 0.00015378415992017835, 0.00015017310215625912, 0.0001585360150784254, 0.00015423742297571152]], [[0, 1, 2, 3, 4, 5, 6, 7, 8, 9, 10, 11, 12, 13, 14, 15, 16, 17, 18, 19, 20], [17.5, 56.0, 53.66, 70.04, 81.84, 83.17, 83.23, 83.81, 84.91, 84.76, 85.07, 85.39, 85.93, 85.83, 85.74, 86.08, 86.51, 86.56, 87.01, 86.85, 86.94], [0, 0.005371949169784784, 0.0017355181043967605, 0.0008271625847555697, 0.0004989755689166486, 0.00035942954127676785, 0.0002243246417492628, 0.0001860735210357234, 0.00017117976676672697, 0.00016259611584246159, 0.00015975632413756102, 0.00015234405873343349, 0.00013926248357165605, 0.00014908789307810366, 0.00014944204303901643, 0.00014575898239854723, 0.000158175898832269, 0.00015580255421809852, 0.00016068642435129732, 0.0001705028407741338, 0.00016408691590186208]]], "alpha": 0.5, "beta": 0.5, "gamma": 2.0, "num_samples": 6000, "node_count": 10, "density": 0.75, "startup_delay": 0.0, "forward_prob": 0}