{"nodes_data": [[[0, 1, 2, 3, 4, 5, 6, 7, 8, 9, 10, 11, 12, 13, 14, 15, 16, 17, 18, 19, 20], [12.9, 35.75, 66.89, 71.6, 82.24, 82.06, 83.99, 82.98, 84.06, 84.17, 83.77, 83.91, 84.63, 84.52, 84.75, 84.91, 85.58, 85.5, 85.52, 85.68, 85.9], [0, 0.004668064881116152, 0.0020176060497760773, 0.001173471799120307, 0.00042811373714357615, 0.0002057529054582119, 0.0003655732434708625, 0.0003184578672517091, 0.0001661798742134124, 0.00013883541396353394, 0.00013226154260337353, 0.00013178652443457395, 0.00013227654562797397, 0.00018128925876226276, 0.00012909036013297737, 0.00011386757978470996, 0.00011917437223019078, 0.00012761601828970015, 0.00013918051263317466, 0.0001346437056781724, 0.0001291717344429344]], [[0, 1, 2, 3, 4, 5, 6, 7, 8, 9, 10, 11, 12, 13, 14, 15, 16, 17, 18, 19, 20], [5.86, 31.91, 66.7, 71.59, 79.46, 81.23, 82.64, 82.92, 83.73, 82.86, 83.23, 84.15, 84.67, 84.51, 84.43, 84.86, 85.42, 85.49, 85.86, 85.77, 85.82], [0, 0.0046925973147153854, 0.0017349881818518043, 0.0012982644839212298, 0.0007034297450445592, 0.00042357604252174497, 0.00034749702899716794, 0.00035584266879595816, 0.000292452605208382, 0.00026927486760541797, 0.0002012723998632282, 0.00017897116777021438, 0.00011442729010013863, 0.00010818611190188676, 0.0001230989146279171, 0.00016385590424761176, 0.00016535367467440665, 0.00010044180817203596, 0.00010378213482908905, 0.0001226315798703581, 0.00011118503607576713]]], "msds": [[[0, 1, 2, 3, 4, 5, 6, 7, 8, 9, 10, 11, 12, 13, 14, 15, 16, 17, 18, 19, 20], [12.9, 35.75, 66.89, 71.6, 82.24, 82.06, 83.99, 82.98, 84.06, 84.17, 83.77, 83.91, 84.63, 84.52, 84.75, 84.91, 85.58, 85.5, 85.52, 85.68, 85.9], [0, 0.004668064881116152, 0.0020176060497760773, 0.001173471799120307, 0.00042811373714357615, 0.0002057529054582119, 0.0003655732434708625, 0.0003184578672517091, 0.0001661798742134124, 0.00013883541396353394, 0.00013226154260337353, 0.00013178652443457395, 0.00013227654562797397, 0.00018128925876226276, 0.00012909036013297737, 0.00011386757978470996, 0.00011917437223019078, 0.00012761601828970015, 0.00013918051263317466, 0.0001346437056781724, 0.0001291717344429344]], [[0, 1, 2, 3, 4, 5, 6, 7, 8, 9, 10, 11, 12, 13, 14, 15, 16, 17, 18, 19, 20], [10.2, 18.61, 65.8, 71.96, 79.93, 81.96, 82.08, 82.76, 83.55, 83.85, 83.51, 82.87, 83.85, 83.89, 84.63, 84.63, 84.97, 85.31, 85.55, 85.79, 85.88], [0, 0.005371239967644215, 0.002612415002658963, 0.0023507496807724237, 0.0008030479657463729, 0.0005537093384191394, 0.00042455250513739884, 0.0003499312442727387, 0.0003433126548770815, 0.000335310964146629, 0.0002170895750168711, 0.00019569780852179974, 0.00018998254381585866, 0.00019526279356796294, 0.00014491759066004306, 0.00010496130562387407, 0.00016977354243863374, 0.00015160748444031924, 0.00013524270616471767, 0.0001322606549365446, 0.00013585678243543953]]], "alpha": 0.7, "beta": 2.0, "gamma": 3.0, "num_samples": 6000, "node_count": 10, "density": 0.15, "startup_delay": 0.0, "forward_prob": 0}