{"nodes_data": [[[0, 1, 2, 3, 4, 5, 6, 7, 8, 9, 10, 11, 12, 13, 14, 15, 16, 17, 18, 19, 20], [9.56, 16.35, 79.53, 81.46, 78.86, 84.01, 81.49, 83.92, 84.3, 83.09, 82.4, 83.88, 84.84, 83.67, 85.18, 84.55, 85.15, 85.26, 84.19, 85.25, 84.13], [0, 0.005365442018955946, 0.0006015694234520197, 0, 5.610794323729351e-05, 6.020246655680239e-05, 0, 0, 0, 0, 0, 0, 0, 0, 0, 0, 0, 0, 0, 0, 0]], [[0, 1, 2, 3, 4, 5, 6, 7, 8, 9, 10, 11, 12, 13, 14, 15, 16, 17, 18, 19, 20], [13.22, 10.02, 79.53, 81.46, 78.86, 84.01, 81.49, 83.92, 84.3, 83.09, 82.4, 83.88, 84.84, 83.67, 85.18, 84.55, 85.15, 85.26, 84.19, 85.25, 84.13], [0, 0.00537433847784996, 0, 6.632527220062912e-05, 0, 0, 5.914143184782006e-05, 6.0878526710439473e-05, 6.354480137815699e-05, 6.475311238318682e-05, 7.029466360108927e-05, 7.196936348918825e-05, 7.705677853664383e-05, 8.650728705106303e-05, 8.495482325088233e-05, 8.902593253878877e-05, 0.00010012239363277331, 0.00010471307905390859, 0.00010147145803784952, 0.00010997850768035278, 0.0001016952664940618]]], "msds": [[[0, 1, 2, 3, 4, 5, 6, 7, 8, 9, 10, 11, 12, 13, 14, 15, 16, 17, 18, 19, 20], [9.56, 16.35, 79.53, 81.46, 78.86, 84.01, 81.49, 83.92, 84.3, 83.09, 82.4, 83.88, 84.84, 83.67, 85.18, 84.55, 85.15, 85.26, 84.19, 85.25, 84.13], [0, 0.005365442018955946, 0.0006015694234520197, 0, 5.610794323729351e-05, 6.020246655680239e-05, 0, 0, 0, 0, 0, 0, 0, 0, 0, 0, 0, 0, 0, 0, 0]], [[0, 1, 2, 3, 4, 5, 6, 7, 8, 9, 10, 11, 12, 13, 14, 15, 16, 17, 18, 19, 20], [7.12, 42.35, 78.2, 82.29, 82.45, 84.14, 84.67, 84.81, 85.56, 84.17, 85.05, 85.71, 85.75, 86.1, 86.39, 85.61, 85.96, 85.94, 85.56, 86.26, 85.83], [0, 0.005376777611672878, 0.0012646859977394342, 0.00034733128268271685, 0.00018928568169940263, 8.62501619849354e-05, 9.532728290650994e-05, 7.835876749595627e-05, 8.971602801466361e-05, 9.20870152185671e-05, 7.778230065014213e-05, 0.00010335119441151619, 9.988103556679562e-05, 0.00010241364361718297, 9.96110902633518e-05, 0.00010553589527262375, 0.00011071882909163833, 0.00011855093180201948, 0.00012008957128273323, 0.0001230695197591558, 0.00012401935236994177]]], "alpha": 1.0, "beta": 0.5, "gamma": 0.0, "num_samples": 6000, "node_count": 10, "density": 1.0, "startup_delay": 0.0, "forward_prob": 0}