{"nodes_data": [[[0, 1, 2, 3, 4, 5, 6, 7, 8, 9, 10, 11, 12, 13, 14, 15, 16, 17, 18, 19, 20], [17.21, 10.0, 44.66, 79.09, 81.0, 82.3, 83.08, 83.71, 84.53, 84.6, 84.79, 84.96, 85.51, 85.2, 85.69, 86.0, 86.1, 86.09, 86.21, 86.28, 86.58], [0, 0.00535194855183363, 0.0023878219071775675, 0.00048124606837518513, 0.00015271124721039087, 9.029213833855465e-05, 7.795915007591248e-05, 7.396929868264124e-05, 7.012850983301178e-05, 7.320196164073423e-05, 7.932970038382336e-05, 8.12155194580555e-05, 7.75531298131682e-05, 8.346129470737651e-05, 8.444707054877654e-05, 8.757312753004953e-05, 9.072944521903992e-05, 9.085769124794751e-05, 9.151834092335775e-05, 9.865249012364075e-05, 9.594804578227922e-05]], [[0, 1, 2, 3, 4, 5, 6, 7, 8, 9, 10, 11, 12, 13, 14, 15, 16, 17, 18, 19, 20], [7.86, 10.0, 15.64, 75.26, 80.98, 81.65, 83.07, 83.57, 84.35, 84.74, 84.71, 85.05, 85.57, 85.46, 85.75, 86.1, 85.93, 86.02, 86.31, 86.4, 86.35], [0, 0.005360293667763472, 0.0028992663137614727, 0.0005744200316257775, 0.0002157992566935718, 0.00010909982665907592, 7.755109982099384e-05, 7.26817233953625e-05, 7.216443918878213e-05, 7.336208363994956e-05, 7.6619180617854e-05, 7.897223986219615e-05, 8.385985711356625e-05, 8.424227416981012e-05, 8.535896631656215e-05, 9.031061199493706e-05, 8.59975116327405e-05, 8.7037704361137e-05, 9.817534737521783e-05, 9.330530156148598e-05, 0.0001030562270898372]]], "msds": [[[0, 1, 2, 3, 4, 5, 6, 7, 8, 9, 10, 11, 12, 13, 14, 15, 16, 17, 18, 19, 20], [17.21, 10.0, 44.66, 79.09, 81.0, 82.3, 83.08, 83.71, 84.53, 84.6, 84.79, 84.96, 85.51, 85.2, 85.69, 86.0, 86.1, 86.09, 86.21, 86.28, 86.58], [0, 0.00535194855183363, 0.0023878219071775675, 0.00048124606837518513, 0.00015271124721039087, 9.029213833855465e-05, 7.795915007591248e-05, 7.396929868264124e-05, 7.012850983301178e-05, 7.320196164073423e-05, 7.932970038382336e-05, 8.12155194580555e-05, 7.75531298131682e-05, 8.346129470737651e-05, 8.444707054877654e-05, 8.757312753004953e-05, 9.072944521903992e-05, 9.085769124794751e-05, 9.151834092335775e-05, 9.865249012364075e-05, 9.594804578227922e-05]], [[0, 1, 2, 3, 4, 5, 6, 7, 8, 9, 10, 11, 12, 13, 14, 15, 16, 17, 18, 19, 20], [9.7, 10.0, 23.78, 76.66, 80.85, 82.03, 82.91, 83.64, 84.54, 84.67, 84.91, 85.07, 85.5, 85.44, 85.61, 86.09, 86.21, 86.09, 86.31, 86.41, 86.55], [0, 0.005366248544305563, 0.00274062086828053, 0.0005572456284426153, 0.00021820125402882695, 0.00010218462557531893, 8.015084313228726e-05, 7.229721086332574e-05, 7.204050052678213e-05, 7.273462688317522e-05, 7.593377085868269e-05, 7.821682811481878e-05, 8.04559385869652e-05, 8.552952203899622e-05, 8.232919935835525e-05, 8.492753840982914e-05, 8.958893886301666e-05, 9.219181083608419e-05, 9.771846089279279e-05, 9.868526831269264e-05, 0.0001010411506285891]]], "alpha": 0.9, "beta": 1.0, "gamma": 3.0, "num_samples": 6000, "node_count": 10, "density": 1.0, "startup_delay": 0.0, "forward_prob": 0}