{"nodes_data": [[[0, 1, 2, 3, 4, 5, 6, 7, 8, 9, 10, 11, 12, 13, 14, 15, 16, 17, 18, 19, 20], [9.46, 38.54, 79.42, 82.56, 83.11, 83.36, 84.72, 84.07, 84.99, 85.54, 85.85, 85.27, 85.04, 85.66, 86.42, 86.35, 84.47, 86.71, 86.36, 87.14, 86.38], [0, 0.0053452616557478905, 0.0008110566413961351, 0.00028468744130805135, 0.00025570252910256386, 0.00019546470139175653, 0.0001598139788256958, 0.00014431447198148817, 0.00013571606541518122, 0.00011793351586675271, 0.0001254814851563424, 0.00011638093565125018, 9.712865721667185e-05, 0.00012477296695578843, 0.00012930190132465214, 0.00012122791667934507, 0.00011849126894958317, 0.00012952653924003243, 0.00012163563951617107, 0.00012550043174996972, 0.0001251052162842825]], [[0, 1, 2, 3, 4, 5, 6, 7, 8, 9, 10, 11, 12, 13, 14, 15, 16, 17, 18, 19, 20], [11.32, 25.37, 79.27, 82.29, 82.84, 82.87, 84.52, 84.46, 84.93, 85.26, 85.86, 85.31, 84.83, 85.75, 86.06, 86.69, 85.82, 86.99, 86.76, 86.81, 86.94], [0, 0.005364679731428623, 0.0010064496891573071, 0.00047480055945925415, 0.00034203531686216593, 0.00027092048549093306, 0.00022652876214124262, 0.00019997959316242486, 0.00018055412510875612, 0.00017153135559055954, 0.00016524868260603398, 0.0001614000357221812, 0.00015657328185625374, 0.00017614073294680566, 0.00016899569891393185, 0.0001677383406786248, 0.00016553523892071098, 0.0001692562218522653, 0.0001566091668792069, 0.00015336243086494505, 0.00016561875236220658]]], "msds": [[[0, 1, 2, 3, 4, 5, 6, 7, 8, 9, 10, 11, 12, 13, 14, 15, 16, 17, 18, 19, 20], [9.46, 38.54, 79.42, 82.56, 83.11, 83.36, 84.72, 84.07, 84.99, 85.54, 85.85, 85.27, 85.04, 85.66, 86.42, 86.35, 84.47, 86.71, 86.36, 87.14, 86.38], [0, 0.0053452616557478905, 0.0008110566413961351, 0.00028468744130805135, 0.00025570252910256386, 0.00019546470139175653, 0.0001598139788256958, 0.00014431447198148817, 0.00013571606541518122, 0.00011793351586675271, 0.0001254814851563424, 0.00011638093565125018, 9.712865721667185e-05, 0.00012477296695578843, 0.00012930190132465214, 0.00012122791667934507, 0.00011849126894958317, 0.00012952653924003243, 0.00012163563951617107, 0.00012550043174996972, 0.0001251052162842825]], [[0, 1, 2, 3, 4, 5, 6, 7, 8, 9, 10, 11, 12, 13, 14, 15, 16, 17, 18, 19, 20], [6.04, 29.41, 77.68, 81.36, 82.98, 83.87, 84.09, 84.19, 85.34, 85.24, 85.4, 85.56, 84.95, 85.67, 86.4, 86.52, 86.84, 86.73, 87.02, 86.84, 86.56], [0, 0.00538912508636713, 0.0010065343230962753, 0.000454885681392625, 0.00033100455766543746, 0.00027065392350777984, 0.00022580074437428266, 0.00019743847951758653, 0.00018140512111131102, 0.00017040717648342252, 0.00017403849051333964, 0.00016459297330584377, 0.00015384260041173548, 0.00015630760753992945, 0.00015175683074630797, 0.00015429058112204075, 0.00015821232227608562, 0.00016713868535589427, 0.00017150311032310128, 0.00015707217971794307, 0.0001744683540891856]]], "alpha": 0.0, "beta": 2.0, "gamma": 5.0, "num_samples": 6000, "node_count": 10, "density": 0.0, "startup_delay": 0.0, "forward_prob": 0}