{"nodes_data": [[[0, 1, 2, 3, 4, 5, 6, 7, 8, 9, 10, 11, 12, 13, 14, 15, 16, 17, 18, 19, 20], [12.94, 29.23, 79.64, 81.38, 81.02, 83.52, 84.57, 85.21, 85.17, 86.26, 85.58, 85.38, 85.92, 84.46, 84.42, 85.1, 85.16, 85.92, 86.45, 86.02, 85.8], [0, 0.005368753336369991, 0, 0, 0, 6.488821964012459e-05, 4.333698598202318e-05, 5.0309587095398456e-05, 4.954234464094043e-05, 6.976441363804042e-05, 5.450159005704336e-05, 5.631794920191169e-05, 0.0009696384659036994, 0.0006899692234583199, 0.0001011466229101643, 8.481271652271971e-05, 9.87896928563714e-05, 9.369671170134097e-05, 8.296865416923538e-05, 0, 8.009495650185272e-05]], [[0, 1, 2, 3, 4, 5, 6, 7, 8, 9, 10, 11, 12, 13, 14, 15, 16, 17, 18, 19, 20], [11.77, 31.73, 79.03, 81.8, 83.19, 82.92, 85.72, 84.79, 86.19, 85.11, 85.06, 85.55, 85.82, 86.56, 85.23, 84.08, 85.99, 85.87, 86.7, 85.45, 86.41], [0, 0.0053792414255440235, 0, 0, 5.4314208682626486e-05, 5.981371214147657e-05, 5.027231964049861e-05, 5.89987394050695e-05, 7.778892904752865e-05, 5.2785497246077284e-05, 4.309263022150844e-05, 6.695417687296867e-05, 6.573063001269475e-05, 0.00028889247914776206, 0.001340517308562994, 0.00023943207634147257, 0.00010202766134170815, 9.848135232459754e-05, 7.311529043363407e-05, 0.0001268266496481374, 7.232301868498325e-05]]], "msds": [[[0, 1, 2, 3, 4, 5, 6, 7, 8, 9, 10, 11, 12, 13, 14, 15, 16, 17, 18, 19, 20], [12.94, 29.23, 79.64, 81.38, 81.02, 83.52, 84.57, 85.21, 85.17, 86.26, 85.58, 85.38, 85.92, 84.46, 84.42, 85.1, 85.16, 85.92, 86.45, 86.02, 85.8], [0, 0.005368753336369991, 0, 0, 0, 6.488821964012459e-05, 4.333698598202318e-05, 5.0309587095398456e-05, 4.954234464094043e-05, 6.976441363804042e-05, 5.450159005704336e-05, 5.631794920191169e-05, 0.0009696384659036994, 0.0006899692234583199, 0.0001011466229101643, 8.481271652271971e-05, 9.87896928563714e-05, 9.369671170134097e-05, 8.296865416923538e-05, 0, 8.009495650185272e-05]], [[0, 1, 2, 3, 4, 5, 6, 7, 8, 9, 10, 11, 12, 13, 14, 15, 16, 17, 18, 19, 20], [7.19, 57.81, 81.83, 82.29, 83.64, 84.39, 84.81, 83.57, 84.99, 83.48, 85.28, 85.58, 85.6, 85.37, 86.71, 86.69, 86.8, 84.9, 86.68, 86.95, 86.12], [0, 0.0037265203427523375, 0.0010690452763810754, 8.420379890594631e-05, 5.632085958495736e-05, 4.082269879290834e-05, 4.990464003640227e-05, 0, 0, 0.00012283018440939486, 0.00010922791989287362, 0.00010424656647955999, 0.00011256727884756401, 0.0001055995307979174, 0.00018280746007803828, 0.0008186018094420433, 0.0007624919526278973, 0.0008418632787652314, 0.00010170946916332468, 6.065643538022414e-05, 0]]], "alpha": 0.9, "beta": 0.0, "gamma": 3.0, "num_samples": 6000, "node_count": 10, "density": 0.0, "startup_delay": 0.0, "forward_prob": 0}