{"nodes_data": [[[0, 1, 2, 3, 4, 5, 6, 7, 8, 9, 10, 11, 12, 13, 14, 15, 16, 17, 18, 19, 20], [10.37, 10.0, 77.08, 82.32, 83.66, 82.89, 84.83, 85.16, 85.17, 85.49, 85.55, 86.07, 86.41, 86.62, 86.91, 86.44, 85.93, 86.95, 87.1, 87.1, 86.75], [0, 0.005366658791899681, 0.0009143967763520777, 0.00022532723960466683, 0.00012851605424657464, 0.00012807230814360082, 9.459704597247764e-05, 7.526893023168668e-05, 8.014474587980658e-05, 8.002848335308954e-05, 9.336638322565705e-05, 0.00010423652565805241, 8.147297194227576e-05, 8.69563446030952e-05, 0.00010503177327336743, 0.00010190134344156832, 0.00010227993334410712, 0.00011129918129881844, 0.0001065840624505654, 0.00011864905536640435, 0.00011190966324647889]], [[0, 1, 2, 3, 4, 5, 6, 7, 8, 9, 10, 11, 12, 13, 14, 15, 16, 17, 18, 19, 20], [15.62, 12.48, 78.51, 82.0, 83.52, 84.19, 84.84, 85.08, 85.21, 85.55, 86.06, 86.02, 85.9, 86.37, 86.32, 86.72, 86.97, 87.03, 87.03, 87.69, 86.87], [0, 0.005365625023841858, 0.0007966003613546491, 0.00018876153626479208, 0.00012916061677969992, 8.713305578567088e-05, 8.070567128015682e-05, 8.12959551694803e-05, 8.311311103170738e-05, 8.246869401773438e-05, 8.254926069639623e-05, 9.181202767649665e-05, 9.236241021426395e-05, 0.00010013756400439888, 0.00010439228935865685, 0.00011213629477424547, 8.926443115342408e-05, 0.00010363522596890107, 0.00010449989349581301, 0.00011377207556506619, 0.00011732876009773463]]], "msds": [[[0, 1, 2, 3, 4, 5, 6, 7, 8, 9, 10, 11, 12, 13, 14, 15, 16, 17, 18, 19, 20], [10.37, 10.0, 77.08, 82.32, 83.66, 82.89, 84.83, 85.16, 85.17, 85.49, 85.55, 86.07, 86.41, 86.62, 86.91, 86.44, 85.93, 86.95, 87.1, 87.1, 86.75], [0, 0.005366658791899681, 0.0009143967763520777, 0.00022532723960466683, 0.00012851605424657464, 0.00012807230814360082, 9.459704597247764e-05, 7.526893023168668e-05, 8.014474587980658e-05, 8.002848335308954e-05, 9.336638322565705e-05, 0.00010423652565805241, 8.147297194227576e-05, 8.69563446030952e-05, 0.00010503177327336743, 0.00010190134344156832, 0.00010227993334410712, 0.00011129918129881844, 0.0001065840624505654, 0.00011864905536640435, 0.00011190966324647889]], [[0, 1, 2, 3, 4, 5, 6, 7, 8, 9, 10, 11, 12, 13, 14, 15, 16, 17, 18, 19, 20], [4.56, 10.03, 79.39, 82.46, 83.65, 84.22, 84.82, 85.25, 84.73, 85.46, 86.11, 85.65, 85.81, 86.43, 86.55, 86.78, 86.95, 87.15, 87.17, 87.43, 87.26], [0, 0.005365410819649696, 0.0009491773671470582, 0.00019882991909980774, 0.00010877326712943614, 8.867023279890418e-05, 7.526866102125496e-05, 7.97862812760286e-05, 8.820697985356674e-05, 8.177454583346844e-05, 8.290950063383207e-05, 9.389450133312494e-05, 9.274898184230551e-05, 9.392762876814231e-05, 9.991296246880665e-05, 0.00010906779789365828, 0.00010830487008206546, 8.945282024797052e-05, 9.77170784608461e-05, 0.00012448016786947846, 0.00011089169856859371]]], "alpha": 0.0, "beta": 0.5, "gamma": 1.0, "num_samples": 6000, "node_count": 10, "density": 1.0, "startup_delay": 0.0, "forward_prob": 0}