{"nodes_data": [[[0, 1, 2, 3, 4, 5, 6, 7, 8, 9, 10, 11, 12, 13, 14, 15, 16, 17, 18, 19, 20], [11.13, 56.14, 10.0, 76.8, 81.03, 81.69, 83.41, 83.96, 84.37, 84.35, 84.88, 84.68, 85.34, 85.25, 85.68, 85.55, 86.12, 86.21, 86.21, 86.55, 86.63], [0, 0.005380494985729456, 0.003985839895904064, 0.000999081414192915, 0.0003806021704804152, 0.0001648670295253396, 9.562444756738842e-05, 7.575786003144458e-05, 7.458335312549025e-05, 7.786510832374915e-05, 8.020465611480176e-05, 8.100450941128656e-05, 8.371994772460312e-05, 8.426295244134963e-05, 8.458701631752774e-05, 8.709140092832968e-05, 9.1077497927472e-05, 9.983849304262549e-05, 9.459596185479313e-05, 9.48526940192096e-05, 9.783863788470626e-05]], [[0, 1, 2, 3, 4, 5, 6, 7, 8, 9, 10, 11, 12, 13, 14, 15, 16, 17, 18, 19, 20], [11.57, 17.19, 62.05, 79.3, 80.63, 81.07, 83.31, 83.76, 83.75, 84.78, 84.77, 84.73, 85.14, 85.29, 85.54, 85.87, 85.68, 86.11, 86.02, 86.32, 86.37], [0, 0.005376183427870274, 0.00179346464574337, 0.0006544323405250907, 0.00024292757734656334, 0.00013952478184364736, 0.0001093380487873219, 8.800548675935715e-05, 7.690521306358278e-05, 8.406249980907887e-05, 8.738159522181377e-05, 8.253454871010035e-05, 8.607868949184194e-05, 8.859357330948114e-05, 8.546073513571173e-05, 8.92934767762199e-05, 9.326992585556582e-05, 0.0001001345954136923, 9.764428250491619e-05, 0.00010449163528392091, 0.00010369679512223229]]], "msds": [[[0, 1, 2, 3, 4, 5, 6, 7, 8, 9, 10, 11, 12, 13, 14, 15, 16, 17, 18, 19, 20], [11.13, 56.14, 10.0, 76.8, 81.03, 81.69, 83.41, 83.96, 84.37, 84.35, 84.88, 84.68, 85.34, 85.25, 85.68, 85.55, 86.12, 86.21, 86.21, 86.55, 86.63], [0, 0.005380494985729456, 0.003985839895904064, 0.000999081414192915, 0.0003806021704804152, 0.0001648670295253396, 9.562444756738842e-05, 7.575786003144458e-05, 7.458335312549025e-05, 7.786510832374915e-05, 8.020465611480176e-05, 8.100450941128656e-05, 8.371994772460312e-05, 8.426295244134963e-05, 8.458701631752774e-05, 8.709140092832968e-05, 9.1077497927472e-05, 9.983849304262549e-05, 9.459596185479313e-05, 9.48526940192096e-05, 9.783863788470626e-05]], [[0, 1, 2, 3, 4, 5, 6, 7, 8, 9, 10, 11, 12, 13, 14, 15, 16, 17, 18, 19, 20], [9.35, 80.63, 10.0, 76.92, 81.08, 82.22, 83.59, 84.25, 84.41, 84.48, 84.67, 84.66, 85.36, 85.3, 85.84, 85.71, 86.36, 86.09, 86.23, 86.63, 86.57], [0, 0, 0.005567145999521017, 0.0009432043880224228, 0.0003898520371876657, 0.00016619420784991235, 8.335850725416094e-05, 7.999485387699679e-05, 7.88203687989153e-05, 8.067314774962142e-05, 7.965035183588043e-05, 8.312678983202204e-05, 8.330567652592435e-05, 8.472208719467744e-05, 8.792129665380344e-05, 9.060012234840542e-05, 9.37942459131591e-05, 9.67867745202966e-05, 9.422688162885606e-05, 9.984854114009067e-05, 0.00010327591007808223]]], "alpha": 0.0, "beta": 2.0, "gamma": 0.0, "num_samples": 6000, "node_count": 10, "density": 0.75, "startup_delay": 0.0, "forward_prob": 0}