{"nodes_data": [[[0, 1, 2, 3, 4, 5, 6, 7, 8, 9, 10, 11, 12, 13, 14, 15, 16, 17, 18, 19, 20], [11.97, 26.95, 48.72, 70.1, 80.79, 82.39, 83.09, 83.33, 84.36, 84.43, 84.95, 84.59, 85.4, 85.44, 85.41, 85.61, 86.01, 86.46, 86.33, 86.23, 86.68], [0, 0.005363013595342636, 0.003171261865645647, 0.0008150598732754588, 0.00036120560253039, 0.00017250794917345047, 0.00012214215530548245, 0.00010471061978023499, 9.916989074554294e-05, 9.920223237713799e-05, 9.888729255180806e-05, 0.00010540158837102354, 0.00010107936395797879, 9.784137364476919e-05, 0.00011046872532460839, 0.00011344938684487715, 0.00010635791113600135, 0.00010394843411631882, 0.00011418961366871372, 0.00011725111835403368, 0.00011341377830831334]], [[0, 1, 2, 3, 4, 5, 6, 7, 8, 9, 10, 11, 12, 13, 14, 15, 16, 17, 18, 19, 20], [7.4, 29.73, 43.36, 63.12, 80.82, 82.01, 83.38, 83.87, 84.18, 84.13, 84.8, 85.2, 85.3, 85.72, 85.88, 85.68, 86.03, 86.16, 86.37, 86.6, 86.72], [0, 0.005352678708732128, 0.0027764493133872747, 0.0008292582933790982, 0.00039303701487369835, 0.00018116127466782928, 0.00011428412108216435, 0.0001007257669698447, 0.00010026159725384787, 9.670785220805556e-05, 0.00010083735105581582, 9.75791917880997e-05, 9.884311293717474e-05, 0.00010075452883029357, 0.00010806689533637837, 0.00010697038669604808, 0.00010745391045929864, 0.00011223577166674659, 0.00011732513667084277, 0.00011096952221123502, 0.0001179730097646825]]], "msds": [[[0, 1, 2, 3, 4, 5, 6, 7, 8, 9, 10, 11, 12, 13, 14, 15, 16, 17, 18, 19, 20], [11.97, 26.95, 48.72, 70.1, 80.79, 82.39, 83.09, 83.33, 84.36, 84.43, 84.95, 84.59, 85.4, 85.44, 85.41, 85.61, 86.01, 86.46, 86.33, 86.23, 86.68], [0, 0.005363013595342636, 0.003171261865645647, 0.0008150598732754588, 0.00036120560253039, 0.00017250794917345047, 0.00012214215530548245, 0.00010471061978023499, 9.916989074554294e-05, 9.920223237713799e-05, 9.888729255180806e-05, 0.00010540158837102354, 0.00010107936395797879, 9.784137364476919e-05, 0.00011046872532460839, 0.00011344938684487715, 0.00010635791113600135, 0.00010394843411631882, 0.00011418961366871372, 0.00011725111835403368, 0.00011341377830831334]], [[0, 1, 2, 3, 4, 5, 6, 7, 8, 9, 10, 11, 12, 13, 14, 15, 16, 17, 18, 19, 20], [8.48, 37.76, 42.93, 70.75, 81.45, 82.36, 83.59, 83.69, 84.41, 84.58, 84.81, 85.56, 85.3, 85.33, 85.82, 85.59, 86.15, 86.12, 86.57, 86.53, 86.86], [0, 0.005373439285904169, 0.002499744761735201, 0.0007515408215112984, 0.00033007783349603415, 0.00016450374096166342, 0.0001124655464082025, 0.00010133761679753661, 0.0001019369883579202, 0.00010345061309635639, 0.00010216068767476827, 0.00010066558024846017, 0.00010612445475999266, 0.00010628658492350951, 0.00011080072727054358, 0.00010935665341094136, 0.00011004794214386493, 0.00012042179150739685, 0.00011160682333866134, 0.0001189990434795618, 0.00011661121243378147]]], "alpha": 0.7, "beta": 2.0, "gamma": 2.0, "num_samples": 6000, "node_count": 10, "density": 0.75, "startup_delay": 0.0, "forward_prob": 0}