{"nodes_data": [[[0, 1, 2, 3, 4, 5, 6, 7, 8, 9, 10, 11, 12, 13, 14, 15, 16, 17, 18, 19, 20], [8.01, 40.93, 80.73, 80.94, 80.24, 83.08, 82.53, 81.21, 82.47, 82.9, 84.27, 84.08, 85.03, 83.73, 84.16, 85.21, 83.81, 85.22, 84.05, 86.38, 85.97], [0, 0.005360657814890146, 0.0021451101638376713, 9.549633978167549e-05, 8.684054046170786e-05, 8.137446275213733e-05, 7.705444295424968e-05, 8.261630864581093e-05, 8.284107752842829e-05, 9.358529496239498e-05, 9.591795969754457e-05, 9.067606151802465e-05, 0.00010440779442433268, 0.00011639833974186331, 0.00011652352259261534, 7.14511115802452e-05, 6.998436583671719e-05, 0, 7.030723645584658e-05, 8.144167077261955e-05, 0]], [[0, 1, 2, 3, 4, 5, 6, 7, 8, 9, 10, 11, 12, 13, 14, 15, 16, 17, 18, 19, 20], [9.6, 22.71, 73.31, 81.69, 82.54, 84.66, 84.36, 84.58, 84.58, 85.02, 85.34, 84.99, 85.58, 85.34, 85.85, 85.68, 85.99, 86.35, 86.34, 86.57, 86.48], [0, 0.005360796581953764, 0.0017085716826841235, 0.0006769760511815548, 0.00010835243301698938, 9.935102571034804e-05, 9.297221549786627e-05, 9.4168062787503e-05, 9.496785060036927e-05, 0.00010573406325420365, 0.00011350154090905562, 0.00010135002958122641, 0.00011499452375574037, 0.0001070918224286288, 0.0001162469998234883, 0.00011827339767478406, 0.00010443697829032317, 0.00010347850911784917, 0.00011806413385784253, 9.911807137541473e-05, 8.984431042335927e-05]]], "msds": [[[0, 1, 2, 3, 4, 5, 6, 7, 8, 9, 10, 11, 12, 13, 14, 15, 16, 17, 18, 19, 20], [8.01, 40.93, 80.73, 80.94, 80.24, 83.08, 82.53, 81.21, 82.47, 82.9, 84.27, 84.08, 85.03, 83.73, 84.16, 85.21, 83.81, 85.22, 84.05, 86.38, 85.97], [0, 0.005360657814890146, 0.0021451101638376713, 9.549633978167549e-05, 8.684054046170786e-05, 8.137446275213733e-05, 7.705444295424968e-05, 8.261630864581093e-05, 8.284107752842829e-05, 9.358529496239498e-05, 9.591795969754457e-05, 9.067606151802465e-05, 0.00010440779442433268, 0.00011639833974186331, 0.00011652352259261534, 7.14511115802452e-05, 6.998436583671719e-05, 0, 7.030723645584658e-05, 8.144167077261955e-05, 0]], [[0, 1, 2, 3, 4, 5, 6, 7, 8, 9, 10, 11, 12, 13, 14, 15, 16, 17, 18, 19, 20], [9.88, 74.42, 80.73, 80.94, 80.24, 83.08, 82.53, 81.21, 82.47, 82.9, 84.27, 84.08, 81.96, 83.73, 85.9, 85.99, 85.53, 86.35, 86.55, 87.02, 86.87], [0, 0, 0, 0, 0, 0, 0, 0, 0, 0, 0, 0, 0, 0, 0.00011477468797238544, 0.00011590692156460136, 9.135858999798074e-05, 0.00010116019257111475, 0.0001070224170689471, 0.00010813771223183721, 0.0001092075981432572]]], "alpha": 1.0, "beta": 0.0, "gamma": 0.0, "num_samples": 6000, "node_count": 10, "density": 1.0, "startup_delay": 0.0, "forward_prob": 0}