{"nodes_data": [[[0, 1, 2, 3, 4, 5, 6, 7, 8, 9, 10, 11, 12, 13, 14, 15, 16, 17, 18, 19, 20], [12.51, 52.16, 78.72, 76.54, 71.48, 82.19, 82.81, 82.98, 84.45, 84.75, 85.27, 85.28, 84.88, 85.95, 85.71, 86.41, 85.87, 85.92, 86.45, 86.21, 86.87], [0, 0.005418958608061075, 0.004030883312225342, 0.0012900143628939986, 0.0007239014375954866, 0.00048124889144673944, 0.00031263125129044056, 0.0002205858618253842, 0.0001852741406764835, 0.00016213764320127666, 0.00015910757065284997, 0.00015388763858936727, 0.00015025220636744052, 0.00015243793313857168, 0.00015006399189587682, 0.00015357528172899038, 0.0001567205908941105, 0.00015875512326601893, 0.0001494826137786731, 0.00016262508870568126, 0.0001679220877122134]], [[0, 1, 2, 3, 4, 5, 6, 7, 8, 9, 10, 11, 12, 13, 14, 15, 16, 17, 18, 19, 20], [10.0, 71.42, 67.47, 71.07, 78.78, 82.16, 83.81, 83.13, 84.36, 84.96, 84.95, 85.12, 85.75, 85.24, 85.59, 86.08, 85.83, 85.76, 86.01, 86.5, 86.12], [0, 0.005371877923607826, 0.003022843971848488, 0.0010550053557381034, 0.0006673993193544447, 0.0004931831499561667, 0.0003309372114017606, 0.00023407932894770056, 0.00019420425815042108, 0.0001792980619939044, 0.00017312828276772052, 0.00016362463065888733, 0.0001601500262040645, 0.0001602308766450733, 0.00016516413597855717, 0.0001596842921571806, 0.00016051514830905944, 0.00016562406381126493, 0.00016329424397554249, 0.00016389695520047098, 0.00017602331354282796]]], "msds": [[[0, 1, 2, 3, 4, 5, 6, 7, 8, 9, 10, 11, 12, 13, 14, 15, 16, 17, 18, 19, 20], [12.51, 52.16, 78.72, 76.54, 71.48, 82.19, 82.81, 82.98, 84.45, 84.75, 85.27, 85.28, 84.88, 85.95, 85.71, 86.41, 85.87, 85.92, 86.45, 86.21, 86.87], [0, 0.005418958608061075, 0.004030883312225342, 0.0012900143628939986, 0.0007239014375954866, 0.00048124889144673944, 0.00031263125129044056, 0.0002205858618253842, 0.0001852741406764835, 0.00016213764320127666, 0.00015910757065284997, 0.00015388763858936727, 0.00015025220636744052, 0.00015243793313857168, 0.00015006399189587682, 0.00015357528172899038, 0.0001567205908941105, 0.00015875512326601893, 0.0001494826137786731, 0.00016262508870568126, 0.0001679220877122134]], [[0, 1, 2, 3, 4, 5, 6, 7, 8, 9, 10, 11, 12, 13, 14, 15, 16, 17, 18, 19, 20], [16.38, 59.91, 76.73, 67.68, 79.87, 81.86, 83.5, 83.21, 84.08, 85.2, 84.99, 85.24, 85.32, 85.78, 86.1, 86.22, 86.25, 86.32, 86.83, 86.46, 86.06], [0, 0.005391180515289307, 0.0034914049319922924, 0.0012129918904975057, 0.0007549920119345188, 0.0003809327317867428, 0.00026743326452560723, 0.0002063038118649274, 0.00017780205234885216, 0.0001655538217164576, 0.00015624015941284597, 0.0001524910912849009, 0.0001617211091797799, 0.0001585888967383653, 0.0001545360719319433, 0.0001520148798590526, 0.0001508183777332306, 0.00015462178271263838, 0.0001579310919623822, 0.000166997779160738, 0.00016240043623838574]]], "alpha": 0.5, "beta": 1.0, "gamma": 1.0, "num_samples": 6000, "node_count": 10, "density": 1.0, "startup_delay": 0.0, "forward_prob": 0}