{"nodes_data": [[[0, 1, 2, 3, 4, 5, 6, 7, 8, 9, 10, 11, 12, 13, 14, 15, 16, 17, 18, 19, 20], [10.0, 75.26, 80.92, 82.69, 83.47, 83.76, 81.9, 83.23, 84.57, 85.19, 84.94, 83.92, 84.85, 85.1, 85.51, 84.06, 84.95, 84.68, 83.06, 84.43, 84.29], [0, 0, 0.0015889023197814822, 0.0005646732170134783, 0.00027764547849074006, 0, 0, 0, 0, 0, 0, 0, 0, 0, 0, 0, 0, 0, 0, 0, 0]], [[0, 1, 2, 3, 4, 5, 6, 7, 8, 9, 10, 11, 12, 13, 14, 15, 16, 17, 18, 19, 20], [6.86, 79.24, 81.23, 79.85, 83.1, 84.62, 85.28, 84.64, 83.76, 84.07, 84.01, 84.5, 84.01, 83.44, 84.61, 84.23, 85.25, 85.58, 85.35, 84.7, 85.36], [0, 0, 0, 0, 0, 0, 0, 0, 0, 0, 0, 0, 0, 0, 0, 0, 0, 0, 0, 0, 0]]], "msds": [[[0, 1, 2, 3, 4, 5, 6, 7, 8, 9, 10, 11, 12, 13, 14, 15, 16, 17, 18, 19, 20], [10.0, 75.26, 80.92, 82.69, 83.47, 83.76, 81.9, 83.23, 84.57, 85.19, 84.94, 83.92, 84.85, 85.1, 85.51, 84.06, 84.95, 84.68, 83.06, 84.43, 84.29], [0, 0, 0.0015889023197814822, 0.0005646732170134783, 0.00027764547849074006, 0, 0, 0, 0, 0, 0, 0, 0, 0, 0, 0, 0, 0, 0, 0, 0]], [[0, 1, 2, 3, 4, 5, 6, 7, 8, 9, 10, 11, 12, 13, 14, 15, 16, 17, 18, 19, 20], [11.37, 55.99, 81.83, 83.43, 84.03, 84.3, 85.47, 85.53, 85.08, 84.0, 85.92, 85.75, 84.95, 84.26, 85.98, 85.84, 86.01, 85.87, 86.56, 85.73, 85.95], [0, 0.005389721132814884, 0.0015927409986034036, 0.0005347086116671562, 0.0002477036905474961, 0.0001714867103146389, 0.00014973213546909392, 0.00016032153507694602, 0.00015976013673935086, 0.00014804795500822365, 0.00015724074910394847, 0.00016117547056637704, 0.0001643428549868986, 0.00015941087622195482, 0.0001642799616092816, 0.00017794212908484042, 0.00017936683434527367, 0.0001861404743976891, 0.0001894370507216081, 0.00018665280367713422, 0.0001734887046040967]]], "alpha": 0.5, "beta": 0.5, "gamma": 0.0, "num_samples": 6000, "node_count": 10, "density": 0.0, "startup_delay": 0.0, "forward_prob": 0}