{"nodes_data": [[[0, 1, 2, 3, 4, 5, 6, 7, 8, 9, 10, 11, 12, 13, 14, 15, 16, 17, 18, 19, 20], [7.55, 36.8, 56.1, 81.69, 81.02, 83.39, 84.37, 84.75, 85.3, 85.62, 85.66, 85.32, 84.97, 86.75, 86.76, 86.65, 86.72, 86.57, 87.32, 86.94, 86.26], [0, 0.0053605190478265285, 0.0013128200080245733, 0.0004266860196366906, 0.00016920798225328326, 0.00016835150017868727, 9.194007725454867e-05, 9.789670730242506e-05, 9.380358824273571e-05, 9.363354183733463e-05, 0.00010489177657291293, 0.0001144995039794594, 9.463969036005437e-05, 0.00011282775085419416, 9.081331518245861e-05, 0.00010588235454633832, 0.00010767958156066015, 0.00012358988169580698, 0.00011217797873541713, 0.00011054590140702203, 0.00012585584772750735]], [[0, 1, 2, 3, 4, 5, 6, 7, 8, 9, 10, 11, 12, 13, 14, 15, 16, 17, 18, 19, 20], [6.07, 27.6, 58.81, 81.07, 82.45, 83.51, 84.47, 84.58, 84.95, 85.5, 85.51, 85.97, 85.92, 86.55, 86.25, 86.19, 86.21, 86.54, 87.21, 86.66, 86.19], [0, 0.0053758383728563786, 0.0011611934751272202, 0.0003373429935891181, 0.00017256620049010962, 0.00011824193643406034, 0.00010540329822106287, 9.571919508744031e-05, 9.753242193255574e-05, 9.071928798221052e-05, 0.00010591924365144223, 9.72876077867113e-05, 9.818029502639547e-05, 9.282223618356511e-05, 0.00010013776045525447, 0.00010320839646738023, 0.00010727854532888159, 0.00010889350960496813, 0.00011009860463673249, 0.00011343209916958585, 0.00012585584772750735]]], "msds": [[[0, 1, 2, 3, 4, 5, 6, 7, 8, 9, 10, 11, 12, 13, 14, 15, 16, 17, 18, 19, 20], [7.55, 36.8, 56.1, 81.69, 81.02, 83.39, 84.37, 84.75, 85.3, 85.62, 85.66, 85.32, 84.97, 86.75, 86.76, 86.65, 86.72, 86.57, 87.32, 86.94, 86.26], [0, 0.0053605190478265285, 0.0013128200080245733, 0.0004266860196366906, 0.00016920798225328326, 0.00016835150017868727, 9.194007725454867e-05, 9.789670730242506e-05, 9.380358824273571e-05, 9.363354183733463e-05, 0.00010489177657291293, 0.0001144995039794594, 9.463969036005437e-05, 0.00011282775085419416, 9.081331518245861e-05, 0.00010588235454633832, 0.00010767958156066015, 0.00012358988169580698, 0.00011217797873541713, 0.00011054590140702203, 0.00012585584772750735]], [[0, 1, 2, 3, 4, 5, 6, 7, 8, 9, 10, 11, 12, 13, 14, 15, 16, 17, 18, 19, 20], [6.67, 63.66, 71.52, 81.19, 82.6, 83.17, 84.36, 84.82, 85.13, 85.54, 85.64, 85.89, 85.85, 85.88, 85.85, 85.83, 86.62, 87.02, 87.22, 86.81, 87.15], [0, 0.005407703574746847, 0.0020219911821186543, 0.0005125601892359555, 0.0001357657602056861, 0.00016235074144788086, 0.00012237495684530586, 8.653772238176316e-05, 8.82976601133123e-05, 9.398019756190479e-05, 9.661198419053108e-05, 0.00010462266072863713, 0.00011321890633553267, 0.0001025292876875028, 0.00010042021312983707, 9.957781730918214e-05, 0.00011838984210044146, 0.00010104364628205076, 0.0001114915357902646, 0.00011617018753895536, 0.0001234363007824868]]], "alpha": 0.7, "beta": 0.5, "gamma": 1.0, "num_samples": 6000, "node_count": 10, "density": 1.0, "startup_delay": 0.0, "forward_prob": 0}