{"nodes_data": [[[0, 1, 2, 3, 4, 5, 6, 7, 8, 9, 10, 11, 12, 13, 14, 15, 16, 17, 18, 19, 20], [4.08, 71.26, 50.49, 70.38, 80.52, 82.11, 82.94, 84.15, 84.74, 85.01, 84.39, 84.98, 85.98, 85.48, 85.95, 85.61, 86.47, 86.15, 86.93, 86.77, 86.75], [0, 0.0053941598162055016, 0.0016411010874435306, 0.0009363769786432385, 0.0005326237878762186, 0.00031342520378530025, 0.0002267872914671898, 0.00018884982273448259, 0.00015914470714051276, 0.00015936829731799662, 0.0001503767998656258, 0.00015191934653557837, 0.000152171342051588, 0.00015562477346975356, 0.00015623256331309676, 0.00015732455358374864, 0.000157605143613182, 0.00016401901666540653, 0.00015568984963465482, 0.00016492117720190436, 0.00015714266919530928]], [[0, 1, 2, 3, 4, 5, 6, 7, 8, 9, 10, 11, 12, 13, 14, 15, 16, 17, 18, 19, 20], [12.54, 68.72, 67.65, 68.07, 81.08, 82.84, 83.7, 83.98, 83.51, 84.69, 84.91, 85.44, 85.2, 85.62, 86.18, 85.5, 85.81, 86.85, 86.88, 86.52, 86.49], [0, 0.005375091917812824, 0.0017011853633448482, 0.0008816501940600574, 0.0005384291871450841, 0.0003058137954212725, 0.00021217731409706175, 0.00016884840442799032, 0.00015701049414929003, 0.00014985846064519137, 0.0001428847317583859, 0.00014804620877839625, 0.00014379818458110094, 0.00014106139133218676, 0.0001475183671573177, 0.0001485520479036495, 0.0001496719487477094, 0.00015908341447357088, 0.00016191329632420093, 0.00015578273450955749, 0.00015612183779012412]]], "msds": [[[0, 1, 2, 3, 4, 5, 6, 7, 8, 9, 10, 11, 12, 13, 14, 15, 16, 17, 18, 19, 20], [4.08, 71.26, 50.49, 70.38, 80.52, 82.11, 82.94, 84.15, 84.74, 85.01, 84.39, 84.98, 85.98, 85.48, 85.95, 85.61, 86.47, 86.15, 86.93, 86.77, 86.75], [0, 0.0053941598162055016, 0.0016411010874435306, 0.0009363769786432385, 0.0005326237878762186, 0.00031342520378530025, 0.0002267872914671898, 0.00018884982273448259, 0.00015914470714051276, 0.00015936829731799662, 0.0001503767998656258, 0.00015191934653557837, 0.000152171342051588, 0.00015562477346975356, 0.00015623256331309676, 0.00015732455358374864, 0.000157605143613182, 0.00016401901666540653, 0.00015568984963465482, 0.00016492117720190436, 0.00015714266919530928]], [[0, 1, 2, 3, 4, 5, 6, 7, 8, 9, 10, 11, 12, 13, 14, 15, 16, 17, 18, 19, 20], [10.02, 57.53, 62.27, 70.37, 82.07, 83.15, 82.85, 84.51, 84.82, 85.04, 85.22, 85.39, 85.28, 86.15, 85.87, 85.91, 86.7, 86.53, 86.48, 86.77, 87.23], [0, 0.005365785676985979, 0.001738836755976081, 0.0008656284771859646, 0.0004926145193167031, 0.0003013036330230534, 0.00021067142370156944, 0.0001716321421554312, 0.00015823797730263323, 0.00015266009722836316, 0.00015278998762369156, 0.00015165515651460737, 0.00014487674343399704, 0.00014496968651656061, 0.00015442745643667877, 0.00015259790234267712, 0.0001554737100377679, 0.00015577390149701387, 0.00015307996363844723, 0.00015696360787842423, 0.00015030875511001796]]], "alpha": 0.5, "beta": 0.5, "gamma": 5.0, "num_samples": 6000, "node_count": 10, "density": 1.0, "startup_delay": 0.0, "forward_prob": 0}