{"nodes_data": [[[0, 1, 2, 3, 4, 5, 6, 7, 8, 9, 10, 11, 12, 13, 14, 15, 16, 17, 18, 19, 20], [9.23, 24.15, 54.48, 75.95, 80.83, 82.53, 82.99, 83.41, 83.68, 84.56, 84.17, 84.91, 85.2, 85.66, 85.49, 85.85, 85.93, 85.97, 86.17, 86.41, 86.6], [0, 0.005371306091547012, 0.0030237934552133083, 0.0006678164936602116, 0.00030466477619484067, 0.00014795847528148443, 0.00010911816934822127, 0.00010430467955302447, 9.198865882353857e-05, 9.348726598545909e-05, 9.44748826441355e-05, 9.916025737766176e-05, 9.861228318186477e-05, 0.00010268963524140418, 0.0001042403673636727, 0.00010417783778393641, 0.00010519174247747287, 0.0001110041921492666, 0.00011081256525358185, 0.00011797453771578148, 0.00012372693163342774]], [[0, 1, 2, 3, 4, 5, 6, 7, 8, 9, 10, 11, 12, 13, 14, 15, 16, 17, 18, 19, 20], [16.91, 19.87, 62.82, 79.94, 81.11, 82.81, 83.01, 83.7, 84.31, 84.63, 84.41, 85.02, 85.17, 85.53, 86.01, 85.67, 86.03, 85.92, 86.36, 86.53, 86.9], [0, 0.0053660073317587376, 0.0022694983053952456, 0.000569583848118782, 0.00023168210464064032, 0.00012626506213564426, 0.00010514639870962128, 0.0001005186204565689, 9.935435082297772e-05, 9.826868335949257e-05, 9.997332381317392e-05, 0.00010015458246925846, 0.00010524502431508154, 0.00010842095070984215, 0.00010700739221647382, 0.00010682745050871745, 0.00011023789556929842, 0.00011075835936935619, 0.00011990350321866572, 0.0001142024775617756, 0.00011080098920501769]]], "msds": [[[0, 1, 2, 3, 4, 5, 6, 7, 8, 9, 10, 11, 12, 13, 14, 15, 16, 17, 18, 19, 20], [9.23, 24.15, 54.48, 75.95, 80.83, 82.53, 82.99, 83.41, 83.68, 84.56, 84.17, 84.91, 85.2, 85.66, 85.49, 85.85, 85.93, 85.97, 86.17, 86.41, 86.6], [0, 0.005371306091547012, 0.0030237934552133083, 0.0006678164936602116, 0.00030466477619484067, 0.00014795847528148443, 0.00010911816934822127, 0.00010430467955302447, 9.198865882353857e-05, 9.348726598545909e-05, 9.44748826441355e-05, 9.916025737766176e-05, 9.861228318186477e-05, 0.00010268963524140418, 0.0001042403673636727, 0.00010417783778393641, 0.00010519174247747287, 0.0001110041921492666, 0.00011081256525358185, 0.00011797453771578148, 0.00012372693163342774]], [[0, 1, 2, 3, 4, 5, 6, 7, 8, 9, 10, 11, 12, 13, 14, 15, 16, 17, 18, 19, 20], [10.22, 37.41, 57.81, 78.84, 80.6, 82.61, 82.7, 83.77, 84.44, 84.74, 84.25, 85.26, 85.39, 85.39, 86.0, 85.65, 86.06, 86.06, 86.45, 86.67, 86.93], [0, 0.0053796847350895405, 0.0027656052261590958, 0.0006549549289047718, 0.0002788550918921828, 0.0001285925682168454, 0.00010419574391562492, 9.663834498496726e-05, 9.335261711385101e-05, 9.621525532566011e-05, 9.254022006643936e-05, 9.70846158452332e-05, 9.841660357778892e-05, 0.0001011480635497719, 0.00010286699398420751, 0.00010882041533477604, 0.00010612739424686879, 0.00010619283420965075, 0.00011302165512461215, 0.000104556318547111, 0.0001141573375207372]]], "alpha": 0.7, "beta": 1.0, "gamma": 5.0, "num_samples": 6000, "node_count": 10, "density": 1.0, "startup_delay": 0.0, "forward_prob": 0}