{"nodes_data": [[[0, 1, 2, 3, 4, 5, 6, 7, 8, 9, 10, 11, 12, 13, 14, 15, 16, 17, 18, 19, 20], [9.16, 31.73, 44.07, 67.9, 80.89, 82.28, 83.23, 83.28, 84.44, 84.76, 84.88, 85.55, 85.05, 85.19, 85.95, 85.85, 86.23, 85.94, 86.52, 86.4, 86.08], [0, 0.005386021453887224, 0.0029468159191310406, 0.0007063937955535948, 0.00029962745611555874, 0.00014635884144809097, 0.00010729687346611172, 0.00010032798309111968, 9.769044118002057e-05, 9.944347402779385e-05, 9.673750901129097e-05, 0.00010081073560286313, 0.00010219306568615139, 0.0001020501003949903, 0.00010357123392168432, 0.00010940957872662693, 0.0001053417072398588, 0.00011034019553335384, 0.00011482850095489994, 0.00012135590804973617, 0.0001193801945191808]], [[0, 1, 2, 3, 4, 5, 6, 7, 8, 9, 10, 11, 12, 13, 14, 15, 16, 17, 18, 19, 20], [11.07, 10.54, 50.83, 78.85, 80.88, 82.52, 83.22, 83.5, 84.47, 84.48, 85.05, 85.03, 85.4, 85.68, 85.76, 85.93, 85.91, 86.29, 86.56, 86.31, 86.42], [0, 0.00537386629730463, 0.002161110518500209, 0.0005752635770477355, 0.0002652204711921513, 0.00014089384058024734, 0.00010908645344898105, 9.78840107563883e-05, 9.88319079624489e-05, 9.35314892558381e-05, 9.635317837819457e-05, 9.523063636152074e-05, 0.00010119814396603033, 0.00010125757398782298, 0.00010490683780517429, 0.00010488768748473376, 0.00010831528925336897, 0.00010863927309401333, 0.00011749877739930525, 0.00011572384391911328, 0.00011906507279491052]]], "msds": [[[0, 1, 2, 3, 4, 5, 6, 7, 8, 9, 10, 11, 12, 13, 14, 15, 16, 17, 18, 19, 20], [9.16, 31.73, 44.07, 67.9, 80.89, 82.28, 83.23, 83.28, 84.44, 84.76, 84.88, 85.55, 85.05, 85.19, 85.95, 85.85, 86.23, 85.94, 86.52, 86.4, 86.08], [0, 0.005386021453887224, 0.0029468159191310406, 0.0007063937955535948, 0.00029962745611555874, 0.00014635884144809097, 0.00010729687346611172, 0.00010032798309111968, 9.769044118002057e-05, 9.944347402779385e-05, 9.673750901129097e-05, 0.00010081073560286313, 0.00010219306568615139, 0.0001020501003949903, 0.00010357123392168432, 0.00010940957872662693, 0.0001053417072398588, 0.00011034019553335384, 0.00011482850095489994, 0.00012135590804973617, 0.0001193801945191808]], [[0, 1, 2, 3, 4, 5, 6, 7, 8, 9, 10, 11, 12, 13, 14, 15, 16, 17, 18, 19, 20], [15.28, 10.57, 43.35, 66.69, 80.93, 82.49, 83.09, 83.93, 84.56, 84.69, 84.8, 84.94, 85.41, 85.12, 86.21, 85.99, 86.14, 86.37, 86.61, 86.42, 86.25], [0, 0.005387476179748774, 0.0032012041192501783, 0.000675067538395524, 0.00029420843929983675, 0.00012809144391212612, 0.00010170558380195871, 9.465486073167995e-05, 9.609626431483775e-05, 9.454441897105426e-05, 9.771039913175628e-05, 9.618386684451252e-05, 9.540656901663169e-05, 0.00010369420488132164, 0.00010366184142185375, 0.00010519169882172719, 0.00011521347187226638, 0.00010687622852856293, 0.00011064644058933482, 0.00012075800623279065, 0.0001233273942489177]]], "alpha": 0.7, "beta": 2.0, "gamma": 3.0, "num_samples": 6000, "node_count": 10, "density": 1.0, "startup_delay": 0.0, "forward_prob": 0}