{"nodes_data": [[[0, 1, 2, 3, 4, 5, 6, 7, 8, 9, 10, 11, 12, 13, 14, 15, 16, 17, 18, 19, 20], [8.74, 60.02, 58.98, 76.53, 81.87, 82.26, 83.95, 84.56, 84.62, 85.09, 85.57, 85.36, 85.81, 86.04, 86.28, 86.16, 86.29, 86.71, 86.82, 86.7, 86.95], [0, 0.00535625359043479, 0.0017377996118739247, 0.0008478029049001634, 0.0004764244658872485, 0.0003329516912344843, 0.00020683594630099833, 0.00016726595640648156, 0.00016023687203414738, 0.00015448495105374604, 0.00015640948549844325, 0.0001510566216893494, 0.000141525873914361, 0.00015958760923240334, 0.00016069712000899017, 0.00017035954806488007, 0.00016764862812124193, 0.00015437272668350488, 0.00016441526531707495, 0.00017171681975014508, 0.00016162657993845642]], [[0, 1, 2, 3, 4, 5, 6, 7, 8, 9, 10, 11, 12, 13, 14, 15, 16, 17, 18, 19, 20], [9.62, 59.06, 63.52, 77.34, 82.13, 82.87, 83.09, 84.64, 85.03, 85.36, 85.41, 85.77, 85.83, 85.85, 85.92, 86.61, 86.77, 86.97, 86.92, 86.44, 87.42], [0, 0.0053805997595191, 0.001820225385017693, 0.0007878222968429327, 0.00042664489592425525, 0.00028571486473083496, 0.0002019913081312552, 0.00017971977649722248, 0.00016270310152322054, 0.00015542260371148586, 0.0001556662464281544, 0.00015853361401241273, 0.00016114558093249798, 0.0001589502062415704, 0.0001488433772465214, 0.00015898086712695658, 0.00015031444490887225, 0.00016057190077845007, 0.00015252716548275203, 0.00016611331375315785, 0.000170607803738676]]], "msds": [[[0, 1, 2, 3, 4, 5, 6, 7, 8, 9, 10, 11, 12, 13, 14, 15, 16, 17, 18, 19, 20], [8.74, 60.02, 58.98, 76.53, 81.87, 82.26, 83.95, 84.56, 84.62, 85.09, 85.57, 85.36, 85.81, 86.04, 86.28, 86.16, 86.29, 86.71, 86.82, 86.7, 86.95], [0, 0.00535625359043479, 0.0017377996118739247, 0.0008478029049001634, 0.0004764244658872485, 0.0003329516912344843, 0.00020683594630099833, 0.00016726595640648156, 0.00016023687203414738, 0.00015448495105374604, 0.00015640948549844325, 0.0001510566216893494, 0.000141525873914361, 0.00015958760923240334, 0.00016069712000899017, 0.00017035954806488007, 0.00016764862812124193, 0.00015437272668350488, 0.00016441526531707495, 0.00017171681975014508, 0.00016162657993845642]], [[0, 1, 2, 3, 4, 5, 6, 7, 8, 9, 10, 11, 12, 13, 14, 15, 16, 17, 18, 19, 20], [6.0, 70.23, 68.38, 80.41, 81.08, 83.55, 84.12, 84.06, 85.13, 84.97, 85.46, 86.03, 85.5, 85.92, 86.67, 86.73, 86.22, 86.81, 86.67, 86.78, 87.15], [0, 0.00537381274625659, 0.001486503635533154, 0.0008063110872171819, 0.0005206659552641213, 0.00029360470944084227, 0.00023609030176885426, 0.00018629056285135448, 0.000169327890034765, 0.00017297061276622117, 0.00015684831305406988, 0.00015790229372214526, 0.00017060535901691765, 0.00015472354425583035, 0.0001530151639599353, 0.00015957337745931, 0.00016310755745507777, 0.00016452987620141357, 0.00016905485244933516, 0.00016076953033916652, 0.00017365794337820262]]], "alpha": 0.5, "beta": 0.0, "gamma": 3.0, "num_samples": 6000, "node_count": 10, "density": 0.75, "startup_delay": 0.0, "forward_prob": 0}