{"nodes_data": [[[0, 1, 2, 3, 4, 5, 6, 7, 8, 9, 10, 11, 12, 13, 14, 15, 16, 17, 18, 19, 20], [7.22, 15.1, 79.53, 81.85, 82.73, 83.89, 84.5, 85.0, 85.3, 85.34, 85.62, 85.7, 86.34, 86.56, 86.88, 86.45, 86.84, 87.21, 87.23, 87.33, 87.25], [0, 0.005382008384913206, 0.0006279904046095908, 0.0001388872624374926, 6.75366391078569e-05, 6.196858885232359e-05, 6.237612979020923e-05, 6.45904365228489e-05, 6.408571789506823e-05, 6.999487231951207e-05, 6.959240272408351e-05, 7.320951408473775e-05, 7.294066745089367e-05, 7.940199429867789e-05, 7.869359978940338e-05, 7.64431752031669e-05, 8.247223013313487e-05, 7.83497525844723e-05, 8.686588989803568e-05, 8.562377479393035e-05, 8.819119830150157e-05]], [[0, 1, 2, 3, 4, 5, 6, 7, 8, 9, 10, 11, 12, 13, 14, 15, 16, 17, 18, 19, 20], [12.76, 10.0, 79.26, 81.61, 82.67, 83.92, 84.54, 84.97, 85.24, 85.45, 85.61, 85.86, 86.38, 86.45, 86.91, 86.4, 86.72, 87.18, 87.26, 87.34, 87.08], [0, 0.00540799368172884, 0.0007654140354134142, 0.0001380355388391763, 6.587208190467209e-05, 6.432564987335354e-05, 5.970962592982687e-05, 6.527749792439863e-05, 6.335887155728415e-05, 6.831200880696997e-05, 6.86115090502426e-05, 7.063461089273915e-05, 7.488079427275807e-05, 7.679798727622256e-05, 8.087123569566756e-05, 7.991725578904152e-05, 8.153509406838566e-05, 8.661013998789713e-05, 9.46855143411085e-05, 8.876234642229974e-05, 8.640916348667815e-05]]], "msds": [[[0, 1, 2, 3, 4, 5, 6, 7, 8, 9, 10, 11, 12, 13, 14, 15, 16, 17, 18, 19, 20], [7.22, 15.1, 79.53, 81.85, 82.73, 83.89, 84.5, 85.0, 85.3, 85.34, 85.62, 85.7, 86.34, 86.56, 86.88, 86.45, 86.84, 87.21, 87.23, 87.33, 87.25], [0, 0.005382008384913206, 0.0006279904046095908, 0.0001388872624374926, 6.75366391078569e-05, 6.196858885232359e-05, 6.237612979020923e-05, 6.45904365228489e-05, 6.408571789506823e-05, 6.999487231951207e-05, 6.959240272408351e-05, 7.320951408473775e-05, 7.294066745089367e-05, 7.940199429867789e-05, 7.869359978940338e-05, 7.64431752031669e-05, 8.247223013313487e-05, 7.83497525844723e-05, 8.686588989803568e-05, 8.562377479393035e-05, 8.819119830150157e-05]], [[0, 1, 2, 3, 4, 5, 6, 7, 8, 9, 10, 11, 12, 13, 14, 15, 16, 17, 18, 19, 20], [4.33, 27.19, 78.93, 81.75, 82.85, 83.68, 84.63, 85.12, 85.26, 85.52, 85.49, 86.1, 86.38, 86.47, 86.71, 86.27, 86.83, 87.15, 87.14, 87.17, 86.92], [0, 0.005375775508582592, 0.0007573111215606332, 0.00013658436364494264, 7.44968929211609e-05, 6.11638170084916e-05, 6.126090011093765e-05, 6.474357360275462e-05, 6.326335278572515e-05, 7.219088001875207e-05, 6.844127346994355e-05, 7.185244612628594e-05, 7.244274456752464e-05, 7.819321035640314e-05, 8.21500871097669e-05, 8.391267328988761e-05, 8.140863064909354e-05, 8.418171637458727e-05, 9.003745071822777e-05, 8.898033411242068e-05, 9.296681673731655e-05]]], "alpha": 1.0, "beta": 0.5, "gamma": 5.0, "num_samples": 6000, "node_count": 10, "density": 1.0, "startup_delay": 0.0, "forward_prob": 0}