{"nodes_data": [[[0, 1, 2, 3, 4, 5, 6, 7, 8, 9, 10, 11, 12, 13, 14, 15, 16, 17, 18, 19, 20], [10.94, 77.75, 81.69, 81.99, 81.62, 82.84, 84.07, 83.46, 82.04, 81.48, 83.78, 83.47, 84.78, 82.6, 83.85, 84.89, 84.47, 85.02, 84.36, 84.15, 84.22], [0, 0, 0, 0, 0, 0, 0, 0, 0, 0, 0, 0, 0, 0, 0, 0, 0, 0, 0, 0, 0]], [[0, 1, 2, 3, 4, 5, 6, 7, 8, 9, 10, 11, 12, 13, 14, 15, 16, 17, 18, 19, 20], [10.53, 79.15, 80.81, 81.54, 81.39, 83.36, 83.65, 83.3, 84.82, 84.79, 84.96, 83.31, 84.58, 85.0, 84.39, 82.57, 82.23, 84.81, 83.36, 84.4, 84.57], [0, 0, 0, 0, 0, 0, 0, 0, 0, 0, 0, 0, 0, 0, 0, 0, 0, 0, 0, 0, 0]]], "msds": [[[0, 1, 2, 3, 4, 5, 6, 7, 8, 9, 10, 11, 12, 13, 14, 15, 16, 17, 18, 19, 20], [10.94, 77.75, 81.69, 81.99, 81.62, 82.84, 84.07, 83.46, 82.04, 81.48, 83.78, 83.47, 84.78, 82.6, 83.85, 84.89, 84.47, 85.02, 84.36, 84.15, 84.22], [0, 0, 0, 0, 0, 0, 0, 0, 0, 0, 0, 0, 0, 0, 0, 0, 0, 0, 0, 0, 0]], [[0, 1, 2, 3, 4, 5, 6, 7, 8, 9, 10, 11, 12, 13, 14, 15, 16, 17, 18, 19, 20], [9.76, 71.23, 81.03, 83.26, 83.58, 84.16, 84.65, 84.51, 85.1, 85.58, 85.04, 85.33, 85.17, 83.92, 85.24, 85.97, 85.45, 85.86, 84.85, 85.84, 85.43], [0, 0.005362131167203188, 0.0006163541693240404, 0.00015920473379082978, 0.0001242206199094653, 0.00011064230784540996, 0.00010240398114547133, 0.00010828860104084015, 0.00015995671856217086, 0.0001274037640541792, 0.00012908726057503372, 0.00013188245065975934, 0.00013146210403647274, 0, 0, 0, 0, 0, 0, 0, 0]]], "alpha": 0.7, "beta": 0.0, "gamma": 0.0, "num_samples": 6000, "node_count": 10, "density": 0.0, "startup_delay": 0.0, "forward_prob": 0}