{"nodes_data": [[[0, 1, 2, 3, 4, 5, 6, 7, 8, 9, 10, 11, 12, 13, 14, 15, 16, 17, 18, 19, 20], [14.48, 41.24, 76.33, 81.69, 81.76, 82.75, 84.82, 85.2, 84.59, 82.89, 84.92, 85.76, 85.73, 86.48, 86.36, 84.19, 86.29, 87.19, 86.91, 87.47, 85.5], [0, 0.005359124392271042, 0.00219708657823503, 0.0012187625980004668, 0.0003547965898178518, 5.149208664079197e-05, 6.839312118245289e-05, 6.1669314163737e-05, 0, 0, 0, 0.0002526178432162851, 0.00014112752978689969, 0.00011643933248706162, 0.00012051869271090254, 7.685425953241065e-05, 6.811260391259566e-05, 6.302061228780076e-05, 8.840016380418092e-05, 9.594835864845663e-05, 0]], [[0, 1, 2, 3, 4, 5, 6, 7, 8, 9, 10, 11, 12, 13, 14, 15, 16, 17, 18, 19, 20], [4.81, 12.89, 75.65, 80.39, 82.64, 83.44, 83.89, 85.05, 85.09, 85.85, 86.07, 86.0, 83.69, 86.1, 85.59, 86.7, 86.75, 87.06, 87.04, 86.25, 86.44], [0, 0.005355550907552242, 0.0017576147802174091, 0.0008890917524695396, 0.00048761095968075097, 0.0002841903769876808, 0.00014467885193880647, 0.0001337783905910328, 0.0001107604693970643, 9.889146167552099e-05, 9.414739906787872e-05, 0.00010295331594534218, 8.878656080923975e-05, 0.00011065835860790685, 8.751034329179674e-05, 6.332855264190584e-05, 6.644408858846873e-05, 7.020504563115537e-05, 8.841696399031207e-05, 6.018623025738634e-05, 5.446706200018525e-05]]], "msds": [[[0, 1, 2, 3, 4, 5, 6, 7, 8, 9, 10, 11, 12, 13, 14, 15, 16, 17, 18, 19, 20], [14.48, 41.24, 76.33, 81.69, 81.76, 82.75, 84.82, 85.2, 84.59, 82.89, 84.92, 85.76, 85.73, 86.48, 86.36, 84.19, 86.29, 87.19, 86.91, 87.47, 85.5], [0, 0.005359124392271042, 0.00219708657823503, 0.0012187625980004668, 0.0003547965898178518, 5.149208664079197e-05, 6.839312118245289e-05, 6.1669314163737e-05, 0, 0, 0, 0.0002526178432162851, 0.00014112752978689969, 0.00011643933248706162, 0.00012051869271090254, 7.685425953241065e-05, 6.811260391259566e-05, 6.302061228780076e-05, 8.840016380418092e-05, 9.594835864845663e-05, 0]], [[0, 1, 2, 3, 4, 5, 6, 7, 8, 9, 10, 11, 12, 13, 14, 15, 16, 17, 18, 19, 20], [10.68, 20.3, 68.13, 79.55, 81.66, 82.45, 82.78, 84.27, 85.15, 85.41, 86.26, 86.27, 86.66, 86.87, 86.91, 87.15, 87.35, 83.6, 86.14, 87.17, 87.33], [0, 0.00536776427179575, 0.001534229377284646, 0.0007913086446933448, 0.00032755822758190334, 0.0002957734977826476, 0.000229605459026061, 0.00019591533055063337, 0.00017102033598348498, 0.000173459411598742, 0.00012357841478660703, 0.00012239541683811694, 0.00011673812696244568, 8.510702173225582e-05, 6.853930972283706e-05, 7.972741150297225e-05, 8.335031452588737e-05, 0, 0, 0.00016528984997421503, 0.0002076599921565503]]], "alpha": 0.9, "beta": 0.0, "gamma": 5.0, "num_samples": 6000, "node_count": 10, "density": 0.15, "startup_delay": 0.0, "forward_prob": 0}