{"nodes_data": [[[0, 1, 2, 3, 4, 5, 6, 7, 8, 9, 10, 11, 12, 13, 14, 15, 16, 17, 18, 19, 20], [4.87, 16.83, 78.44, 81.59, 82.82, 84.26, 84.83, 85.09, 85.32, 86.03, 85.8, 86.15, 86.49, 86.87, 86.64, 86.89, 86.84, 87.42, 87.64, 87.21, 87.81], [0, 0.00537645909935236, 0.0010751198278740048, 0.0005842706887051463, 0.0001886186801129952, 0.00010628236486809328, 8.976295066531748e-05, 6.802084681112319e-05, 8.79150175023824e-05, 8.682707994012162e-05, 7.99987101345323e-05, 9.602167119737715e-05, 8.969265036284924e-05, 7.42870251997374e-05, 7.283093145815656e-05, 7.86209711804986e-05, 8.490435720887035e-05, 7.883551006671041e-05, 9.659092029323801e-05, 8.73970493557863e-05, 8.97338250069879e-05]], [[0, 1, 2, 3, 4, 5, 6, 7, 8, 9, 10, 11, 12, 13, 14, 15, 16, 17, 18, 19, 20], [10.75, 13.21, 79.04, 81.41, 83.67, 84.68, 84.61, 85.23, 85.17, 85.84, 85.94, 85.19, 86.69, 86.9, 86.62, 87.26, 87.5, 87.52, 86.87, 87.85, 87.64], [0, 0.005391456186771393, 0.0010490664280951023, 0.0006394718075171113, 0.0001859106996562332, 9.138267341768369e-05, 8.382695523323491e-05, 8.503409480908886e-05, 7.553626346634701e-05, 8.596069528721273e-05, 8.968151814769953e-05, 6.891951488796622e-05, 6.97885625413619e-05, 6.819104601163417e-05, 7.22823097021319e-05, 8.41110449982807e-05, 7.942997763166204e-05, 9.118241723626852e-05, 8.819020149530843e-05, 8.966773748397827e-05, 0.00011152112710988149]]], "msds": [[[0, 1, 2, 3, 4, 5, 6, 7, 8, 9, 10, 11, 12, 13, 14, 15, 16, 17, 18, 19, 20], [4.87, 16.83, 78.44, 81.59, 82.82, 84.26, 84.83, 85.09, 85.32, 86.03, 85.8, 86.15, 86.49, 86.87, 86.64, 86.89, 86.84, 87.42, 87.64, 87.21, 87.81], [0, 0.00537645909935236, 0.0010751198278740048, 0.0005842706887051463, 0.0001886186801129952, 0.00010628236486809328, 8.976295066531748e-05, 6.802084681112319e-05, 8.79150175023824e-05, 8.682707994012162e-05, 7.99987101345323e-05, 9.602167119737715e-05, 8.969265036284924e-05, 7.42870251997374e-05, 7.283093145815656e-05, 7.86209711804986e-05, 8.490435720887035e-05, 7.883551006671041e-05, 9.659092029323801e-05, 8.73970493557863e-05, 8.97338250069879e-05]], [[0, 1, 2, 3, 4, 5, 6, 7, 8, 9, 10, 11, 12, 13, 14, 15, 16, 17, 18, 19, 20], [8.57, 58.64, 71.81, 82.64, 84.0, 84.45, 84.3, 85.18, 85.54, 86.49, 86.41, 86.71, 86.4, 86.97, 86.88, 86.45, 86.88, 87.43, 86.53, 86.45, 85.56], [0, 0.00393346231430769, 0.001535150920972228, 0.00046011965605430305, 0.0001477596233598888, 6.812196807004511e-05, 0, 8.988186891656369e-05, 8.868375880410895e-05, 9.617776231607422e-05, 8.389475260628387e-05, 8.080452244030312e-05, 8.233777771238238e-05, 8.917378727346659e-05, 8.584502938902006e-05, 8.708813402336091e-05, 8.77667116583325e-05, 8.49157222546637e-05, 8.194054680643603e-05, 0, 0.00012015839456580579]]], "alpha": 1.0, "beta": 0.5, "gamma": 5.0, "num_samples": 6000, "node_count": 10, "density": 0.15, "startup_delay": 0.0, "forward_prob": 0}