{"nodes_data": [[[0, 1, 2, 3, 4, 5, 6, 7, 8, 9, 10, 11, 12, 13, 14, 15, 16, 17, 18, 19, 20], [9.79, 13.11, 44.38, 44.19, 40.77, 42.25, 39.07, 42.03, 39.56, 40.25, 43.97, 41.5, 41.27, 42.53, 40.6, 41.15, 45.71, 40.34, 41.4, 42.12, 81.23], [0, 0.005359309259802103, 0.0020790756680071354, 0.0020156477112323046, 0.001997601008042693, 0.0019913273863494396, 0.0019990471191704273, 0.001995293190702796, 0.00200889864936471, 0.00199199840426445, 0.0019978503696620464, 0.002004761714488268, 0.0020069123711436987, 0.002028609625995159, 0.002014326397329569, 0.002014754805713892, 0.002022572560235858, 0.0020168533083051443, 0.0020274436101317406, 0.0020269262604415417, 0.0007322258898057044]], [[0, 1, 2, 3, 4, 5, 6, 7, 8, 9, 10, 11, 12, 13, 14, 15, 16, 17, 18, 19, 20], [10.71, 40.84, 75.6, 77.29, 82.01, 83.33, 84.2, 84.93, 85.0, 85.09, 85.66, 85.73, 85.81, 85.91, 85.93, 86.28, 85.84, 86.64, 86.77, 86.62, 86.62], [0, 0.005355382803827524, 0.002012168988585472, 0.0012326361611485481, 0.0008354342426173389, 0.00031776545802131295, 0.00014258659211918712, 0.00011734673898899928, 9.482669702265412e-05, 8.916624938137829e-05, 0.00010626317089190707, 0.00010642866254784167, 0.00010821235628100112, 0.00011098905088147148, 0.00010882525384658948, 0.00011829099094029516, 0.00012190146662760526, 0.00012634004815481603, 0.00013051666610408574, 0.000124483005492948, 8.823654934531078e-05]]], "msds": [[[0, 1, 2, 3, 4, 5, 6, 7, 8, 9, 10, 11, 12, 13, 14, 15, 16, 17, 18, 19, 20], [9.79, 13.11, 44.38, 44.19, 40.77, 42.25, 39.07, 42.03, 39.56, 40.25, 43.97, 41.5, 41.27, 42.53, 40.6, 41.15, 45.71, 40.34, 41.4, 42.12, 81.23], [0, 0.005359309259802103, 0.0020790756680071354, 0.0020156477112323046, 0.001997601008042693, 0.0019913273863494396, 0.0019990471191704273, 0.001995293190702796, 0.00200889864936471, 0.00199199840426445, 0.0019978503696620464, 0.002004761714488268, 0.0020069123711436987, 0.002028609625995159, 0.002014326397329569, 0.002014754805713892, 0.002022572560235858, 0.0020168533083051443, 0.0020274436101317406, 0.0020269262604415417, 0.0007322258898057044]], [[0, 1, 2, 3, 4, 5, 6, 7, 8, 9, 10, 11, 12, 13, 14, 15, 16, 17, 18, 19, 20], [9.19, 80.09, 79.9, 80.77, 81.44, 81.93, 83.65, 83.08, 84.52, 85.67, 85.65, 84.95, 85.78, 84.62, 85.59, 85.29, 85.89, 86.62, 85.47, 85.46, 85.98], [0, 0.005390796344727278, 0.0019971271976828575, 0.0007576375501230359, 0.0003347417514305562, 0.00017788550758268684, 4.4302138121565804e-05, 4.1817547753453255e-05, 4.0887516661314294e-05, 3.7919791793683544e-05, 4.368520239950158e-05, 6.175183079903945e-05, 8.11727877589874e-05, 9.234845492755994e-05, 4.8974077799357474e-05, 4.350618473836221e-05, 4.75390006613452e-05, 5.1245635404484347e-05, 3.976665539084934e-05, 8.342879300471395e-05, 0.00011601459118537605]]], "alpha": 0.9, "beta": 2.0, "gamma": 3.0, "num_samples": 6000, "node_count": 10, "density": 0.0, "startup_delay": 0.0, "forward_prob": 0}