{"nodes_data": [[[0, 1, 2, 3, 4, 5, 6, 7, 8, 9, 10, 11, 12, 13, 14, 15, 16, 17, 18, 19, 20], [18.99, 35.27, 51.53, 78.5, 80.64, 82.16, 82.84, 83.63, 84.09, 84.29, 84.92, 85.06, 85.13, 85.73, 86.1, 86.09, 86.31, 86.07, 86.49, 86.6, 87.02], [0, 0.005365119315683842, 0.0027879185508936644, 0.0006584095535799861, 0.0003004722821060568, 0.00014120501873549074, 0.00010891620331676677, 9.977747686207294e-05, 0.00010008574463427067, 9.484579641139135e-05, 9.449235949432477e-05, 0.00010043103975476697, 0.00010309765639249235, 0.00010418386227684096, 0.00010383157496107742, 0.00010763941827462986, 0.00011019422527169809, 0.0001142271066782996, 0.00011368301056791097, 0.00011242368054809049, 0.00012137240264564753]], [[0, 1, 2, 3, 4, 5, 6, 7, 8, 9, 10, 11, 12, 13, 14, 15, 16, 17, 18, 19, 20], [10.24, 27.89, 56.1, 75.7, 80.45, 82.39, 83.07, 82.87, 83.83, 84.15, 84.7, 84.78, 85.25, 85.61, 85.95, 86.3, 86.18, 86.3, 86.32, 86.83, 86.72], [0, 0.005355904344469309, 0.0030452318023890257, 0.0006168450345285237, 0.0002778854104690254, 0.0001293766254093498, 0.00010192099580308422, 9.867069456959143e-05, 9.660932119004428e-05, 9.620722994441167e-05, 9.514675912214443e-05, 9.861351281870157e-05, 9.911368397297338e-05, 0.0001031789870467037, 0.00010426022345200181, 0.00010623162961564958, 0.00010805505007738248, 0.00011185076436959207, 0.00010887286043725908, 0.00011589247878873721, 0.00011815089965239167]]], "msds": [[[0, 1, 2, 3, 4, 5, 6, 7, 8, 9, 10, 11, 12, 13, 14, 15, 16, 17, 18, 19, 20], [18.99, 35.27, 51.53, 78.5, 80.64, 82.16, 82.84, 83.63, 84.09, 84.29, 84.92, 85.06, 85.13, 85.73, 86.1, 86.09, 86.31, 86.07, 86.49, 86.6, 87.02], [0, 0.005365119315683842, 0.0027879185508936644, 0.0006584095535799861, 0.0003004722821060568, 0.00014120501873549074, 0.00010891620331676677, 9.977747686207294e-05, 0.00010008574463427067, 9.484579641139135e-05, 9.449235949432477e-05, 0.00010043103975476697, 0.00010309765639249235, 0.00010418386227684096, 0.00010383157496107742, 0.00010763941827462986, 0.00011019422527169809, 0.0001142271066782996, 0.00011368301056791097, 0.00011242368054809049, 0.00012137240264564753]], [[0, 1, 2, 3, 4, 5, 6, 7, 8, 9, 10, 11, 12, 13, 14, 15, 16, 17, 18, 19, 20], [12.79, 12.88, 56.27, 77.11, 80.49, 82.54, 83.2, 84.02, 83.98, 84.52, 85.25, 84.99, 85.43, 85.75, 86.22, 86.21, 86.25, 86.71, 86.52, 86.61, 86.97], [0, 0.005362241994589567, 0.002527848584577441, 0.0006060165469534695, 0.00024799490347504616, 0.00011916172661585733, 9.902167221298441e-05, 9.161238995147869e-05, 9.181592031382024e-05, 9.045925980899483e-05, 9.740961104398593e-05, 9.464337927056476e-05, 9.476857667323202e-05, 0.0001002086719381623, 0.0001017371760099195, 0.00010744373867055401, 0.00010976462363032624, 0.00011054149945266545, 0.00011157713015563786, 0.00011487447045510635, 0.00012065537157468498]]], "alpha": 0.7, "beta": 1.0, "gamma": 5.0, "num_samples": 6000, "node_count": 10, "density": 1.0, "startup_delay": 0.0, "forward_prob": 0}