{"nodes_data": [[[0, 1, 2, 3, 4, 5, 6, 7, 8, 9, 10, 11, 12, 13, 14, 15, 16, 17, 18, 19, 20], [13.41, 47.33, 47.33, 47.33, 69.93, 81.73, 77.8, 69.6, 79.41, 83.3, 83.44, 81.22, 83.46, 84.22, 84.29, 84.31, 83.24, 83.42, 84.43, 84.89, 85.0], [0, 0.005360765848308802, 0.0015400564298033714, 0.0014969833428040147, 0.001540101831778884, 0.00108990422450006, 0.0004976227646693587, 0.0005717339809052646, 0.0006222609663382173, 0.00041615852387622, 0.0003314315399620682, 0.0003838345583062619, 0.00033225672086700797, 0.00029592859209515154, 0.00036554268444888294, 0.00030484580202028155, 0.00029683284810744226, 0.00032320243190042675, 0.0002760908682830632, 0.00027551117818802595, 0.0003071321698371321]], [[0, 1, 2, 3, 4, 5, 6, 7, 8, 9, 10, 11, 12, 13, 14, 15, 16, 17, 18, 19, 20], [12.19, 67.48, 67.48, 59.59, 71.91, 71.91, 74.68, 82.46, 82.86, 82.44, 83.32, 83.03, 83.24, 84.06, 83.83, 83.68, 83.95, 83.8, 84.98, 84.87, 84.92], [0, 0.0053771180100739, 0.0015345363644883037, 0.001846752013079822, 0.0010418365709483624, 0.0008024304988794029, 0.0008886742871254683, 0.0005558370030485094, 0.0003026782360393554, 0.0002318671758985147, 0.00024510215735062957, 0.0002333080628886819, 0.0002318874467164278, 0.0001797682052711025, 0.00016220570250879973, 0.00014360298519022763, 0.000152358683408238, 0.00016438467719126493, 0.00015858396363910288, 0.00012473287642933428, 0.00014819193165749311]]], "msds": [[[0, 1, 2, 3, 4, 5, 6, 7, 8, 9, 10, 11, 12, 13, 14, 15, 16, 17, 18, 19, 20], [13.41, 47.33, 47.33, 47.33, 69.93, 81.73, 77.8, 69.6, 79.41, 83.3, 83.44, 81.22, 83.46, 84.22, 84.29, 84.31, 83.24, 83.42, 84.43, 84.89, 85.0], [0, 0.005360765848308802, 0.0015400564298033714, 0.0014969833428040147, 0.001540101831778884, 0.00108990422450006, 0.0004976227646693587, 0.0005717339809052646, 0.0006222609663382173, 0.00041615852387622, 0.0003314315399620682, 0.0003838345583062619, 0.00033225672086700797, 0.00029592859209515154, 0.00036554268444888294, 0.00030484580202028155, 0.00029683284810744226, 0.00032320243190042675, 0.0002760908682830632, 0.00027551117818802595, 0.0003071321698371321]], [[0, 1, 2, 3, 4, 5, 6, 7, 8, 9, 10, 11, 12, 13, 14, 15, 16, 17, 18, 19, 20], [13.14, 24.24, 64.32, 64.32, 72.35, 71.21, 82.24, 82.25, 82.94, 82.59, 83.76, 82.82, 83.38, 83.63, 83.97, 84.17, 84.91, 84.91, 84.89, 85.11, 84.8], [0, 0.004086371045559645, 0.0018894196255132556, 0.0013078926131129265, 0.001304481877014041, 0.0010910816490650177, 0.0007498443592339754, 0.00042453379137441516, 0.00030032757786102593, 0.0003030876105185598, 0.000279376981779933, 0.0002641912142280489, 0.00024915701942518353, 0.00022475050354842097, 0.0002091386413667351, 0.0002062093117274344, 0.00024319865042343736, 0.00023240208975039423, 0.00022501721105072647, 0.00019201029499527067, 0.00019811464881058782]]], "alpha": 1.0, "beta": 2.0, "gamma": 2.0, "num_samples": 6000, "node_count": 10, "density": 0.0, "startup_delay": 0.0, "forward_prob": 0}