{"nodes_data": [[[0, 1, 2, 3, 4, 5, 6, 7, 8, 9, 10, 11, 12, 13, 14, 15, 16, 17, 18, 19, 20], [9.33, 13.35, 79.41, 79.07, 82.49, 83.3, 84.39, 84.56, 84.55, 85.69, 85.87, 85.98, 84.88, 86.67, 87.07, 86.84, 87.07, 87.14, 87.42, 87.35, 87.7], [0, 0.005378246307373047, 0, 0, 0.00028194879996590316, 0.0001229198242072016, 9.970296378014609e-05, 0.00011417398491175845, 0.00010354010009905323, 0.00011469177843537182, 9.359056275570765e-05, 0.0001061323782778345, 0.00010119103535544127, 0.0001010004198178649, 0.00011541595449671149, 0.00011813174933195114, 0.00013051163114141673, 0.00010677405953174457, 0.00010808684601215646, 0.00010258316615363583, 0.00010878763714572415]], [[0, 1, 2, 3, 4, 5, 6, 7, 8, 9, 10, 11, 12, 13, 14, 15, 16, 17, 18, 19, 20], [10.26, 26.87, 72.41, 80.89, 82.39, 84.06, 84.23, 83.79, 84.44, 84.25, 85.56, 85.65, 85.35, 86.35, 86.52, 86.39, 86.11, 86.8, 87.59, 87.21, 87.52], [0, 0.00534604350104928, 0.0012344481656327844, 0.0004828119417652488, 0.0002917722740676254, 0.00020939891692250967, 0.0001654996449360624, 0.00014049182937014848, 0.00013430503895506263, 0.00010815954738063738, 0.00012000690185232088, 0.00010596970241749659, 9.520679304841906e-05, 9.497625433141366e-05, 9.372655767947435e-05, 0.00013003200001548976, 7.87291064625606e-05, 0.00015006303146947175, 0.00011739207548089325, 0.00011917242227355018, 0.00011317239113850519]]], "msds": [[[0, 1, 2, 3, 4, 5, 6, 7, 8, 9, 10, 11, 12, 13, 14, 15, 16, 17, 18, 19, 20], [9.33, 13.35, 79.41, 79.07, 82.49, 83.3, 84.39, 84.56, 84.55, 85.69, 85.87, 85.98, 84.88, 86.67, 87.07, 86.84, 87.07, 87.14, 87.42, 87.35, 87.7], [0, 0.005378246307373047, 0, 0, 0.00028194879996590316, 0.0001229198242072016, 9.970296378014609e-05, 0.00011417398491175845, 0.00010354010009905323, 0.00011469177843537182, 9.359056275570765e-05, 0.0001061323782778345, 0.00010119103535544127, 0.0001010004198178649, 0.00011541595449671149, 0.00011813174933195114, 0.00013051163114141673, 0.00010677405953174457, 0.00010808684601215646, 0.00010258316615363583, 0.00010878763714572415]], [[0, 1, 2, 3, 4, 5, 6, 7, 8, 9, 10, 11, 12, 13, 14, 15, 16, 17, 18, 19, 20], [7.23, 29.85, 68.35, 80.34, 82.94, 83.33, 84.04, 84.27, 85.35, 85.67, 85.32, 86.32, 86.17, 86.72, 86.48, 86.29, 86.59, 87.08, 87.47, 86.86, 87.54], [0, 0.005380384158343077, 0.0011835338082164526, 0.00047702915617264807, 0.0002842114772647619, 0.00019651833281386644, 0.00020303162455093116, 0.00017607436166144907, 0.00015461110160686076, 0.00014356659085024148, 0.00011465944407973439, 0.00011196449486305937, 0.0001127912473748438, 0.00010540479706833139, 0.00011234690464334562, 0.00012896201224066317, 0.00014130986528471112, 0.00011729799007298425, 0.0001213458672282286, 0.0001272277149837464, 0.00013834053243044764]]], "alpha": 0.0, "beta": 0.5, "gamma": 5.0, "num_samples": 6000, "node_count": 10, "density": 0.15, "startup_delay": 0.0, "forward_prob": 0}