{"nodes_data": [[[0, 1, 2, 3, 4, 5, 6, 7, 8, 9, 10, 11, 12, 13, 14, 15, 16, 17, 18, 19, 20], [5.73, 29.37, 42.79, 78.79, 81.56, 82.05, 83.35, 83.23, 84.1, 83.68, 85.0, 85.18, 85.48, 85.45, 85.52, 85.66, 85.9, 86.21, 86.16, 86.59, 86.66], [0, 0.005371683277189732, 0.0026753165293484926, 0.0007387844962067902, 0.00029223377350717783, 0.00019732752116397023, 0.00012312426406424493, 0.00010027612734120339, 9.773519559530541e-05, 9.504317858954892e-05, 9.94158472167328e-05, 9.44921703194268e-05, 0.0001041210416588001, 0.00010444610234117135, 0.00010369121446274221, 0.00010425732034491375, 0.00010697088873712346, 0.00010507908882573247, 0.0001108388532884419, 0.00011688841186696663, 0.00011951751366723329]], [[0, 1, 2, 3, 4, 5, 6, 7, 8, 9, 10, 11, 12, 13, 14, 15, 16, 17, 18, 19, 20], [3.21, 33.71, 52.04, 73.05, 81.7, 82.42, 83.17, 83.76, 84.47, 84.76, 85.13, 85.41, 85.24, 85.57, 85.47, 86.03, 86.23, 86.1, 86.06, 86.53, 86.61], [0, 0.005380860064178705, 0.0024821257684379816, 0.0006510193343274295, 0.00023929154849611223, 0.00016112691082525998, 0.00011473821359686553, 0.00010249133629258722, 0.00010005251533584669, 0.00010083305096486583, 0.00010203768033534288, 0.00010455731535330415, 0.00010612216283334419, 0.00010624971037032083, 0.0001052241786965169, 0.00011100074334535748, 0.00010566156561253592, 0.00011357224138919264, 0.00011699886090354994, 0.00011828750575659797, 0.00011745852680178359]]], "msds": [[[0, 1, 2, 3, 4, 5, 6, 7, 8, 9, 10, 11, 12, 13, 14, 15, 16, 17, 18, 19, 20], [5.73, 29.37, 42.79, 78.79, 81.56, 82.05, 83.35, 83.23, 84.1, 83.68, 85.0, 85.18, 85.48, 85.45, 85.52, 85.66, 85.9, 86.21, 86.16, 86.59, 86.66], [0, 0.005371683277189732, 0.0026753165293484926, 0.0007387844962067902, 0.00029223377350717783, 0.00019732752116397023, 0.00012312426406424493, 0.00010027612734120339, 9.773519559530541e-05, 9.504317858954892e-05, 9.94158472167328e-05, 9.44921703194268e-05, 0.0001041210416588001, 0.00010444610234117135, 0.00010369121446274221, 0.00010425732034491375, 0.00010697088873712346, 0.00010507908882573247, 0.0001108388532884419, 0.00011688841186696663, 0.00011951751366723329]], [[0, 1, 2, 3, 4, 5, 6, 7, 8, 9, 10, 11, 12, 13, 14, 15, 16, 17, 18, 19, 20], [7.06, 33.08, 53.02, 78.92, 81.31, 83.03, 83.22, 84.29, 84.41, 84.14, 85.09, 85.16, 85.34, 85.62, 85.41, 85.98, 85.92, 86.27, 86.05, 86.55, 86.62], [0, 0.005364513490349054, 0.0030603723134845495, 0.0005936979432590306, 0.00021487266349140555, 0.00012097966828150675, 0.00010546612611506134, 9.811660856939852e-05, 9.675290493760258e-05, 0.00010192644549533725, 0.00010312735685147345, 0.00010827958612935618, 0.0001076920743798837, 0.00011022559920093045, 0.00010740001016529277, 0.00010728953202487901, 0.00010737928823800758, 0.00011415351036703214, 0.0001171605326817371, 0.00011856374476337805, 0.00011987161997240037]]], "alpha": 0.7, "beta": 1.0, "gamma": 5.0, "num_samples": 6000, "node_count": 10, "density": 0.75, "startup_delay": 0.0, "forward_prob": 0}