{"nodes_data": [[[0, 1, 2, 3, 4, 5, 6, 7, 8, 9, 10, 11, 12, 13, 14, 15, 16, 17, 18, 19, 20], [9.78, 75.41, 28.58, 68.97, 80.9, 82.46, 83.09, 83.29, 84.39, 84.53, 84.86, 84.87, 85.64, 84.85, 85.66, 85.65, 85.91, 86.1, 86.44, 86.61, 86.31], [0, 0, 0.005539115518331528, 0.000921748171094805, 0.0003736470243893564, 0.00016232935013249516, 0.00011013609037036076, 0.00010192664922215044, 9.513111581327394e-05, 9.785124711925164e-05, 9.844378655543551e-05, 9.91793058346957e-05, 0.00010184835264226422, 0.00010665604349924251, 0.00010451304115122184, 0.00011111337516922504, 0.00010849239333765581, 0.00011090139742009342, 0.0001162546977866441, 0.00011337148316670209, 0.00012322225666139275]], [[0, 1, 2, 3, 4, 5, 6, 7, 8, 9, 10, 11, 12, 13, 14, 15, 16, 17, 18, 19, 20], [7.65, 11.19, 51.46, 77.22, 81.43, 82.43, 83.34, 83.64, 84.18, 84.64, 85.07, 85.21, 85.49, 84.85, 86.04, 85.49, 85.94, 86.18, 86.46, 86.68, 86.71], [0, 0.0053733536042273045, 0.0026155170053243637, 0.0006738953525200486, 0.00027199287433177233, 0.00014170048234518617, 0.00010104248212883249, 9.340522228740156e-05, 9.957479778677225e-05, 8.912165503716096e-05, 9.342439443571493e-05, 9.169978147838265e-05, 9.3495225883089e-05, 0.00010104000102728605, 0.00010196255607297644, 0.00010655805090209469, 0.00011004574480466545, 0.00011856930359499529, 0.00010081596701638773, 0.00011339210323058069, 0.00010963945533148944]]], "msds": [[[0, 1, 2, 3, 4, 5, 6, 7, 8, 9, 10, 11, 12, 13, 14, 15, 16, 17, 18, 19, 20], [9.78, 75.41, 28.58, 68.97, 80.9, 82.46, 83.09, 83.29, 84.39, 84.53, 84.86, 84.87, 85.64, 84.85, 85.66, 85.65, 85.91, 86.1, 86.44, 86.61, 86.31], [0, 0, 0.005539115518331528, 0.000921748171094805, 0.0003736470243893564, 0.00016232935013249516, 0.00011013609037036076, 0.00010192664922215044, 9.513111581327394e-05, 9.785124711925164e-05, 9.844378655543551e-05, 9.91793058346957e-05, 0.00010184835264226422, 0.00010665604349924251, 0.00010451304115122184, 0.00011111337516922504, 0.00010849239333765581, 0.00011090139742009342, 0.0001162546977866441, 0.00011337148316670209, 0.00012322225666139275]], [[0, 1, 2, 3, 4, 5, 6, 7, 8, 9, 10, 11, 12, 13, 14, 15, 16, 17, 18, 19, 20], [8.81, 22.96, 55.82, 79.0, 81.16, 82.68, 83.4, 83.36, 84.33, 84.86, 84.68, 84.96, 85.62, 85.34, 85.83, 85.9, 86.18, 86.36, 86.44, 86.83, 86.9], [0, 0.005363678093999624, 0.0018856186652556062, 0.0008101386483758688, 0.00030854763463139534, 0.00014575808017980307, 0.00010640076652634889, 9.700738155515864e-05, 9.37809090828523e-05, 9.424681047676131e-05, 9.839348786044866e-05, 9.773345664143562e-05, 0.00010128921712748706, 0.0001044555101543665, 0.00010460498742759228, 0.00010859726171474904, 0.00010604598355712369, 0.00011280400940449908, 0.00011340164201101288, 0.00010980585648212582, 0.00011320064368192106]]], "alpha": 0.7, "beta": 1.0, "gamma": 0.0, "num_samples": 6000, "node_count": 10, "density": 1.0, "startup_delay": 0.0, "forward_prob": 0}