{"nodes_data": [[[0, 1, 2, 3, 4, 5, 6, 7, 8, 9, 10, 11, 12, 13, 14, 15, 16, 17, 18, 19, 20], [16.54, 20.46, 49.42, 78.39, 80.36, 81.44, 83.58, 82.92, 84.5, 84.76, 85.02, 85.53, 85.92, 85.9, 86.29, 86.35, 86.25, 86.02, 86.29, 86.45, 86.83], [0, 0.005380274262279272, 0.002563411369919777, 0, 0.0008800876676104963, 0, 0.00034649233566597104, 0.0003502706531435251, 0.00015384209109470248, 0.0002248758391942829, 0.00027450581546872854, 0.00011877714132424444, 9.848253102973104e-05, 0.00021833833307027817, 0.00024105185002554208, 0.00010898758773691952, 0.00010223414574284106, 0.00018526219355408102, 0.00022230716422200203, 0.00020246165513526648, 0.00016032146231736988]], [[0, 1, 2, 3, 4, 5, 6, 7, 8, 9, 10, 11, 12, 13, 14, 15, 16, 17, 18, 19, 20], [8.45, 72.93, 82.36, 83.24, 83.52, 84.5, 84.82, 85.55, 85.08, 85.03, 85.99, 85.58, 85.65, 86.27, 86.51, 85.82, 84.79, 83.44, 85.58, 85.48, 86.11], [0, 0.002462472300976515, 0.0007422181661240757, 0.0002993923844769597, 0.0001758803555276245, 0.00010820601892191917, 0.00011361036013113335, 0.00012618587061297148, 0.00010036036837846041, 0.0001080275178537704, 0.0001293338427785784, 0.00011342522338964045, 0.00011766936222556978, 0.0001396028237650171, 0.00012561185576487333, 0.00010640681284712628, 0, 0, 0, 0, 0]]], "msds": [[[0, 1, 2, 3, 4, 5, 6, 7, 8, 9, 10, 11, 12, 13, 14, 15, 16, 17, 18, 19, 20], [16.54, 20.46, 49.42, 78.39, 80.36, 81.44, 83.58, 82.92, 84.5, 84.76, 85.02, 85.53, 85.92, 85.9, 86.29, 86.35, 86.25, 86.02, 86.29, 86.45, 86.83], [0, 0.005380274262279272, 0.002563411369919777, 0, 0.0008800876676104963, 0, 0.00034649233566597104, 0.0003502706531435251, 0.00015384209109470248, 0.0002248758391942829, 0.00027450581546872854, 0.00011877714132424444, 9.848253102973104e-05, 0.00021833833307027817, 0.00024105185002554208, 0.00010898758773691952, 0.00010223414574284106, 0.00018526219355408102, 0.00022230716422200203, 0.00020246165513526648, 0.00016032146231736988]], [[0, 1, 2, 3, 4, 5, 6, 7, 8, 9, 10, 11, 12, 13, 14, 15, 16, 17, 18, 19, 20], [9.55, 79.78, 82.49, 83.65, 84.06, 84.78, 83.49, 85.43, 85.65, 86.01, 85.6, 86.23, 86.28, 85.94, 85.88, 85.45, 85.25, 86.02, 86.19, 84.94, 85.27], [0, 0.00243086158297956, 0.0007267961627803743, 0.00029793832800351083, 0.00017500162357464433, 0.00010985295375576243, 0.00012723106192424893, 9.627931285649538e-05, 9.611425775801763e-05, 0.00012593391875270754, 0.00010017826571129262, 9.35214338824153e-05, 0.00010982355161104351, 0.0001335848937742412, 0.00012008913472527638, 0.00010346304043196142, 0, 0, 0, 0, 0]]], "alpha": 0.0, "beta": 1.0, "gamma": 5.0, "num_samples": 6000, "node_count": 10, "density": 0.0, "startup_delay": 0.0, "forward_prob": 0}