{"nodes_data": [[[0, 1, 2, 3, 4, 5, 6, 7, 8, 9, 10, 11, 12, 13, 14, 15, 16, 17, 18, 19, 20], [9.88, 21.47, 54.29, 72.33, 80.76, 82.19, 82.53, 84.05, 84.36, 84.51, 84.9, 85.27, 85.44, 85.55, 85.67, 85.99, 85.88, 86.43, 86.3, 86.45, 86.43], [0, 0.005350462161004543, 0.00329375546425581, 0.0007167686126194894, 0.0003765066503547132, 0.00016587722348049283, 0.00011132725921925157, 9.90601911325939e-05, 9.611534187570214e-05, 9.712525934446603e-05, 9.989547834265977e-05, 9.77072850218974e-05, 0.00010277540422976017, 9.936677815858275e-05, 0.00010466560343047604, 0.00010624962305882946, 0.00010958405619021505, 0.00011037587682949379, 0.00011334125883877277, 0.00011176592670381069, 0.00011852521129185334]], [[0, 1, 2, 3, 4, 5, 6, 7, 8, 9, 10, 11, 12, 13, 14, 15, 16, 17, 18, 19, 20], [9.39, 19.76, 60.12, 80.03, 81.7, 82.73, 83.05, 83.73, 84.47, 84.66, 84.72, 85.32, 85.55, 85.82, 85.89, 85.79, 86.15, 86.46, 86.25, 86.4, 86.77], [0, 0.005371461156755686, 0.001123373513109982, 0.000541808782145381, 0.00021217546600382775, 0.00014423803077079356, 0.00011984616139670834, 0.00010401806503068656, 9.76493683992885e-05, 9.768430754775181e-05, 9.891571971820667e-05, 0.00010032944555860013, 0.00010337271669413894, 0.0001039374983520247, 0.00010545380064286292, 0.00011102114513050765, 0.00010963653039652854, 0.00011546911991899833, 0.0001090832520276308, 0.00011838329373858869, 0.00011863485997309908]]], "msds": [[[0, 1, 2, 3, 4, 5, 6, 7, 8, 9, 10, 11, 12, 13, 14, 15, 16, 17, 18, 19, 20], [9.88, 21.47, 54.29, 72.33, 80.76, 82.19, 82.53, 84.05, 84.36, 84.51, 84.9, 85.27, 85.44, 85.55, 85.67, 85.99, 85.88, 86.43, 86.3, 86.45, 86.43], [0, 0.005350462161004543, 0.00329375546425581, 0.0007167686126194894, 0.0003765066503547132, 0.00016587722348049283, 0.00011132725921925157, 9.90601911325939e-05, 9.611534187570214e-05, 9.712525934446603e-05, 9.989547834265977e-05, 9.77072850218974e-05, 0.00010277540422976017, 9.936677815858275e-05, 0.00010466560343047604, 0.00010624962305882946, 0.00010958405619021505, 0.00011037587682949379, 0.00011334125883877277, 0.00011176592670381069, 0.00011852521129185334]], [[0, 1, 2, 3, 4, 5, 6, 7, 8, 9, 10, 11, 12, 13, 14, 15, 16, 17, 18, 19, 20], [10.16, 16.28, 63.56, 80.45, 81.82, 83.06, 82.66, 84.16, 84.14, 84.56, 85.05, 85.18, 85.49, 85.53, 85.7, 86.15, 86.11, 86.67, 86.63, 86.06, 86.57], [0, 0.005371720064431429, 0.0009112158440984786, 0.00044710110523737967, 0.00020996951207052916, 0.00012624223018065095, 0.00011428326251916587, 0.00011228709627175704, 0.00010195113281952217, 0.00010207561717834324, 0.00010485317761776969, 0.00010458117321832106, 0.00010212862252956256, 0.00010670974006643519, 0.00011029134475393221, 0.00011304224608466029, 0.0001158927334472537, 0.00011515676305862144, 0.00011531657219165936, 0.00011877415090566501, 0.00012001794675597921]]], "alpha": 0.7, "beta": 1.0, "gamma": 2.0, "num_samples": 6000, "node_count": 10, "density": 0.75, "startup_delay": 0.0, "forward_prob": 0}