{"nodes_data": [[[0, 1, 2, 3, 4, 5, 6, 7, 8, 9, 10, 11, 12, 13, 14, 15, 16, 17, 18, 19, 20], [3.76, 74.91, 65.56, 64.71, 78.59, 82.29, 81.94, 82.79, 83.96, 84.8, 84.3, 85.35, 85.47, 84.69, 85.53, 86.0, 86.19, 86.39, 86.26, 86.35, 86.4], [0, 0.005366917699575424, 0.0024526501074433327, 0.001098313950933516, 0.0007731187506578863, 0.00047692633233964443, 0.0003177249454893172, 0.0002338604535907507, 0.0001864312362158671, 0.0001719013089314103, 0.00016157155914697796, 0.00016295113891828805, 0.000153821732965298, 0.00015517738938797265, 0.0001521578524261713, 0.00015406798047479242, 0.0001545427949167788, 0.00016222221893258393, 0.0001549627777421847, 0.00015226512914523482, 0.00016334620886482298]], [[0, 1, 2, 3, 4, 5, 6, 7, 8, 9, 10, 11, 12, 13, 14, 15, 16, 17, 18, 19, 20], [11.98, 37.6, 77.51, 71.24, 76.79, 81.93, 81.44, 83.84, 84.43, 84.8, 84.58, 85.01, 85.12, 85.86, 85.88, 85.7, 85.99, 86.16, 85.2, 86.45, 86.21], [0, 0.005375108681619167, 0.00371169694699347, 0.0012930792290717363, 0.0006889283540658653, 0.00042400823440402746, 0.00029163420549593866, 0.0002089591434923932, 0.0001830641267588362, 0.0001661529386183247, 0.00015571934636682272, 0.00015808126772753894, 0.00015759310917928815, 0.00016149033035617322, 0.00015619734767824411, 0.0001550189481349662, 0.00015713117318227887, 0.0001580539537826553, 0.00015801432891748846, 0.00015781035472173244, 0.00016412208788096905]]], "msds": [[[0, 1, 2, 3, 4, 5, 6, 7, 8, 9, 10, 11, 12, 13, 14, 15, 16, 17, 18, 19, 20], [3.76, 74.91, 65.56, 64.71, 78.59, 82.29, 81.94, 82.79, 83.96, 84.8, 84.3, 85.35, 85.47, 84.69, 85.53, 86.0, 86.19, 86.39, 86.26, 86.35, 86.4], [0, 0.005366917699575424, 0.0024526501074433327, 0.001098313950933516, 0.0007731187506578863, 0.00047692633233964443, 0.0003177249454893172, 0.0002338604535907507, 0.0001864312362158671, 0.0001719013089314103, 0.00016157155914697796, 0.00016295113891828805, 0.000153821732965298, 0.00015517738938797265, 0.0001521578524261713, 0.00015406798047479242, 0.0001545427949167788, 0.00016222221893258393, 0.0001549627777421847, 0.00015226512914523482, 0.00016334620886482298]], [[0, 1, 2, 3, 4, 5, 6, 7, 8, 9, 10, 11, 12, 13, 14, 15, 16, 17, 18, 19, 20], [7.5, 79.82, 78.08, 68.08, 77.48, 77.34, 82.04, 83.07, 83.83, 84.59, 85.18, 84.52, 85.6, 85.83, 85.51, 85.47, 86.33, 85.98, 86.46, 85.94, 86.68], [0, 0, 0.0055544557981193066, 0.0015512473182752728, 0.0008451141766272485, 0.0005551156355068088, 0.0003566552186384797, 0.00025165503029711545, 0.00019893574062734842, 0.00017989006300922483, 0.0001738148130243644, 0.00015870346396695822, 0.00016287747712340206, 0.00015829580661375076, 0.00015557874576188624, 0.0001535315823275596, 0.0001537965436000377, 0.00015984791389200836, 0.0001508487039245665, 0.00016151685849763453, 0.00016274955123662949]]], "alpha": 0.5, "beta": 1.0, "gamma": 0.0, "num_samples": 6000, "node_count": 10, "density": 1.0, "startup_delay": 0.0, "forward_prob": 0}