{"nodes_data": [[[0, 1, 2, 3, 4, 5, 6, 7, 8, 9, 10, 11, 12, 13, 14, 15, 16, 17, 18, 19, 20], [15.34, 35.73, 78.52, 79.19, 82.69, 81.5, 82.49, 83.97, 84.18, 85.14, 85.1, 85.68, 85.56, 85.77, 86.41, 86.55, 85.74, 85.42, 86.1, 86.86, 86.61], [0, 0.004468837287276983, 0, 0, 0, 0, 0, 0.00015000968414824456, 0.0001326172932749614, 0.00011321603233227506, 0.0001106955241994001, 0.00011323067883495241, 0.00011264173372182995, 0.00014008264406584203, 9.113960550166667e-05, 0.00025341921718791127, 0, 0, 0.00021381404076237231, 0.0001337495050393045, 0.00011851901217596605]], [[0, 1, 2, 3, 4, 5, 6, 7, 8, 9, 10, 11, 12, 13, 14, 15, 16, 17, 18, 19, 20], [7.54, 10.03, 78.71, 81.72, 83.07, 82.66, 84.6, 84.46, 84.72, 84.98, 85.42, 85.11, 84.99, 86.04, 86.34, 86.8, 86.55, 86.72, 86.68, 87.24, 87.3], [0, 0.005367846228182316, 0.0010552984895184636, 0.0002056346565950662, 0.00011315019219182432, 9.675502224126831e-05, 8.221661119023338e-05, 5.721218985854648e-05, 4.785367855220102e-05, 4.7784171329112723e-05, 7.7368866186589e-05, 9.014434181153774e-05, 8.857530337991193e-05, 6.486992788268253e-05, 6.783346179872751e-05, 8.692564733792096e-05, 0.00010040379856945947, 0.00010156292410101742, 7.179930980782956e-05, 7.054732122924179e-05, 9.74743816186674e-05]]], "msds": [[[0, 1, 2, 3, 4, 5, 6, 7, 8, 9, 10, 11, 12, 13, 14, 15, 16, 17, 18, 19, 20], [15.34, 35.73, 78.52, 79.19, 82.69, 81.5, 82.49, 83.97, 84.18, 85.14, 85.1, 85.68, 85.56, 85.77, 86.41, 86.55, 85.74, 85.42, 86.1, 86.86, 86.61], [0, 0.004468837287276983, 0, 0, 0, 0, 0, 0.00015000968414824456, 0.0001326172932749614, 0.00011321603233227506, 0.0001106955241994001, 0.00011323067883495241, 0.00011264173372182995, 0.00014008264406584203, 9.113960550166667e-05, 0.00025341921718791127, 0, 0, 0.00021381404076237231, 0.0001337495050393045, 0.00011851901217596605]], [[0, 1, 2, 3, 4, 5, 6, 7, 8, 9, 10, 11, 12, 13, 14, 15, 16, 17, 18, 19, 20], [13.19, 33.96, 80.13, 82.62, 83.41, 83.8, 84.73, 84.09, 83.21, 85.12, 84.52, 81.25, 85.7, 85.1, 86.21, 86.11, 86.35, 86.54, 86.55, 86.54, 86.93], [0, 0.005361391697078943, 0.0011629824293777347, 0.0004174773639533669, 0.0002520223206374794, 0.0002659651800058782, 0.0002661832550074905, 0, 0, 0, 0, 0, 0.0002160664735129103, 0.00018180918414145708, 0.0001705987233435735, 0.00015598289610352367, 0.000142254211823456, 0.0001230713096447289, 0.000124253288959153, 0.00010883338836720213, 0.00014222419122233987]]], "alpha": 0.7, "beta": 0.0, "gamma": 3.0, "num_samples": 6000, "node_count": 10, "density": 0.0, "startup_delay": 0.0, "forward_prob": 0}