{"nodes_data": [[[0, 1, 2, 3, 4, 5, 6, 7, 8, 9, 10, 11, 12, 13, 14, 15, 16, 17, 18, 19, 20], [7.42, 79.22, 78.72, 80.53, 82.22, 83.03, 84.5, 83.56, 81.78, 84.1, 82.47, 83.81, 85.14, 83.87, 84.02, 84.59, 84.81, 83.52, 83.4, 83.4, 84.68], [0, 0, 0, 0, 0, 0, 0, 0, 0, 0, 0, 0, 0, 0, 0, 0, 0, 0, 0, 0, 0]], [[0, 1, 2, 3, 4, 5, 6, 7, 8, 9, 10, 11, 12, 13, 14, 15, 16, 17, 18, 19, 20], [3.94, 77.07, 80.76, 81.16, 82.83, 81.77, 81.02, 83.55, 84.93, 83.31, 83.43, 84.15, 82.56, 83.48, 84.55, 82.82, 83.35, 84.06, 83.98, 84.93, 84.26], [0, 0, 0, 0, 0, 0, 0, 0, 0, 0, 0, 0, 0, 0, 0, 0, 0, 0, 0, 0, 0]]], "msds": [[[0, 1, 2, 3, 4, 5, 6, 7, 8, 9, 10, 11, 12, 13, 14, 15, 16, 17, 18, 19, 20], [7.42, 79.22, 78.72, 80.53, 82.22, 83.03, 84.5, 83.56, 81.78, 84.1, 82.47, 83.81, 85.14, 83.87, 84.02, 84.59, 84.81, 83.52, 83.4, 83.4, 84.68], [0, 0, 0, 0, 0, 0, 0, 0, 0, 0, 0, 0, 0, 0, 0, 0, 0, 0, 0, 0, 0]], [[0, 1, 2, 3, 4, 5, 6, 7, 8, 9, 10, 11, 12, 13, 14, 15, 16, 17, 18, 19, 20], [10.18, 77.17, 78.22, 81.4, 79.0, 81.77, 83.01, 83.75, 81.77, 83.44, 82.77, 81.4, 85.38, 82.88, 84.69, 84.9, 84.61, 85.48, 85.67, 85.11, 85.28], [0, 0, 0.002911263145506382, 0.0010689465561881661, 0.0006685556727461517, 0.00016423103807028383, 0.00025268271565437317, 0, 0, 0, 0, 0, 0, 0, 0, 0, 0, 0, 0, 0, 0]]], "alpha": 0.7, "beta": 0.5, "gamma": 0.0, "num_samples": 6000, "node_count": 10, "density": 0.0, "startup_delay": 0.0, "forward_prob": 0}