{"nodes_data": [[[0, 1, 2, 3, 4, 5, 6, 7, 8, 9, 10, 11, 12, 13, 14, 15, 16, 17, 18, 19, 20], [9.55, 73.2, 81.48, 80.07, 82.51, 82.97, 82.47, 84.2, 83.39, 83.17, 84.76, 84.44, 84.61, 83.72, 83.97, 84.82, 84.68, 84.09, 84.23, 83.55, 81.38], [0, 0, 0, 0, 0, 0, 0, 0, 0, 0, 0, 0, 0, 0, 0, 0, 0, 0, 0, 0, 0]], [[0, 1, 2, 3, 4, 5, 6, 7, 8, 9, 10, 11, 12, 13, 14, 15, 16, 17, 18, 19, 20], [4.72, 27.87, 72.01, 82.63, 82.8, 82.16, 83.22, 84.03, 83.89, 84.48, 83.08, 84.46, 81.08, 85.34, 84.13, 84.71, 85.14, 85.16, 83.93, 85.04, 83.94], [0, 0.005367990117520094, 0.002109941327944398, 0.00178544782102108, 0, 0, 0, 0, 0, 0, 0, 0, 0, 0, 0, 0, 0, 0, 0, 0, 0]]], "msds": [[[0, 1, 2, 3, 4, 5, 6, 7, 8, 9, 10, 11, 12, 13, 14, 15, 16, 17, 18, 19, 20], [9.55, 73.2, 81.48, 80.07, 82.51, 82.97, 82.47, 84.2, 83.39, 83.17, 84.76, 84.44, 84.61, 83.72, 83.97, 84.82, 84.68, 84.09, 84.23, 83.55, 81.38], [0, 0, 0, 0, 0, 0, 0, 0, 0, 0, 0, 0, 0, 0, 0, 0, 0, 0, 0, 0, 0]], [[0, 1, 2, 3, 4, 5, 6, 7, 8, 9, 10, 11, 12, 13, 14, 15, 16, 17, 18, 19, 20], [12.99, 37.92, 75.44, 82.61, 78.95, 81.66, 80.44, 82.17, 85.38, 84.77, 84.78, 85.88, 85.86, 85.44, 84.33, 85.89, 85.07, 85.21, 84.55, 85.94, 85.73], [0, 0.005358576774597168, 0.001844769692979753, 0.0012851542560383677, 0.0009912409586831927, 0.0010719291167333722, 0.0011625672923400998, 0.0012771696783602238, 0.001411721925251186, 0.0005137782427482307, 0.00026948904269374907, 0.00020239211153239012, 0.00018184333748649806, 0, 0, 0, 0, 0, 0, 0, 0]]], "alpha": 0.0, "beta": 0.0, "gamma": 0.0, "num_samples": 6000, "node_count": 10, "density": 0.0, "startup_delay": 0.0, "forward_prob": 0}