{"nodes_data": [[[0, 1, 2, 3, 4, 5, 6, 7, 8, 9, 10, 11, 12, 13, 14, 15, 16, 17, 18, 19, 20], [4.03, 78.78, 73.61, 68.99, 74.2, 81.02, 83.17, 82.44, 83.69, 84.23, 84.94, 85.03, 85.38, 85.36, 85.33, 85.94, 85.69, 86.37, 86.34, 86.58, 86.88], [0, 0, 0.0055356682278215885, 0.0015347476582974195, 0.0007881329511292279, 0.0005100071430206299, 0.0003293291956651956, 0.00025283044669777155, 0.000208777652005665, 0.00017896002100314945, 0.00017351211863569915, 0.0001664427254581824, 0.0001616054360056296, 0.0001608329184819013, 0.00015516624262090772, 0.0001589691819390282, 0.00015338145021814853, 0.00015532867109868675, 0.000154804831254296, 0.00015542178880423307, 0.00016869959654286504]], [[0, 1, 2, 3, 4, 5, 6, 7, 8, 9, 10, 11, 12, 13, 14, 15, 16, 17, 18, 19, 20], [11.32, 42.18, 76.07, 70.86, 78.48, 81.46, 83.29, 83.43, 83.85, 84.77, 84.63, 85.16, 85.32, 85.01, 85.6, 86.23, 86.4, 86.54, 86.34, 86.4, 86.54], [0, 0.0053598228842020035, 0.0036881135310977697, 0.0013001210754737258, 0.0006962016341276467, 0.00044871680438518524, 0.00029435387114062905, 0.00021210899285506457, 0.00017997654504142702, 0.00016401478205807507, 0.00015529562369920313, 0.0001523993705632165, 0.00015006324974820018, 0.00015547205111943185, 0.00015116063877940178, 0.00015573063865303993, 0.0001481387298554182, 0.00015345758583862334, 0.0001532438036520034, 0.00015822559362277389, 0.0001569631858728826]]], "msds": [[[0, 1, 2, 3, 4, 5, 6, 7, 8, 9, 10, 11, 12, 13, 14, 15, 16, 17, 18, 19, 20], [4.03, 78.78, 73.61, 68.99, 74.2, 81.02, 83.17, 82.44, 83.69, 84.23, 84.94, 85.03, 85.38, 85.36, 85.33, 85.94, 85.69, 86.37, 86.34, 86.58, 86.88], [0, 0, 0.0055356682278215885, 0.0015347476582974195, 0.0007881329511292279, 0.0005100071430206299, 0.0003293291956651956, 0.00025283044669777155, 0.000208777652005665, 0.00017896002100314945, 0.00017351211863569915, 0.0001664427254581824, 0.0001616054360056296, 0.0001608329184819013, 0.00015516624262090772, 0.0001589691819390282, 0.00015338145021814853, 0.00015532867109868675, 0.000154804831254296, 0.00015542178880423307, 0.00016869959654286504]], [[0, 1, 2, 3, 4, 5, 6, 7, 8, 9, 10, 11, 12, 13, 14, 15, 16, 17, 18, 19, 20], [11.32, 50.71, 56.98, 64.99, 72.06, 81.06, 82.83, 83.65, 83.89, 84.55, 85.12, 84.77, 85.69, 85.7, 85.49, 85.18, 86.39, 86.03, 86.35, 86.37, 86.65], [0, 0.005371165927499533, 0.0037174823228269815, 0.0012313742190599442, 0.0007137094507925212, 0.00047204099246300757, 0.00030893192160874605, 0.00022355334658641368, 0.0001879439369076863, 0.00017327987006865442, 0.0001642129645915702, 0.00015533404075540602, 0.00015549702220596373, 0.00015329317830037326, 0.0001562856778036803, 0.00015494221588596702, 0.00015695237379986793, 0.00015270378207787871, 0.00015361981058958918, 0.00015518134750891477, 0.00016083726950455457]]], "alpha": 0.5, "beta": 1.0, "gamma": 0.0, "num_samples": 6000, "node_count": 10, "density": 1.0, "startup_delay": 0.0, "forward_prob": 0}