{"nodes_data": [[[0, 1, 2, 3, 4, 5, 6, 7, 8, 9, 10, 11, 12, 13, 14, 15, 16, 17, 18, 19, 20], [9.61, 37.67, 10.61, 78.71, 81.26, 82.06, 83.54, 83.56, 84.21, 84.08, 85.04, 85.35, 85.31, 85.35, 85.42, 85.88, 86.15, 86.13, 86.43, 86.52, 86.74], [0, 0.005358269903808832, 0.002975664334371686, 0.0007007449748925865, 0.00028700774419121444, 0.00016262035933323205, 7.526802801294252e-05, 7.220265979412943e-05, 6.698255310766399e-05, 6.827135075582191e-05, 6.940393359400332e-05, 7.193505734903738e-05, 7.336441922234371e-05, 8.074421202763915e-05, 7.70317783462815e-05, 7.929599087219685e-05, 8.268789679277688e-05, 8.403993706451729e-05, 8.241619070759043e-05, 8.29303971841e-05, 8.57443010318093e-05]], [[0, 1, 2, 3, 4, 5, 6, 7, 8, 9, 10, 11, 12, 13, 14, 15, 16, 17, 18, 19, 20], [10.85, 13.15, 78.91, 78.65, 81.44, 82.6, 83.51, 83.68, 84.4, 84.22, 85.27, 85.28, 85.35, 85.61, 85.3, 85.86, 86.05, 86.19, 86.52, 86.52, 86.7], [0, 0.005369128193706274, 0.001364545663818717, 0.0004936744226142764, 0.00019542053632903844, 0.00011322272621328011, 7.751353405183181e-05, 7.245218876050785e-05, 6.761911936337128e-05, 6.753765774192289e-05, 6.909979128977284e-05, 6.906563794473186e-05, 7.43541240808554e-05, 7.536201883340254e-05, 7.883461512392387e-05, 7.952242594910786e-05, 8.088699541985989e-05, 8.407100540352985e-05, 8.256334695033729e-05, 9.363934805151075e-05, 8.68056740728207e-05]]], "msds": [[[0, 1, 2, 3, 4, 5, 6, 7, 8, 9, 10, 11, 12, 13, 14, 15, 16, 17, 18, 19, 20], [9.61, 37.67, 10.61, 78.71, 81.26, 82.06, 83.54, 83.56, 84.21, 84.08, 85.04, 85.35, 85.31, 85.35, 85.42, 85.88, 86.15, 86.13, 86.43, 86.52, 86.74], [0, 0.005358269903808832, 0.002975664334371686, 0.0007007449748925865, 0.00028700774419121444, 0.00016262035933323205, 7.526802801294252e-05, 7.220265979412943e-05, 6.698255310766399e-05, 6.827135075582191e-05, 6.940393359400332e-05, 7.193505734903738e-05, 7.336441922234371e-05, 8.074421202763915e-05, 7.70317783462815e-05, 7.929599087219685e-05, 8.268789679277688e-05, 8.403993706451729e-05, 8.241619070759043e-05, 8.29303971841e-05, 8.57443010318093e-05]], [[0, 1, 2, 3, 4, 5, 6, 7, 8, 9, 10, 11, 12, 13, 14, 15, 16, 17, 18, 19, 20], [8.17, 44.37, 27.49, 77.98, 80.92, 81.7, 83.53, 83.42, 83.85, 84.43, 85.18, 85.19, 85.34, 85.58, 85.51, 85.86, 86.14, 86.38, 86.52, 86.62, 86.71], [0, 0.005372143816202879, 0.0029419679194688797, 0.0006477526039816439, 0.00037398049607872963, 0.0001829816319514066, 8.118071127682924e-05, 6.95528942742385e-05, 7.282722071977332e-05, 6.665468390565366e-05, 6.925543129909784e-05, 7.083695527398959e-05, 7.010396075202152e-05, 7.597856892971322e-05, 7.638387614861131e-05, 8.843776595313102e-05, 8.795769099378958e-05, 8.06552852736786e-05, 8.168489148374647e-05, 8.125950262183324e-05, 8.626804628875107e-05]]], "alpha": 1.0, "beta": 2.0, "gamma": 3.0, "num_samples": 6000, "node_count": 10, "density": 1.0, "startup_delay": 0.0, "forward_prob": 0}