{"nodes_data": [[[0, 1, 2, 3, 4, 5, 6, 7, 8, 9, 10, 11, 12, 13, 14, 15, 16, 17, 18, 19, 20], [12.22, 30.95, 77.58, 82.48, 83.46, 84.21, 83.59, 83.92, 85.23, 83.14, 84.07, 83.98, 85.25, 85.53, 85.56, 84.74, 84.79, 85.41, 84.86, 84.18, 84.74], [0, 0.005363998934626579, 0.0018483862513676286, 0.0011939869727939367, 0.00022503721993416548, 0.00012349936878308654, 0.00012151064584031701, 0.0001195332151837647, 0.00011049603199353442, 0, 0, 0, 0, 0, 0, 0, 0, 0, 0, 0, 0]], [[0, 1, 2, 3, 4, 5, 6, 7, 8, 9, 10, 11, 12, 13, 14, 15, 16, 17, 18, 19, 20], [9.2, 77.06, 81.41, 82.17, 83.15, 83.32, 82.81, 83.02, 84.89, 84.49, 85.06, 85.27, 85.53, 85.86, 86.22, 85.39, 85.72, 85.92, 85.84, 85.99, 85.59], [0, 0, 0, 0, 0, 0, 0, 0, 0, 0.00011069847096223384, 0.00010372359247412533, 8.707040251465514e-05, 0.0001033224689308554, 0.0001015732777887024, 0.00011846904817502946, 0.00011019848898286, 0.00010786333587020636, 0.00011487599840620533, 0.00012072589743183926, 0.00011593844828894362, 0.00012574093125294894]]], "msds": [[[0, 1, 2, 3, 4, 5, 6, 7, 8, 9, 10, 11, 12, 13, 14, 15, 16, 17, 18, 19, 20], [12.22, 30.95, 77.58, 82.48, 83.46, 84.21, 83.59, 83.92, 85.23, 83.14, 84.07, 83.98, 85.25, 85.53, 85.56, 84.74, 84.79, 85.41, 84.86, 84.18, 84.74], [0, 0.005363998934626579, 0.0018483862513676286, 0.0011939869727939367, 0.00022503721993416548, 0.00012349936878308654, 0.00012151064584031701, 0.0001195332151837647, 0.00011049603199353442, 0, 0, 0, 0, 0, 0, 0, 0, 0, 0, 0, 0]], [[0, 1, 2, 3, 4, 5, 6, 7, 8, 9, 10, 11, 12, 13, 14, 15, 16, 17, 18, 19, 20], [10.17, 25.02, 81.0, 82.85, 83.65, 84.33, 83.84, 84.0, 85.51, 84.86, 85.57, 85.91, 85.96, 86.67, 86.38, 85.9, 86.37, 86.34, 86.75, 87.05, 86.61], [0, 0.005378013476729393, 0.0027845120057463646, 0.0005529189365915954, 0.0003634188324213028, 0.0002801420050673187, 0.00022453519341070205, 0.00015227239055093378, 0.00013341520389076322, 0.00013800236047245562, 0.00013206327275838703, 0.00011561804421944544, 0.00013361210585571826, 0.00013878921163268387, 0.0001409216783940792, 0.00014857710630167276, 0.00014231624663807452, 0.00015374120266642421, 0.00014828040730208158, 0.0001493195304647088, 0.00014800834469497204]]], "alpha": 0.7, "beta": 0.0, "gamma": 0.0, "num_samples": 6000, "node_count": 10, "density": 1.0, "startup_delay": 0.0, "forward_prob": 0}