{"nodes_data": [[[0, 1, 2, 3, 4, 5, 6, 7, 8, 9, 10, 11, 12, 13, 14, 15, 16, 17, 18, 19, 20], [13.25, 46.25, 50.62, 57.58, 76.22, 80.85, 82.71, 83.8, 83.84, 84.42, 84.52, 84.37, 85.32, 85.6, 85.94, 86.11, 86.08, 85.52, 86.29, 86.33, 85.98], [0, 0.005382184404879808, 0.0033762287348508835, 0.0012586279772222042, 0.0008155594696290791, 0.0005529459449462593, 0.0003584686201065779, 0.00025413132971152663, 0.0002124523452948779, 0.00019250373588874936, 0.00017475680215284228, 0.0001627112360438332, 0.00016178360965568572, 0.00015346516738645732, 0.00015737125067971647, 0.0001638518733670935, 0.00016099006461445242, 0.00015963833720888942, 0.00015228816482704133, 0.0001642838615225628, 0.00016000811592675745]], [[0, 1, 2, 3, 4, 5, 6, 7, 8, 9, 10, 11, 12, 13, 14, 15, 16, 17, 18, 19, 20], [17.51, 46.71, 66.12, 69.73, 79.65, 80.8, 82.56, 83.62, 83.5, 84.22, 84.72, 84.8, 84.58, 85.32, 85.22, 86.05, 85.75, 86.26, 86.58, 86.03, 86.22], [0, 0.0053632608614861965, 0.003292032517492771, 0.001245961058884859, 0.0007739099091850221, 0.000529498269315809, 0.0003522143524605781, 0.00025494355941191316, 0.00021340993407648057, 0.00018102466128766537, 0.00016897769819479436, 0.00016273371875286102, 0.00015663383237551898, 0.00014793536684010178, 0.0001548928121337667, 0.00015768982120789587, 0.00015359779354184866, 0.0001592119224369526, 0.00014627038035541773, 0.00016182639228645712, 0.00015477626584470272]]], "msds": [[[0, 1, 2, 3, 4, 5, 6, 7, 8, 9, 10, 11, 12, 13, 14, 15, 16, 17, 18, 19, 20], [13.25, 46.25, 50.62, 57.58, 76.22, 80.85, 82.71, 83.8, 83.84, 84.42, 84.52, 84.37, 85.32, 85.6, 85.94, 86.11, 86.08, 85.52, 86.29, 86.33, 85.98], [0, 0.005382184404879808, 0.0033762287348508835, 0.0012586279772222042, 0.0008155594696290791, 0.0005529459449462593, 0.0003584686201065779, 0.00025413132971152663, 0.0002124523452948779, 0.00019250373588874936, 0.00017475680215284228, 0.0001627112360438332, 0.00016178360965568572, 0.00015346516738645732, 0.00015737125067971647, 0.0001638518733670935, 0.00016099006461445242, 0.00015963833720888942, 0.00015228816482704133, 0.0001642838615225628, 0.00016000811592675745]], [[0, 1, 2, 3, 4, 5, 6, 7, 8, 9, 10, 11, 12, 13, 14, 15, 16, 17, 18, 19, 20], [3.26, 61.69, 59.67, 74.21, 74.99, 81.57, 83.21, 84.31, 84.26, 83.92, 84.32, 85.17, 85.06, 85.56, 85.83, 85.56, 85.57, 85.88, 86.16, 86.72, 86.01], [0, 0.00534811383113265, 0.0026508800219744444, 0.0011879956582561135, 0.000703278579749167, 0.00046623582602478564, 0.000319647544529289, 0.00023416519979946315, 0.00019564280228223652, 0.00017029598529916257, 0.00015877520490903407, 0.0001638928079046309, 0.00016167681314982474, 0.00015516560233663768, 0.00014969492622185498, 0.00015569083916489035, 0.00015684794925618917, 0.00015624616935383528, 0.0001576882932567969, 0.00015748855366837233, 0.00015240779612213373]]], "alpha": 0.5, "beta": 1.0, "gamma": 3.0, "num_samples": 6000, "node_count": 10, "density": 0.75, "startup_delay": 0.0, "forward_prob": 0}