{"nodes_data": [[[0, 1, 2, 3, 4, 5, 6, 7, 8, 9, 10, 11, 12, 13, 14, 15, 16, 17, 18, 19, 20], [10.98, 44.43, 80.99, 82.22, 83.15, 84.04, 83.7, 84.3, 84.68, 84.89, 84.87, 85.06, 85.98, 86.01, 85.73, 86.15, 86.35, 86.36, 86.78, 86.5, 86.53], [0, 0.0038565013092011213, 0.0007174400379881263, 0.0004017606843262911, 0.00024495646357536316, 0.0002083329454762861, 0.00019437132868915796, 0.00016485196829307824, 0.00012713517935480922, 0.00013549710274673998, 0.00010040736378869042, 0.0001222323626279831, 9.923393372446299e-05, 0.00012085892376489937, 0.00010180463141296059, 0.00010262442810926586, 0.00010981889499817044, 0.00011379682109691203, 0.00010504874808248132, 0.00011735154839698225, 0.00011515503865666687]], [[0, 1, 2, 3, 4, 5, 6, 7, 8, 9, 10, 11, 12, 13, 14, 15, 16, 17, 18, 19, 20], [15.37, 10.0, 67.62, 81.22, 82.28, 82.93, 83.6, 84.24, 84.79, 84.88, 85.09, 84.98, 85.05, 85.99, 85.71, 85.79, 86.44, 86.57, 86.51, 86.88, 87.01], [0, 0.0053617157973349094, 0.0024293006863445044, 0.0007347065256908536, 0.000354643416358158, 0.00023117261298466474, 0.00019357504788786173, 0.0001652013452257961, 0.00012182132923044264, 0.0001222586288349703, 0.00011890102177858353, 0.00010810520325321704, 0.0001180409817607142, 0.00010805032070493326, 9.7858406661544e-05, 0.00010841705807251856, 0.00011874305346282199, 0.0001130276796175167, 0.00012852986401412636, 0.00012447807239368558, 0.00011276481382083148]]], "msds": [[[0, 1, 2, 3, 4, 5, 6, 7, 8, 9, 10, 11, 12, 13, 14, 15, 16, 17, 18, 19, 20], [10.98, 44.43, 80.99, 82.22, 83.15, 84.04, 83.7, 84.3, 84.68, 84.89, 84.87, 85.06, 85.98, 86.01, 85.73, 86.15, 86.35, 86.36, 86.78, 86.5, 86.53], [0, 0.0038565013092011213, 0.0007174400379881263, 0.0004017606843262911, 0.00024495646357536316, 0.0002083329454762861, 0.00019437132868915796, 0.00016485196829307824, 0.00012713517935480922, 0.00013549710274673998, 0.00010040736378869042, 0.0001222323626279831, 9.923393372446299e-05, 0.00012085892376489937, 0.00010180463141296059, 0.00010262442810926586, 0.00010981889499817044, 0.00011379682109691203, 0.00010504874808248132, 0.00011735154839698225, 0.00011515503865666687]], [[0, 1, 2, 3, 4, 5, 6, 7, 8, 9, 10, 11, 12, 13, 14, 15, 16, 17, 18, 19, 20], [7.64, 26.13, 50.15, 80.05, 81.28, 83.9, 83.89, 84.4, 84.68, 85.01, 85.14, 85.77, 85.72, 86.19, 86.48, 86.34, 86.67, 86.91, 86.59, 86.39, 86.66], [0, 0.005362913478165865, 0.0026361539494246244, 0.0007331285742111504, 0.00045365552068687975, 0.0002663132909219712, 0.0001998652733163908, 0.00015455452376045287, 0.00013145337288733572, 0.00011187548807356507, 0.0001155047575593926, 0.00010486689279787242, 0.00011819407518487424, 0.00010426502558402717, 0.00011185875337105244, 0.00011454526975285262, 0.00010724455933086574, 0.00012652006989810616, 0.00011847176938317716, 0.00013499177293851972, 0.00012385986337903887]]], "alpha": 0.0, "beta": 1.0, "gamma": 3.0, "num_samples": 6000, "node_count": 10, "density": 0.15, "startup_delay": 0.0, "forward_prob": 0}