{"nodes_data": [[[0, 1, 2, 3, 4, 5, 6, 7, 8, 9, 10, 11, 12, 13, 14, 15, 16, 17, 18, 19, 20], [10.61, 61.4, 78.83, 82.74, 78.71, 83.9, 83.2, 84.63, 83.93, 84.34, 84.7, 84.24, 83.47, 85.65, 83.91, 85.5, 84.52, 83.32, 83.83, 84.56, 85.15], [0, 0.005335119552910328, 0, 0, 0, 0, 0, 0, 0, 0, 0, 0, 0, 0, 0, 0, 0, 0, 0, 0, 0]], [[0, 1, 2, 3, 4, 5, 6, 7, 8, 9, 10, 11, 12, 13, 14, 15, 16, 17, 18, 19, 20], [10.77, 48.99, 56.97, 81.28, 82.06, 84.07, 85.4, 85.25, 84.35, 85.26, 85.49, 85.63, 85.02, 85.37, 86.15, 86.06, 85.74, 85.22, 84.64, 85.93, 85.16], [0, 0.005376546643674374, 0.002253803191706538, 0.000940116005949676, 0.0006734195630997419, 0.0002874366473406553, 0.00018899995484389365, 0.00015639414777979255, 0.000158352151629515, 0.0001566440478200093, 0.0001580932439537719, 0.00016403355402871966, 0.0001514891191618517, 0.00016648454766254872, 0.00016183368279598653, 0.0001718988933134824, 0.00018122383335139602, 0.00018318547517992556, 0.00021142266632523388, 0.00018546642968431115, 0.00017686518549453467]]], "msds": [[[0, 1, 2, 3, 4, 5, 6, 7, 8, 9, 10, 11, 12, 13, 14, 15, 16, 17, 18, 19, 20], [10.61, 61.4, 78.83, 82.74, 78.71, 83.9, 83.2, 84.63, 83.93, 84.34, 84.7, 84.24, 83.47, 85.65, 83.91, 85.5, 84.52, 83.32, 83.83, 84.56, 85.15], [0, 0.005335119552910328, 0, 0, 0, 0, 0, 0, 0, 0, 0, 0, 0, 0, 0, 0, 0, 0, 0, 0, 0]], [[0, 1, 2, 3, 4, 5, 6, 7, 8, 9, 10, 11, 12, 13, 14, 15, 16, 17, 18, 19, 20], [7.09, 53.28, 80.44, 82.53, 81.11, 83.52, 83.5, 83.87, 82.16, 83.15, 84.96, 84.8, 85.13, 85.75, 85.32, 85.35, 84.15, 84.72, 84.57, 84.49, 84.33], [0, 0.005359235685318708, 0, 0, 0.0010240980191156268, 0.0009695354383438826, 0.0009375690715387464, 0.001050495309755206, 0, 0, 0.0001791613467503339, 0.0001669284247327596, 0.0002136206312570721, 0.0002548609336372465, 0.00030425022123381495, 0.00022147552226670086, 0, 0, 0, 0, 0]]], "alpha": 0.5, "beta": 0.5, "gamma": 0.0, "num_samples": 6000, "node_count": 10, "density": 0.15, "startup_delay": 0.0, "forward_prob": 0}