{"nodes_data": [[[0, 1, 2, 3, 4, 5, 6, 7, 8, 9, 10, 11, 12, 13, 14, 15, 16, 17, 18, 19, 20], [8.86, 55.49, 77.54, 81.94, 83.24, 84.22, 84.16, 84.83, 84.56, 85.58, 85.58, 85.11, 85.85, 86.24, 86.39, 86.68, 86.24, 86.23, 86.94, 87.35, 86.94], [0, 0.005360668525099754, 0.0012698470382019877, 0.00015806793817318976, 7.233228825498372e-05, 6.36989570921287e-05, 6.481094169430435e-05, 6.207130354596302e-05, 6.75429473631084e-05, 6.877267151139677e-05, 6.38370038359426e-05, 7.750371878501028e-05, 7.096716581145301e-05, 7.252699288073927e-05, 7.596972864121199e-05, 7.767242641421035e-05, 7.450771954609081e-05, 7.733291568001732e-05, 9.604058141121641e-05, 8.349001291207969e-05, 8.304061339003965e-05]], [[0, 1, 2, 3, 4, 5, 6, 7, 8, 9, 10, 11, 12, 13, 14, 15, 16, 17, 18, 19, 20], [10.79, 10.03, 78.86, 81.96, 82.83, 84.23, 84.23, 83.87, 85.24, 85.58, 85.49, 85.68, 85.74, 85.97, 86.46, 86.7, 86.74, 87.12, 86.91, 87.31, 86.8], [0, 0.0053542982786893845, 0.0005922247073613107, 0.0002548104675952345, 9.145001240540296e-05, 6.511819083243608e-05, 6.915156700415537e-05, 6.412056973204017e-05, 7.074854511301965e-05, 6.511556421173736e-05, 7.104060205165297e-05, 7.454030856024474e-05, 7.370238745352253e-05, 7.717371772741899e-05, 8.09546691016294e-05, 7.418072345899418e-05, 8.747175888856873e-05, 7.957904745126143e-05, 8.688155503477901e-05, 8.340796193806455e-05, 9.18285149964504e-05]]], "msds": [[[0, 1, 2, 3, 4, 5, 6, 7, 8, 9, 10, 11, 12, 13, 14, 15, 16, 17, 18, 19, 20], [8.86, 55.49, 77.54, 81.94, 83.24, 84.22, 84.16, 84.83, 84.56, 85.58, 85.58, 85.11, 85.85, 86.24, 86.39, 86.68, 86.24, 86.23, 86.94, 87.35, 86.94], [0, 0.005360668525099754, 0.0012698470382019877, 0.00015806793817318976, 7.233228825498372e-05, 6.36989570921287e-05, 6.481094169430435e-05, 6.207130354596302e-05, 6.75429473631084e-05, 6.877267151139677e-05, 6.38370038359426e-05, 7.750371878501028e-05, 7.096716581145301e-05, 7.252699288073927e-05, 7.596972864121199e-05, 7.767242641421035e-05, 7.450771954609081e-05, 7.733291568001732e-05, 9.604058141121641e-05, 8.349001291207969e-05, 8.304061339003965e-05]], [[0, 1, 2, 3, 4, 5, 6, 7, 8, 9, 10, 11, 12, 13, 14, 15, 16, 17, 18, 19, 20], [9.29, 10.0, 70.92, 82.3, 82.92, 83.94, 84.64, 85.0, 85.3, 85.52, 85.67, 85.79, 85.86, 85.49, 86.5, 86.66, 86.7, 86.85, 87.07, 87.12, 87.19], [0, 0.005368979647755623, 0.001064170035533607, 0.00018078656285069883, 7.63761781854555e-05, 6.0795427998527884e-05, 6.462663441197947e-05, 6.565771764144301e-05, 6.871439109090716e-05, 6.615703750867397e-05, 7.049075793474913e-05, 7.342401659116149e-05, 7.394630665658042e-05, 7.643380376975983e-05, 7.907341932877898e-05, 7.538813952123746e-05, 8.356833859579638e-05, 8.488537423545495e-05, 9.731365571497008e-05, 8.574283128837124e-05, 8.9214627223555e-05]]], "alpha": 1.0, "beta": 0.0, "gamma": 2.0, "num_samples": 6000, "node_count": 10, "density": 1.0, "startup_delay": 0.0, "forward_prob": 0}