{"nodes_data": [[[0, 1, 2, 3, 4, 5, 6, 7, 8, 9, 10, 11, 12, 13, 14, 15, 16, 17, 18, 19, 20], [11.21, 60.17, 59.67, 59.02, 76.78, 78.54, 82.4, 82.73, 83.57, 84.54, 84.88, 84.65, 85.64, 85.67, 84.44, 85.99, 85.98, 86.2, 85.82, 86.28, 86.2], [0, 0.005361173301935196, 0.0031055654399096966, 0.0013281602878123522, 0.0007958606583997607, 0.0005420674569904804, 0.0003494307748042047, 0.0002565374015830457, 0.00019965805404353887, 0.000181788724148646, 0.0001683081209193915, 0.0001616045192349702, 0.00016210542526096106, 0.00015600708138663322, 0.00015777754015289247, 0.00015505269402638078, 0.0001568022562423721, 0.00015499143046326935, 0.00015734364569652826, 0.000156933325342834, 0.00016237412637565285]], [[0, 1, 2, 3, 4, 5, 6, 7, 8, 9, 10, 11, 12, 13, 14, 15, 16, 17, 18, 19, 20], [7.99, 54.09, 77.17, 66.83, 77.49, 80.47, 81.84, 83.43, 83.66, 84.52, 85.13, 84.88, 85.47, 85.23, 85.98, 85.78, 85.99, 86.07, 86.54, 86.1, 86.45], [0, 0.005392658524215221, 0.003669942496344447, 0.0012660736683756113, 0.0007651813211850822, 0.000523278780747205, 0.0003906868805643171, 0.0002728966355789453, 0.00021475525863934308, 0.00017393380403518677, 0.0001670673518674448, 0.00016296929970849305, 0.00015285405970644206, 0.00014882453251630068, 0.00014562724390998483, 0.00014509841275867075, 0.0001452833676012233, 0.00014895436470396817, 0.00014867405116092414, 0.0001562631077831611, 0.00015551822434645146]]], "msds": [[[0, 1, 2, 3, 4, 5, 6, 7, 8, 9, 10, 11, 12, 13, 14, 15, 16, 17, 18, 19, 20], [11.21, 60.17, 59.67, 59.02, 76.78, 78.54, 82.4, 82.73, 83.57, 84.54, 84.88, 84.65, 85.64, 85.67, 84.44, 85.99, 85.98, 86.2, 85.82, 86.28, 86.2], [0, 0.005361173301935196, 0.0031055654399096966, 0.0013281602878123522, 0.0007958606583997607, 0.0005420674569904804, 0.0003494307748042047, 0.0002565374015830457, 0.00019965805404353887, 0.000181788724148646, 0.0001683081209193915, 0.0001616045192349702, 0.00016210542526096106, 0.00015600708138663322, 0.00015777754015289247, 0.00015505269402638078, 0.0001568022562423721, 0.00015499143046326935, 0.00015734364569652826, 0.000156933325342834, 0.00016237412637565285]], [[0, 1, 2, 3, 4, 5, 6, 7, 8, 9, 10, 11, 12, 13, 14, 15, 16, 17, 18, 19, 20], [7.59, 32.64, 64.26, 70.59, 77.18, 82.07, 82.7, 83.53, 84.32, 83.77, 84.79, 84.96, 85.2, 85.77, 85.1, 85.73, 85.73, 85.96, 86.5, 86.18, 86.71], [0, 0.005398526322096586, 0.003605055622756481, 0.0011078780516982079, 0.0007318838615901768, 0.0005136710242368281, 0.00034768765908665955, 0.0002432419132674113, 0.00019922565843444318, 0.00018193337018601596, 0.0001707121846266091, 0.00016202908591367304, 0.0001623816351639107, 0.00016386091010645032, 0.00015553887351416051, 0.00015743094263598323, 0.0001618286914890632, 0.00015499323490075767, 0.00015848946350160986, 0.0001666945609031245, 0.00016405257338192314]]], "alpha": 0.5, "beta": 2.0, "gamma": 2.0, "num_samples": 6000, "node_count": 10, "density": 0.75, "startup_delay": 0.0, "forward_prob": 0}