{"nodes_data": [[[0, 1, 2, 3, 4, 5, 6, 7, 8, 9, 10, 11, 12, 13, 14, 15, 16, 17, 18, 19, 20], [9.98, 16.03, 37.47, 80.21, 82.25, 82.72, 83.32, 83.65, 84.18, 84.89, 84.68, 85.11, 85.4, 85.45, 85.93, 85.93, 85.96, 86.39, 86.33, 86.71, 86.85], [0, 0.00538526801392436, 0.003010229906067252, 0.0008921655244193971, 0.0004803695483133197, 0.00018262548837810755, 7.924516103230417e-05, 7.351198291871697e-05, 7.04828926245682e-05, 6.731789471814409e-05, 7.452902354998514e-05, 7.178639498306438e-05, 7.190012547653168e-05, 7.657671812921762e-05, 7.363230542978272e-05, 8.318143954966217e-05, 7.892008579801768e-05, 8.451818575849757e-05, 8.629576041130349e-05, 8.442341641057283e-05, 9.239700011676177e-05]], [[0, 1, 2, 3, 4, 5, 6, 7, 8, 9, 10, 11, 12, 13, 14, 15, 16, 17, 18, 19, 20], [9.6, 63.77, 15.7, 81.67, 82.77, 82.88, 83.25, 83.93, 84.35, 84.55, 84.46, 84.98, 85.52, 85.83, 86.09, 85.97, 86.14, 86.14, 86.45, 86.73, 86.67], [0, 0.005358405411243439, 0.0037537231110036373, 0.0008256741566583514, 0.00016966568364296108, 9.567212691763416e-05, 7.664025906706229e-05, 6.564716750290245e-05, 6.995906733209267e-05, 6.613481673412025e-05, 7.196835213107988e-05, 7.382294279523194e-05, 7.318396092159674e-05, 7.758932770229876e-05, 7.834610732970759e-05, 7.870901026763022e-05, 7.997251668712124e-05, 8.697887824382633e-05, 8.701861224835739e-05, 9.043332829605788e-05, 8.895301289157942e-05]]], "msds": [[[0, 1, 2, 3, 4, 5, 6, 7, 8, 9, 10, 11, 12, 13, 14, 15, 16, 17, 18, 19, 20], [9.98, 16.03, 37.47, 80.21, 82.25, 82.72, 83.32, 83.65, 84.18, 84.89, 84.68, 85.11, 85.4, 85.45, 85.93, 85.93, 85.96, 86.39, 86.33, 86.71, 86.85], [0, 0.00538526801392436, 0.003010229906067252, 0.0008921655244193971, 0.0004803695483133197, 0.00018262548837810755, 7.924516103230417e-05, 7.351198291871697e-05, 7.04828926245682e-05, 6.731789471814409e-05, 7.452902354998514e-05, 7.178639498306438e-05, 7.190012547653168e-05, 7.657671812921762e-05, 7.363230542978272e-05, 8.318143954966217e-05, 7.892008579801768e-05, 8.451818575849757e-05, 8.629576041130349e-05, 8.442341641057283e-05, 9.239700011676177e-05]], [[0, 1, 2, 3, 4, 5, 6, 7, 8, 9, 10, 11, 12, 13, 14, 15, 16, 17, 18, 19, 20], [11.03, 10.13, 78.28, 78.67, 81.91, 82.48, 83.45, 83.62, 84.13, 84.64, 84.47, 85.05, 85.26, 85.37, 86.01, 85.84, 85.93, 86.39, 86.6, 86.69, 86.66], [0, 0.005367737263441086, 0.0014016033383086324, 0.000715938163921237, 0.00027575940475799143, 0.00013159337686374784, 7.982354873092845e-05, 7.093625754350796e-05, 7.1236579969991e-05, 6.890651275170967e-05, 7.054043817333877e-05, 7.260397978825495e-05, 7.907600956968963e-05, 7.513393211411312e-05, 8.158794662449509e-05, 8.138456905726343e-05, 7.879393524490297e-05, 8.709324902156368e-05, 8.604398317402229e-05, 9.020144352689385e-05, 8.592653466621414e-05]]], "alpha": 1.0, "beta": 2.0, "gamma": 0.0, "num_samples": 6000, "node_count": 10, "density": 1.0, "startup_delay": 0.0, "forward_prob": 0}