{"nodes_data": [[[0, 1, 2, 3, 4, 5, 6, 7, 8, 9, 10, 11, 12, 13, 14, 15, 16, 17, 18, 19, 20], [11.33, 69.24, 55.16, 75.84, 81.32, 83.24, 83.08, 84.66, 84.91, 84.81, 85.67, 85.09, 85.58, 85.65, 86.02, 86.0, 86.6, 86.66, 86.47, 86.92, 87.0], [0, 0.0053690047934651375, 0.0016202707774937153, 0.0008762785000726581, 0.0005458210944198072, 0.00030036293901503086, 0.00021497394482139498, 0.00017789854609873146, 0.0001590935280546546, 0.00015331148460973054, 0.00014957456733100116, 0.0001569891901453957, 0.00015215562598314136, 0.0001512904855189845, 0.00014977710088714957, 0.00015197817992884666, 0.00015026572509668767, 0.00016031714039854705, 0.0001508129935245961, 0.00016465838416479528, 0.00015201662608888]], [[0, 1, 2, 3, 4, 5, 6, 7, 8, 9, 10, 11, 12, 13, 14, 15, 16, 17, 18, 19, 20], [10.53, 68.22, 61.15, 81.08, 82.25, 82.9, 83.43, 84.17, 84.68, 84.78, 85.53, 84.8, 85.68, 85.94, 86.5, 85.85, 86.36, 86.1, 86.84, 86.16, 86.65], [0, 0.005361322779208422, 0.00172540289349854, 0.0008886815048754215, 0.0005061827250756323, 0.0003113519342150539, 0.00022208491282071918, 0.00017498030501883477, 0.00016117730410769582, 0.00015502395399380475, 0.00014424962864723057, 0.00014838956121820956, 0.00014725929941050708, 0.00015352193440776318, 0.00014915438077878207, 0.00014988174370955676, 0.00014702269982080907, 0.00015760086535010487, 0.00015408516628667712, 0.00017024153203237802, 0.0001578421361045912]]], "msds": [[[0, 1, 2, 3, 4, 5, 6, 7, 8, 9, 10, 11, 12, 13, 14, 15, 16, 17, 18, 19, 20], [11.33, 69.24, 55.16, 75.84, 81.32, 83.24, 83.08, 84.66, 84.91, 84.81, 85.67, 85.09, 85.58, 85.65, 86.02, 86.0, 86.6, 86.66, 86.47, 86.92, 87.0], [0, 0.0053690047934651375, 0.0016202707774937153, 0.0008762785000726581, 0.0005458210944198072, 0.00030036293901503086, 0.00021497394482139498, 0.00017789854609873146, 0.0001590935280546546, 0.00015331148460973054, 0.00014957456733100116, 0.0001569891901453957, 0.00015215562598314136, 0.0001512904855189845, 0.00014977710088714957, 0.00015197817992884666, 0.00015026572509668767, 0.00016031714039854705, 0.0001508129935245961, 0.00016465838416479528, 0.00015201662608888]], [[0, 1, 2, 3, 4, 5, 6, 7, 8, 9, 10, 11, 12, 13, 14, 15, 16, 17, 18, 19, 20], [6.45, 62.94, 59.8, 79.04, 81.81, 82.97, 83.71, 84.66, 84.46, 84.98, 85.77, 85.44, 85.66, 86.05, 86.52, 86.03, 86.64, 86.51, 86.79, 86.62, 87.08], [0, 0.005368722602725029, 0.0016162998508661985, 0.0008895490900613368, 0.0005123912706039846, 0.00030991111998446286, 0.00021271975128911436, 0.00017876128549687564, 0.00015766853175591677, 0.0001580109092174098, 0.00014170221402309835, 0.00014526504673995078, 0.00015714378969278187, 0.00014884794654790312, 0.0001569508749525994, 0.0001414636935805902, 0.00014668739459011704, 0.00015802467532921582, 0.00015469969366677105, 0.00016567391867283732, 0.0001542400714242831]]], "alpha": 0.5, "beta": 0.0, "gamma": 5.0, "num_samples": 6000, "node_count": 10, "density": 1.0, "startup_delay": 0.0, "forward_prob": 0}