{"nodes_data": [[[0, 1, 2, 3, 4, 5, 6, 7, 8, 9, 10, 11, 12, 13, 14, 15, 16, 17, 18, 19, 20], [9.64, 14.75, 71.95, 80.1, 82.38, 82.85, 83.98, 84.14, 84.32, 85.03, 85.61, 86.14, 85.91, 85.35, 86.59, 85.39, 86.55, 86.57, 86.91, 86.71, 87.14], [0, 0.005347053054720163, 0.0011373234447091818, 0.0004980507656000555, 0.00020486624271143228, 0.0001549443113617599, 0.00013414278510026634, 0.00010034593287855387, 0.00010079531784867868, 0.00014485731662716717, 0.00011812482989626005, 0.0001309905928792432, 0.00013899189070798457, 0.00010311315418221056, 0.00011142202856717631, 0.00010560404189163819, 0.0001352173276245594, 0.00014421461673919111, 0.0001467615074943751, 0.00012562691699713469, 0.00010558827489148825]], [[0, 1, 2, 3, 4, 5, 6, 7, 8, 9, 10, 11, 12, 13, 14, 15, 16, 17, 18, 19, 20], [11.77, 14.75, 80.55, 80.1, 82.38, 82.85, 83.98, 84.14, 84.32, 84.93, 85.61, 86.0, 85.91, 85.35, 86.59, 85.39, 86.4, 86.57, 86.79, 86.71, 87.14], [0, 0.005361019633710384, 0.0008329094853252172, 0.0004791893297806382, 0.00020920323731843382, 0.0001601584954187274, 0.00013196098734624684, 0.00010299647692590952, 0.00010008376557379961, 0.00011202735913684592, 0.00011068362800870091, 0.00010693331569200382, 0.00013446758384816349, 9.982402843888849e-05, 0.00010403094347566366, 0.00011295542935840786, 0.00011143368465127423, 0.00012936958228237927, 0.00010434632713440806, 0.0001285747712245211, 0.00010545442637521774]]], "msds": [[[0, 1, 2, 3, 4, 5, 6, 7, 8, 9, 10, 11, 12, 13, 14, 15, 16, 17, 18, 19, 20], [9.64, 14.75, 71.95, 80.1, 82.38, 82.85, 83.98, 84.14, 84.32, 85.03, 85.61, 86.14, 85.91, 85.35, 86.59, 85.39, 86.55, 86.57, 86.91, 86.71, 87.14], [0, 0.005347053054720163, 0.0011373234447091818, 0.0004980507656000555, 0.00020486624271143228, 0.0001549443113617599, 0.00013414278510026634, 0.00010034593287855387, 0.00010079531784867868, 0.00014485731662716717, 0.00011812482989626005, 0.0001309905928792432, 0.00013899189070798457, 0.00010311315418221056, 0.00011142202856717631, 0.00010560404189163819, 0.0001352173276245594, 0.00014421461673919111, 0.0001467615074943751, 0.00012562691699713469, 0.00010558827489148825]], [[0, 1, 2, 3, 4, 5, 6, 7, 8, 9, 10, 11, 12, 13, 14, 15, 16, 17, 18, 19, 20], [10.18, 18.18, 77.36, 81.62, 81.58, 83.73, 84.28, 84.46, 84.87, 85.11, 85.97, 86.02, 85.79, 85.53, 86.18, 85.96, 86.01, 86.61, 86.57, 86.77, 87.17], [0, 0.005371482577174902, 0.0011005988344550133, 0.0003096744476351887, 0.00015942352183628827, 0.00010886131349252537, 0.00010066184040624648, 9.425832104170695e-05, 8.98727957974188e-05, 8.897892257664353e-05, 9.500149462837726e-05, 9.820141713134944e-05, 9.766925359144807e-05, 0.0001132271354435943, 9.680017683422193e-05, 9.314137423643842e-05, 9.908586071105674e-05, 0.00010547062265686691, 0.00011648410145426169, 0.0001191526316688396, 0.0001391782279824838]]], "alpha": 0.0, "beta": 0.0, "gamma": 2.0, "num_samples": 6000, "node_count": 10, "density": 0.15, "startup_delay": 0.0, "forward_prob": 0}