{"nodes_data": [[[0, 1, 2, 3, 4, 5, 6, 7, 8, 9, 10, 11, 12, 13, 14, 15, 16, 17, 18, 19, 20], [6.7, 16.2, 15.17, 10.76, 47.42, 47.42, 38.3, 38.3, 38.3, 38.3, 34.38, 34.38, 36.54, 36.54, 36.54, 36.54, 80.37, 80.37, 81.46, 81.6, 81.6], [0, 0.0053703272715210915, 0.002521779853850603, 0.0022708247415721416, 0.001836832845583558, 0.0017630935180932283, 0.0017907547298818827, 0.0017864143010228872, 0.001789178466424346, 0.0017871973104774952, 0.001795907155610621, 0.0018113732803612947, 0.0018218742916360497, 0.0018151529366150498, 0.0018192019779235125, 0.001820243545807898, 0.0005827597342431545, 0.00046473272959701717, 0.0004061044310219586, 0.000395619630580768, 0.00039554000250063837]], [[0, 1, 2, 3, 4, 5, 6, 7, 8, 9, 10, 11, 12, 13, 14, 15, 16, 17, 18, 19, 20], [6.0, 28.83, 35.96, 35.96, 52.28, 64.3, 64.3, 64.3, 61.53, 61.53, 61.53, 56.47, 56.47, 56.47, 63.6, 63.6, 81.67, 81.36, 81.36, 82.33, 81.73], [0, 0.005376564338803291, 0.0021871558856219053, 0.0016735073877498507, 0.0014764126390218735, 0.0015164207434281707, 0.0014497009105980396, 0.0014531948836520314, 0.0014352211728692055, 0.0014396493788808584, 0.001440898166038096, 0.0014434197219088674, 0.0014532841742038727, 0.0014498268719762564, 0.0014526756713166833, 0.0014566672034561634, 0.0007162755355238914, 0.0004603121487889439, 0.0004427805251907557, 0.0004516259941738099, 0.0004518319619819522]]], "msds": [[[0, 1, 2, 3, 4, 5, 6, 7, 8, 9, 10, 11, 12, 13, 14, 15, 16, 17, 18, 19, 20], [6.7, 16.2, 15.17, 10.76, 47.42, 47.42, 38.3, 38.3, 38.3, 38.3, 34.38, 34.38, 36.54, 36.54, 36.54, 36.54, 80.37, 80.37, 81.46, 81.6, 81.6], [0, 0.0053703272715210915, 0.002521779853850603, 0.0022708247415721416, 0.001836832845583558, 0.0017630935180932283, 0.0017907547298818827, 0.0017864143010228872, 0.001789178466424346, 0.0017871973104774952, 0.001795907155610621, 0.0018113732803612947, 0.0018218742916360497, 0.0018151529366150498, 0.0018192019779235125, 0.001820243545807898, 0.0005827597342431545, 0.00046473272959701717, 0.0004061044310219586, 0.000395619630580768, 0.00039554000250063837]], [[0, 1, 2, 3, 4, 5, 6, 7, 8, 9, 10, 11, 12, 13, 14, 15, 16, 17, 18, 19, 20], [8.18, 52.29, 80.46, 82.91, 83.14, 82.52, 83.35, 85.52, 86.17, 86.24, 86.01, 86.0, 86.26, 86.58, 86.8, 86.58, 86.47, 86.81, 87.41, 86.73, 86.61], [0, 0.005374099127948284, 0.0035082718823105097, 0.0028905158396810293, 0.002412257017567754, 0.002056058729067445, 0.000155898422235623, 4.7365479986183345e-05, 4.537922723102383e-05, 4.803364572580904e-05, 4.76553468615748e-05, 4.107987115276046e-05, 4.428224201546982e-05, 4.039686973555945e-05, 4.864850779995322e-05, 5.920816329307854e-05, 6.783293792977929e-05, 7.072888547554612e-05, 7.555319461971521e-05, 7.226090383483097e-05, 7.280829595401883e-05]]], "alpha": 1.0, "beta": 2.0, "gamma": 3.0, "num_samples": 6000, "node_count": 10, "density": 0.0, "startup_delay": 0.0, "forward_prob": 0}