{"nodes_data": [[[0, 1, 2, 3, 4, 5, 6, 7, 8, 9, 10, 11, 12, 13, 14, 15, 16, 17, 18, 19, 20], [17.71, 23.07, 66.69, 76.16, 80.73, 82.8, 83.13, 83.18, 84.34, 84.03, 84.84, 84.93, 85.34, 85.7, 85.58, 85.39, 85.99, 86.21, 86.11, 86.19, 85.72], [0, 0.005367567762732506, 0.0023377384059131145, 0.0010949756251648068, 0.0006872759549878538, 0.0004351083480287343, 0.000323868211125955, 0.0002973122464027256, 0.0002450441534165293, 0.0001998566440306604, 0.0001867367682280019, 0.0001734373945510015, 0.00015832434291951358, 0.00015132651606108993, 0.00014878845831844956, 0.00014642582391388714, 0.0001438046310795471, 0.00013825346832163632, 0.000144395133247599, 0.00014508006279356778, 0.00014071010809857398]], [[0, 1, 2, 3, 4, 5, 6, 7, 8, 9, 10, 11, 12, 13, 14, 15, 16, 17, 18, 19, 20], [8.5, 29.2, 74.4, 67.57, 80.37, 81.51, 82.41, 83.11, 83.99, 84.57, 84.71, 85.15, 84.97, 83.89, 85.3, 85.46, 86.07, 85.51, 85.93, 86.51, 86.62], [0, 0.005386216565966606, 0.0019161218078806996, 0.0015274849720299244, 0.0005357068148441613, 0.0004030352574773133, 0.00028447306249290705, 0.0002153655223082751, 0.00016753077215980738, 0.00014584687596652657, 0.00013491041318047792, 0.00012675889593083411, 0.00012703864194918424, 0.00012306660937611014, 0.00012598259490914643, 0.0001202819257741794, 0.00012610666453838348, 0.00012413189688231796, 0.00012326656724326313, 0.00012828981562051922, 0.00012153981515439227]]], "msds": [[[0, 1, 2, 3, 4, 5, 6, 7, 8, 9, 10, 11, 12, 13, 14, 15, 16, 17, 18, 19, 20], [17.71, 23.07, 66.69, 76.16, 80.73, 82.8, 83.13, 83.18, 84.34, 84.03, 84.84, 84.93, 85.34, 85.7, 85.58, 85.39, 85.99, 86.21, 86.11, 86.19, 85.72], [0, 0.005367567762732506, 0.0023377384059131145, 0.0010949756251648068, 0.0006872759549878538, 0.0004351083480287343, 0.000323868211125955, 0.0002973122464027256, 0.0002450441534165293, 0.0001998566440306604, 0.0001867367682280019, 0.0001734373945510015, 0.00015832434291951358, 0.00015132651606108993, 0.00014878845831844956, 0.00014642582391388714, 0.0001438046310795471, 0.00013825346832163632, 0.000144395133247599, 0.00014508006279356778, 0.00014071010809857398]], [[0, 1, 2, 3, 4, 5, 6, 7, 8, 9, 10, 11, 12, 13, 14, 15, 16, 17, 18, 19, 20], [3.66, 30.21, 54.73, 65.98, 81.26, 82.76, 83.38, 83.25, 83.94, 84.67, 84.98, 84.54, 85.39, 85.57, 85.5, 85.96, 86.27, 86.26, 86.37, 86.57, 86.52], [0, 0.005368436221033335, 0.0022760112769901752, 0.0012280927039682865, 0.0005486176814883947, 0.00044457975309342146, 0.00030657355091534555, 0.00023303928901441395, 0.00021427894535008818, 0.00018980359891429543, 0.00017750229744706303, 0.0001595022768015042, 0.00015265033289324492, 0.00015033957606647164, 0.0001459956547478214, 0.0001416458690073341, 0.00013843699707649648, 0.00013998882786836475, 0.00013619844685308635, 0.0001380152243655175, 0.00013665582810062915]]], "alpha": 0.7, "beta": 2.0, "gamma": 2.0, "num_samples": 6000, "node_count": 10, "density": 0.15, "startup_delay": 0.0, "forward_prob": 0}