{"nodes_data": [[[0, 1, 2, 3, 4, 5, 6, 7, 8, 9, 10, 11, 12, 13, 14, 15, 16, 17, 18, 19, 20], [9.05, 10.0, 78.15, 81.16, 81.95, 82.03, 83.28, 80.72, 83.91, 82.46, 84.67, 84.6, 84.76, 84.35, 84.4, 84.3, 83.91, 85.05, 83.44, 82.82, 84.1], [0, 0.005375281907618046, 0.0012295765336602926, 0.000479778740555048, 0, 0, 0, 0, 0, 0, 0, 0, 0, 0, 0, 0, 0, 0, 0, 0, 0]], [[0, 1, 2, 3, 4, 5, 6, 7, 8, 9, 10, 11, 12, 13, 14, 15, 16, 17, 18, 19, 20], [11.39, 17.82, 78.55, 79.51, 82.8, 83.23, 84.0, 83.67, 84.7, 84.8, 85.06, 85.2, 85.49, 85.22, 85.14, 85.7, 85.51, 85.05, 85.78, 84.8, 85.53], [0, 0.005372911691665649, 0, 0, 0.0002412520843790844, 0.0001700216525932774, 0.0001537794159958139, 0.00014889142767060548, 0.00016049931582529098, 0.00014547484170179814, 0.00016123776731546968, 0.00015227947733365, 0.00017170392675325274, 0.00016507906548213214, 0.00018035688844975084, 0.00017719731840770692, 0.00017622396990191191, 0.0001803523045964539, 0.00017829284479375929, 0.00018725507834460586, 0.00018848951731342822]]], "msds": [[[0, 1, 2, 3, 4, 5, 6, 7, 8, 9, 10, 11, 12, 13, 14, 15, 16, 17, 18, 19, 20], [9.05, 10.0, 78.15, 81.16, 81.95, 82.03, 83.28, 80.72, 83.91, 82.46, 84.67, 84.6, 84.76, 84.35, 84.4, 84.3, 83.91, 85.05, 83.44, 82.82, 84.1], [0, 0.005375281907618046, 0.0012295765336602926, 0.000479778740555048, 0, 0, 0, 0, 0, 0, 0, 0, 0, 0, 0, 0, 0, 0, 0, 0, 0]], [[0, 1, 2, 3, 4, 5, 6, 7, 8, 9, 10, 11, 12, 13, 14, 15, 16, 17, 18, 19, 20], [13.28, 10.0, 80.08, 81.45, 82.65, 83.65, 84.05, 84.55, 84.79, 85.04, 85.77, 85.42, 85.55, 85.96, 85.82, 85.69, 85.78, 85.58, 86.29, 84.91, 85.76], [0, 0.005369480233639479, 0.0012011694489046931, 0.00031603360548615456, 0.000201819755602628, 0.00014694173296447843, 0.00010873774590436369, 0.0001529312285128981, 0.0001384217175655067, 0.00011527316382853314, 0.00014948616444598883, 0.00014384333917405456, 0.00015395967056974769, 0.00015490935766138136, 0.00015991648251656443, 0.0001549544685985893, 0.00015392327622976154, 0.00016373317339457572, 0.0001643486466491595, 0.00017053732881322503, 0.00017165730241686106]]], "alpha": 0.0, "beta": 0.0, "gamma": 0.0, "num_samples": 6000, "node_count": 10, "density": 1.0, "startup_delay": 0.0, "forward_prob": 0}