{"nodes_data": [[[0, 1, 2, 3, 4, 5, 6, 7, 8, 9, 10, 11, 12, 13, 14, 15, 16, 17, 18, 19, 20], [12.04, 26.38, 39.69, 78.86, 82.39, 83.6, 83.77, 83.96, 84.37, 84.85, 85.09, 85.77, 86.04, 86.26, 86.35, 86.83, 86.88, 86.63, 86.21, 86.97, 86.83], [0, 0.005363818258047104, 0.0025154361501336098, 0.0007595753995701671, 0.0002811895392369479, 0.00011374285531928763, 0.00016320946451742202, 0.00011018275836249813, 8.298002649098635e-05, 6.648958515143022e-05, 7.418174209306017e-05, 6.822030991315842e-05, 7.284197636181489e-05, 7.0076399424579e-05, 7.594515773234889e-05, 7.313089008675888e-05, 8.165548933902755e-05, 8.68279894348234e-05, 9.367916209157556e-05, 8.990223432192579e-05, 8.671834802953526e-05]], [[0, 1, 2, 3, 4, 5, 6, 7, 8, 9, 10, 11, 12, 13, 14, 15, 16, 17, 18, 19, 20], [9.95, 19.8, 63.7, 80.02, 82.19, 83.68, 83.79, 84.87, 84.79, 84.87, 86.02, 86.04, 86.19, 85.92, 86.83, 86.7, 86.99, 86.96, 86.8, 87.05, 86.9], [0, 0.005365707445889711, 0.0020004413090646267, 0.000733585562556982, 0.00027462674188427627, 0.00033799430821090937, 0.0001747554779285565, 0.00015511699893977493, 9.26391439861618e-05, 6.637207116000354e-05, 7.021927740424871e-05, 6.846136966487393e-05, 7.276896940311417e-05, 8.08329859864898e-05, 8.053281635511667e-05, 8.442649414064363e-05, 8.620016888016835e-05, 7.758689025649801e-05, 7.914747402537614e-05, 8.368832641281188e-05, 8.177037670975551e-05]]], "msds": [[[0, 1, 2, 3, 4, 5, 6, 7, 8, 9, 10, 11, 12, 13, 14, 15, 16, 17, 18, 19, 20], [12.04, 26.38, 39.69, 78.86, 82.39, 83.6, 83.77, 83.96, 84.37, 84.85, 85.09, 85.77, 86.04, 86.26, 86.35, 86.83, 86.88, 86.63, 86.21, 86.97, 86.83], [0, 0.005363818258047104, 0.0025154361501336098, 0.0007595753995701671, 0.0002811895392369479, 0.00011374285531928763, 0.00016320946451742202, 0.00011018275836249813, 8.298002649098635e-05, 6.648958515143022e-05, 7.418174209306017e-05, 6.822030991315842e-05, 7.284197636181489e-05, 7.0076399424579e-05, 7.594515773234889e-05, 7.313089008675888e-05, 8.165548933902755e-05, 8.68279894348234e-05, 9.367916209157556e-05, 8.990223432192579e-05, 8.671834802953526e-05]], [[0, 1, 2, 3, 4, 5, 6, 7, 8, 9, 10, 11, 12, 13, 14, 15, 16, 17, 18, 19, 20], [3.2, 59.61, 79.58, 82.34, 83.55, 83.22, 83.95, 85.24, 85.24, 85.5, 85.74, 86.52, 86.57, 86.0, 86.56, 86.44, 86.83, 86.81, 86.8, 86.79, 86.59], [0, 0.0032791169360280037, 0.0006440275465138257, 0.00023095727374311537, 0.00013988839054945856, 0.00010891690180869773, 0.00010042441863333806, 7.349099905695766e-05, 6.8897039454896e-05, 6.507430225610733e-05, 7.277225813595578e-05, 7.24591882317327e-05, 7.244091102620587e-05, 7.272637594724074e-05, 7.591789471916854e-05, 0.00010022789501817897, 8.584852184867486e-05, 9.241262159775943e-05, 9.140425390796736e-05, 9.120118920691311e-05, 9.190313721774146e-05]]], "alpha": 0.9, "beta": 1.0, "gamma": 3.0, "num_samples": 6000, "node_count": 10, "density": 0.15, "startup_delay": 0.0, "forward_prob": 0}