{"nodes_data": [[[0, 1, 2, 3, 4, 5, 6, 7, 8, 9, 10, 11, 12, 13, 14, 15, 16, 17, 18, 19, 20], [12.12, 10.0, 76.59, 77.95, 83.33, 83.37, 84.21, 84.54, 84.88, 85.79, 86.16, 86.49, 86.44, 86.92, 86.68, 87.0, 87.31, 87.53, 87.63, 87.79, 87.54], [0, 0.005376441869884729, 0.0018284838879480958, 0.0006738394731655717, 0.00042576034320518374, 0.00018406113667879254, 0.00014579998969566077, 9.782849519979209e-05, 7.680106500629336e-05, 7.23763441783376e-05, 7.183476554928347e-05, 7.107963756425306e-05, 7.679418195039034e-05, 7.885775266913697e-05, 7.52174382796511e-05, 7.768842624500394e-05, 7.388508674921468e-05, 8.616591367172077e-05, 9.238035272574052e-05, 9.416243847226724e-05, 9.748634329298511e-05]], [[0, 1, 2, 3, 4, 5, 6, 7, 8, 9, 10, 11, 12, 13, 14, 15, 16, 17, 18, 19, 20], [9.95, 50.3, 60.56, 78.67, 82.49, 83.22, 84.08, 85.38, 85.39, 85.8, 85.89, 86.18, 86.8, 87.09, 86.83, 86.96, 87.52, 87.44, 87.17, 87.32, 87.44], [0, 0.005391938146203756, 0.0019705479498952627, 0.0005382791277952492, 0.0003457111888565123, 0.00014453259063884616, 9.235284960595891e-05, 6.857567495899275e-05, 7.432741404045373e-05, 7.817298319423571e-05, 7.975732296472415e-05, 8.360626816283911e-05, 7.816963625373319e-05, 7.30512838345021e-05, 9.632515138946474e-05, 8.073126809904352e-05, 7.130351878004149e-05, 8.997448458103463e-05, 8.479803364025429e-05, 8.994500240078196e-05, 8.289141260320321e-05]]], "msds": [[[0, 1, 2, 3, 4, 5, 6, 7, 8, 9, 10, 11, 12, 13, 14, 15, 16, 17, 18, 19, 20], [12.12, 10.0, 76.59, 77.95, 83.33, 83.37, 84.21, 84.54, 84.88, 85.79, 86.16, 86.49, 86.44, 86.92, 86.68, 87.0, 87.31, 87.53, 87.63, 87.79, 87.54], [0, 0.005376441869884729, 0.0018284838879480958, 0.0006738394731655717, 0.00042576034320518374, 0.00018406113667879254, 0.00014579998969566077, 9.782849519979209e-05, 7.680106500629336e-05, 7.23763441783376e-05, 7.183476554928347e-05, 7.107963756425306e-05, 7.679418195039034e-05, 7.885775266913697e-05, 7.52174382796511e-05, 7.768842624500394e-05, 7.388508674921468e-05, 8.616591367172077e-05, 9.238035272574052e-05, 9.416243847226724e-05, 9.748634329298511e-05]], [[0, 1, 2, 3, 4, 5, 6, 7, 8, 9, 10, 11, 12, 13, 14, 15, 16, 17, 18, 19, 20], [13.02, 23.42, 57.72, 79.81, 82.6, 83.4, 84.37, 85.08, 84.93, 85.37, 86.06, 86.02, 86.67, 86.96, 86.41, 86.97, 87.39, 87.66, 87.47, 87.36, 87.59], [0, 0.00535245705395937, 0.0014209689106792212, 0.0004431390843819827, 0.00031341364956460893, 0.00010606418800307438, 9.132530976785347e-05, 7.056730100885034e-05, 7.128230208763853e-05, 7.98450710135512e-05, 8.412302122451365e-05, 6.550776743097231e-05, 7.623071724083275e-05, 7.381310570053756e-05, 8.115691889543086e-05, 8.181972953025252e-05, 7.630109757883474e-05, 8.867732685757801e-05, 7.988131983438507e-05, 9.078378934646025e-05, 8.932028140407056e-05]]], "alpha": 0.9, "beta": 0.0, "gamma": 2.0, "num_samples": 6000, "node_count": 10, "density": 0.15, "startup_delay": 0.0, "forward_prob": 0}