{"nodes_data": [[[0, 1, 2, 3, 4, 5, 6, 7, 8, 9, 10, 11, 12, 13, 14, 15, 16, 17, 18, 19, 20], [4.31, 10.0, 42.53, 56.7, 79.96, 81.68, 82.82, 83.41, 83.88, 84.47, 84.62, 84.86, 85.15, 85.41, 85.4, 85.66, 85.93, 86.43, 86.23, 86.52, 86.83], [0, 0.005371296778321266, 0.0024264375679194927, 0.0019582577515393496, 0.00039529032073915005, 0.00016503715596627444, 9.265122935175896e-05, 7.775500853313133e-05, 7.645635196240619e-05, 7.369607919827104e-05, 7.698727131355554e-05, 7.952992746140808e-05, 7.863566861487925e-05, 7.634205394424498e-05, 8.368545968551189e-05, 8.018049993552268e-05, 8.605046605225652e-05, 9.235148900188506e-05, 8.883215195965022e-05, 9.492474055150524e-05, 9.7245690994896e-05]], [[0, 1, 2, 3, 4, 5, 6, 7, 8, 9, 10, 11, 12, 13, 14, 15, 16, 17, 18, 19, 20], [7.41, 10.0, 10.43, 78.32, 81.55, 82.54, 82.58, 83.08, 84.33, 84.43, 84.81, 84.96, 85.29, 85.49, 85.45, 85.77, 85.73, 86.39, 86.29, 86.56, 86.94], [0, 0.005358919035643339, 0.002874852856621146, 0.0012251976877450943, 0.0001962073874892667, 0.0001355599524686113, 9.075525304069743e-05, 7.706254837103188e-05, 7.615693175466731e-05, 7.874810398789123e-05, 7.591088797198609e-05, 8.575745596317574e-05, 7.801871106494218e-05, 8.901485853129998e-05, 8.576209074817598e-05, 9.103785123443231e-05, 9.543112537357956e-05, 9.608401160221547e-05, 8.931134652812034e-05, 9.271120507037267e-05, 9.706524724606425e-05]]], "msds": [[[0, 1, 2, 3, 4, 5, 6, 7, 8, 9, 10, 11, 12, 13, 14, 15, 16, 17, 18, 19, 20], [4.31, 10.0, 42.53, 56.7, 79.96, 81.68, 82.82, 83.41, 83.88, 84.47, 84.62, 84.86, 85.15, 85.41, 85.4, 85.66, 85.93, 86.43, 86.23, 86.52, 86.83], [0, 0.005371296778321266, 0.0024264375679194927, 0.0019582577515393496, 0.00039529032073915005, 0.00016503715596627444, 9.265122935175896e-05, 7.775500853313133e-05, 7.645635196240619e-05, 7.369607919827104e-05, 7.698727131355554e-05, 7.952992746140808e-05, 7.863566861487925e-05, 7.634205394424498e-05, 8.368545968551189e-05, 8.018049993552268e-05, 8.605046605225652e-05, 9.235148900188506e-05, 8.883215195965022e-05, 9.492474055150524e-05, 9.7245690994896e-05]], [[0, 1, 2, 3, 4, 5, 6, 7, 8, 9, 10, 11, 12, 13, 14, 15, 16, 17, 18, 19, 20], [14.09, 10.0, 48.25, 67.21, 80.59, 81.85, 83.23, 83.03, 84.24, 84.38, 84.97, 85.17, 85.32, 85.37, 85.87, 85.85, 86.3, 86.15, 86.48, 86.92, 87.0], [0, 0.005390764679759741, 0.0020730681717395782, 0.0018938835710287094, 0.00036037765676155686, 0.00014687639486510307, 8.55561374919489e-05, 7.80982882133685e-05, 7.351172098424286e-05, 7.382710464298725e-05, 7.818981248419732e-05, 8.00583729869686e-05, 7.773600373184308e-05, 8.701819751877338e-05, 8.272611739812419e-05, 9.231544390786439e-05, 8.644547779113054e-05, 8.944115688791499e-05, 8.965450251707807e-05, 9.13157346076332e-05, 9.549250535201281e-05]]], "alpha": 0.0, "beta": 2.0, "gamma": 5.0, "num_samples": 6000, "node_count": 10, "density": 0.75, "startup_delay": 0.0, "forward_prob": 0}