{"nodes_data": [[[0, 1, 2, 3, 4, 5, 6, 7, 8, 9, 10, 11, 12, 13, 14, 15, 16, 17, 18, 19, 20], [13.63, 64.81, 79.5, 82.0, 83.51, 82.89, 83.39, 84.73, 84.26, 85.13, 84.56, 83.69, 85.36, 84.32, 84.63, 84.97, 85.75, 86.35, 86.33, 86.76, 86.32], [0, 0.0053501492366194725, 0.0011799345957115293, 0.0002806656120810658, 0.00016006920486688614, 0.00010644771828083321, 9.645606041885912e-05, 4.607504160958342e-05, 4.717208503279835e-05, 4.634945071302354e-05, 0, 0, 0, 0, 0, 0.0002812401216942817, 0.0003826831525657326, 0.0002641004975885153, 9.995693835662678e-05, 0.0001329271908616647, 9.712035534903407e-05]], [[0, 1, 2, 3, 4, 5, 6, 7, 8, 9, 10, 11, 12, 13, 14, 15, 16, 17, 18, 19, 20], [12.72, 43.45, 74.62, 82.39, 82.79, 82.41, 84.0, 84.23, 85.18, 85.16, 85.43, 85.5, 86.03, 86.61, 86.26, 86.46, 85.84, 85.45, 86.6, 86.86, 87.13], [0, 0.005362137220799923, 0.001116940751671791, 0.0004888652474619448, 0.00034507413511164486, 0.0002920301049016416, 0.00026912210159935057, 0.0002581412554718554, 0.00023553651408292353, 0.000355001277057454, 0.00039112710510380566, 0.00039629440288990736, 0.0003785899607464671, 0.0003810290654655546, 0.00046508494415320456, 0.0003163717337884009, 0.000225920754019171, 0.0001247834152309224, 0.00010881284106289968, 0.0002390907029621303, 0.000539077096618712]]], "msds": [[[0, 1, 2, 3, 4, 5, 6, 7, 8, 9, 10, 11, 12, 13, 14, 15, 16, 17, 18, 19, 20], [13.63, 64.81, 79.5, 82.0, 83.51, 82.89, 83.39, 84.73, 84.26, 85.13, 84.56, 83.69, 85.36, 84.32, 84.63, 84.97, 85.75, 86.35, 86.33, 86.76, 86.32], [0, 0.0053501492366194725, 0.0011799345957115293, 0.0002806656120810658, 0.00016006920486688614, 0.00010644771828083321, 9.645606041885912e-05, 4.607504160958342e-05, 4.717208503279835e-05, 4.634945071302354e-05, 0, 0, 0, 0, 0, 0.0002812401216942817, 0.0003826831525657326, 0.0002641004975885153, 9.995693835662678e-05, 0.0001329271908616647, 9.712035534903407e-05]], [[0, 1, 2, 3, 4, 5, 6, 7, 8, 9, 10, 11, 12, 13, 14, 15, 16, 17, 18, 19, 20], [9.43, 67.63, 79.67, 82.26, 83.03, 84.17, 83.43, 83.08, 85.0, 85.26, 85.02, 85.79, 86.09, 85.0, 86.11, 86.29, 85.79, 85.16, 86.61, 86.39, 85.96], [0, 0.005371080245822668, 0.0011573825031518936, 0.00026803778018802404, 0.00015314713527914137, 0.00010521770309424028, 9.452226368011907e-05, 8.728817920200527e-05, 9.035411494551226e-05, 8.692271512700245e-05, 0.00010169940651394427, 0.0001001261844066903, 9.805127774598077e-05, 0, 0, 0.00015264636022038758, 0.0001992051984416321, 0.00014938152162358165, 0.0004894479061476886, 9.597154712537304e-05, 8.572268416173756e-05]]], "alpha": 0.7, "beta": 0.0, "gamma": 5.0, "num_samples": 6000, "node_count": 10, "density": 0.0, "startup_delay": 0.0, "forward_prob": 0}