{"nodes_data": [[[0, 1, 2, 3, 4, 5, 6, 7, 8, 9, 10, 11, 12, 13, 14, 15, 16, 17, 18, 19, 20], [12.93, 10.96, 73.05, 80.97, 83.2, 83.52, 84.35, 84.73, 85.3, 85.54, 85.23, 86.1, 85.8, 86.51, 86.47, 87.02, 86.86, 86.63, 87.36, 87.44, 87.45], [0, 0.005370395258069038, 0.0006034924881532788, 0.00013682222925126553, 7.434340659528971e-05, 7.349033694481477e-05, 6.863333692308515e-05, 7.339913281612098e-05, 7.175996142905205e-05, 7.744876347715035e-05, 7.920402276795357e-05, 7.548609573859721e-05, 7.91250859037973e-05, 8.302670903503895e-05, 8.454066119156778e-05, 8.675845310790464e-05, 9.114959539147094e-05, 9.374687942909077e-05, 9.119405876845121e-05, 9.385986049892381e-05, 9.314437193097547e-05]], [[0, 1, 2, 3, 4, 5, 6, 7, 8, 9, 10, 11, 12, 13, 14, 15, 16, 17, 18, 19, 20], [8.41, 10.96, 69.08, 80.97, 83.11, 83.52, 84.5, 84.98, 85.4, 85.55, 85.4, 86.1, 86.02, 86.67, 86.67, 87.11, 86.88, 87.25, 87.48, 87.61, 87.54], [0, 0.005365576595067978, 0.0006052565877325833, 0.00014701976033393294, 7.674950029468164e-05, 7.095094042597339e-05, 7.169491436798126e-05, 6.896504783071578e-05, 7.55371802370064e-05, 7.664348959224299e-05, 7.911567809060216e-05, 7.82127826823853e-05, 8.072306081885472e-05, 8.073867502389476e-05, 8.83947650436312e-05, 9.044224134413525e-05, 8.912252815207466e-05, 0.00010019167530117556, 0.0001047347832354717, 9.469877841183916e-05, 0.00010474129521753639]]], "msds": [[[0, 1, 2, 3, 4, 5, 6, 7, 8, 9, 10, 11, 12, 13, 14, 15, 16, 17, 18, 19, 20], [12.93, 10.96, 73.05, 80.97, 83.2, 83.52, 84.35, 84.73, 85.3, 85.54, 85.23, 86.1, 85.8, 86.51, 86.47, 87.02, 86.86, 86.63, 87.36, 87.44, 87.45], [0, 0.005370395258069038, 0.0006034924881532788, 0.00013682222925126553, 7.434340659528971e-05, 7.349033694481477e-05, 6.863333692308515e-05, 7.339913281612098e-05, 7.175996142905205e-05, 7.744876347715035e-05, 7.920402276795357e-05, 7.548609573859721e-05, 7.91250859037973e-05, 8.302670903503895e-05, 8.454066119156778e-05, 8.675845310790464e-05, 9.114959539147094e-05, 9.374687942909077e-05, 9.119405876845121e-05, 9.385986049892381e-05, 9.314437193097547e-05]], [[0, 1, 2, 3, 4, 5, 6, 7, 8, 9, 10, 11, 12, 13, 14, 15, 16, 17, 18, 19, 20], [9.35, 10.96, 72.96, 80.97, 83.16, 83.52, 84.41, 84.97, 85.4, 85.54, 85.39, 86.1, 86.09, 86.69, 86.56, 87.13, 87.1, 87.32, 87.63, 87.59, 87.41], [0, 0.005371231120079756, 0.0005601505981758237, 0.00012799604155588895, 7.508487033192068e-05, 7.14726047590375e-05, 7.153527985792607e-05, 7.009416731307283e-05, 7.663971337024122e-05, 7.40366886020638e-05, 7.688967161811888e-05, 7.663686847081408e-05, 8.045839058468118e-05, 8.138449629768729e-05, 8.446141146123409e-05, 8.559557318221778e-05, 9.08509100554511e-05, 0.00010089104762300849, 9.694247273728251e-05, 0.00010207828745478764, 9.476257400820032e-05]]], "alpha": 0.0, "beta": 0.0, "gamma": 5.0, "num_samples": 6000, "node_count": 10, "density": 1.0, "startup_delay": 0.0, "forward_prob": 0}