{"nodes_data": [[[0, 1, 2, 3, 4, 5, 6, 7, 8, 9, 10, 11, 12, 13, 14, 15, 16, 17, 18, 19, 20], [6.94, 10.2, 74.49, 82.75, 83.66, 84.45, 85.35, 85.57, 85.68, 85.38, 85.8, 86.51, 86.36, 87.0, 86.1, 86.93, 86.62, 86.8, 87.03, 86.98, 87.7], [0, 0.00471734581515193, 0.0015662049409002066, 0.00026322214398533106, 0.00013934118032921106, 0.00011371884465916082, 8.515831723343581e-05, 9.257314377464354e-05, 0.00010121435479959473, 8.83948669070378e-05, 8.726539817871526e-05, 7.056686445139349e-05, 9.237453923560679e-05, 8.250583050539717e-05, 9.57279626163654e-05, 8.071570482570678e-05, 7.819290476618335e-05, 0.00010545383702265099, 8.343012450495735e-05, 0.00010580233356449753, 6.552603736054152e-05]], [[0, 1, 2, 3, 4, 5, 6, 7, 8, 9, 10, 11, 12, 13, 14, 15, 16, 17, 18, 19, 20], [5.35, 39.38, 79.17, 83.15, 83.66, 84.83, 85.36, 85.1, 85.88, 86.21, 86.34, 85.97, 86.42, 86.37, 86.7, 85.68, 86.97, 86.67, 86.21, 86.71, 87.25], [0, 0.005376068875193596, 0.0009185369708575308, 0.00015903801249805838, 0.00011154364619869739, 8.05024683359079e-05, 8.028084266697988e-05, 5.9992460592184216e-05, 7.42352640372701e-05, 7.196493243100122e-05, 8.06376920081675e-05, 7.862783968448639e-05, 8.510692714480683e-05, 6.659965583821759e-05, 7.790322706568986e-05, 7.658071262994781e-05, 9.429414785699919e-05, 7.24378478480503e-05, 8.643502951599658e-05, 8.50519718369469e-05, 7.975955668371171e-05]]], "msds": [[[0, 1, 2, 3, 4, 5, 6, 7, 8, 9, 10, 11, 12, 13, 14, 15, 16, 17, 18, 19, 20], [6.94, 10.2, 74.49, 82.75, 83.66, 84.45, 85.35, 85.57, 85.68, 85.38, 85.8, 86.51, 86.36, 87.0, 86.1, 86.93, 86.62, 86.8, 87.03, 86.98, 87.7], [0, 0.00471734581515193, 0.0015662049409002066, 0.00026322214398533106, 0.00013934118032921106, 0.00011371884465916082, 8.515831723343581e-05, 9.257314377464354e-05, 0.00010121435479959473, 8.83948669070378e-05, 8.726539817871526e-05, 7.056686445139349e-05, 9.237453923560679e-05, 8.250583050539717e-05, 9.57279626163654e-05, 8.071570482570678e-05, 7.819290476618335e-05, 0.00010545383702265099, 8.343012450495735e-05, 0.00010580233356449753, 6.552603736054152e-05]], [[0, 1, 2, 3, 4, 5, 6, 7, 8, 9, 10, 11, 12, 13, 14, 15, 16, 17, 18, 19, 20], [16.26, 33.24, 82.68, 83.72, 84.41, 85.0, 85.62, 85.61, 84.92, 86.38, 86.5, 86.72, 86.57, 87.06, 86.28, 87.11, 87.25, 86.44, 87.22, 86.77, 87.0], [0, 0.004248981364071369, 0.0008910417673178017, 0.00014267330698203295, 0.00011307742533972487, 8.260280446847901e-05, 8.610918303020298e-05, 8.147491462295875e-05, 8.097077807178721e-05, 8.016633364604786e-05, 9.067271457752213e-05, 7.015600567683578e-05, 7.643888966413215e-05, 7.224626460811123e-05, 9.148323442786932e-05, 0.00011400445509934798, 0.00011381060176063329, 8.489358879160136e-05, 8.280341717181727e-05, 8.54003956192173e-05, 9.128896635957062e-05]]], "alpha": 1.0, "beta": 0.5, "gamma": 3.0, "num_samples": 6000, "node_count": 10, "density": 0.15, "startup_delay": 0.0, "forward_prob": 0}