{"nodes_data": [[[0, 1, 2, 3, 4, 5, 6, 7, 8, 9, 10, 11, 12, 13, 14, 15, 16, 17, 18, 19, 20], [9.1, 10.0, 77.28, 80.54, 82.85, 84.27, 84.41, 84.78, 85.15, 85.75, 85.46, 86.03, 86.07, 86.3, 86.83, 86.85, 86.91, 86.73, 87.05, 87.34, 87.3], [0, 0.0053599863313138485, 0.0006011126679368317, 0.0001380247122142464, 6.811218918301165e-05, 6.931314419489354e-05, 7.053543959045783e-05, 7.135556370485574e-05, 7.21885371604003e-05, 7.419515895890072e-05, 7.62326453696005e-05, 7.95055748312734e-05, 7.926358375698328e-05, 7.876600284362212e-05, 8.233642438426614e-05, 8.610168151790276e-05, 9.092497202800587e-05, 9.059629519470036e-05, 9.446941112400964e-05, 9.233967284671962e-05, 9.875554678728804e-05]], [[0, 1, 2, 3, 4, 5, 6, 7, 8, 9, 10, 11, 12, 13, 14, 15, 16, 17, 18, 19, 20], [12.42, 10.0, 77.1, 80.54, 82.87, 84.23, 84.59, 84.96, 85.15, 85.72, 85.46, 85.97, 86.23, 86.28, 86.72, 86.85, 86.75, 86.73, 87.06, 87.34, 87.41], [0, 0.005374046508222818, 0.000573701981920749, 0.0001278852141695097, 7.679941336391494e-05, 7.318145071621984e-05, 7.713045488344505e-05, 7.162642577895895e-05, 8.261388575192541e-05, 7.942284719320014e-05, 8.167268970282748e-05, 8.172837988240644e-05, 8.67992639541626e-05, 8.488419553032145e-05, 8.756131865084171e-05, 9.065842459676787e-05, 9.414168016519397e-05, 9.549640526529402e-05, 9.498203144175932e-05, 9.567501547280699e-05, 9.737668733578175e-05]]], "msds": [[[0, 1, 2, 3, 4, 5, 6, 7, 8, 9, 10, 11, 12, 13, 14, 15, 16, 17, 18, 19, 20], [9.1, 10.0, 77.28, 80.54, 82.85, 84.27, 84.41, 84.78, 85.15, 85.75, 85.46, 86.03, 86.07, 86.3, 86.83, 86.85, 86.91, 86.73, 87.05, 87.34, 87.3], [0, 0.0053599863313138485, 0.0006011126679368317, 0.0001380247122142464, 6.811218918301165e-05, 6.931314419489354e-05, 7.053543959045783e-05, 7.135556370485574e-05, 7.21885371604003e-05, 7.419515895890072e-05, 7.62326453696005e-05, 7.95055748312734e-05, 7.926358375698328e-05, 7.876600284362212e-05, 8.233642438426614e-05, 8.610168151790276e-05, 9.092497202800587e-05, 9.059629519470036e-05, 9.446941112400964e-05, 9.233967284671962e-05, 9.875554678728804e-05]], [[0, 1, 2, 3, 4, 5, 6, 7, 8, 9, 10, 11, 12, 13, 14, 15, 16, 17, 18, 19, 20], [11.61, 10.0, 77.7, 80.91, 82.87, 84.34, 84.59, 85.06, 85.15, 85.75, 85.57, 86.03, 86.23, 86.3, 86.58, 86.85, 86.84, 86.73, 87.25, 87.34, 87.46], [0, 0.005390047095716, 0.000569231400731951, 0.00013178525841794908, 7.174826168920845e-05, 7.035795715637505e-05, 7.513142190873623e-05, 7.026838284218684e-05, 7.558748620795086e-05, 7.43320633773692e-05, 8.247463119914755e-05, 8.40566644910723e-05, 8.242046169470996e-05, 8.21128924144432e-05, 8.385743421968073e-05, 9.048801439348608e-05, 9.157090244116262e-05, 9.457364649279043e-05, 9.791139746084809e-05, 9.634884190745652e-05, 0.00010400549945188686]]], "alpha": 0.9, "beta": 0.5, "gamma": 5.0, "num_samples": 6000, "node_count": 10, "density": 1.0, "startup_delay": 0.0, "forward_prob": 0}