{"nodes_data": [[[0, 1, 2, 3, 4, 5, 6, 7, 8, 9, 10, 11, 12, 13, 14, 15, 16, 17, 18, 19, 20], [5.63, 51.13, 61.49, 76.01, 81.59, 82.61, 84.05, 84.65, 84.24, 84.57, 85.27, 85.23, 85.3, 86.0, 85.86, 85.61, 85.94, 86.7, 86.54, 86.05, 86.9], [0, 0.00536754447966814, 0.0016887974925339222, 0.0009346969309262931, 0.000568258750718087, 0.00033721179352141917, 0.00021489178470801562, 0.0001843984646257013, 0.00015687162522226572, 0.0001454971934435889, 0.00015125315985642374, 0.0001476760662626475, 0.00014143632142804563, 0.00014057906810194254, 0.00014714487770106643, 0.00014396820915862918, 0.00015174517466221005, 0.00015369916218332946, 0.00015195622108876705, 0.00015422244905494153, 0.00015317591896746308]], [[0, 1, 2, 3, 4, 5, 6, 7, 8, 9, 10, 11, 12, 13, 14, 15, 16, 17, 18, 19, 20], [9.26, 64.62, 58.6, 71.99, 80.14, 82.84, 83.62, 84.45, 84.85, 85.14, 85.46, 85.93, 85.89, 86.26, 86.37, 86.23, 86.2, 86.87, 86.56, 87.23, 86.9], [0, 0.005362321622669697, 0.0016040269983932376, 0.0009088476072065532, 0.0005230591050349176, 0.0002953741932287812, 0.00022787689522374421, 0.00018656662723515183, 0.00015524588525295258, 0.00015943197649903595, 0.00015102396719157696, 0.00014776756870560348, 0.00015421726857312024, 0.00015833904035389423, 0.00015975555288605392, 0.00015703181270509958, 0.0001570595195516944, 0.0001565798738738522, 0.00016086528194136918, 0.0001628261961741373, 0.00016120262444019318]]], "msds": [[[0, 1, 2, 3, 4, 5, 6, 7, 8, 9, 10, 11, 12, 13, 14, 15, 16, 17, 18, 19, 20], [5.63, 51.13, 61.49, 76.01, 81.59, 82.61, 84.05, 84.65, 84.24, 84.57, 85.27, 85.23, 85.3, 86.0, 85.86, 85.61, 85.94, 86.7, 86.54, 86.05, 86.9], [0, 0.00536754447966814, 0.0016887974925339222, 0.0009346969309262931, 0.000568258750718087, 0.00033721179352141917, 0.00021489178470801562, 0.0001843984646257013, 0.00015687162522226572, 0.0001454971934435889, 0.00015125315985642374, 0.0001476760662626475, 0.00014143632142804563, 0.00014057906810194254, 0.00014714487770106643, 0.00014396820915862918, 0.00015174517466221005, 0.00015369916218332946, 0.00015195622108876705, 0.00015422244905494153, 0.00015317591896746308]], [[0, 1, 2, 3, 4, 5, 6, 7, 8, 9, 10, 11, 12, 13, 14, 15, 16, 17, 18, 19, 20], [10.42, 55.8, 63.99, 74.0, 80.99, 82.86, 83.02, 84.46, 84.37, 84.59, 84.84, 85.4, 85.64, 85.84, 86.1, 86.31, 86.17, 86.14, 86.8, 86.49, 86.72], [0, 0.005363114178180695, 0.0015833255602046847, 0.0008975940872915089, 0.0005337647162377834, 0.0003038769937120378, 0.0002221648901468143, 0.0001912141015054658, 0.00015409247134812176, 0.0001523388345958665, 0.0001506222615716979, 0.00015092927787918597, 0.00014782538346480578, 0.00015441399591509253, 0.00015199588960967958, 0.0001558301446493715, 0.0001594803761690855, 0.00016435433644801378, 0.00015579143655486405, 0.0001597185037098825, 0.0001651269558351487]]], "alpha": 0.5, "beta": 0.0, "gamma": 3.0, "num_samples": 6000, "node_count": 10, "density": 1.0, "startup_delay": 0.0, "forward_prob": 0}