{"nodes_data": [[[0, 1, 2, 3, 4, 5, 6, 7, 8, 9, 10, 11, 12, 13, 14, 15, 16, 17, 18, 19, 20], [10.0, 11.04, 50.93, 76.6, 80.06, 82.34, 83.28, 83.9, 83.5, 84.26, 84.56, 84.74, 84.91, 85.35, 85.79, 85.61, 85.52, 86.0, 86.11, 86.16, 86.18], [0, 0.005384490825235844, 0.0027679672930389643, 0, 0.0008643921464681625, 0.0004884926602244377, 0.00019521565991453826, 0.00037523754872381687, 0.00013354654947761446, 0.0002775057218968868, 0.00010813357221195474, 0.00013684813166037202, 0.00017332588322460651, 0.00011513733625179157, 0.00015874758537393063, 0.00014326231030281633, 0.0001275210379390046, 0.00014002546959090978, 0.00012297516514081508, 0.00013678650429937989, 0.00013142924581188709]], [[0, 1, 2, 3, 4, 5, 6, 7, 8, 9, 10, 11, 12, 13, 14, 15, 16, 17, 18, 19, 20], [7.4, 29.94, 72.36, 81.57, 82.92, 83.69, 84.63, 84.98, 84.67, 85.79, 86.33, 86.34, 86.44, 86.43, 86.82, 86.91, 86.99, 87.11, 86.75, 86.48, 87.17], [0, 0.005356381181627512, 0.0009358786628581583, 0.00035647020558826625, 0.00020809612760785967, 0.00015241529035847634, 0.00012192557187518105, 0.00011787234689109027, 0.00011003129475284368, 0.00011265015928074718, 0.00010437692981213331, 0.00010648387251421809, 0.00010984078835463151, 0.00010022004425991327, 0.00010665289300959557, 0.00010650030162651092, 0.00010815339192049578, 0.00011563173757167533, 0.00011103470751550049, 0.00011415514745749533, 0.00012856509420089424]]], "msds": [[[0, 1, 2, 3, 4, 5, 6, 7, 8, 9, 10, 11, 12, 13, 14, 15, 16, 17, 18, 19, 20], [10.0, 11.04, 50.93, 76.6, 80.06, 82.34, 83.28, 83.9, 83.5, 84.26, 84.56, 84.74, 84.91, 85.35, 85.79, 85.61, 85.52, 86.0, 86.11, 86.16, 86.18], [0, 0.005384490825235844, 0.0027679672930389643, 0, 0.0008643921464681625, 0.0004884926602244377, 0.00019521565991453826, 0.00037523754872381687, 0.00013354654947761446, 0.0002775057218968868, 0.00010813357221195474, 0.00013684813166037202, 0.00017332588322460651, 0.00011513733625179157, 0.00015874758537393063, 0.00014326231030281633, 0.0001275210379390046, 0.00014002546959090978, 0.00012297516514081508, 0.00013678650429937989, 0.00013142924581188709]], [[0, 1, 2, 3, 4, 5, 6, 7, 8, 9, 10, 11, 12, 13, 14, 15, 16, 17, 18, 19, 20], [4.63, 28.53, 72.09, 81.12, 83.55, 84.11, 84.83, 85.22, 85.67, 85.71, 85.99, 86.41, 86.39, 86.76, 86.8, 86.82, 86.83, 86.56, 87.25, 87.0, 87.42], [0, 0.0053605809807777405, 0.0009494207333773375, 0.0004105415428057313, 0.0002134013775503263, 0.00015504869224969298, 0.00013957118790131062, 0.0001204464424517937, 0.00011473721679067239, 0.0001152351833297871, 0.0001138959196396172, 0.00011302876373520121, 0.00012113592674722895, 0.00011758254549931735, 0.00012735686323139817, 0.00012043264723615721, 0.000132035042042844, 0.00013534857134800404, 0.00013723764277528971, 0.00017799528723116964, 0.00018850663036573678]]], "alpha": 0.7, "beta": 1.0, "gamma": 5.0, "num_samples": 6000, "node_count": 10, "density": 0.15, "startup_delay": 0.0, "forward_prob": 0}