{"nodes_data": [[[0, 1, 2, 3, 4, 5, 6, 7, 8, 9, 10, 11, 12, 13, 14, 15, 16, 17, 18, 19, 20], [3.16, 19.87, 49.37, 64.04, 79.33, 81.8, 83.08, 83.59, 83.67, 84.26, 84.29, 84.75, 85.12, 85.25, 85.43, 85.58, 85.73, 86.03, 85.89, 86.24, 86.12], [0, 0.005361662711948156, 0.0021127392537891865, 0.0008018523221835494, 0.0003919691080227494, 0.00020755875448230654, 9.536719880998135e-05, 8.638388680992648e-05, 7.396042201435193e-05, 7.002922211540863e-05, 7.088273559929803e-05, 7.393550913548097e-05, 7.309444481506944e-05, 7.895842281868681e-05, 8.027730655157939e-05, 8.067803719313815e-05, 8.544539014110342e-05, 8.891698234947398e-05, 8.8223117927555e-05, 8.638880535727367e-05, 9.606850653653964e-05]], [[0, 1, 2, 3, 4, 5, 6, 7, 8, 9, 10, 11, 12, 13, 14, 15, 16, 17, 18, 19, 20], [14.91, 10.0, 10.0, 64.86, 80.82, 81.78, 82.61, 83.51, 83.65, 84.45, 84.38, 85.0, 84.92, 85.31, 85.61, 85.71, 85.87, 85.61, 85.94, 86.34, 86.66], [0, 0.005375334061682224, 0.0026488839648663998, 0.0007504679961130023, 0.0003612202999647707, 0.00014001716044731438, 0.00011528045433806255, 7.853825809434056e-05, 7.256875687744468e-05, 7.073527376633137e-05, 7.206324517028406e-05, 7.30906322132796e-05, 7.63717689551413e-05, 7.674082007724792e-05, 7.853474380681291e-05, 7.963160896906629e-05, 8.750639244681224e-05, 8.646502828923985e-05, 8.408680150751024e-05, 9.143543138634413e-05, 9.695338667370379e-05]]], "msds": [[[0, 1, 2, 3, 4, 5, 6, 7, 8, 9, 10, 11, 12, 13, 14, 15, 16, 17, 18, 19, 20], [3.16, 19.87, 49.37, 64.04, 79.33, 81.8, 83.08, 83.59, 83.67, 84.26, 84.29, 84.75, 85.12, 85.25, 85.43, 85.58, 85.73, 86.03, 85.89, 86.24, 86.12], [0, 0.005361662711948156, 0.0021127392537891865, 0.0008018523221835494, 0.0003919691080227494, 0.00020755875448230654, 9.536719880998135e-05, 8.638388680992648e-05, 7.396042201435193e-05, 7.002922211540863e-05, 7.088273559929803e-05, 7.393550913548097e-05, 7.309444481506944e-05, 7.895842281868681e-05, 8.027730655157939e-05, 8.067803719313815e-05, 8.544539014110342e-05, 8.891698234947398e-05, 8.8223117927555e-05, 8.638880535727367e-05, 9.606850653653964e-05]], [[0, 1, 2, 3, 4, 5, 6, 7, 8, 9, 10, 11, 12, 13, 14, 15, 16, 17, 18, 19, 20], [10.03, 10.38, 10.0, 64.86, 80.82, 81.66, 82.61, 83.31, 83.72, 84.36, 84.5, 85.0, 84.99, 85.31, 85.43, 85.74, 85.75, 85.59, 85.94, 86.34, 86.56], [0, 0.005354498978704214, 0.002771956380456686, 0.0007631379994563758, 0.0003538220189511776, 0.00013167447468731552, 0.00011363865633029491, 8.526426972821355e-05, 7.340571755776182e-05, 6.850463250884786e-05, 6.923064938746393e-05, 7.668374018976465e-05, 7.685874152230099e-05, 7.927084516268224e-05, 7.877814641688019e-05, 8.616116974735633e-05, 8.297809836221859e-05, 8.780635107541457e-05, 8.635757694719359e-05, 9.470109216636047e-05, 9.597113239578903e-05]]], "alpha": 1.0, "beta": 1.0, "gamma": 5.0, "num_samples": 6000, "node_count": 10, "density": 0.75, "startup_delay": 0.0, "forward_prob": 0}