{"nodes_data": [[[0, 1, 2, 3, 4, 5, 6, 7, 8, 9, 10, 11, 12, 13, 14, 15, 16, 17, 18, 19, 20], [7.3, 29.52, 71.37, 81.14, 82.02, 83.48, 84.31, 85.1, 85.18, 86.0, 86.06, 86.07, 86.4, 85.95, 86.82, 86.85, 86.63, 86.8, 87.08, 87.13, 86.75], [0, 0.005366395693272352, 0.0017622153973206878, 0.0010729350615292788, 0.0005579315475188196, 0.00039663148345425725, 0.00011656403512461111, 8.992522634798661e-05, 7.514466415159404e-05, 7.429835386574268e-05, 7.574661867693067e-05, 7.769990770611912e-05, 8.02490467322059e-05, 8.47567425807938e-05, 8.256491855718195e-05, 9.265601693186909e-05, 9.687378042144701e-05, 0.00010346061026211828, 8.164838800439611e-05, 8.365603571292013e-05, 8.552826329832897e-05]], [[0, 1, 2, 3, 4, 5, 6, 7, 8, 9, 10, 11, 12, 13, 14, 15, 16, 17, 18, 19, 20], [7.22, 43.97, 73.4, 80.64, 80.09, 83.74, 84.13, 85.1, 85.1, 84.94, 85.69, 85.03, 85.78, 86.44, 86.68, 86.41, 86.73, 86.66, 87.0, 87.24, 87.06], [0, 0.005360772367566824, 0.0027098325081169605, 0.0022325306199491024, 0.0006271952879615128, 0.00016778895223978907, 0.00014396655024029315, 9.442104055779055e-05, 8.69471623445861e-05, 9.858395787887275e-05, 9.505372872808948e-05, 0.0001026136233122088, 9.903051250148565e-05, 0.00010329367796657607, 0.00010071779252029955, 0.00010074784222524613, 0.00010466110688867047, 0.00011269539390923455, 0.00012908449571114033, 9.553163545206189e-05, 9.046966442838311e-05]]], "msds": [[[0, 1, 2, 3, 4, 5, 6, 7, 8, 9, 10, 11, 12, 13, 14, 15, 16, 17, 18, 19, 20], [7.3, 29.52, 71.37, 81.14, 82.02, 83.48, 84.31, 85.1, 85.18, 86.0, 86.06, 86.07, 86.4, 85.95, 86.82, 86.85, 86.63, 86.8, 87.08, 87.13, 86.75], [0, 0.005366395693272352, 0.0017622153973206878, 0.0010729350615292788, 0.0005579315475188196, 0.00039663148345425725, 0.00011656403512461111, 8.992522634798661e-05, 7.514466415159404e-05, 7.429835386574268e-05, 7.574661867693067e-05, 7.769990770611912e-05, 8.02490467322059e-05, 8.47567425807938e-05, 8.256491855718195e-05, 9.265601693186909e-05, 9.687378042144701e-05, 0.00010346061026211828, 8.164838800439611e-05, 8.365603571292013e-05, 8.552826329832897e-05]], [[0, 1, 2, 3, 4, 5, 6, 7, 8, 9, 10, 11, 12, 13, 14, 15, 16, 17, 18, 19, 20], [3.08, 36.95, 79.32, 81.87, 76.85, 83.64, 83.63, 83.96, 84.85, 84.47, 85.2, 85.13, 85.92, 85.99, 86.69, 86.63, 86.07, 86.1, 86.79, 86.73, 87.07], [0, 0.005360147450119257, 0.003085432108491659, 0.0023178511764854193, 0.0005950775812380016, 0.0001444228837499395, 0.00010316555562894791, 8.48982235766016e-05, 9.420221613254398e-05, 8.543796138837934e-05, 8.406618144363165e-05, 8.73993121786043e-05, 9.33571791392751e-05, 9.724313713377342e-05, 0.00010341911547584459, 0.00011717729648808017, 0.00011824417015304789, 0.00012908331700600684, 0.00012668863928411156, 0.00010631933400873095, 9.756681538419798e-05]]], "alpha": 1.0, "beta": 2.0, "gamma": 5.0, "num_samples": 6000, "node_count": 10, "density": 0.15, "startup_delay": 0.0, "forward_prob": 0}