{"nodes_data": [[[0, 1, 2, 3, 4, 5, 6, 7, 8, 9, 10, 11, 12, 13, 14, 15, 16, 17, 18, 19, 20], [14.75, 48.1, 51.25, 66.89, 75.39, 81.92, 82.72, 76.95, 82.89, 83.74, 82.46, 84.63, 84.46, 84.16, 84.39, 85.22, 84.41, 85.15, 85.05, 84.54, 85.87], [0, 0.005369272083044052, 0.002420200500637293, 0.0021937231067568064, 0.0019569548312574625, 0.001050226972438395, 0.0012129952665418386, 0.0011293274583294988, 0.0005935709341429174, 0.0005916606169193983, 0.0007808624650351703, 0.0004258422995917499, 0.00022359611466526985, 0.00041875403258018196, 0.00040149231790564954, 0.00023096542281564325, 0.00031493272399529815, 0.0003524059138726443, 0.0002291295531904325, 0.00027425235020928085, 0.000307677109958604]], [[0, 1, 2, 3, 4, 5, 6, 7, 8, 9, 10, 11, 12, 13, 14, 15, 16, 17, 18, 19, 20], [11.57, 26.76, 23.99, 74.91, 80.15, 82.09, 82.23, 83.44, 83.84, 84.04, 84.7, 84.16, 85.09, 84.96, 84.33, 85.48, 85.35, 85.91, 85.82, 85.73, 86.18], [0, 0.005344927776604891, 0.002722203265875578, 0.0014716871082782745, 0.0009672841406427324, 0.0005857152864336967, 0.0005021407268941402, 0.00030462531140074134, 0.00022298158728517592, 0.00015848431212361902, 0.00017982287681661546, 0.00019451706612017006, 0.00015260858344845474, 0.0001333434192929417, 0.00014511447807308286, 0.00013793011021334678, 0.00011690531391650438, 0.0001388666860293597, 0.00012412821524776518, 0.0001182756750495173, 0.00012542186595965177]]], "msds": [[[0, 1, 2, 3, 4, 5, 6, 7, 8, 9, 10, 11, 12, 13, 14, 15, 16, 17, 18, 19, 20], [14.75, 48.1, 51.25, 66.89, 75.39, 81.92, 82.72, 76.95, 82.89, 83.74, 82.46, 84.63, 84.46, 84.16, 84.39, 85.22, 84.41, 85.15, 85.05, 84.54, 85.87], [0, 0.005369272083044052, 0.002420200500637293, 0.0021937231067568064, 0.0019569548312574625, 0.001050226972438395, 0.0012129952665418386, 0.0011293274583294988, 0.0005935709341429174, 0.0005916606169193983, 0.0007808624650351703, 0.0004258422995917499, 0.00022359611466526985, 0.00041875403258018196, 0.00040149231790564954, 0.00023096542281564325, 0.00031493272399529815, 0.0003524059138726443, 0.0002291295531904325, 0.00027425235020928085, 0.000307677109958604]], [[0, 1, 2, 3, 4, 5, 6, 7, 8, 9, 10, 11, 12, 13, 14, 15, 16, 17, 18, 19, 20], [9.06, 48.06, 48.06, 75.7, 80.1, 81.97, 83.01, 83.36, 83.77, 84.4, 84.43, 84.69, 84.83, 84.63, 84.95, 85.37, 85.4, 85.64, 85.24, 85.53, 85.27], [0, 0.0053731463849544525, 0.0020251385867595673, 0.001981312409043312, 0.0010771354427561164, 0.0004925790708512068, 0.000763091491535306, 0.00028357506380416453, 0.00020935182692483068, 0.00032994692446663976, 0.00019319272541906685, 0.00016678772226441652, 0.00028330061468295753, 0.00017953760107047856, 0.00015141727635636926, 0.00017909143934957683, 0.00013720990682486445, 0.00013588073488790542, 0.00014640489825978875, 0.0001274984097108245, 0.00013185884745325893]]], "alpha": 1.0, "beta": 1.0, "gamma": 2.0, "num_samples": 6000, "node_count": 10, "density": 0.15, "startup_delay": 0.0, "forward_prob": 0}