{"nodes_data": [[[0, 1, 2, 3, 4, 5, 6, 7, 8, 9, 10, 11, 12, 13, 14, 15, 16, 17, 18, 19, 20], [9.33, 76.66, 78.75, 81.36, 82.83, 84.03, 83.6, 84.27, 82.58, 84.49, 83.95, 83.83, 83.73, 84.96, 84.02, 85.27, 83.84, 84.02, 84.29, 84.98, 84.51], [0, 0, 0, 0.0010811499087139964, 0.00042998965363949537, 0.00023999808763619512, 0, 0, 0, 0, 0, 0, 0, 0, 0, 0, 0, 0, 0, 0, 0]], [[0, 1, 2, 3, 4, 5, 6, 7, 8, 9, 10, 11, 12, 13, 14, 15, 16, 17, 18, 19, 20], [7.33, 62.09, 62.61, 73.37, 81.34, 83.18, 84.4, 83.94, 84.71, 84.88, 85.79, 85.11, 85.83, 85.62, 85.17, 85.51, 85.51, 85.6, 85.64, 85.34, 85.37], [0, 0.005368996411561966, 0.001931906444951892, 0.0016487439861521125, 0.000620800768956542, 0.0004954347386956215, 0.00038549528107978404, 0.0002758597838692367, 0.0002265774819534272, 0.00020067824516445398, 0.0002092237991746515, 0.00018589086539577693, 0.0001734760298859328, 0.00017717388982418925, 0.0001768672518664971, 0.00021782486874144524, 0.00018235374591313303, 0.00017720865434966981, 0.00016786655760370195, 0.00017237041902262717, 0.0001852146815508604]]], "msds": [[[0, 1, 2, 3, 4, 5, 6, 7, 8, 9, 10, 11, 12, 13, 14, 15, 16, 17, 18, 19, 20], [9.33, 76.66, 78.75, 81.36, 82.83, 84.03, 83.6, 84.27, 82.58, 84.49, 83.95, 83.83, 83.73, 84.96, 84.02, 85.27, 83.84, 84.02, 84.29, 84.98, 84.51], [0, 0, 0, 0.0010811499087139964, 0.00042998965363949537, 0.00023999808763619512, 0, 0, 0, 0, 0, 0, 0, 0, 0, 0, 0, 0, 0, 0, 0]], [[0, 1, 2, 3, 4, 5, 6, 7, 8, 9, 10, 11, 12, 13, 14, 15, 16, 17, 18, 19, 20], [10.62, 45.63, 59.81, 81.2, 80.29, 83.21, 84.59, 85.18, 84.35, 85.1, 85.34, 85.84, 85.84, 85.86, 85.99, 85.65, 86.28, 86.04, 85.88, 86.58, 86.05], [0, 0.0053723338060081005, 0.002334075979888439, 0.0011181507725268602, 0.0005635051638819277, 0.0003865842300001532, 0.00031448144000023603, 0.0002338850317755714, 0.0002810771984513849, 0.00023263621551450342, 0.00021772294712718576, 0.0002017586666624993, 0.00019337699632160366, 0.00018916533736046404, 0.00019418125157244503, 0.00021574685524683446, 0.00020961427071597427, 0.0002024986024480313, 0.00020114576909691095, 0.00020390086865518242, 0.0002141772274626419]]], "alpha": 0.5, "beta": 0.0, "gamma": 0.0, "num_samples": 6000, "node_count": 10, "density": 1.0, "startup_delay": 0.0, "forward_prob": 0}