{"nodes_data": [[[0, 1, 2, 3, 4, 5, 6, 7, 8, 9, 10, 11, 12, 13, 14, 15, 16, 17, 18, 19, 20], [10.86, 10.0, 14.73, 75.97, 81.43, 82.06, 83.52, 83.86, 84.37, 84.77, 84.77, 85.01, 85.56, 85.41, 85.76, 85.66, 86.11, 86.0, 86.18, 86.55, 86.36], [0, 0.005369806662201881, 0.0028902592603117228, 0.0006877682753838599, 0.00032586976885795593, 0.00016551265434827656, 0.00010682487481972203, 8.735408482607454e-05, 8.03654475021176e-05, 7.762117456877604e-05, 7.888879190431908e-05, 7.855799776734784e-05, 7.840591570129618e-05, 8.737932512303814e-05, 8.657175931148231e-05, 8.920794789446518e-05, 8.294210419990122e-05, 9.51173497014679e-05, 9.365217556478456e-05, 9.530560782877728e-05, 0.00010491481225471944]], [[0, 1, 2, 3, 4, 5, 6, 7, 8, 9, 10, 11, 12, 13, 14, 15, 16, 17, 18, 19, 20], [14.46, 10.0, 59.28, 78.89, 81.68, 82.82, 83.61, 84.12, 84.55, 84.89, 84.62, 85.09, 85.55, 85.56, 85.34, 86.15, 85.81, 86.27, 86.32, 86.43, 86.73], [0, 0.005366571247577667, 0.001612961059436202, 0.0005919369868934155, 0.00017572613433003426, 0.00011641563469311222, 8.819995855446905e-05, 7.160786481108516e-05, 7.36366055207327e-05, 7.388177618850023e-05, 7.488436676794663e-05, 7.650718180229887e-05, 7.396489672828466e-05, 7.709351484663785e-05, 8.077166421571746e-05, 8.431362948613241e-05, 8.617509593022987e-05, 8.73139506438747e-05, 8.889974560588598e-05, 9.142488124780357e-05, 9.385686280438676e-05]]], "msds": [[[0, 1, 2, 3, 4, 5, 6, 7, 8, 9, 10, 11, 12, 13, 14, 15, 16, 17, 18, 19, 20], [10.86, 10.0, 14.73, 75.97, 81.43, 82.06, 83.52, 83.86, 84.37, 84.77, 84.77, 85.01, 85.56, 85.41, 85.76, 85.66, 86.11, 86.0, 86.18, 86.55, 86.36], [0, 0.005369806662201881, 0.0028902592603117228, 0.0006877682753838599, 0.00032586976885795593, 0.00016551265434827656, 0.00010682487481972203, 8.735408482607454e-05, 8.03654475021176e-05, 7.762117456877604e-05, 7.888879190431908e-05, 7.855799776734784e-05, 7.840591570129618e-05, 8.737932512303814e-05, 8.657175931148231e-05, 8.920794789446518e-05, 8.294210419990122e-05, 9.51173497014679e-05, 9.365217556478456e-05, 9.530560782877728e-05, 0.00010491481225471944]], [[0, 1, 2, 3, 4, 5, 6, 7, 8, 9, 10, 11, 12, 13, 14, 15, 16, 17, 18, 19, 20], [5.33, 10.0, 43.81, 76.55, 81.85, 82.66, 83.73, 84.01, 84.39, 84.79, 84.74, 85.36, 85.33, 85.75, 85.75, 85.89, 86.14, 86.08, 86.35, 86.52, 86.46], [0, 0.005353773944079876, 0.0022749346680939198, 0.0007460951455868781, 0.00025944734807126224, 0.0001305478799622506, 0.00010271235805703327, 8.391110168304294e-05, 7.643074059160426e-05, 7.556191849289462e-05, 7.875265146140009e-05, 7.403680501738563e-05, 7.868499960750341e-05, 8.303574577439576e-05, 8.269384125014767e-05, 8.475116919726133e-05, 8.444098057225347e-05, 8.987775072455406e-05, 9.096446592593566e-05, 9.645531827118248e-05, 9.77993622655049e-05]]], "alpha": 0.9, "beta": 1.0, "gamma": 3.0, "num_samples": 6000, "node_count": 10, "density": 0.75, "startup_delay": 0.0, "forward_prob": 0}