{"nodes_data": [[[0, 1, 2, 3, 4, 5, 6, 7, 8, 9, 10, 11, 12, 13, 14, 15, 16, 17, 18, 19, 20], [4.36, 15.73, 77.33, 81.82, 82.36, 83.68, 84.39, 84.85, 84.59, 85.26, 85.51, 86.07, 85.65, 86.19, 86.39, 86.63, 86.81, 86.97, 86.8, 87.16, 86.82], [0, 0.005366285797208548, 0.0007854577270336449, 0.00016772789240349084, 8.6573141743429e-05, 6.717226642649621e-05, 6.871775258332491e-05, 6.990055408095941e-05, 7.15868518454954e-05, 7.778723374940455e-05, 7.973337051225826e-05, 7.687532342970371e-05, 8.217547292588279e-05, 8.521850395482033e-05, 9.241010411642492e-05, 9.739690722199157e-05, 9.013322414830327e-05, 8.897631778381765e-05, 9.176591265713796e-05, 0.00010093866876559332, 0.00010233530338155106]], [[0, 1, 2, 3, 4, 5, 6, 7, 8, 9, 10, 11, 12, 13, 14, 15, 16, 17, 18, 19, 20], [11.92, 10.0, 77.25, 81.83, 81.95, 83.9, 84.44, 85.06, 85.05, 85.36, 85.71, 86.08, 85.68, 86.2, 86.15, 86.9, 86.71, 86.66, 86.74, 86.99, 86.78], [0, 0.005369273014366627, 0.0007494441815651953, 0.00017193371604662389, 7.061620271997526e-05, 6.912002572789788e-05, 6.85803170199506e-05, 6.696036871289834e-05, 7.087380799930543e-05, 7.30412284610793e-05, 7.526871195295826e-05, 7.582124089822173e-05, 8.061002881731838e-05, 8.510382031090558e-05, 8.537624671589583e-05, 8.862486720317975e-05, 8.667362271808088e-05, 9.561064507579431e-05, 9.158917237073183e-05, 9.293617040384561e-05, 9.811679774429649e-05]]], "msds": [[[0, 1, 2, 3, 4, 5, 6, 7, 8, 9, 10, 11, 12, 13, 14, 15, 16, 17, 18, 19, 20], [4.36, 15.73, 77.33, 81.82, 82.36, 83.68, 84.39, 84.85, 84.59, 85.26, 85.51, 86.07, 85.65, 86.19, 86.39, 86.63, 86.81, 86.97, 86.8, 87.16, 86.82], [0, 0.005366285797208548, 0.0007854577270336449, 0.00016772789240349084, 8.6573141743429e-05, 6.717226642649621e-05, 6.871775258332491e-05, 6.990055408095941e-05, 7.15868518454954e-05, 7.778723374940455e-05, 7.973337051225826e-05, 7.687532342970371e-05, 8.217547292588279e-05, 8.521850395482033e-05, 9.241010411642492e-05, 9.739690722199157e-05, 9.013322414830327e-05, 8.897631778381765e-05, 9.176591265713796e-05, 0.00010093866876559332, 0.00010233530338155106]], [[0, 1, 2, 3, 4, 5, 6, 7, 8, 9, 10, 11, 12, 13, 14, 15, 16, 17, 18, 19, 20], [6.8, 10.0, 77.63, 82.13, 82.53, 83.79, 84.47, 85.0, 84.68, 85.45, 85.75, 86.06, 85.72, 86.37, 86.17, 86.87, 86.8, 86.83, 86.89, 87.18, 86.94], [0, 0.005363232921808958, 0.0007432183483615518, 0.00016307324403896928, 7.322290912270546e-05, 6.568719254573807e-05, 6.856891559436917e-05, 6.684078834950924e-05, 7.175822247518227e-05, 7.551709859399125e-05, 7.660080882487819e-05, 7.633024506503716e-05, 8.185231126844883e-05, 8.346900722244754e-05, 8.51470249472186e-05, 9.662310912972316e-05, 8.619155414635316e-05, 9.69932007137686e-05, 9.555739961797372e-05, 0.00010190640023211017, 9.918495925376192e-05]]], "alpha": 0.9, "beta": 0.5, "gamma": 5.0, "num_samples": 6000, "node_count": 10, "density": 0.75, "startup_delay": 0.0, "forward_prob": 0}