{"nodes_data": [[[0, 1, 2, 3, 4, 5, 6, 7, 8, 9, 10, 11, 12, 13, 14, 15, 16, 17, 18, 19, 20], [4.89, 15.87, 40.2, 78.25, 81.47, 81.63, 83.68, 83.16, 84.25, 82.87, 84.87, 84.79, 85.13, 84.51, 85.47, 86.11, 86.46, 86.72, 86.35, 86.24, 86.97], [0, 0.005373665131628513, 0.002080983016639948, 0, 0.0007452004356309772, 0.0002984126331284642, 0.0005898246890865266, 0.00011831801384687424, 0.00036635412834584713, 0.00010408557136543095, 0.00029131726478226483, 0.00015554859419353306, 0.00021567847579717636, 0.00012788183812517673, 0.00011681260366458446, 0.0001663069415371865, 0.00013859242608305067, 0.00010959204519167542, 0.00010842374467756599, 0.00011674631969071925, 9.967992809833959e-05]], [[0, 1, 2, 3, 4, 5, 6, 7, 8, 9, 10, 11, 12, 13, 14, 15, 16, 17, 18, 19, 20], [14.36, 50.73, 80.48, 83.22, 83.42, 83.98, 83.27, 84.88, 85.24, 85.9, 86.39, 86.18, 86.78, 86.51, 86.25, 85.52, 86.65, 85.64, 86.56, 86.56, 85.5], [0, 0.0036785416305065155, 0.0011078459210693836, 0.0007412257837131619, 0.0004522105155047029, 0.00034452902036719024, 0.00019548842101357877, 0.00013964493700768799, 0.00011667962826322764, 0.00013091613072901964, 0.00012433975643943995, 0.0001245444145752117, 0.00012479792349040508, 0.00011610718502197415, 9.544594649923965e-05, 6.696923082927242e-05, 8.262546180048957e-05, 8.762216748436913e-05, 6.291082536336035e-05, 7.726712647126988e-05, 6.337747618090361e-05]]], "msds": [[[0, 1, 2, 3, 4, 5, 6, 7, 8, 9, 10, 11, 12, 13, 14, 15, 16, 17, 18, 19, 20], [4.89, 15.87, 40.2, 78.25, 81.47, 81.63, 83.68, 83.16, 84.25, 82.87, 84.87, 84.79, 85.13, 84.51, 85.47, 86.11, 86.46, 86.72, 86.35, 86.24, 86.97], [0, 0.005373665131628513, 0.002080983016639948, 0, 0.0007452004356309772, 0.0002984126331284642, 0.0005898246890865266, 0.00011831801384687424, 0.00036635412834584713, 0.00010408557136543095, 0.00029131726478226483, 0.00015554859419353306, 0.00021567847579717636, 0.00012788183812517673, 0.00011681260366458446, 0.0001663069415371865, 0.00013859242608305067, 0.00010959204519167542, 0.00010842374467756599, 0.00011674631969071925, 9.967992809833959e-05]], [[0, 1, 2, 3, 4, 5, 6, 7, 8, 9, 10, 11, 12, 13, 14, 15, 16, 17, 18, 19, 20], [11.53, 77.19, 81.11, 81.56, 79.22, 83.23, 83.39, 82.89, 82.26, 84.17, 84.52, 84.57, 84.38, 83.82, 84.78, 86.03, 86.23, 84.86, 86.51, 85.87, 85.39], [0, 0.005381262861192226, 0.003118102438747883, 0.001850973698310554, 0.001423984533175826, 0.0010332341771572828, 0.0008226778591051698, 0.0006118813762441278, 0.0004777557624038309, 0.00036010899930261075, 0.0001094727631425485, 6.896944250911474e-05, 9.310711902799085e-05, 9.808239701669663e-05, 0.00010388463124400005, 0.00010683467553462833, 6.29826172371395e-05, 0.00012144171341788024, 0.00010925249807769433, 0.00011674051347654313, 8.269881800515577e-05]]], "alpha": 0.9, "beta": 1.0, "gamma": 3.0, "num_samples": 6000, "node_count": 10, "density": 0.0, "startup_delay": 0.0, "forward_prob": 0}