{"nodes_data": [[[0, 1, 2, 3, 4, 5, 6, 7, 8, 9, 10, 11, 12, 13, 14, 15, 16, 17, 18, 19, 20], [14.48, 35.29, 66.53, 81.58, 83.26, 83.99, 84.42, 85.27, 84.91, 85.48, 85.29, 85.75, 85.84, 85.98, 86.63, 86.79, 86.67, 87.23, 87.09, 87.43, 86.93], [0, 0.005370593164116144, 0.0011237746803089976, 0.000200602225959301, 6.684149411739781e-05, 6.496129208244383e-05, 6.105856300564483e-05, 6.0616697737714276e-05, 6.466329068643972e-05, 6.757163646398112e-05, 7.1713664510753e-05, 7.046710379654542e-05, 7.709543569944799e-05, 7.786133937770501e-05, 8.022159454412758e-05, 8.378315396839753e-05, 8.424059342360124e-05, 9.060895536094904e-05, 8.750769484322518e-05, 8.69696305016987e-05, 9.757243969943374e-05]], [[0, 1, 2, 3, 4, 5, 6, 7, 8, 9, 10, 11, 12, 13, 14, 15, 16, 17, 18, 19, 20], [9.26, 11.98, 74.05, 81.98, 83.33, 83.93, 84.31, 85.19, 83.83, 85.6, 85.54, 85.3, 85.98, 86.24, 86.6, 86.96, 86.68, 86.97, 87.14, 87.48, 87.06], [0, 0.005346239078789949, 0.0006820078706368804, 0.00015245586109813303, 8.229920058511198e-05, 6.965474312892184e-05, 6.486548227258027e-05, 6.054582627257332e-05, 6.651930016232654e-05, 6.798885442549363e-05, 6.941865285625681e-05, 7.326845661737025e-05, 9.059403964783996e-05, 7.807390647940338e-05, 8.001909009180963e-05, 8.442833495792001e-05, 8.183550380636007e-05, 9.189784032059833e-05, 8.937891107052565e-05, 8.308718679472804e-05, 9.985262295231223e-05]]], "msds": [[[0, 1, 2, 3, 4, 5, 6, 7, 8, 9, 10, 11, 12, 13, 14, 15, 16, 17, 18, 19, 20], [14.48, 35.29, 66.53, 81.58, 83.26, 83.99, 84.42, 85.27, 84.91, 85.48, 85.29, 85.75, 85.84, 85.98, 86.63, 86.79, 86.67, 87.23, 87.09, 87.43, 86.93], [0, 0.005370593164116144, 0.0011237746803089976, 0.000200602225959301, 6.684149411739781e-05, 6.496129208244383e-05, 6.105856300564483e-05, 6.0616697737714276e-05, 6.466329068643972e-05, 6.757163646398112e-05, 7.1713664510753e-05, 7.046710379654542e-05, 7.709543569944799e-05, 7.786133937770501e-05, 8.022159454412758e-05, 8.378315396839753e-05, 8.424059342360124e-05, 9.060895536094904e-05, 8.750769484322518e-05, 8.69696305016987e-05, 9.757243969943374e-05]], [[0, 1, 2, 3, 4, 5, 6, 7, 8, 9, 10, 11, 12, 13, 14, 15, 16, 17, 18, 19, 20], [6.54, 10.0, 68.26, 81.38, 83.47, 83.94, 83.97, 85.11, 84.48, 85.48, 85.53, 85.74, 86.03, 86.12, 86.73, 87.03, 86.74, 86.94, 87.17, 87.44, 87.11], [0, 0.005353509448468685, 0.0008988565532490611, 0.00015224594972096384, 8.50068245199509e-05, 6.967117224121466e-05, 6.378229591064155e-05, 6.6138687543571e-05, 6.419846613425761e-05, 7.14700945536606e-05, 6.974404823267832e-05, 7.145055860746652e-05, 7.661170093342662e-05, 7.969080616021529e-05, 8.174793038051575e-05, 8.647576032672077e-05, 9.109020174946636e-05, 9.553778363624588e-05, 9.902125020744279e-05, 8.78639257280156e-05, 9.85643855528906e-05]]], "alpha": 1.0, "beta": 0.0, "gamma": 3.0, "num_samples": 6000, "node_count": 10, "density": 1.0, "startup_delay": 0.0, "forward_prob": 0}