{"nodes_data": [[[0, 1, 2, 3, 4, 5, 6, 7, 8, 9, 10, 11, 12, 13, 14, 15, 16, 17, 18, 19, 20], [12.41, 10.0, 63.69, 76.07, 81.01, 81.51, 83.05, 84.16, 84.27, 84.6, 84.84, 85.11, 85.2, 85.47, 85.68, 85.98, 86.32, 86.3, 86.18, 86.7, 86.66], [0, 0.00535623962059617, 0.001769101363606751, 0.0004808754601981491, 0.00019440559844952077, 9.355181828141212e-05, 7.534861651947722e-05, 7.333727990044281e-05, 7.454016304109246e-05, 7.449522672686726e-05, 7.862444181228057e-05, 7.597568037454039e-05, 8.160486322594807e-05, 8.015715866349638e-05, 8.155135583365336e-05, 8.614520629635081e-05, 8.824140968499705e-05, 9.13417898118496e-05, 8.638249710202217e-05, 9.225897520082071e-05, 9.535228309687227e-05]], [[0, 1, 2, 3, 4, 5, 6, 7, 8, 9, 10, 11, 12, 13, 14, 15, 16, 17, 18, 19, 20], [12.58, 10.0, 10.0, 76.27, 81.3, 81.96, 83.27, 84.4, 84.46, 84.64, 84.89, 84.91, 85.23, 85.58, 85.65, 85.94, 86.2, 86.22, 86.29, 86.51, 86.41], [0, 0.005376393441110849, 0.002877370687201619, 0.00046841363655403256, 0.00018623167125042528, 8.989807975012809e-05, 7.324331818381324e-05, 7.289216591743752e-05, 7.865605584811419e-05, 7.856349111534655e-05, 7.718828419456258e-05, 8.118504047160968e-05, 8.144264575093985e-05, 8.055234502535313e-05, 8.081633859546855e-05, 9.067516657523811e-05, 8.292743586935103e-05, 9.461529407417402e-05, 9.203559602610767e-05, 9.553875861456618e-05, 9.343129204353318e-05]]], "msds": [[[0, 1, 2, 3, 4, 5, 6, 7, 8, 9, 10, 11, 12, 13, 14, 15, 16, 17, 18, 19, 20], [12.41, 10.0, 63.69, 76.07, 81.01, 81.51, 83.05, 84.16, 84.27, 84.6, 84.84, 85.11, 85.2, 85.47, 85.68, 85.98, 86.32, 86.3, 86.18, 86.7, 86.66], [0, 0.00535623962059617, 0.001769101363606751, 0.0004808754601981491, 0.00019440559844952077, 9.355181828141212e-05, 7.534861651947722e-05, 7.333727990044281e-05, 7.454016304109246e-05, 7.449522672686726e-05, 7.862444181228057e-05, 7.597568037454039e-05, 8.160486322594807e-05, 8.015715866349638e-05, 8.155135583365336e-05, 8.614520629635081e-05, 8.824140968499705e-05, 9.13417898118496e-05, 8.638249710202217e-05, 9.225897520082071e-05, 9.535228309687227e-05]], [[0, 1, 2, 3, 4, 5, 6, 7, 8, 9, 10, 11, 12, 13, 14, 15, 16, 17, 18, 19, 20], [12.71, 10.0, 36.4, 74.97, 81.27, 82.36, 83.25, 84.27, 84.54, 84.76, 84.8, 84.72, 85.15, 85.68, 85.77, 85.96, 86.24, 86.22, 86.06, 86.63, 86.46], [0, 0.005366625729948282, 0.0025411187671124935, 0.00047534238547086716, 0.000165824982104823, 8.754647569730878e-05, 7.949986320454627e-05, 7.261169230332598e-05, 7.26626967662014e-05, 7.77945460868068e-05, 7.796913996571675e-05, 7.825087232049555e-05, 7.982145325513557e-05, 8.482336124870926e-05, 8.178768621291965e-05, 8.725986845092848e-05, 8.835094922687858e-05, 9.403539297636598e-05, 9.253196185454726e-05, 9.374301589559764e-05, 0.00010034734441433102]]], "alpha": 0.0, "beta": 2.0, "gamma": 5.0, "num_samples": 6000, "node_count": 10, "density": 1.0, "startup_delay": 0.0, "forward_prob": 0}