{"nodes_data": [[[0, 1, 2, 3, 4, 5, 6, 7, 8, 9, 10, 11, 12, 13, 14, 15, 16, 17, 18, 19, 20], [7.11, 43.76, 78.62, 81.75, 82.58, 82.44, 83.68, 82.88, 83.83, 83.58, 84.36, 83.48, 84.06, 84.55, 84.14, 83.44, 84.37, 84.61, 84.85, 85.19, 84.28], [0, 0.005375048145651817, 0, 0, 0, 0, 0, 0, 0, 0, 0, 0, 0, 0, 0, 0, 0, 0, 0, 0, 0]], [[0, 1, 2, 3, 4, 5, 6, 7, 8, 9, 10, 11, 12, 13, 14, 15, 16, 17, 18, 19, 20], [6.14, 77.33, 80.05, 82.74, 82.95, 84.48, 84.04, 84.84, 84.54, 85.33, 85.74, 85.37, 85.28, 85.49, 85.56, 84.57, 85.61, 86.44, 85.74, 85.85, 85.13], [0, 0, 0.00158743339125067, 0.0005701972404494882, 0.00041241419967263937, 0.00043665431439876556, 0.000482850125990808, 0.0002668708038982004, 0.00019719352712854743, 0.00018193294818047434, 0.00016441619663964957, 0.00017507998563814908, 0.00017362342623528093, 0.00016924497322179377, 0.00019044065265916288, 0.00019299559062346816, 0.000185117925866507, 0.0001749602670315653, 0.00018695200560614467, 0.00018031062791123986, 0.00017988278705161065]]], "msds": [[[0, 1, 2, 3, 4, 5, 6, 7, 8, 9, 10, 11, 12, 13, 14, 15, 16, 17, 18, 19, 20], [7.11, 43.76, 78.62, 81.75, 82.58, 82.44, 83.68, 82.88, 83.83, 83.58, 84.36, 83.48, 84.06, 84.55, 84.14, 83.44, 84.37, 84.61, 84.85, 85.19, 84.28], [0, 0.005375048145651817, 0, 0, 0, 0, 0, 0, 0, 0, 0, 0, 0, 0, 0, 0, 0, 0, 0, 0, 0]], [[0, 1, 2, 3, 4, 5, 6, 7, 8, 9, 10, 11, 12, 13, 14, 15, 16, 17, 18, 19, 20], [9.8, 22.92, 79.05, 82.49, 83.27, 84.26, 84.54, 84.87, 85.19, 85.66, 85.87, 85.84, 85.93, 86.28, 86.22, 85.9, 86.63, 86.6, 86.39, 86.22, 86.02], [0, 0.005359138362109661, 0.0015052531380206347, 0.000506920216139406, 0.0003533816779963672, 0.00027866719756275415, 0.00032608359470032156, 0.00024572035181336105, 0.00016228588356170803, 0.0001614118809811771, 0.00015759664529468864, 0.00016896358283702284, 0.0001659491827012971, 0.00017041880346368998, 0.00017018028302118182, 0.00017580873100087047, 0.00017737159214448184, 0.00019639461243059486, 0.00017660786397755146, 0.0001723590394249186, 0.0001759413571562618]]], "alpha": 0.0, "beta": 0.5, "gamma": 0.0, "num_samples": 6000, "node_count": 10, "density": 0.75, "startup_delay": 0.0, "forward_prob": 0}