{"nodes_data": [[[0, 1, 2, 3, 4, 5, 6, 7, 8, 9, 10, 11, 12, 13, 14, 15, 16, 17, 18, 19, 20], [6.44, 68.84, 81.49, 82.39, 82.39, 83.36, 84.37, 84.67, 85.12, 85.27, 86.04, 84.54, 84.47, 85.6, 85.72, 86.4, 85.89, 86.97, 86.38, 86.24, 87.15], [0, 0.0022912120912224054, 0.0007338282302953303, 0.0003039560397155583, 0.0001900086208479479, 0.0002127579937223345, 0.00027278269408270717, 0.00013340800069272518, 0.00012010646605631337, 0.00012178346514701843, 6.455903348978609e-05, 0, 0, 0, 0.0001848921092459932, 0.00021083727187942713, 0.00020243112521711737, 0.00018039839051198214, 0.00017022210522554815, 0.00015706064004916698, 0.00010518679482629523]], [[0, 1, 2, 3, 4, 5, 6, 7, 8, 9, 10, 11, 12, 13, 14, 15, 16, 17, 18, 19, 20], [11.93, 42.42, 79.72, 82.41, 82.28, 84.44, 84.25, 84.81, 85.65, 85.88, 85.95, 86.35, 86.55, 87.0, 86.82, 86.45, 86.94, 84.42, 85.72, 87.08, 87.34], [0, 0.003814184805378318, 0.000974645430687815, 0.0003794207004830241, 0.00020820442296098918, 0.00020812434377148747, 0.0002704029029700905, 0.0001500694634160027, 0.00018732849275693297, 0.00021088174253236502, 0.00020674930419772863, 0.0002532235812395811, 0.00029882745002396405, 0.00016216462245211005, 9.877833508653566e-05, 8.715764852240682e-05, 9.937556751538068e-05, 0, 0, 0.00023040060477796942, 0.00021335268684197217]]], "msds": [[[0, 1, 2, 3, 4, 5, 6, 7, 8, 9, 10, 11, 12, 13, 14, 15, 16, 17, 18, 19, 20], [6.44, 68.84, 81.49, 82.39, 82.39, 83.36, 84.37, 84.67, 85.12, 85.27, 86.04, 84.54, 84.47, 85.6, 85.72, 86.4, 85.89, 86.97, 86.38, 86.24, 87.15], [0, 0.0022912120912224054, 0.0007338282302953303, 0.0003039560397155583, 0.0001900086208479479, 0.0002127579937223345, 0.00027278269408270717, 0.00013340800069272518, 0.00012010646605631337, 0.00012178346514701843, 6.455903348978609e-05, 0, 0, 0, 0.0001848921092459932, 0.00021083727187942713, 0.00020243112521711737, 0.00018039839051198214, 0.00017022210522554815, 0.00015706064004916698, 0.00010518679482629523]], [[0, 1, 2, 3, 4, 5, 6, 7, 8, 9, 10, 11, 12, 13, 14, 15, 16, 17, 18, 19, 20], [3.3, 12.62, 77.24, 79.95, 81.48, 83.68, 84.75, 83.77, 84.69, 85.58, 85.17, 84.57, 85.28, 86.09, 86.78, 86.6, 86.7, 86.65, 87.06, 87.21, 86.61], [0, 0.005352823529392481, 0.0009541641338728368, 0.0009455386316403747, 0.000577025581151247, 0.00036355460179038346, 0.00024112682149279863, 0.00022967264521867037, 0.00014798388292547315, 0.00011506723967613652, 0.00011548686597961932, 0, 0, 0.00026553275529295206, 0.0001511842419859022, 0.00011442616232670844, 0.00016742963634897023, 0.00013782882888335735, 0.00016506451356690377, 0.00015517610881943256, 0.00010482765355845913]]], "alpha": 0.0, "beta": 0.0, "gamma": 3.0, "num_samples": 6000, "node_count": 10, "density": 0.0, "startup_delay": 0.0, "forward_prob": 0}