{"nodes_data": [[[0, 1, 2, 3, 4, 5, 6, 7, 8, 9, 10, 11, 12, 13, 14, 15, 16, 17, 18, 19, 20], [11.15, 42.8, 81.15, 81.91, 82.71, 82.49, 80.6, 82.07, 85.24, 84.38, 84.55, 82.92, 83.88, 85.22, 84.44, 82.48, 84.68, 84.23, 86.31, 84.15, 85.06], [0, 0.00536775728687644, 0.0015822028508409858, 0.0005420154775492847, 0, 0, 0, 0, 0.00015214529412332922, 0, 0, 0, 0, 0, 0, 0, 0, 0, 0.00021754381305072457, 0, 0]], [[0, 1, 2, 3, 4, 5, 6, 7, 8, 9, 10, 11, 12, 13, 14, 15, 16, 17, 18, 19, 20], [9.58, 42.31, 79.78, 83.4, 83.95, 84.89, 85.19, 85.08, 85.22, 84.48, 85.19, 85.8, 85.89, 86.23, 86.0, 86.36, 85.66, 85.63, 86.18, 85.79, 85.26], [0, 0.005357823800295591, 0.0015726126730442047, 0.0005358543712645769, 0.0002491391496732831, 0.00018272451416123658, 0.00016507148393429816, 0.000155740010086447, 0.00016098274500109255, 0.00016322046576533467, 0.0001636400556890294, 0.00016721989959478378, 0.00017934851348400116, 0.00016077005420811474, 0.00017231232777703553, 0.00017321531777270138, 0.00019732625514734536, 0.00017724023200571537, 0.00016956491163000464, 0.00016331444203387946, 0]]], "msds": [[[0, 1, 2, 3, 4, 5, 6, 7, 8, 9, 10, 11, 12, 13, 14, 15, 16, 17, 18, 19, 20], [11.15, 42.8, 81.15, 81.91, 82.71, 82.49, 80.6, 82.07, 85.24, 84.38, 84.55, 82.92, 83.88, 85.22, 84.44, 82.48, 84.68, 84.23, 86.31, 84.15, 85.06], [0, 0.00536775728687644, 0.0015822028508409858, 0.0005420154775492847, 0, 0, 0, 0, 0.00015214529412332922, 0, 0, 0, 0, 0, 0, 0, 0, 0, 0.00021754381305072457, 0, 0]], [[0, 1, 2, 3, 4, 5, 6, 7, 8, 9, 10, 11, 12, 13, 14, 15, 16, 17, 18, 19, 20], [10.55, 78.51, 81.38, 80.78, 83.25, 83.8, 84.7, 83.7, 83.66, 84.51, 84.72, 83.14, 84.36, 83.9, 85.6, 84.53, 83.11, 83.64, 85.13, 84.76, 86.14], [0, 0, 0, 0, 0, 0, 0, 0, 0, 0, 0, 0, 0, 0, 0, 0, 0, 0, 0, 0, 0.00017527794989291579]]], "alpha": 0.0, "beta": 0.5, "gamma": 0.0, "num_samples": 6000, "node_count": 10, "density": 0.0, "startup_delay": 0.0, "forward_prob": 0}