{"nodes_data": [[[0, 1, 2, 3, 4, 5, 6, 7, 8, 9, 10, 11, 12, 13, 14, 15, 16, 17, 18, 19, 20], [7.78, 48.39, 75.51, 81.09, 82.83, 83.32, 84.09, 84.7, 84.54, 85.54, 85.37, 86.03, 86.12, 86.38, 86.25, 86.27, 86.84, 86.78, 86.55, 87.05, 87.09], [0, 0.005364294163882732, 0.0008383089443668723, 0.00035445636603981256, 0.00012762077676597983, 8.577371772844344e-05, 9.292845061281696e-05, 9.309536835644394e-05, 8.909069583751261e-05, 9.509680239716545e-05, 9.842279541771859e-05, 9.52326663536951e-05, 0.0001026740501401946, 0.00010208947787759826, 0.00010513180313864723, 0.00010259864939143881, 0.00010968183050863445, 0.00011521371925482526, 0.00010856828157557175, 0.00011568419722607359, 0.0001144257839769125]], [[0, 1, 2, 3, 4, 5, 6, 7, 8, 9, 10, 11, 12, 13, 14, 15, 16, 17, 18, 19, 20], [10.69, 41.27, 69.72, 80.78, 82.37, 83.79, 84.51, 84.22, 84.98, 85.11, 85.47, 85.9, 86.13, 85.97, 86.15, 86.63, 86.85, 86.69, 86.36, 86.88, 86.86], [0, 0.005367794074118137, 0.0010864330688491464, 0.0003842769074253738, 0.00013527607370633632, 9.308675362262875e-05, 9.716617205413058e-05, 9.197135659633204e-05, 9.573378338245675e-05, 0.00010499949712539092, 0.00010545176337473094, 0.00010154830670217052, 9.663019591243938e-05, 0.00011000045196851715, 9.947552462108433e-05, 0.00010935906902886927, 0.00011357012408552691, 0.00011816170444944873, 0.00011020685633411631, 0.00011649684165604413, 0.0001180469844257459]]], "msds": [[[0, 1, 2, 3, 4, 5, 6, 7, 8, 9, 10, 11, 12, 13, 14, 15, 16, 17, 18, 19, 20], [7.78, 48.39, 75.51, 81.09, 82.83, 83.32, 84.09, 84.7, 84.54, 85.54, 85.37, 86.03, 86.12, 86.38, 86.25, 86.27, 86.84, 86.78, 86.55, 87.05, 87.09], [0, 0.005364294163882732, 0.0008383089443668723, 0.00035445636603981256, 0.00012762077676597983, 8.577371772844344e-05, 9.292845061281696e-05, 9.309536835644394e-05, 8.909069583751261e-05, 9.509680239716545e-05, 9.842279541771859e-05, 9.52326663536951e-05, 0.0001026740501401946, 0.00010208947787759826, 0.00010513180313864723, 0.00010259864939143881, 0.00010968183050863445, 0.00011521371925482526, 0.00010856828157557175, 0.00011568419722607359, 0.0001144257839769125]], [[0, 1, 2, 3, 4, 5, 6, 7, 8, 9, 10, 11, 12, 13, 14, 15, 16, 17, 18, 19, 20], [7.0, 28.66, 76.26, 80.58, 82.73, 83.14, 84.51, 84.58, 84.08, 85.24, 85.27, 85.84, 86.12, 86.49, 86.47, 86.19, 87.03, 86.91, 86.99, 86.83, 87.03], [0, 0.005360801238566637, 0.0009257062920369208, 0.00033473732764832675, 0.00011639168224064633, 9.312169277109206e-05, 8.89941438799724e-05, 8.716838055988774e-05, 8.84028195287101e-05, 9.274258627556264e-05, 9.870133362710476e-05, 9.118252637563273e-05, 0.00010183846461586654, 0.00010104877583216876, 9.758712258189917e-05, 0.0001092542806873098, 0.00010682364518288523, 0.00011665256170090288, 0.00010866847151191905, 0.00011721201735781506, 0.00011329486005706713]]], "alpha": 0.7, "beta": 0.5, "gamma": 3.0, "num_samples": 6000, "node_count": 10, "density": 1.0, "startup_delay": 0.0, "forward_prob": 0}