{"nodes_data": [[[0, 1, 2, 3, 4, 5, 6, 7, 8, 9, 10, 11, 12, 13, 14, 15, 16, 17, 18, 19, 20], [15.13, 10.62, 73.24, 79.48, 80.54, 82.26, 82.77, 83.65, 84.26, 84.64, 84.82, 84.93, 85.55, 85.46, 85.75, 85.82, 85.57, 85.95, 86.3, 86.28, 86.57], [0, 0.005349025595933199, 0.0014605666510760784, 0.00046587397810071707, 0.00022125781106296927, 0.0001002826465992257, 7.76862507336773e-05, 7.56439330871217e-05, 7.568160799564794e-05, 7.45792785892263e-05, 7.449682016158476e-05, 7.447345706168562e-05, 7.9763813118916e-05, 8.091307972790673e-05, 8.351860742550343e-05, 8.716381125850603e-05, 9.186035458697006e-05, 9.214627789333463e-05, 8.787989645497873e-05, 9.468538337387145e-05, 9.833581862039864e-05]], [[0, 1, 2, 3, 4, 5, 6, 7, 8, 9, 10, 11, 12, 13, 14, 15, 16, 17, 18, 19, 20], [7.08, 10.0, 10.13, 76.55, 80.7, 82.49, 82.83, 83.62, 84.46, 84.7, 84.57, 85.04, 85.35, 85.52, 85.7, 85.85, 86.08, 86.27, 86.3, 86.36, 86.57], [0, 0.005378658417612314, 0.002895830199122429, 0.000550021359231323, 0.00020242696336936206, 0.00010503279190743342, 7.800294406479225e-05, 7.558776997029781e-05, 7.593783811898902e-05, 7.522720989072695e-05, 7.686451135668904e-05, 7.942378579173237e-05, 8.178713324014097e-05, 8.510243787895888e-05, 8.775863534538075e-05, 8.597456326242536e-05, 9.11449606064707e-05, 9.033191599883139e-05, 9.229196439264342e-05, 9.371505439048633e-05, 9.342229168396443e-05]]], "msds": [[[0, 1, 2, 3, 4, 5, 6, 7, 8, 9, 10, 11, 12, 13, 14, 15, 16, 17, 18, 19, 20], [15.13, 10.62, 73.24, 79.48, 80.54, 82.26, 82.77, 83.65, 84.26, 84.64, 84.82, 84.93, 85.55, 85.46, 85.75, 85.82, 85.57, 85.95, 86.3, 86.28, 86.57], [0, 0.005349025595933199, 0.0014605666510760784, 0.00046587397810071707, 0.00022125781106296927, 0.0001002826465992257, 7.76862507336773e-05, 7.56439330871217e-05, 7.568160799564794e-05, 7.45792785892263e-05, 7.449682016158476e-05, 7.447345706168562e-05, 7.9763813118916e-05, 8.091307972790673e-05, 8.351860742550343e-05, 8.716381125850603e-05, 9.186035458697006e-05, 9.214627789333463e-05, 8.787989645497873e-05, 9.468538337387145e-05, 9.833581862039864e-05]], [[0, 1, 2, 3, 4, 5, 6, 7, 8, 9, 10, 11, 12, 13, 14, 15, 16, 17, 18, 19, 20], [11.96, 10.27, 56.62, 79.6, 81.49, 82.62, 82.68, 84.07, 84.67, 84.71, 84.62, 84.86, 85.49, 85.65, 85.59, 85.92, 86.15, 86.31, 86.35, 86.46, 86.42], [0, 0.005342070944607258, 0.0020856508053839207, 0.0004333718679845333, 0.00016363752365577966, 8.21334178908728e-05, 7.706130418227986e-05, 7.295283285202459e-05, 6.987583765294403e-05, 7.208324677776545e-05, 7.36429647076875e-05, 7.752207602607086e-05, 7.888656546128914e-05, 7.867936801631004e-05, 8.592819358455017e-05, 8.462040568701923e-05, 9.25374188227579e-05, 9.115019929595292e-05, 8.842916577123106e-05, 9.229047282133251e-05, 9.478855645284057e-05]]], "alpha": 0.0, "beta": 2.0, "gamma": 3.0, "num_samples": 6000, "node_count": 10, "density": 1.0, "startup_delay": 0.0, "forward_prob": 0}