{"nodes_data": [[[0, 1, 2, 3, 4, 5, 6, 7, 8, 9, 10, 11, 12, 13, 14, 15, 16, 17, 18, 19, 20], [14.45, 10.01, 14.4, 68.51, 81.64, 82.37, 83.46, 83.75, 84.58, 84.35, 84.77, 84.86, 85.23, 85.52, 85.71, 85.88, 86.05, 86.08, 86.23, 86.52, 86.31], [0, 0.005367178004235029, 0.002649845788255334, 0.0007239904953166842, 0.00024058198323473334, 0.00013233425852376968, 8.776837057666853e-05, 7.151433237595484e-05, 6.790651968913153e-05, 6.77716889185831e-05, 7.005826046224684e-05, 7.312978414120153e-05, 7.427894888678566e-05, 7.587073923787102e-05, 7.440361514454708e-05, 7.958873902680352e-05, 7.904245285317302e-05, 8.381545194424689e-05, 8.561353024560958e-05, 8.662231994094327e-05, 8.803335367701948e-05]], [[0, 1, 2, 3, 4, 5, 6, 7, 8, 9, 10, 11, 12, 13, 14, 15, 16, 17, 18, 19, 20], [7.44, 10.0, 58.01, 74.33, 82.14, 82.87, 83.67, 83.63, 84.44, 84.36, 84.8, 85.0, 85.11, 85.44, 85.53, 85.81, 86.1, 86.3, 86.36, 86.65, 86.49], [0, 0.005366407800465822, 0.001938481000252068, 0.0005723602371290326, 0.0001667575997998938, 0.00010128381109097973, 8.827281999401748e-05, 7.409413228742778e-05, 6.858641427243128e-05, 7.209034083643928e-05, 7.034360896795988e-05, 7.189888856373727e-05, 7.576029747724533e-05, 7.781694148434326e-05, 7.838605233700946e-05, 8.345080277649686e-05, 8.096129749901593e-05, 8.784989768173546e-05, 8.725626685190946e-05, 9.019084245664999e-05, 8.67270355229266e-05]]], "msds": [[[0, 1, 2, 3, 4, 5, 6, 7, 8, 9, 10, 11, 12, 13, 14, 15, 16, 17, 18, 19, 20], [14.45, 10.01, 14.4, 68.51, 81.64, 82.37, 83.46, 83.75, 84.58, 84.35, 84.77, 84.86, 85.23, 85.52, 85.71, 85.88, 86.05, 86.08, 86.23, 86.52, 86.31], [0, 0.005367178004235029, 0.002649845788255334, 0.0007239904953166842, 0.00024058198323473334, 0.00013233425852376968, 8.776837057666853e-05, 7.151433237595484e-05, 6.790651968913153e-05, 6.77716889185831e-05, 7.005826046224684e-05, 7.312978414120153e-05, 7.427894888678566e-05, 7.587073923787102e-05, 7.440361514454708e-05, 7.958873902680352e-05, 7.904245285317302e-05, 8.381545194424689e-05, 8.561353024560958e-05, 8.662231994094327e-05, 8.803335367701948e-05]], [[0, 1, 2, 3, 4, 5, 6, 7, 8, 9, 10, 11, 12, 13, 14, 15, 16, 17, 18, 19, 20], [12.63, 23.92, 10.0, 72.41, 81.9, 81.84, 83.5, 83.65, 84.34, 84.35, 84.89, 84.98, 85.29, 85.5, 85.83, 86.12, 86.09, 86.11, 86.59, 86.59, 86.77], [0, 0.005347408354282379, 0.0033054479863494635, 0.0007169551681727171, 0.00032064670813269913, 0.000136017391923815, 7.562035898445174e-05, 7.543454557890072e-05, 6.78889118717052e-05, 6.74850816722028e-05, 7.067036494845524e-05, 7.091096631484106e-05, 7.555136107839644e-05, 7.595187344122678e-05, 7.550165173597634e-05, 7.938586350064725e-05, 8.056112710619345e-05, 8.341248030774295e-05, 9.221187065122649e-05, 8.914730278775096e-05, 8.925433940021321e-05]]], "alpha": 1.0, "beta": 1.0, "gamma": 3.0, "num_samples": 6000, "node_count": 10, "density": 1.0, "startup_delay": 0.0, "forward_prob": 0}