{"nodes_data": [[[0, 1, 2, 3, 4, 5, 6, 7, 8, 9, 10, 11, 12, 13, 14, 15, 16, 17, 18, 19, 20], [11.47, 32.01, 56.99, 81.22, 81.3, 82.91, 83.79, 83.92, 84.41, 84.56, 83.77, 84.79, 85.11, 85.85, 86.01, 85.97, 86.24, 85.72, 86.61, 86.68, 86.53], [0, 0.005352741107344627, 0.001710390322841704, 0.0008714940631762147, 0.0006759916432201862, 0.0001838114985730499, 0.0002442079421598464, 0.0003208417329005897, 0.00015617706230841577, 0.0002031550684478134, 0.00027082054293714464, 0.00011506251757964492, 9.862310980679467e-05, 0.00013856661098543555, 9.261263767257333e-05, 9.109834354603663e-05, 6.026143819326535e-05, 7.25958016118966e-05, 6.251010199775919e-05, 7.687484321650118e-05, 6.8859793827869e-05]], [[0, 1, 2, 3, 4, 5, 6, 7, 8, 9, 10, 11, 12, 13, 14, 15, 16, 17, 18, 19, 20], [8.35, 51.74, 67.9, 83.09, 83.34, 83.97, 84.25, 85.02, 85.44, 85.58, 85.94, 86.63, 86.46, 86.6, 86.76, 86.95, 86.64, 86.59, 87.36, 87.35, 87.23], [0, 0.005390243139117956, 0.0015889463247731328, 0.00034159774077124894, 0.000357206619810313, 0.00010626203584251925, 0.00037634873297065496, 0.0001236901298398152, 0.00018017206457443535, 6.073646363802254e-05, 6.664153625024483e-05, 6.275867781369016e-05, 5.1231891120551154e-05, 5.601664088317193e-05, 5.142203372088261e-05, 5.223120751907118e-05, 4.7202214773278683e-05, 5.002755278837867e-05, 5.782503285445273e-05, 5.890272950637154e-05, 5.650531966239214e-05]]], "msds": [[[0, 1, 2, 3, 4, 5, 6, 7, 8, 9, 10, 11, 12, 13, 14, 15, 16, 17, 18, 19, 20], [11.47, 32.01, 56.99, 81.22, 81.3, 82.91, 83.79, 83.92, 84.41, 84.56, 83.77, 84.79, 85.11, 85.85, 86.01, 85.97, 86.24, 85.72, 86.61, 86.68, 86.53], [0, 0.005352741107344627, 0.001710390322841704, 0.0008714940631762147, 0.0006759916432201862, 0.0001838114985730499, 0.0002442079421598464, 0.0003208417329005897, 0.00015617706230841577, 0.0002031550684478134, 0.00027082054293714464, 0.00011506251757964492, 9.862310980679467e-05, 0.00013856661098543555, 9.261263767257333e-05, 9.109834354603663e-05, 6.026143819326535e-05, 7.25958016118966e-05, 6.251010199775919e-05, 7.687484321650118e-05, 6.8859793827869e-05]], [[0, 1, 2, 3, 4, 5, 6, 7, 8, 9, 10, 11, 12, 13, 14, 15, 16, 17, 18, 19, 20], [9.82, 43.65, 57.58, 62.13, 82.67, 83.3, 83.1, 85.17, 84.75, 85.0, 86.18, 86.72, 86.54, 86.16, 86.05, 86.93, 87.08, 87.21, 87.21, 86.94, 87.07], [0, 0.005364703945815563, 0.002106526866555214, 0.0013937801122665405, 0.0004146034480072558, 0.0002567669143900275, 0.0002131286746589467, 8.369013812625781e-05, 8.92181706149131e-05, 0.00017328177636954933, 0.00019386049825698137, 0.00011661649477900937, 0.00011118682596134022, 7.45473153074272e-05, 8.745726518100128e-05, 9.148289245786145e-05, 6.373509677359834e-05, 6.093910997151397e-05, 5.680271715391427e-05, 7.029396510915831e-05, 5.469887764775194e-05]]], "alpha": 0.9, "beta": 1.0, "gamma": 2.0, "num_samples": 6000, "node_count": 10, "density": 0.0, "startup_delay": 0.0, "forward_prob": 0}