{"nodes_data": [[[0, 1, 2, 3, 4, 5, 6, 7, 8, 9, 10, 11, 12, 13, 14, 15, 16, 17, 18, 19, 20], [12.79, 10.0, 67.5, 81.68, 83.08, 83.93, 84.31, 85.01, 84.97, 85.5, 85.26, 85.94, 86.18, 86.14, 86.49, 86.81, 86.7, 87.01, 87.16, 87.25, 86.98], [0, 0.005353499669581652, 0.0007519036298617721, 0.00014304209616966546, 7.152988109737635e-05, 6.73198519507423e-05, 6.886800838401541e-05, 7.27317965356633e-05, 7.293084490811452e-05, 7.476220343960449e-05, 7.679419650230557e-05, 8.171067747753114e-05, 8.322063513332978e-05, 8.768535917624831e-05, 8.268769306596369e-05, 8.958441321738064e-05, 9.553705604048446e-05, 9.457812120672315e-05, 9.099358430830762e-05, 0.00010088059934787452, 9.807301103137434e-05]], [[0, 1, 2, 3, 4, 5, 6, 7, 8, 9, 10, 11, 12, 13, 14, 15, 16, 17, 18, 19, 20], [10.0, 10.07, 71.88, 81.79, 83.12, 83.95, 83.88, 84.77, 85.13, 85.73, 85.19, 85.96, 86.31, 86.14, 86.62, 86.84, 87.03, 87.13, 87.26, 87.29, 87.01], [0, 0.0053760032169520855, 0.0007397921872325242, 0.00014913108316250145, 6.863570888526738e-05, 6.611916614929214e-05, 6.898018182255328e-05, 7.156991341616958e-05, 7.24775527487509e-05, 7.270892092492431e-05, 7.56844092393294e-05, 7.752637611702085e-05, 7.83011710154824e-05, 8.323009387822822e-05, 8.526949386578053e-05, 8.975066884886473e-05, 9.37504883040674e-05, 9.646516264183447e-05, 8.844993135426193e-05, 0.00010042158100986853, 9.318085358245298e-05]]], "msds": [[[0, 1, 2, 3, 4, 5, 6, 7, 8, 9, 10, 11, 12, 13, 14, 15, 16, 17, 18, 19, 20], [12.79, 10.0, 67.5, 81.68, 83.08, 83.93, 84.31, 85.01, 84.97, 85.5, 85.26, 85.94, 86.18, 86.14, 86.49, 86.81, 86.7, 87.01, 87.16, 87.25, 86.98], [0, 0.005353499669581652, 0.0007519036298617721, 0.00014304209616966546, 7.152988109737635e-05, 6.73198519507423e-05, 6.886800838401541e-05, 7.27317965356633e-05, 7.293084490811452e-05, 7.476220343960449e-05, 7.679419650230557e-05, 8.171067747753114e-05, 8.322063513332978e-05, 8.768535917624831e-05, 8.268769306596369e-05, 8.958441321738064e-05, 9.553705604048446e-05, 9.457812120672315e-05, 9.099358430830762e-05, 0.00010088059934787452, 9.807301103137434e-05]], [[0, 1, 2, 3, 4, 5, 6, 7, 8, 9, 10, 11, 12, 13, 14, 15, 16, 17, 18, 19, 20], [10.31, 10.0, 75.82, 81.61, 82.89, 83.88, 84.07, 84.73, 85.0, 85.48, 85.03, 85.82, 86.28, 85.88, 86.25, 86.82, 86.9, 87.01, 87.25, 87.18, 87.04], [0, 0.005346974357962608, 0.0006782663404010236, 0.00015199577319435775, 7.232097414089367e-05, 7.321700832108036e-05, 6.918048165971413e-05, 7.00366435921751e-05, 7.415212894557044e-05, 7.656872185179964e-05, 7.921165524749085e-05, 8.189559594029561e-05, 8.422970859101042e-05, 8.276278094854206e-05, 8.424447878496721e-05, 8.409213478444144e-05, 9.078983566723764e-05, 9.786586451809853e-05, 9.076390415430069e-05, 9.745527495397255e-05, 9.88361716736108e-05]]], "alpha": 0.9, "beta": 0.0, "gamma": 5.0, "num_samples": 6000, "node_count": 10, "density": 0.75, "startup_delay": 0.0, "forward_prob": 0}