{"nodes_data": [[[0, 1, 2, 3, 4, 5, 6, 7, 8, 9, 10, 11, 12, 13, 14, 15, 16, 17, 18, 19, 20], [5.57, 35.8, 10.0, 77.38, 81.42, 82.07, 83.09, 84.14, 83.97, 84.54, 84.87, 85.24, 85.46, 85.62, 85.94, 86.1, 85.9, 86.51, 86.95, 86.72, 86.88], [0, 0.0053804912604391575, 0.0034866435453295708, 0.0009853314841166139, 0.00022507527319248766, 0.00010689717601053417, 7.710300997132435e-05, 7.36811343813315e-05, 7.247152825584635e-05, 7.457718311343342e-05, 7.746164192212746e-05, 7.703610754106194e-05, 7.968692807480693e-05, 8.416678610956296e-05, 8.305819210363552e-05, 7.889688276918605e-05, 8.730098488740623e-05, 8.75743935466744e-05, 8.951728523243219e-05, 9.268800931749865e-05, 0.0001014534936985001]], [[0, 1, 2, 3, 4, 5, 6, 7, 8, 9, 10, 11, 12, 13, 14, 15, 16, 17, 18, 19, 20], [6.08, 10.0, 53.99, 78.66, 81.2, 82.26, 83.57, 84.13, 83.86, 84.75, 84.76, 85.18, 85.66, 85.8, 86.07, 86.05, 86.22, 86.74, 86.65, 86.89, 86.9], [0, 0.00536736287176609, 0.0019143378594890237, 0.0008064456051215529, 0.00030604671337641776, 0.00010247021418763325, 8.338496263604611e-05, 7.516471669077873e-05, 7.456617458956316e-05, 7.522647501900792e-05, 7.560950325569138e-05, 8.229156082961708e-05, 7.962401286931708e-05, 8.034618076635525e-05, 7.854931754991412e-05, 8.772619912633672e-05, 8.210700616473332e-05, 8.852559403749183e-05, 8.841891394695267e-05, 8.954651275416836e-05, 9.129365935223177e-05]]], "msds": [[[0, 1, 2, 3, 4, 5, 6, 7, 8, 9, 10, 11, 12, 13, 14, 15, 16, 17, 18, 19, 20], [5.57, 35.8, 10.0, 77.38, 81.42, 82.07, 83.09, 84.14, 83.97, 84.54, 84.87, 85.24, 85.46, 85.62, 85.94, 86.1, 85.9, 86.51, 86.95, 86.72, 86.88], [0, 0.0053804912604391575, 0.0034866435453295708, 0.0009853314841166139, 0.00022507527319248766, 0.00010689717601053417, 7.710300997132435e-05, 7.36811343813315e-05, 7.247152825584635e-05, 7.457718311343342e-05, 7.746164192212746e-05, 7.703610754106194e-05, 7.968692807480693e-05, 8.416678610956296e-05, 8.305819210363552e-05, 7.889688276918605e-05, 8.730098488740623e-05, 8.75743935466744e-05, 8.951728523243219e-05, 9.268800931749865e-05, 0.0001014534936985001]], [[0, 1, 2, 3, 4, 5, 6, 7, 8, 9, 10, 11, 12, 13, 14, 15, 16, 17, 18, 19, 20], [12.93, 10.0, 47.75, 79.75, 81.76, 82.23, 83.91, 83.7, 84.03, 84.77, 84.81, 85.26, 85.64, 86.02, 86.12, 85.88, 86.54, 86.84, 86.82, 86.92, 86.78], [0, 0.005397479515522718, 0.0022598765790462494, 0.0007632026099599898, 0.00017360331548843533, 0.00010457594908075407, 7.26167781976983e-05, 7.059724885039032e-05, 7.255480159074068e-05, 7.493273733416572e-05, 7.533025200245902e-05, 7.487627590307966e-05, 7.872887363191694e-05, 8.000589878065512e-05, 8.246258221333846e-05, 8.305683149956167e-05, 8.483204146614298e-05, 9.137499000644311e-05, 9.067058272194117e-05, 8.925400470616296e-05, 0.00010285481403116137]]], "alpha": 0.0, "beta": 1.0, "gamma": 0.0, "num_samples": 6000, "node_count": 10, "density": 1.0, "startup_delay": 0.0, "forward_prob": 0}