{"nodes_data": [[[0, 1, 2, 3, 4, 5, 6, 7, 8, 9, 10, 11, 12, 13, 14, 15, 16, 17, 18, 19, 20], [2.82, 23.59, 49.97, 79.54, 82.39, 82.88, 83.83, 84.17, 83.39, 84.89, 84.57, 84.63, 85.52, 85.64, 85.71, 86.19, 86.22, 86.24, 86.56, 86.69, 86.24], [0, 0.005357841961085796, 0.0025997445918619633, 0.0006762329139746726, 0.00031273107742890716, 0.00021350081078708172, 0.00013608542212750763, 0.00012747324944939464, 0.00013363006291911006, 0.00015239893400575966, 0.00011090813495684415, 0.00011148221528856084, 0.00010150481830351055, 0.00010152430331800133, 0.00010748794738901779, 0.00010072362783830613, 0.000105041399365291, 0.00011441110109444708, 0.00010756277333712205, 0.00011457207438070327, 0.00010444327199365944]], [[0, 1, 2, 3, 4, 5, 6, 7, 8, 9, 10, 11, 12, 13, 14, 15, 16, 17, 18, 19, 20], [5.34, 29.73, 80.7, 81.93, 83.83, 84.0, 83.69, 84.24, 85.31, 85.55, 86.14, 85.75, 86.15, 86.48, 86.15, 86.39, 86.25, 86.81, 86.75, 86.87, 86.9], [0, 0.0048248958773911, 0.000753597414586693, 0.0005309830885380507, 0.0002987908956129104, 0.00017269968520849943, 0.00014110161282587796, 0.00016769398644100875, 0.00011042037658626214, 9.42624537856318e-05, 0.00010091502190334722, 0.00011623409955063835, 0.00010313704115105793, 0.00011180803994648159, 0.00010522175580263138, 0.00011100676056230441, 0.00010801362077472731, 0.0001100907611544244, 0.00010905931412708014, 9.644823876442388e-05, 9.995140862884e-05]]], "msds": [[[0, 1, 2, 3, 4, 5, 6, 7, 8, 9, 10, 11, 12, 13, 14, 15, 16, 17, 18, 19, 20], [2.82, 23.59, 49.97, 79.54, 82.39, 82.88, 83.83, 84.17, 83.39, 84.89, 84.57, 84.63, 85.52, 85.64, 85.71, 86.19, 86.22, 86.24, 86.56, 86.69, 86.24], [0, 0.005357841961085796, 0.0025997445918619633, 0.0006762329139746726, 0.00031273107742890716, 0.00021350081078708172, 0.00013608542212750763, 0.00012747324944939464, 0.00013363006291911006, 0.00015239893400575966, 0.00011090813495684415, 0.00011148221528856084, 0.00010150481830351055, 0.00010152430331800133, 0.00010748794738901779, 0.00010072362783830613, 0.000105041399365291, 0.00011441110109444708, 0.00010756277333712205, 0.00011457207438070327, 0.00010444327199365944]], [[0, 1, 2, 3, 4, 5, 6, 7, 8, 9, 10, 11, 12, 13, 14, 15, 16, 17, 18, 19, 20], [18.04, 24.64, 67.51, 79.01, 82.38, 82.77, 83.88, 84.83, 85.32, 85.71, 85.57, 86.65, 86.53, 87.06, 86.49, 86.89, 87.05, 87.55, 87.6, 87.43, 86.79], [0, 0.005368529818952084, 0.0023887946736067533, 0.0007876810850575566, 0.0005025986465625465, 0.00024014333030208945, 0.0002367673732805997, 0.00021483184536918998, 0.00015265749243553728, 0.00013616470096167177, 0.0001531900925328955, 0.00015225826064124703, 0.0001390727557009086, 0.00010806502541527152, 0.00012146850349381566, 0.00011069976608268917, 0.00011952636850764975, 0.00010745334293460473, 0.00011936432565562427, 0.00010118342470377684, 0.00011172355152666569]]], "alpha": 0.7, "beta": 1.0, "gamma": 3.0, "num_samples": 6000, "node_count": 10, "density": 0.15, "startup_delay": 0.0, "forward_prob": 0}