{"nodes_data": [[[0, 1, 2, 3, 4, 5, 6, 7, 8, 9, 10, 11, 12, 13, 14, 15, 16, 17, 18, 19, 20], [11.83, 53.27, 56.24, 74.91, 82.29, 83.73, 84.1, 84.85, 84.86, 85.02, 84.02, 85.64, 86.0, 86.1, 86.39, 86.51, 86.63, 86.62, 86.97, 86.66, 86.14], [0, 0.0053571658208966255, 0.0016869509126991034, 0.0008595052058808506, 0.0005159727297723293, 0.00028289874899201095, 0.0001810483809094876, 0.00017080020916182548, 0.00015942884783726186, 0.00015025940956547856, 0.00015034496027510613, 0.00015153601998463273, 0.00013171984755899757, 0.00013148380094207823, 0.00014829977590125054, 0.00015171029372140765, 0.00014573892985936254, 0.00015835202066227794, 0.00016874367429409176, 0.000167502774274908, 0.00017926130385603756]], [[0, 1, 2, 3, 4, 5, 6, 7, 8, 9, 10, 11, 12, 13, 14, 15, 16, 17, 18, 19, 20], [8.07, 65.21, 63.84, 73.72, 82.27, 83.37, 84.12, 84.01, 84.44, 85.06, 84.27, 85.73, 85.6, 85.84, 85.9, 85.91, 86.83, 86.8, 86.88, 86.86, 86.47], [0, 0.0053785271011292934, 0.0015533629339188337, 0.0008913815254345536, 0.0005555332754738629, 0.00031574247987009585, 0.000218198707443662, 0.00017722304619383067, 0.0001725079637253657, 0.0001596229849383235, 0.00014789837587159127, 0.00014137872494757175, 0.00014940276741981506, 0.000155177665874362, 0.0001583454286446795, 0.00015905871987342834, 0.00015609445108566433, 0.00014926235598977655, 0.00015634817827958614, 0.00016296247486025095, 0.00018675567116588354]]], "msds": [[[0, 1, 2, 3, 4, 5, 6, 7, 8, 9, 10, 11, 12, 13, 14, 15, 16, 17, 18, 19, 20], [11.83, 53.27, 56.24, 74.91, 82.29, 83.73, 84.1, 84.85, 84.86, 85.02, 84.02, 85.64, 86.0, 86.1, 86.39, 86.51, 86.63, 86.62, 86.97, 86.66, 86.14], [0, 0.0053571658208966255, 0.0016869509126991034, 0.0008595052058808506, 0.0005159727297723293, 0.00028289874899201095, 0.0001810483809094876, 0.00017080020916182548, 0.00015942884783726186, 0.00015025940956547856, 0.00015034496027510613, 0.00015153601998463273, 0.00013171984755899757, 0.00013148380094207823, 0.00014829977590125054, 0.00015171029372140765, 0.00014573892985936254, 0.00015835202066227794, 0.00016874367429409176, 0.000167502774274908, 0.00017926130385603756]], [[0, 1, 2, 3, 4, 5, 6, 7, 8, 9, 10, 11, 12, 13, 14, 15, 16, 17, 18, 19, 20], [8.76, 54.59, 60.52, 73.74, 81.88, 83.5, 84.02, 84.72, 84.6, 84.27, 84.75, 85.57, 85.06, 86.23, 86.06, 86.43, 86.73, 86.23, 86.77, 87.19, 86.72], [0, 0.005357574205845594, 0.0017021462554112077, 0.0007826381479389966, 0.00047817378072068095, 0.00029565420118160546, 0.00021948240464553237, 0.00019002973567694426, 0.0001726583286654204, 0.00015968160005286336, 0.00014968037430662662, 0.00014756264863535762, 0.00014237698633223772, 0.00015141091716941446, 0.00015605425869580358, 0.00015006487956270576, 0.0001533647155156359, 0.00015732305473648012, 0.00015249136777129024, 0.00016416051948908716, 0.0001673732476774603]]], "alpha": 0.5, "beta": 0.0, "gamma": 2.0, "num_samples": 6000, "node_count": 10, "density": 1.0, "startup_delay": 0.0, "forward_prob": 0}