{"nodes_data": [[[0, 1, 2, 3, 4, 5, 6, 7, 8, 9, 10, 11, 12, 13, 14, 15, 16, 17, 18, 19, 20], [9.66, 17.64, 65.29, 82.25, 83.15, 83.69, 84.1, 85.22, 85.08, 85.19, 85.51, 85.96, 85.75, 86.51, 86.1, 86.63, 86.65, 86.34, 86.76, 87.35, 86.82], [0, 0.005372050683945417, 0.001482156803831458, 0.0006193231674842536, 0.00031081950874067843, 0.00011888132576132193, 8.876082574715838e-05, 8.010520105017349e-05, 7.536128396168351e-05, 8.000041270861402e-05, 8.339952910318971e-05, 8.947130845626816e-05, 9.084332850761712e-05, 9.255178883904591e-05, 9.076670539798215e-05, 9.517435682937503e-05, 8.651008101878688e-05, 8.877315849531442e-05, 9.567708184476942e-05, 9.361701813759282e-05, 9.700044029159471e-05]], [[0, 1, 2, 3, 4, 5, 6, 7, 8, 9, 10, 11, 12, 13, 14, 15, 16, 17, 18, 19, 20], [10.74, 51.44, 70.0, 80.6, 82.31, 82.7, 83.65, 84.24, 85.39, 85.65, 85.53, 85.53, 85.27, 86.58, 85.63, 86.36, 86.6, 87.03, 86.7, 87.02, 86.65], [0, 0.00536616425961256, 0.002261867979541421, 0.0011937434319406748, 0.0007394074345938861, 0.00041499268263578415, 0.00012285483535379171, 8.82775493664667e-05, 7.937928603496403e-05, 8.069135219557211e-05, 7.654601358808577e-05, 8.50111900945194e-05, 8.337901090271771e-05, 8.808549318928272e-05, 9.13778567337431e-05, 9.651462460169569e-05, 0.00010337898129364476, 9.83366189757362e-05, 0.00011261458712397143, 0.00010932638542726636, 9.182584472000599e-05]]], "msds": [[[0, 1, 2, 3, 4, 5, 6, 7, 8, 9, 10, 11, 12, 13, 14, 15, 16, 17, 18, 19, 20], [9.66, 17.64, 65.29, 82.25, 83.15, 83.69, 84.1, 85.22, 85.08, 85.19, 85.51, 85.96, 85.75, 86.51, 86.1, 86.63, 86.65, 86.34, 86.76, 87.35, 86.82], [0, 0.005372050683945417, 0.001482156803831458, 0.0006193231674842536, 0.00031081950874067843, 0.00011888132576132193, 8.876082574715838e-05, 8.010520105017349e-05, 7.536128396168351e-05, 8.000041270861402e-05, 8.339952910318971e-05, 8.947130845626816e-05, 9.084332850761712e-05, 9.255178883904591e-05, 9.076670539798215e-05, 9.517435682937503e-05, 8.651008101878688e-05, 8.877315849531442e-05, 9.567708184476942e-05, 9.361701813759282e-05, 9.700044029159471e-05]], [[0, 1, 2, 3, 4, 5, 6, 7, 8, 9, 10, 11, 12, 13, 14, 15, 16, 17, 18, 19, 20], [5.15, 25.13, 56.26, 81.91, 82.77, 83.8, 84.81, 85.09, 85.52, 85.85, 85.87, 85.32, 86.7, 86.57, 86.5, 86.86, 86.94, 86.59, 86.85, 86.83, 87.5], [0, 0.00535757839679718, 0.0012762736296281219, 0.0005736652528867126, 0.0002610200026538223, 0.00014731088594999164, 0.00010771887900773436, 9.752572805155069e-05, 9.352777124149725e-05, 9.284784027840942e-05, 9.239550126949325e-05, 8.488805178785697e-05, 8.697494195075706e-05, 8.652055112179369e-05, 9.383989527123049e-05, 9.799018152989447e-05, 0.00010142693645320833, 0.00010837733134394512, 0.0001083725510397926, 0.00010677608952391893, 0.00010524522076593712]]], "alpha": 0.9, "beta": 2.0, "gamma": 5.0, "num_samples": 6000, "node_count": 10, "density": 0.15, "startup_delay": 0.0, "forward_prob": 0}