{"nodes_data": [[[0, 1, 2, 3, 4, 5, 6, 7, 8, 9, 10, 11, 12, 13, 14, 15, 16, 17, 18, 19, 20], [9.85, 80.37, 76.5, 81.91, 82.41, 84.38, 84.34, 85.05, 84.28, 83.84, 85.5, 84.95, 84.57, 85.14, 84.18, 85.74, 84.65, 86.01, 85.82, 84.6, 85.42], [0, 0, 0.0015770377358421683, 0.00010196336370427161, 8.238752343459055e-05, 7.729998469585553e-05, 0.00010223627759842202, 9.556345321470872e-05, 9.801745181903243e-05, 0.00010351013042964041, 0.00010366287460783496, 0.0001101600137189962, 0.000121701268653851, 0.00011954738147323951, 0, 0, 0, 0, 0, 0, 0]], [[0, 1, 2, 3, 4, 5, 6, 7, 8, 9, 10, 11, 12, 13, 14, 15, 16, 17, 18, 19, 20], [5.7, 46.25, 80.32, 83.06, 83.12, 83.22, 83.85, 83.37, 83.95, 82.0, 84.49, 84.39, 84.78, 84.28, 84.18, 85.74, 85.45, 86.01, 85.82, 84.6, 85.42], [0, 0.0053695314563810825, 0.001464418601244688, 0.0005285166553221643, 0.00010043854854302481, 9.354526991955936e-05, 7.169423770392314e-05, 7.687663310207427e-05, 7.752532110316679e-05, 8.697302109794691e-05, 8.382149098906666e-05, 8.963827713159844e-05, 9.543389023747295e-05, 9.81794873951003e-05, 0.0001205830994877033, 6.90541637595743e-05, 7.222076965263113e-05, 0.00010839740571100265, 7.098414789652452e-05, 7.335452391998842e-05, 8.573673403589055e-05]]], "msds": [[[0, 1, 2, 3, 4, 5, 6, 7, 8, 9, 10, 11, 12, 13, 14, 15, 16, 17, 18, 19, 20], [9.85, 80.37, 76.5, 81.91, 82.41, 84.38, 84.34, 85.05, 84.28, 83.84, 85.5, 84.95, 84.57, 85.14, 84.18, 85.74, 84.65, 86.01, 85.82, 84.6, 85.42], [0, 0, 0.0015770377358421683, 0.00010196336370427161, 8.238752343459055e-05, 7.729998469585553e-05, 0.00010223627759842202, 9.556345321470872e-05, 9.801745181903243e-05, 0.00010351013042964041, 0.00010366287460783496, 0.0001101600137189962, 0.000121701268653851, 0.00011954738147323951, 0, 0, 0, 0, 0, 0, 0]], [[0, 1, 2, 3, 4, 5, 6, 7, 8, 9, 10, 11, 12, 13, 14, 15, 16, 17, 18, 19, 20], [14.94, 59.02, 76.5, 81.91, 82.41, 83.22, 83.85, 83.37, 83.95, 82.0, 84.49, 84.39, 84.78, 84.28, 85.43, 85.95, 84.65, 86.16, 86.72, 86.38, 85.63], [0, 0.00536521477624774, 0, 0, 0, 0, 0, 0, 0, 0, 0, 0, 0, 0, 0.00011708520469255745, 0.0001055327447829768, 9.399651025887579e-05, 8.588500350015238e-05, 0.0001069661884685047, 9.918150317389518e-05, 0.00010364490299252793]]], "alpha": 1.0, "beta": 0.0, "gamma": 0.0, "num_samples": 6000, "node_count": 10, "density": 0.15, "startup_delay": 0.0, "forward_prob": 0}