{"nodes_data": [[[0, 1, 2, 3, 4, 5, 6, 7, 8, 9, 10, 11, 12, 13, 14, 15, 16, 17, 18, 19, 20], [16.39, 40.09, 67.39, 73.79, 80.6, 80.02, 82.5, 82.72, 82.95, 84.14, 84.81, 84.39, 84.87, 84.99, 85.58, 85.52, 85.96, 85.93, 86.11, 86.35, 86.57], [0, 0.005359015427529812, 0.0033429379109293222, 0.0012077104765921831, 0.0007594372727908194, 0.0004984709084965289, 0.00033336912747472525, 0.00023472911561839283, 0.00019268228788860142, 0.00017421504890080541, 0.00016513888840563595, 0.00015795223589520901, 0.0001537725911475718, 0.00015705847181379795, 0.00015308699221350253, 0.00015250906290020794, 0.00016041040362324566, 0.00015559948224108666, 0.00015621913189534098, 0.00015802521375007927, 0.00016757672710809857]], [[0, 1, 2, 3, 4, 5, 6, 7, 8, 9, 10, 11, 12, 13, 14, 15, 16, 17, 18, 19, 20], [15.4, 53.08, 72.77, 61.02, 80.41, 80.82, 82.54, 83.93, 83.05, 84.17, 84.81, 84.38, 85.12, 85.47, 85.51, 86.02, 85.97, 86.16, 85.67, 86.46, 86.51], [0, 0.005371018312871456, 0.003480836283415556, 0.0012901778100058436, 0.000777563254814595, 0.000522914226166904, 0.0003315553767606616, 0.0002401132369413972, 0.0001982073881663382, 0.00017577661492396146, 0.0001693653903203085, 0.00016284607409033924, 0.00016374769620597363, 0.00015470791549887508, 0.00015764897398184985, 0.00015513641119468957, 0.00015747980796732008, 0.00016472101560793817, 0.0001613238564459607, 0.0001593120105098933, 0.0001619591930648312]]], "msds": [[[0, 1, 2, 3, 4, 5, 6, 7, 8, 9, 10, 11, 12, 13, 14, 15, 16, 17, 18, 19, 20], [16.39, 40.09, 67.39, 73.79, 80.6, 80.02, 82.5, 82.72, 82.95, 84.14, 84.81, 84.39, 84.87, 84.99, 85.58, 85.52, 85.96, 85.93, 86.11, 86.35, 86.57], [0, 0.005359015427529812, 0.0033429379109293222, 0.0012077104765921831, 0.0007594372727908194, 0.0004984709084965289, 0.00033336912747472525, 0.00023472911561839283, 0.00019268228788860142, 0.00017421504890080541, 0.00016513888840563595, 0.00015795223589520901, 0.0001537725911475718, 0.00015705847181379795, 0.00015308699221350253, 0.00015250906290020794, 0.00016041040362324566, 0.00015559948224108666, 0.00015621913189534098, 0.00015802521375007927, 0.00016757672710809857]], [[0, 1, 2, 3, 4, 5, 6, 7, 8, 9, 10, 11, 12, 13, 14, 15, 16, 17, 18, 19, 20], [22.92, 67.82, 75.39, 71.81, 78.94, 82.58, 82.23, 82.96, 83.93, 84.77, 84.93, 84.46, 85.52, 84.73, 85.31, 85.24, 85.83, 86.11, 86.17, 86.78, 86.67], [0, 0.005395917221903801, 0.0031352872028946877, 0.0011899064993485808, 0.000744810386095196, 0.0005005347775295377, 0.0003348464088048786, 0.00024008483160287142, 0.00020362951909191906, 0.00017669168300926685, 0.00017335523443762213, 0.00016843152116052806, 0.000165148449013941, 0.0001641126727918163, 0.00016496281023137271, 0.00017280163592658937, 0.00016400657477788627, 0.00015734734188299626, 0.0001702816953184083, 0.00017473724437877536, 0.00016746351320762187]]], "alpha": 0.5, "beta": 2.0, "gamma": 3.0, "num_samples": 6000, "node_count": 10, "density": 1.0, "startup_delay": 0.0, "forward_prob": 0}