{"nodes_data": [[[0, 1, 2, 3, 4, 5, 6, 7, 8, 9, 10, 11, 12, 13, 14, 15, 16, 17, 18, 19, 20], [6.26, 27.14, 10.15, 70.06, 81.52, 81.93, 82.95, 83.96, 84.04, 84.77, 84.8, 85.01, 85.14, 85.39, 85.75, 85.77, 86.13, 86.13, 86.58, 86.55, 86.18], [0, 0.00537840835750103, 0.0028104144148528576, 0.0007518785423599184, 0.00024093854881357402, 0.00012884015450254083, 8.545330638298765e-05, 7.333818211918697e-05, 6.866057810839266e-05, 6.821892020525411e-05, 6.769374158466235e-05, 7.10918175172992e-05, 7.244724838528782e-05, 7.121229282347485e-05, 7.58847818360664e-05, 7.84696385380812e-05, 8.128085028147325e-05, 8.438443910563365e-05, 9.087414218811318e-05, 8.25519600766711e-05, 9.001285798149183e-05]], [[0, 1, 2, 3, 4, 5, 6, 7, 8, 9, 10, 11, 12, 13, 14, 15, 16, 17, 18, 19, 20], [10.01, 10.0, 67.49, 81.16, 81.18, 82.3, 83.09, 83.8, 84.13, 84.4, 84.76, 84.97, 85.16, 85.67, 85.82, 85.8, 86.13, 86.01, 86.65, 86.72, 86.13], [0, 0.005392084363847971, 0.0010427017696201801, 0.00043465083581395447, 0.0002276436280226335, 0.0001232112990692258, 8.170484215952456e-05, 7.159017695812508e-05, 7.140658999560401e-05, 7.267855107784271e-05, 7.172974437708035e-05, 7.458819163730368e-05, 6.930653034942225e-05, 7.681053102714941e-05, 8.011773024918512e-05, 7.627965533174574e-05, 8.54825193528086e-05, 8.695910219103098e-05, 8.253553096437827e-05, 8.581695146858692e-05, 9.185362432617694e-05]]], "msds": [[[0, 1, 2, 3, 4, 5, 6, 7, 8, 9, 10, 11, 12, 13, 14, 15, 16, 17, 18, 19, 20], [6.26, 27.14, 10.15, 70.06, 81.52, 81.93, 82.95, 83.96, 84.04, 84.77, 84.8, 85.01, 85.14, 85.39, 85.75, 85.77, 86.13, 86.13, 86.58, 86.55, 86.18], [0, 0.00537840835750103, 0.0028104144148528576, 0.0007518785423599184, 0.00024093854881357402, 0.00012884015450254083, 8.545330638298765e-05, 7.333818211918697e-05, 6.866057810839266e-05, 6.821892020525411e-05, 6.769374158466235e-05, 7.10918175172992e-05, 7.244724838528782e-05, 7.121229282347485e-05, 7.58847818360664e-05, 7.84696385380812e-05, 8.128085028147325e-05, 8.438443910563365e-05, 9.087414218811318e-05, 8.25519600766711e-05, 9.001285798149183e-05]], [[0, 1, 2, 3, 4, 5, 6, 7, 8, 9, 10, 11, 12, 13, 14, 15, 16, 17, 18, 19, 20], [14.35, 10.0, 73.98, 77.1, 81.65, 82.77, 83.11, 83.93, 84.2, 84.38, 84.43, 84.97, 85.24, 85.62, 85.8, 85.9, 86.22, 86.13, 86.62, 86.55, 86.44], [0, 0.005374731030315161, 0.0015273670433089137, 0.0005719519103877246, 0.00016631539619993418, 9.414526721229777e-05, 7.88282704888843e-05, 7.200556865427643e-05, 7.330227526836097e-05, 7.174994971137494e-05, 7.221793930511922e-05, 7.394637214019895e-05, 7.359365554293618e-05, 7.571117748739198e-05, 7.84520962042734e-05, 8.089940820354968e-05, 8.259173046099022e-05, 8.417587378062308e-05, 8.447749860351905e-05, 9.945053898263723e-05, 8.81543310242705e-05]]], "alpha": 1.0, "beta": 1.0, "gamma": 3.0, "num_samples": 6000, "node_count": 10, "density": 1.0, "startup_delay": 0.0, "forward_prob": 0}