{"nodes_data": [[[0, 1, 2, 3, 4, 5, 6, 7, 8, 9, 10, 11, 12, 13, 14, 15, 16, 17, 18, 19, 20], [15.5, 14.39, 78.25, 81.8, 83.0, 83.64, 84.62, 84.98, 85.03, 85.62, 85.67, 85.91, 85.85, 86.38, 86.72, 86.76, 86.87, 87.01, 87.0, 87.3, 87.57], [0, 0.005366209428757429, 0.0008016301435418427, 0.00018404760339763016, 7.095256296452135e-05, 6.32466544630006e-05, 6.192734144860879e-05, 6.546926306327805e-05, 6.770479376427829e-05, 7.047518738545477e-05, 7.250513590406626e-05, 7.567215652670711e-05, 7.69521138863638e-05, 7.698742410866544e-05, 7.88008765084669e-05, 8.171251829480752e-05, 8.521891868440434e-05, 9.18680161703378e-05, 8.928551687858999e-05, 9.472723468206823e-05, 9.598876931704581e-05]], [[0, 1, 2, 3, 4, 5, 6, 7, 8, 9, 10, 11, 12, 13, 14, 15, 16, 17, 18, 19, 20], [8.48, 10.15, 75.94, 81.96, 83.34, 83.59, 84.53, 84.64, 85.14, 85.85, 85.68, 85.79, 85.94, 86.44, 86.89, 86.62, 87.0, 86.82, 87.03, 87.05, 87.26], [0, 0.0053700790740549564, 0.0007267738692462444, 0.00014476984506472945, 6.455990660469979e-05, 6.315704376902431e-05, 6.587221287190914e-05, 6.767232116544619e-05, 6.88420986989513e-05, 7.046327664284036e-05, 7.621455733897164e-05, 7.681699935346842e-05, 8.110042836051434e-05, 7.671119965380058e-05, 8.534602238796651e-05, 8.037254883674905e-05, 9.111716644838452e-05, 8.676529978401959e-05, 9.172403952106833e-05, 8.830554725136608e-05, 0.00010151573951588944]]], "msds": [[[0, 1, 2, 3, 4, 5, 6, 7, 8, 9, 10, 11, 12, 13, 14, 15, 16, 17, 18, 19, 20], [15.5, 14.39, 78.25, 81.8, 83.0, 83.64, 84.62, 84.98, 85.03, 85.62, 85.67, 85.91, 85.85, 86.38, 86.72, 86.76, 86.87, 87.01, 87.0, 87.3, 87.57], [0, 0.005366209428757429, 0.0008016301435418427, 0.00018404760339763016, 7.095256296452135e-05, 6.32466544630006e-05, 6.192734144860879e-05, 6.546926306327805e-05, 6.770479376427829e-05, 7.047518738545477e-05, 7.250513590406626e-05, 7.567215652670711e-05, 7.69521138863638e-05, 7.698742410866544e-05, 7.88008765084669e-05, 8.171251829480752e-05, 8.521891868440434e-05, 9.18680161703378e-05, 8.928551687858999e-05, 9.472723468206823e-05, 9.598876931704581e-05]], [[0, 1, 2, 3, 4, 5, 6, 7, 8, 9, 10, 11, 12, 13, 14, 15, 16, 17, 18, 19, 20], [6.69, 10.0, 76.59, 81.94, 83.25, 83.43, 84.69, 84.74, 85.19, 85.77, 85.65, 86.01, 85.97, 86.3, 86.62, 86.85, 87.07, 86.86, 87.14, 87.09, 87.21], [0, 0.005373239051550627, 0.0007240153499878943, 0.00013204957940615714, 6.857138214400038e-05, 6.0619051510002464e-05, 6.337207742035389e-05, 6.394655065378174e-05, 6.62255915813148e-05, 6.77680000080727e-05, 7.07462677382864e-05, 7.605803693877533e-05, 7.69541147747077e-05, 7.675155939068645e-05, 7.86393356975168e-05, 8.077749953372404e-05, 8.621580491308123e-05, 8.759151387494057e-05, 8.366239489987493e-05, 8.96998171810992e-05, 8.954159420682117e-05]]], "alpha": 1.0, "beta": 0.0, "gamma": 5.0, "num_samples": 6000, "node_count": 10, "density": 1.0, "startup_delay": 0.0, "forward_prob": 0}