{"nodes_data": [[[0, 1, 2, 3, 4, 5, 6, 7, 8, 9, 10, 11, 12, 13, 14, 15, 16, 17, 18, 19, 20], [7.55, 31.83, 62.17, 65.27, 68.78, 76.9, 67.48, 69.35, 67.98, 68.0, 70.41, 61.21, 68.68, 68.78, 73.55, 66.89, 71.82, 67.43, 81.68, 81.96, 80.39], [0, 0.005361303687095642, 0.0027382129337638617, 0.002496714936569333, 0.0024639146868139505, 0.002457206603139639, 0.0024446132592856884, 0.002456190064549446, 0.0024470826610922813, 0.002458886243402958, 0.0024761937092989683, 0.002475676592439413, 0.0024737794883549213, 0.0024792933836579323, 0.002476409310474992, 0.0024854529183357954, 0.0024765641428530216, 0.002483959309756756, 0.0006557778106071055, 0.0006006801850162446, 0.0006099384045228362]], [[0, 1, 2, 3, 4, 5, 6, 7, 8, 9, 10, 11, 12, 13, 14, 15, 16, 17, 18, 19, 20], [4.46, 68.84, 78.04, 81.02, 83.01, 83.64, 82.89, 83.27, 84.87, 85.13, 85.43, 85.17, 85.13, 85.39, 85.59, 86.31, 86.21, 86.03, 86.06, 86.77, 86.23], [0, 0.005390156991779804, 0.0010156766511499882, 0.00026581340353004634, 0.00015113460540305823, 0.00011700011964421719, 9.509026858722791e-05, 7.726360490778461e-05, 7.376080611720681e-05, 7.35068169888109e-05, 6.542564369738102e-05, 8.542403520550579e-05, 8.828532008919865e-05, 9.206865797750652e-05, 8.964048174675554e-05, 0.00010841196490218863, 9.191256685880944e-05, 9.061403397936374e-05, 0.00010956337791867554, 9.719943045638502e-05, 9.709094592835754e-05]]], "msds": [[[0, 1, 2, 3, 4, 5, 6, 7, 8, 9, 10, 11, 12, 13, 14, 15, 16, 17, 18, 19, 20], [7.55, 31.83, 62.17, 65.27, 68.78, 76.9, 67.48, 69.35, 67.98, 68.0, 70.41, 61.21, 68.68, 68.78, 73.55, 66.89, 71.82, 67.43, 81.68, 81.96, 80.39], [0, 0.005361303687095642, 0.0027382129337638617, 0.002496714936569333, 0.0024639146868139505, 0.002457206603139639, 0.0024446132592856884, 0.002456190064549446, 0.0024470826610922813, 0.002458886243402958, 0.0024761937092989683, 0.002475676592439413, 0.0024737794883549213, 0.0024792933836579323, 0.002476409310474992, 0.0024854529183357954, 0.0024765641428530216, 0.002483959309756756, 0.0006557778106071055, 0.0006006801850162446, 0.0006099384045228362]], [[0, 1, 2, 3, 4, 5, 6, 7, 8, 9, 10, 11, 12, 13, 14, 15, 16, 17, 18, 19, 20], [14.76, 24.55, 78.62, 82.64, 83.26, 83.31, 84.47, 84.92, 85.05, 85.13, 85.41, 85.65, 86.45, 86.46, 86.11, 86.25, 86.65, 86.31, 87.01, 86.56, 86.51], [0, 0.004399564117193222, 0.0007406424847431481, 0.0003087406512349844, 0.00019768625497817993, 0.00014325190568342805, 8.861207606969401e-05, 8.540031558368355e-05, 8.020697714528069e-05, 7.964154065120965e-05, 9.228340059053153e-05, 9.486865747021511e-05, 0.00010463386570336297, 0.00010362220200477168, 0.00010268900950904936, 0.00010384245251771063, 0.00010489271517144516, 0.00011128138430649415, 0.00011485248251119629, 0.0001137274011853151, 0.00010900811321334913]]], "alpha": 0.7, "beta": 2.0, "gamma": 5.0, "num_samples": 6000, "node_count": 10, "density": 0.15, "startup_delay": 0.0, "forward_prob": 0}