{"nodes_data": [[[0, 1, 2, 3, 4, 5, 6, 7, 8, 9, 10, 11, 12, 13, 14, 15, 16, 17, 18, 19, 20], [13.08, 10.0, 50.8, 73.87, 80.42, 81.92, 83.19, 83.88, 84.05, 84.6, 84.48, 85.14, 85.51, 85.32, 85.28, 85.52, 85.99, 86.14, 86.07, 86.44, 86.39], [0, 0.005367973353713751, 0.0023014373145997524, 0.0006214515888132155, 0.00023037774371914566, 0.0001422495552105829, 7.909806299721822e-05, 7.829390233382583e-05, 7.0251124270726e-05, 7.16126523911953e-05, 7.124978583306074e-05, 7.47322992538102e-05, 7.603979611303657e-05, 7.29506355128251e-05, 7.893489237176254e-05, 8.262813207693398e-05, 7.697383989579976e-05, 8.421471284236759e-05, 8.534506196156144e-05, 8.39948479551822e-05, 8.743150829104707e-05]], [[0, 1, 2, 3, 4, 5, 6, 7, 8, 9, 10, 11, 12, 13, 14, 15, 16, 17, 18, 19, 20], [8.4, 20.89, 11.44, 76.43, 81.02, 82.06, 83.28, 83.58, 83.97, 84.62, 84.7, 85.23, 85.77, 85.32, 85.15, 85.53, 86.08, 86.14, 86.05, 86.44, 86.51], [0, 0.005369687918573618, 0.0026242255698889494, 0.0005729266558773816, 0.00021985355124343187, 0.00012677005724981427, 9.772962221177295e-05, 8.08222102932632e-05, 7.510572322644293e-05, 7.125952106434852e-05, 7.36196743673645e-05, 7.886701496317983e-05, 7.42576812626794e-05, 7.718546112300828e-05, 8.176277333404869e-05, 8.309302938869223e-05, 8.489508763886988e-05, 8.466154395136982e-05, 9.386859164806083e-05, 9.0111127065029e-05, 9.124018106376752e-05]]], "msds": [[[0, 1, 2, 3, 4, 5, 6, 7, 8, 9, 10, 11, 12, 13, 14, 15, 16, 17, 18, 19, 20], [13.08, 10.0, 50.8, 73.87, 80.42, 81.92, 83.19, 83.88, 84.05, 84.6, 84.48, 85.14, 85.51, 85.32, 85.28, 85.52, 85.99, 86.14, 86.07, 86.44, 86.39], [0, 0.005367973353713751, 0.0023014373145997524, 0.0006214515888132155, 0.00023037774371914566, 0.0001422495552105829, 7.909806299721822e-05, 7.829390233382583e-05, 7.0251124270726e-05, 7.16126523911953e-05, 7.124978583306074e-05, 7.47322992538102e-05, 7.603979611303657e-05, 7.29506355128251e-05, 7.893489237176254e-05, 8.262813207693398e-05, 7.697383989579976e-05, 8.421471284236759e-05, 8.534506196156144e-05, 8.39948479551822e-05, 8.743150829104707e-05]], [[0, 1, 2, 3, 4, 5, 6, 7, 8, 9, 10, 11, 12, 13, 14, 15, 16, 17, 18, 19, 20], [8.23, 10.0, 60.93, 77.95, 81.34, 82.38, 83.17, 83.64, 84.16, 84.64, 84.32, 85.19, 85.51, 85.39, 85.15, 85.42, 86.09, 86.27, 86.17, 86.47, 86.55], [0, 0.005378848407417536, 0.0017348076216876507, 0.0005518323741853237, 0.00018668579286895692, 0.00011897530930582434, 9.934338595485315e-05, 7.328335050260648e-05, 7.256767275976017e-05, 7.554679905297235e-05, 7.138747605495155e-05, 7.653077045688406e-05, 7.488403207389638e-05, 7.524673856096342e-05, 8.280782640213147e-05, 8.188743959181011e-05, 8.55640391819179e-05, 8.976889512268826e-05, 8.524425356881693e-05, 9.69373359112069e-05, 8.865656855050474e-05]]], "alpha": 1.0, "beta": 1.0, "gamma": 5.0, "num_samples": 6000, "node_count": 10, "density": 1.0, "startup_delay": 0.0, "forward_prob": 0}