{"nodes_data": [[[0, 1, 2, 3, 4, 5, 6, 7, 8, 9, 10, 11, 12, 13, 14, 15, 16, 17, 18, 19, 20], [7.77, 62.94, 57.8, 73.12, 82.44, 83.15, 83.48, 84.45, 84.35, 84.43, 85.22, 85.35, 85.7, 86.37, 85.86, 86.22, 85.98, 85.87, 87.09, 86.9, 86.99], [0, 0.005387346260249615, 0.0018322562100365758, 0.0009178530890494585, 0.0005054709617979825, 0.0003237510100007057, 0.0002236097352579236, 0.00017923087580129504, 0.00015777864609844983, 0.00015225271636154503, 0.00015803318819962442, 0.00014438187645282596, 0.0001536543422844261, 0.0001520223740953952, 0.00015031608927529305, 0.00015521774184890091, 0.00015530094970017672, 0.0001584205310791731, 0.00015585226356051862, 0.00016314521781168878, 0.00016751304792705923]], [[0, 1, 2, 3, 4, 5, 6, 7, 8, 9, 10, 11, 12, 13, 14, 15, 16, 17, 18, 19, 20], [6.94, 61.75, 48.81, 75.55, 82.42, 82.61, 83.9, 84.35, 84.67, 84.77, 85.78, 86.01, 86.06, 86.19, 86.82, 86.61, 86.7, 86.71, 86.78, 87.2, 86.81], [0, 0.005359514616429806, 0.0018290459411218762, 0.0009049250511452556, 0.0004943242529407144, 0.0003048075013794005, 0.0002125900937244296, 0.00017628665955271572, 0.00016804442566353828, 0.00016074764425866306, 0.00017244095215573907, 0.00014693646517116576, 0.00014769623521715403, 0.00014948770694900304, 0.00015074718976393342, 0.00015919559518806636, 0.00015509915829170495, 0.00015174856525845826, 0.00015601636550854892, 0.00016610515012871474, 0.00016015933942981064]]], "msds": [[[0, 1, 2, 3, 4, 5, 6, 7, 8, 9, 10, 11, 12, 13, 14, 15, 16, 17, 18, 19, 20], [7.77, 62.94, 57.8, 73.12, 82.44, 83.15, 83.48, 84.45, 84.35, 84.43, 85.22, 85.35, 85.7, 86.37, 85.86, 86.22, 85.98, 85.87, 87.09, 86.9, 86.99], [0, 0.005387346260249615, 0.0018322562100365758, 0.0009178530890494585, 0.0005054709617979825, 0.0003237510100007057, 0.0002236097352579236, 0.00017923087580129504, 0.00015777864609844983, 0.00015225271636154503, 0.00015803318819962442, 0.00014438187645282596, 0.0001536543422844261, 0.0001520223740953952, 0.00015031608927529305, 0.00015521774184890091, 0.00015530094970017672, 0.0001584205310791731, 0.00015585226356051862, 0.00016314521781168878, 0.00016751304792705923]], [[0, 1, 2, 3, 4, 5, 6, 7, 8, 9, 10, 11, 12, 13, 14, 15, 16, 17, 18, 19, 20], [8.09, 69.27, 67.34, 74.4, 81.41, 81.81, 84.16, 84.02, 84.88, 85.03, 85.53, 85.86, 85.59, 86.12, 86.42, 85.45, 86.63, 86.46, 86.68, 87.12, 87.19], [0, 0.005370395723730326, 0.0015899016289040446, 0.0009211026481352746, 0.0005197792779654264, 0.0002946597523987293, 0.00021614601428154856, 0.00018440849089529365, 0.00015837869432289153, 0.00014763006765861064, 0.00015349143359344453, 0.00014682571054436266, 0.0001465741079300642, 0.00015857994731049985, 0.000153401488205418, 0.0001459017366869375, 0.00014849103172309697, 0.00015681881632190198, 0.00015491781232412905, 0.00016358908032998443, 0.0001658484834479168]]], "alpha": 0.5, "beta": 0.5, "gamma": 3.0, "num_samples": 6000, "node_count": 10, "density": 1.0, "startup_delay": 0.0, "forward_prob": 0}