{"nodes_data": [[[0, 1, 2, 3, 4, 5, 6, 7, 8, 9, 10, 11, 12, 13, 14, 15, 16, 17, 18, 19, 20], [10.17, 37.93, 75.96, 74.08, 79.48, 82.4, 81.7, 83.22, 82.88, 83.63, 84.53, 84.83, 84.51, 85.0, 85.08, 85.54, 85.19, 85.71, 85.73, 85.7, 85.75], [0, 0.005380488000810146, 0.001995862228795886, 0.0014706922229379416, 0.0007845010259188712, 0.0003344022552482784, 0.0007857541204430163, 0.0004405725630931556, 0.00041134521597996354, 0.000354857329512015, 0.0003029328363481909, 0.00031641076202504337, 0.0003264400002080947, 0.00030893657822161913, 0.0003160113701596856, 0.00035659311106428504, 0.00037145326496101916, 0.0005577845149673522, 0.0008507678285241127, 0.0004435235750861466, 0.000269488402409479]], [[0, 1, 2, 3, 4, 5, 6, 7, 8, 9, 10, 11, 12, 13, 14, 15, 16, 17, 18, 19, 20], [8.65, 33.0, 78.65, 68.75, 81.61, 82.29, 83.51, 83.19, 83.97, 84.39, 82.91, 83.77, 84.94, 84.85, 85.78, 85.53, 85.72, 85.12, 85.34, 85.97, 86.08], [0, 0.005375340580940247, 0.0021264376118779182, 0.0016119178617373109, 0.0005277232266962528, 0.0005783837987110019, 0.0005401531816460192, 0.0004424287471920252, 0.0003824828891083598, 0.00035203597508370876, 0.0003375443338882178, 0.00033064541639760137, 0.00030965666519477963, 0.0002831763995345682, 0.00027618484455160797, 0.0003052385291084647, 0.00029874173924326897, 0.0002894678618758917, 0.0002776383189484477, 0.00029064351110719144, 0.00039480553823523223]]], "msds": [[[0, 1, 2, 3, 4, 5, 6, 7, 8, 9, 10, 11, 12, 13, 14, 15, 16, 17, 18, 19, 20], [10.17, 37.93, 75.96, 74.08, 79.48, 82.4, 81.7, 83.22, 82.88, 83.63, 84.53, 84.83, 84.51, 85.0, 85.08, 85.54, 85.19, 85.71, 85.73, 85.7, 85.75], [0, 0.005380488000810146, 0.001995862228795886, 0.0014706922229379416, 0.0007845010259188712, 0.0003344022552482784, 0.0007857541204430163, 0.0004405725630931556, 0.00041134521597996354, 0.000354857329512015, 0.0003029328363481909, 0.00031641076202504337, 0.0003264400002080947, 0.00030893657822161913, 0.0003160113701596856, 0.00035659311106428504, 0.00037145326496101916, 0.0005577845149673522, 0.0008507678285241127, 0.0004435235750861466, 0.000269488402409479]], [[0, 1, 2, 3, 4, 5, 6, 7, 8, 9, 10, 11, 12, 13, 14, 15, 16, 17, 18, 19, 20], [15.24, 78.65, 29.34, 80.28, 82.37, 82.18, 82.78, 84.32, 84.53, 84.83, 84.18, 84.78, 85.44, 85.06, 85.77, 85.36, 85.4, 85.45, 85.73, 85.99, 86.05], [0, 0, 0.005522857420146465, 0.000998215633444488, 0.0008603130117990077, 0.00048762731603346765, 0.00030183070339262486, 0.00017006718553602695, 0.00020689470693469048, 0.00021260412177070975, 0.00019094781600870192, 0.0001848556858021766, 0.00018905392789747566, 0.0001916446053655818, 0.00019048670947086066, 0.00018579643801786005, 0.00018633536819834262, 0.00019534907187335193, 0.00018928437202703208, 0.0001944005925906822, 0.00019118463387712836]]], "alpha": 0.0, "beta": 1.0, "gamma": 0.0, "num_samples": 6000, "node_count": 10, "density": 0.0, "startup_delay": 0.0, "forward_prob": 0}