{"nodes_data": [[[0, 1, 2, 3, 4, 5, 6, 7, 8, 9, 10, 11, 12, 13, 14, 15, 16, 17, 18, 19, 20], [12.19, 78.41, 79.88, 80.44, 81.29, 81.14, 83.54, 84.93, 84.65, 84.41, 85.6, 82.84, 85.63, 84.65, 86.12, 86.08, 86.12, 85.84, 86.49, 86.64, 86.7], [0, 0.0054091475903987885, 0.0029013718012720346, 0.0014273779233917594, 0.0010645712027326226, 0.0004847358213737607, 0.00013348416541703045, 0.00010269524500472471, 8.027657895581797e-05, 5.5829565098974854e-05, 7.70857441239059e-05, 8.36872641230002e-05, 7.48990714782849e-05, 7.384637865470722e-05, 7.556999480584636e-05, 7.297610864043236e-05, 6.85526174493134e-05, 8.23151640361175e-05, 8.260102913482115e-05, 8.299671026179567e-05, 6.911558011779562e-05]], [[0, 1, 2, 3, 4, 5, 6, 7, 8, 9, 10, 11, 12, 13, 14, 15, 16, 17, 18, 19, 20], [8.73, 24.62, 72.65, 81.3, 82.0, 83.9, 84.52, 84.88, 84.67, 85.15, 85.93, 85.94, 86.01, 86.26, 86.89, 86.01, 86.9, 87.3, 87.24, 87.22, 87.59], [0, 0.005404328461736441, 0.0016543586971238256, 0.0008525464800186455, 0.0004951220471411943, 0.00016224470164161175, 0.00010480838682269678, 8.74671750352718e-05, 8.863001858117059e-05, 8.760618948144838e-05, 8.862327376846224e-05, 9.078720904653892e-05, 9.020192374009639e-05, 9.434212552150711e-05, 9.804702858673409e-05, 9.577024320606142e-05, 0.00011149418423883617, 0.00010339383879909292, 9.315503848483786e-05, 9.665866673458368e-05, 9.203262015944347e-05]]], "msds": [[[0, 1, 2, 3, 4, 5, 6, 7, 8, 9, 10, 11, 12, 13, 14, 15, 16, 17, 18, 19, 20], [12.19, 78.41, 79.88, 80.44, 81.29, 81.14, 83.54, 84.93, 84.65, 84.41, 85.6, 82.84, 85.63, 84.65, 86.12, 86.08, 86.12, 85.84, 86.49, 86.64, 86.7], [0, 0.0054091475903987885, 0.0029013718012720346, 0.0014273779233917594, 0.0010645712027326226, 0.0004847358213737607, 0.00013348416541703045, 0.00010269524500472471, 8.027657895581797e-05, 5.5829565098974854e-05, 7.70857441239059e-05, 8.36872641230002e-05, 7.48990714782849e-05, 7.384637865470722e-05, 7.556999480584636e-05, 7.297610864043236e-05, 6.85526174493134e-05, 8.23151640361175e-05, 8.260102913482115e-05, 8.299671026179567e-05, 6.911558011779562e-05]], [[0, 1, 2, 3, 4, 5, 6, 7, 8, 9, 10, 11, 12, 13, 14, 15, 16, 17, 18, 19, 20], [11.05, 63.25, 62.6, 77.79, 82.23, 83.03, 84.27, 84.85, 85.4, 85.91, 85.78, 85.33, 85.92, 86.41, 86.58, 86.25, 86.75, 86.68, 87.25, 86.84, 86.94], [0, 0.005383233539760113, 0.0020759832113981247, 0.0012801354750990868, 0.0006504541961476207, 0.00024978708825074136, 0.00014716504665557295, 0.00011731620907085016, 0.0001031415886245668, 9.733523620525375e-05, 9.126722579821944e-05, 0.00010379881859989837, 0.00010431298142066225, 0.00010481267236173153, 0.00010759364522527903, 0.00010677611135179177, 0.00011691846157191321, 0.00011648257350316271, 0.00011472869664430618, 0.00012219430936966091, 0.00010204291174886748]]], "alpha": 0.9, "beta": 2.0, "gamma": 5.0, "num_samples": 6000, "node_count": 10, "density": 0.15, "startup_delay": 0.0, "forward_prob": 0}