{"nodes_data": [[[0, 1, 2, 3, 4, 5, 6, 7, 8, 9, 10, 11, 12, 13, 14, 15, 16, 17, 18, 19, 20], [10.23, 26.93, 61.49, 79.85, 82.71, 83.27, 84.28, 84.42, 84.91, 85.58, 85.11, 86.14, 86.43, 85.56, 85.58, 86.65, 86.83, 86.84, 86.91, 86.88, 87.54], [0, 0.005381227470934391, 0.001192631432786584, 0.00028781514265574515, 0.00012340449029579759, 9.141516784438863e-05, 9.800667612580582e-05, 9.345845319330692e-05, 9.278291690861806e-05, 8.87116912053898e-05, 8.969526970759034e-05, 9.045183833222836e-05, 8.753950532991439e-05, 0.00010423229832667857, 8.777913171797991e-05, 8.554374653613195e-05, 9.71489935182035e-05, 9.2526082880795e-05, 0.0001251120411325246, 0.00012091037206118926, 9.71439148997888e-05]], [[0, 1, 2, 3, 4, 5, 6, 7, 8, 9, 10, 11, 12, 13, 14, 15, 16, 17, 18, 19, 20], [9.11, 16.48, 56.76, 80.24, 82.79, 83.63, 84.29, 84.47, 84.1, 85.84, 85.4, 86.03, 86.01, 86.21, 86.85, 86.77, 86.83, 86.95, 87.26, 87.35, 87.08], [0, 0.005365400109440088, 0.0010821718024089932, 0.00031967347604222596, 9.589230467099696e-05, 0.00010719060810515657, 8.908323798095807e-05, 9.850495553109795e-05, 8.932741911849007e-05, 0.00010032031423179433, 8.668837836012244e-05, 0.0001021238203975372, 9.919020521920174e-05, 0.0001071604056051001, 0.00010998035577358678, 0.0001262753939954564, 0.00011541917046997696, 0.00012660157517530024, 0.00010530155850574374, 0.00010869232937693596, 0.00010561865929048508]]], "msds": [[[0, 1, 2, 3, 4, 5, 6, 7, 8, 9, 10, 11, 12, 13, 14, 15, 16, 17, 18, 19, 20], [10.23, 26.93, 61.49, 79.85, 82.71, 83.27, 84.28, 84.42, 84.91, 85.58, 85.11, 86.14, 86.43, 85.56, 85.58, 86.65, 86.83, 86.84, 86.91, 86.88, 87.54], [0, 0.005381227470934391, 0.001192631432786584, 0.00028781514265574515, 0.00012340449029579759, 9.141516784438863e-05, 9.800667612580582e-05, 9.345845319330692e-05, 9.278291690861806e-05, 8.87116912053898e-05, 8.969526970759034e-05, 9.045183833222836e-05, 8.753950532991439e-05, 0.00010423229832667857, 8.777913171797991e-05, 8.554374653613195e-05, 9.71489935182035e-05, 9.2526082880795e-05, 0.0001251120411325246, 0.00012091037206118926, 9.71439148997888e-05]], [[0, 1, 2, 3, 4, 5, 6, 7, 8, 9, 10, 11, 12, 13, 14, 15, 16, 17, 18, 19, 20], [4.76, 28.65, 63.16, 80.51, 82.66, 83.63, 84.38, 84.43, 84.75, 85.69, 85.23, 85.55, 86.32, 86.54, 86.73, 87.0, 86.75, 87.3, 87.29, 87.45, 86.98], [0, 0.0053671919740736485, 0.0011904394486919045, 0.00030848485766910017, 0.00011476367217255756, 9.29280577111058e-05, 8.70482181198895e-05, 8.445057028438896e-05, 8.650695963297039e-05, 8.772882574703544e-05, 8.980779239209369e-05, 9.364946890855208e-05, 8.600111323175952e-05, 9.179805056191981e-05, 9.94434449239634e-05, 0.000129663894767873, 0.0001080923029803671, 9.473273530602455e-05, 9.253888129023835e-05, 9.916193812387064e-05, 0.00010273393854731694]]], "alpha": 0.0, "beta": 0.0, "gamma": 2.0, "num_samples": 6000, "node_count": 10, "density": 0.15, "startup_delay": 0.0, "forward_prob": 0}