{"nodes_data": [[[0, 1, 2, 3, 4, 5, 6, 7, 8, 9, 10, 11, 12, 13, 14, 15, 16, 17, 18, 19, 20], [10.38, 76.77, 81.94, 79.58, 79.54, 81.54, 83.38, 81.98, 84.28, 84.51, 83.59, 85.27, 84.75, 85.01, 85.25, 84.19, 84.87, 85.32, 85.11, 85.27, 84.76], [0, 0, 0, 0, 0.001739430706948042, 0.0001186342051369138, 8.403791434830055e-05, 0, 0, 0, 7.044203084660694e-05, 6.404767191270366e-05, 6.890677468618378e-05, 6.810230843257159e-05, 7.782618195051327e-05, 8.442211401415989e-05, 0, 0, 0, 0, 0]], [[0, 1, 2, 3, 4, 5, 6, 7, 8, 9, 10, 11, 12, 13, 14, 15, 16, 17, 18, 19, 20], [10.33, 50.11, 50.47, 54.64, 79.54, 81.54, 83.38, 81.98, 84.28, 84.51, 83.59, 85.27, 84.75, 85.01, 85.25, 84.19, 84.87, 85.32, 85.11, 85.27, 84.76], [0, 0.005369632039219141, 0.0030698140617460012, 0.0016946607502177358, 0, 0, 0, 8.291592530440539e-05, 6.567715900018811e-05, 6.069788651075214e-05, 0, 0, 0, 0, 0, 0, 9.259696525987238e-05, 6.992256385274231e-05, 6.64353501633741e-05, 7.904419908300042e-05, 8.137356780935079e-05]]], "msds": [[[0, 1, 2, 3, 4, 5, 6, 7, 8, 9, 10, 11, 12, 13, 14, 15, 16, 17, 18, 19, 20], [10.38, 76.77, 81.94, 79.58, 79.54, 81.54, 83.38, 81.98, 84.28, 84.51, 83.59, 85.27, 84.75, 85.01, 85.25, 84.19, 84.87, 85.32, 85.11, 85.27, 84.76], [0, 0, 0, 0, 0.001739430706948042, 0.0001186342051369138, 8.403791434830055e-05, 0, 0, 0, 7.044203084660694e-05, 6.404767191270366e-05, 6.890677468618378e-05, 6.810230843257159e-05, 7.782618195051327e-05, 8.442211401415989e-05, 0, 0, 0, 0, 0]], [[0, 1, 2, 3, 4, 5, 6, 7, 8, 9, 10, 11, 12, 13, 14, 15, 16, 17, 18, 19, 20], [7.97, 80.94, 80.53, 82.96, 80.69, 83.05, 82.38, 84.44, 83.15, 83.73, 84.27, 82.84, 85.48, 84.77, 84.32, 85.28, 84.59, 84.15, 85.09, 85.46, 85.53], [0, 0, 0, 0, 0, 0, 0, 0, 0, 0, 0, 9.61804689723067e-05, 7.167698640841991e-05, 7.506945985369384e-05, 0, 0, 8.326728129759431e-05, 8.422360406257212e-05, 7.798145816195756e-05, 0, 9.10702656256035e-05]]], "alpha": 1.0, "beta": 0.5, "gamma": 0.0, "num_samples": 6000, "node_count": 10, "density": 0.0, "startup_delay": 0.0, "forward_prob": 0}