{"nodes_data": [[[0, 1, 2, 3, 4, 5, 6, 7, 8, 9, 10, 11, 12, 13, 14, 15, 16, 17, 18, 19, 20], [8.93, 17.43, 67.62, 81.74, 83.3, 83.58, 84.13, 84.74, 85.54, 85.52, 85.6, 86.07, 86.54, 86.27, 86.11, 86.8, 86.83, 86.84, 87.22, 87.36, 87.05], [0, 0.005371894687414169, 0.0009283906547352672, 0.00024377586669288576, 0.00010217483941232786, 8.407457789871842e-05, 7.432646089000627e-05, 7.487509719794616e-05, 8.081671694526449e-05, 8.106161112664267e-05, 8.024688577279449e-05, 7.797424041200429e-05, 8.714874275028706e-05, 8.826693374430761e-05, 9.408168989466503e-05, 9.470288205193356e-05, 8.977112884167582e-05, 9.581676567904651e-05, 0.00010273696534568444, 0.00010229106555925682, 0.00010153219773201272]], [[0, 1, 2, 3, 4, 5, 6, 7, 8, 9, 10, 11, 12, 13, 14, 15, 16, 17, 18, 19, 20], [11.41, 31.02, 78.51, 81.53, 83.49, 84.1, 84.47, 84.8, 85.39, 85.48, 85.69, 86.05, 86.65, 86.38, 86.31, 86.7, 86.92, 86.94, 86.74, 87.42, 86.54], [0, 0.005360922776162624, 0.001057354500517249, 0.0002665198117028922, 8.841368253342807e-05, 7.402479968732223e-05, 7.311662920983508e-05, 7.396936416625977e-05, 7.265374733833596e-05, 7.845412619644776e-05, 7.610263855895028e-05, 7.759428990539163e-05, 8.793531742412597e-05, 8.328194235218689e-05, 8.923549466999248e-05, 8.935551159083843e-05, 9.418714034836739e-05, 9.6252239018213e-05, 0.00010424811625853181, 0.00010003035276895389, 9.636922186473384e-05]]], "msds": [[[0, 1, 2, 3, 4, 5, 6, 7, 8, 9, 10, 11, 12, 13, 14, 15, 16, 17, 18, 19, 20], [8.93, 17.43, 67.62, 81.74, 83.3, 83.58, 84.13, 84.74, 85.54, 85.52, 85.6, 86.07, 86.54, 86.27, 86.11, 86.8, 86.83, 86.84, 87.22, 87.36, 87.05], [0, 0.005371894687414169, 0.0009283906547352672, 0.00024377586669288576, 0.00010217483941232786, 8.407457789871842e-05, 7.432646089000627e-05, 7.487509719794616e-05, 8.081671694526449e-05, 8.106161112664267e-05, 8.024688577279449e-05, 7.797424041200429e-05, 8.714874275028706e-05, 8.826693374430761e-05, 9.408168989466503e-05, 9.470288205193356e-05, 8.977112884167582e-05, 9.581676567904651e-05, 0.00010273696534568444, 0.00010229106555925682, 0.00010153219773201272]], [[0, 1, 2, 3, 4, 5, 6, 7, 8, 9, 10, 11, 12, 13, 14, 15, 16, 17, 18, 19, 20], [16.0, 15.36, 70.04, 81.36, 83.42, 83.9, 84.28, 84.75, 85.51, 85.38, 85.89, 86.16, 86.6, 86.19, 86.14, 86.79, 86.59, 87.01, 87.3, 87.29, 86.8], [0, 0.005393194500356913, 0.0008853095350787044, 0.00023152872745413333, 0.00010071009455714375, 6.925493653398007e-05, 6.960421160329133e-05, 7.321616430999711e-05, 7.346707570832223e-05, 7.354152330663055e-05, 7.70201877458021e-05, 8.172607340384275e-05, 7.959399226820096e-05, 8.289948164019734e-05, 9.068861982086673e-05, 8.417637582169846e-05, 9.929979569278657e-05, 8.783856901573017e-05, 0.0001001972341327928, 9.26717184484005e-05, 0.00010062715591629967]]], "alpha": 0.9, "beta": 0.5, "gamma": 3.0, "num_samples": 6000, "node_count": 10, "density": 0.75, "startup_delay": 0.0, "forward_prob": 0}