{"nodes_data": [[[0, 1, 2, 3, 4, 5, 6, 7, 8, 9, 10, 11, 12, 13, 14, 15, 16, 17, 18, 19, 20], [6.63, 46.01, 80.73, 79.15, 82.43, 83.68, 83.15, 83.36, 84.66, 84.82, 85.79, 85.67, 85.49, 86.44, 84.92, 86.75, 85.55, 85.87, 86.87, 86.93, 86.29], [0, 0.0034721228294074535, 0.0012926087947562337, 0.0008635259000584483, 0.0004030693380627781, 0.00025534298038110137, 0.00022084462398197502, 0.00020900348317809403, 0.0001977313368115574, 0.00019358654390089214, 0.00018853784422390163, 0.0001769678492564708, 0.0001806207437766716, 0.00016482728824485093, 0, 0.00019228518067393452, 0.0001158689265139401, 0, 0.00010317529086023569, 6.176730676088482e-05, 0]], [[0, 1, 2, 3, 4, 5, 6, 7, 8, 9, 10, 11, 12, 13, 14, 15, 16, 17, 18, 19, 20], [9.81, 57.08, 75.77, 78.86, 82.15, 83.52, 83.96, 83.84, 84.84, 84.78, 85.29, 85.01, 85.92, 86.02, 85.72, 85.96, 86.59, 86.02, 85.81, 86.41, 85.1], [0, 0.005359831266105175, 0.0019651520997285843, 0.0007062676013447344, 0.0003587486280594021, 0.00025592336896806955, 0.00021661374194081873, 0.00021148154337424785, 0.00020142094581387937, 0.00019445957150310278, 0.00018814369104802608, 0.0001825143990572542, 0.000170625964528881, 0.00017292906704824418, 0.000151128537254408, 0.00011353243462508544, 9.840153506956995e-05, 0.00012626557145267725, 8.457674266537651e-05, 6.45167674520053e-05, 0]]], "msds": [[[0, 1, 2, 3, 4, 5, 6, 7, 8, 9, 10, 11, 12, 13, 14, 15, 16, 17, 18, 19, 20], [6.63, 46.01, 80.73, 79.15, 82.43, 83.68, 83.15, 83.36, 84.66, 84.82, 85.79, 85.67, 85.49, 86.44, 84.92, 86.75, 85.55, 85.87, 86.87, 86.93, 86.29], [0, 0.0034721228294074535, 0.0012926087947562337, 0.0008635259000584483, 0.0004030693380627781, 0.00025534298038110137, 0.00022084462398197502, 0.00020900348317809403, 0.0001977313368115574, 0.00019358654390089214, 0.00018853784422390163, 0.0001769678492564708, 0.0001806207437766716, 0.00016482728824485093, 0, 0.00019228518067393452, 0.0001158689265139401, 0, 0.00010317529086023569, 6.176730676088482e-05, 0]], [[0, 1, 2, 3, 4, 5, 6, 7, 8, 9, 10, 11, 12, 13, 14, 15, 16, 17, 18, 19, 20], [13.7, 58.48, 80.13, 83.06, 83.0, 84.86, 84.16, 84.88, 85.18, 86.09, 85.95, 86.59, 85.17, 85.0, 85.7, 86.96, 87.11, 86.7, 86.76, 87.64, 87.43], [0, 0.0034634643234312534, 0.0013139155926182866, 0.00028206975548528135, 0.0001918784255394712, 0.0001636110246181488, 0.00014792960428167135, 0.000137420924147591, 0.00013430140097625554, 0.00012874422827735543, 0.00013178554945625365, 0.00010929695417871699, 0.0001386320946039632, 9.099165617953986e-05, 0.00019414433336351067, 0.00017517295782454312, 0.0001598975359229371, 0.00021355408534873277, 0.00015553375124000013, 9.525912901153788e-05, 8.421247912338004e-05]]], "alpha": 0.9, "beta": 0.5, "gamma": 2.0, "num_samples": 6000, "node_count": 10, "density": 0.0, "startup_delay": 0.0, "forward_prob": 0}