{"nodes_data": [[[0, 1, 2, 3, 4, 5, 6, 7, 8, 9, 10, 11, 12, 13, 14, 15, 16, 17, 18, 19, 20], [10.92, 23.64, 61.6, 81.03, 82.6, 83.18, 83.43, 84.68, 84.96, 85.27, 85.22, 85.92, 85.84, 86.51, 86.55, 86.81, 86.42, 87.03, 86.86, 87.17, 87.06], [0, 0.005369708873331547, 0.0008599034626968205, 0.0003366165328770876, 0.0001392834383295849, 0.00010877644672291353, 9.977613808587193e-05, 9.361655247630551e-05, 9.474664693698287e-05, 8.94967233762145e-05, 9.586357191437855e-05, 0.00010659779218258336, 0.00010026694508269429, 0.0001008828476187773, 0.0001014000954455696, 0.00010606757132336497, 0.00010303467570338398, 0.0001133069526986219, 0.00011404095857869834, 0.0001146839713328518, 0.0001149318995885551]], [[0, 1, 2, 3, 4, 5, 6, 7, 8, 9, 10, 11, 12, 13, 14, 15, 16, 17, 18, 19, 20], [11.64, 18.95, 60.37, 81.09, 82.63, 83.03, 83.99, 84.64, 85.31, 85.58, 85.64, 86.03, 86.41, 86.46, 86.53, 86.23, 86.61, 87.15, 87.05, 87.33, 87.52], [0, 0.005368492100387812, 0.0009245014516636729, 0.00032463003299199045, 0.00014767095854040235, 0.00010526587720960379, 9.985631186282262e-05, 8.894331404007971e-05, 8.879169035935774e-05, 9.299739758716896e-05, 9.511922689853236e-05, 0.00010221932461718097, 9.607336687622592e-05, 0.00010655880032572895, 0.00010288092016708106, 0.00011032460315618664, 0.00011032777547370642, 0.0001049536294885911, 0.00011184409959241748, 0.00011695952707668766, 0.00011183193419128656]]], "msds": [[[0, 1, 2, 3, 4, 5, 6, 7, 8, 9, 10, 11, 12, 13, 14, 15, 16, 17, 18, 19, 20], [10.92, 23.64, 61.6, 81.03, 82.6, 83.18, 83.43, 84.68, 84.96, 85.27, 85.22, 85.92, 85.84, 86.51, 86.55, 86.81, 86.42, 87.03, 86.86, 87.17, 87.06], [0, 0.005369708873331547, 0.0008599034626968205, 0.0003366165328770876, 0.0001392834383295849, 0.00010877644672291353, 9.977613808587193e-05, 9.361655247630551e-05, 9.474664693698287e-05, 8.94967233762145e-05, 9.586357191437855e-05, 0.00010659779218258336, 0.00010026694508269429, 0.0001008828476187773, 0.0001014000954455696, 0.00010606757132336497, 0.00010303467570338398, 0.0001133069526986219, 0.00011404095857869834, 0.0001146839713328518, 0.0001149318995885551]], [[0, 1, 2, 3, 4, 5, 6, 7, 8, 9, 10, 11, 12, 13, 14, 15, 16, 17, 18, 19, 20], [10.17, 36.98, 61.59, 81.36, 82.71, 83.24, 83.99, 84.84, 84.76, 85.66, 85.04, 86.03, 86.26, 86.4, 86.57, 86.38, 86.39, 87.08, 86.79, 87.24, 87.36], [0, 0.0053617567755281925, 0.0008128110785037279, 0.0003707528521772474, 0.00014062272384762764, 0.00010973094322253019, 9.531180694466457e-05, 9.377008973388001e-05, 0.00010223177378065884, 9.01037928997539e-05, 9.690548904472962e-05, 9.876038529910147e-05, 0.00010044309601653367, 9.924606274580583e-05, 0.00010870378173422068, 0.00010676784586394206, 0.00011706811346812174, 0.00011284815991530195, 0.00011336254101479426, 0.00013074470916762948, 0.0001163380075013265]]], "alpha": 0.7, "beta": 0.5, "gamma": 3.0, "num_samples": 6000, "node_count": 10, "density": 0.75, "startup_delay": 0.0, "forward_prob": 0}