{"nodes_data": [[[0, 1, 2, 3, 4, 5, 6, 7, 8, 9, 10, 11, 12, 13, 14, 15, 16, 17, 18, 19, 20], [9.26, 29.77, 11.65, 71.05, 80.93, 81.35, 82.12, 83.24, 83.45, 84.51, 84.61, 84.89, 85.17, 85.53, 85.68, 85.83, 85.85, 86.42, 86.04, 86.41, 86.54], [0, 0.0053761121816933155, 0.0025858809240162373, 0.0006415526149794459, 0.0002875171194318682, 0.0001253091759281233, 9.485601913183928e-05, 7.87319295341149e-05, 7.009330147411674e-05, 7.108697900548577e-05, 7.288160122698173e-05, 7.076051406329498e-05, 7.709952478762716e-05, 7.375558197963983e-05, 8.033913763938472e-05, 8.315825107274577e-05, 7.852627459215e-05, 8.944225555751473e-05, 8.771287684794515e-05, 8.674229320604354e-05, 8.845808042678982e-05]], [[0, 1, 2, 3, 4, 5, 6, 7, 8, 9, 10, 11, 12, 13, 14, 15, 16, 17, 18, 19, 20], [13.24, 25.82, 10.0, 64.16, 80.49, 80.61, 82.61, 83.67, 83.49, 84.32, 84.74, 85.01, 85.05, 85.45, 85.91, 85.73, 85.94, 86.45, 86.05, 86.33, 86.52], [0, 0.005365754012018442, 0.00298834266141057, 0.000721325573977083, 0.0002933614596258849, 0.00016132435121107846, 8.191701635951176e-05, 8.10588535387069e-05, 7.33989872969687e-05, 7.234734948724508e-05, 7.282016304088756e-05, 7.466012903023511e-05, 7.580099918413907e-05, 7.684613228775561e-05, 7.973182073328644e-05, 8.369133865926415e-05, 8.245752542279661e-05, 8.761578646954149e-05, 8.862179674906656e-05, 8.95504854270257e-05, 8.465739665552974e-05]]], "msds": [[[0, 1, 2, 3, 4, 5, 6, 7, 8, 9, 10, 11, 12, 13, 14, 15, 16, 17, 18, 19, 20], [9.26, 29.77, 11.65, 71.05, 80.93, 81.35, 82.12, 83.24, 83.45, 84.51, 84.61, 84.89, 85.17, 85.53, 85.68, 85.83, 85.85, 86.42, 86.04, 86.41, 86.54], [0, 0.0053761121816933155, 0.0025858809240162373, 0.0006415526149794459, 0.0002875171194318682, 0.0001253091759281233, 9.485601913183928e-05, 7.87319295341149e-05, 7.009330147411674e-05, 7.108697900548577e-05, 7.288160122698173e-05, 7.076051406329498e-05, 7.709952478762716e-05, 7.375558197963983e-05, 8.033913763938472e-05, 8.315825107274577e-05, 7.852627459215e-05, 8.944225555751473e-05, 8.771287684794515e-05, 8.674229320604354e-05, 8.845808042678982e-05]], [[0, 1, 2, 3, 4, 5, 6, 7, 8, 9, 10, 11, 12, 13, 14, 15, 16, 17, 18, 19, 20], [8.81, 33.46, 10.0, 64.02, 81.0, 80.94, 82.47, 83.35, 83.62, 84.35, 84.72, 84.86, 85.2, 85.5, 85.72, 85.75, 85.96, 86.36, 86.08, 86.23, 86.48], [0, 0.005358012393116951, 0.002758500399067998, 0.0007185559952631593, 0.0002742318611126393, 0.00014477605873253196, 9.042793681146577e-05, 7.777429709676653e-05, 7.191358599811792e-05, 6.839823618065566e-05, 7.103233656380326e-05, 7.315599214052781e-05, 7.517503399867564e-05, 7.459033804479986e-05, 8.090920164249837e-05, 8.485144644510001e-05, 8.432726463070139e-05, 8.701739716343582e-05, 8.781538781477138e-05, 9.016988042276353e-05, 8.85679037310183e-05]]], "alpha": 1.0, "beta": 2.0, "gamma": 3.0, "num_samples": 6000, "node_count": 10, "density": 1.0, "startup_delay": 0.0, "forward_prob": 0}