{"nodes_data": [[[0, 1, 2, 3, 4, 5, 6, 7, 8, 9, 10, 11, 12, 13, 14, 15, 16, 17, 18, 19, 20], [12.96, 31.04, 78.08, 79.31, 82.8, 81.76, 83.75, 84.93, 85.06, 84.66, 85.59, 86.52, 86.32, 86.77, 86.75, 86.91, 87.22, 87.07, 87.02, 87.46, 87.04], [0, 0.005367221776396036, 0.001776192570105195, 0.0008579664281569421, 0.0004958729259669781, 0.00018595253641251475, 0.00011554771481314674, 9.18327787076123e-05, 8.769158012000844e-05, 6.819007103331387e-05, 6.546716031152755e-05, 6.869060598546639e-05, 7.310949877137318e-05, 8.10225319582969e-05, 9.904061153065413e-05, 0.00012237572809681296, 0.0001112073878175579, 0.00012132055417168885, 8.301307389046997e-05, 9.012827649712563e-05, 9.331903856946155e-05]], [[0, 1, 2, 3, 4, 5, 6, 7, 8, 9, 10, 11, 12, 13, 14, 15, 16, 17, 18, 19, 20], [16.39, 25.66, 77.96, 80.35, 82.29, 83.34, 83.88, 84.29, 85.35, 83.09, 85.59, 85.81, 85.76, 86.23, 86.83, 86.64, 86.86, 86.47, 86.95, 87.46, 86.84], [0, 0.005363446660339832, 0.002023902488872409, 0.001118479878641665, 0.000739274313673377, 0.000456939305877313, 0.00016735111421439797, 0.00010838308662641793, 9.310003952123225e-05, 0, 0.00012754595081787556, 8.916491060517728e-05, 0.00012002085713902488, 0.00012241063814144582, 0.00011496381921460852, 0.00011676729627652094, 0.0001038444388541393, 0.00011082183482358232, 0.00010844086500583217, 9.989030513679609e-05, 0.00010078512423206121]]], "msds": [[[0, 1, 2, 3, 4, 5, 6, 7, 8, 9, 10, 11, 12, 13, 14, 15, 16, 17, 18, 19, 20], [12.96, 31.04, 78.08, 79.31, 82.8, 81.76, 83.75, 84.93, 85.06, 84.66, 85.59, 86.52, 86.32, 86.77, 86.75, 86.91, 87.22, 87.07, 87.02, 87.46, 87.04], [0, 0.005367221776396036, 0.001776192570105195, 0.0008579664281569421, 0.0004958729259669781, 0.00018595253641251475, 0.00011554771481314674, 9.18327787076123e-05, 8.769158012000844e-05, 6.819007103331387e-05, 6.546716031152755e-05, 6.869060598546639e-05, 7.310949877137318e-05, 8.10225319582969e-05, 9.904061153065413e-05, 0.00012237572809681296, 0.0001112073878175579, 0.00012132055417168885, 8.301307389046997e-05, 9.012827649712563e-05, 9.331903856946155e-05]], [[0, 1, 2, 3, 4, 5, 6, 7, 8, 9, 10, 11, 12, 13, 14, 15, 16, 17, 18, 19, 20], [9.01, 36.89, 73.74, 78.03, 82.8, 83.37, 83.06, 83.92, 85.29, 85.15, 85.13, 85.98, 85.48, 86.34, 85.12, 86.48, 86.17, 86.59, 86.55, 87.47, 86.72], [0, 0.005352262407541275, 0.001890124985948205, 0.0008158354903571308, 0.00038585319998674095, 0.00022684040595777333, 9.722721733851358e-05, 7.640414696652442e-05, 7.074840686982498e-05, 9.781355038285255e-05, 6.988061795709655e-05, 6.170350388856605e-05, 6.269558798521757e-05, 6.13813754171133e-05, 0, 7.630087930010632e-05, 8.36683320812881e-05, 9.066033089766279e-05, 7.814715354470536e-05, 7.804617052897811e-05, 7.527422712882981e-05]]], "alpha": 1.0, "beta": 0.5, "gamma": 5.0, "num_samples": 6000, "node_count": 10, "density": 0.15, "startup_delay": 0.0, "forward_prob": 0}