{"nodes_data": [[[0, 1, 2, 3, 4, 5, 6, 7, 8, 9, 10, 11, 12, 13, 14, 15, 16, 17, 18, 19, 20], [10.38, 10.36, 10.0, 73.62, 80.83, 81.12, 83.2, 83.63, 84.3, 84.77, 84.83, 84.87, 85.04, 85.59, 85.74, 85.74, 85.73, 86.12, 86.43, 86.47, 86.6], [0, 0.005365368444472551, 0.0030681344214826822, 0.0011214916594326496, 0.00031032084370963275, 0.00011400254879845306, 7.850291876820847e-05, 7.335736154345796e-05, 7.454580918420106e-05, 7.058502524159849e-05, 7.042703509796411e-05, 8.185385377146304e-05, 7.84015646786429e-05, 8.388612332055345e-05, 8.369900024263188e-05, 8.041189721552655e-05, 9.241334919352084e-05, 8.574506500735879e-05, 9.282122482545674e-05, 9.270510781789199e-05, 9.635918104322627e-05]], [[0, 1, 2, 3, 4, 5, 6, 7, 8, 9, 10, 11, 12, 13, 14, 15, 16, 17, 18, 19, 20], [12.14, 10.0, 16.43, 74.13, 81.08, 81.26, 83.01, 83.47, 84.23, 84.78, 85.05, 84.95, 85.1, 85.75, 85.67, 85.81, 85.88, 86.25, 86.22, 86.47, 86.53], [0, 0.005379917100071907, 0.002641068072989583, 0.0010680543491616845, 0.00026131668710149825, 0.00011845955305034295, 9.054446854861453e-05, 7.663193537155166e-05, 6.931855750735849e-05, 7.357755384873599e-05, 7.561530219390988e-05, 7.872872083680704e-05, 8.103129221126437e-05, 8.135580719681457e-05, 8.252912812167779e-05, 8.611675730207935e-05, 8.889449964044616e-05, 9.069641237147152e-05, 9.282409155275673e-05, 9.535348362987861e-05, 0.00010278302215738222]]], "msds": [[[0, 1, 2, 3, 4, 5, 6, 7, 8, 9, 10, 11, 12, 13, 14, 15, 16, 17, 18, 19, 20], [10.38, 10.36, 10.0, 73.62, 80.83, 81.12, 83.2, 83.63, 84.3, 84.77, 84.83, 84.87, 85.04, 85.59, 85.74, 85.74, 85.73, 86.12, 86.43, 86.47, 86.6], [0, 0.005365368444472551, 0.0030681344214826822, 0.0011214916594326496, 0.00031032084370963275, 0.00011400254879845306, 7.850291876820847e-05, 7.335736154345796e-05, 7.454580918420106e-05, 7.058502524159849e-05, 7.042703509796411e-05, 8.185385377146304e-05, 7.84015646786429e-05, 8.388612332055345e-05, 8.369900024263188e-05, 8.041189721552655e-05, 9.241334919352084e-05, 8.574506500735879e-05, 9.282122482545674e-05, 9.270510781789199e-05, 9.635918104322627e-05]], [[0, 1, 2, 3, 4, 5, 6, 7, 8, 9, 10, 11, 12, 13, 14, 15, 16, 17, 18, 19, 20], [13.24, 79.56, 33.35, 75.52, 81.23, 81.59, 83.08, 83.61, 84.49, 84.84, 85.13, 85.13, 85.12, 85.73, 85.66, 85.93, 85.76, 86.17, 86.22, 86.61, 86.56], [0, 0.005381607450544834, 0.0039393361657857895, 0.0008395544136874378, 0.0002215260174125433, 0.00010472433496033773, 8.102097490336746e-05, 7.090775034157559e-05, 6.782702257623896e-05, 7.28537343093194e-05, 7.180350075941533e-05, 7.985939737409353e-05, 7.749785436317325e-05, 8.015508501557633e-05, 8.44232490635477e-05, 8.620548760518432e-05, 8.973140938905999e-05, 9.338594827568159e-05, 9.475443948758766e-05, 8.851238817442209e-05, 9.399634291185066e-05]]], "alpha": 0.9, "beta": 2.0, "gamma": 0.0, "num_samples": 6000, "node_count": 10, "density": 1.0, "startup_delay": 0.0, "forward_prob": 0}