{"alpha": 0.9, "beta": 0.5, "gamma": 3.0, "num_samples": 6000, "node_count": 10, "density": 0.25, "startup_delay": 0.0, "forward_prob": 0, "epochs": [[0, 1, 2, 3, 4, 5, 6, 7, 8, 9, 10, 11, 12, 13, 14, 15, 16, 17, 18, 19, 20], [0, 1, 2, 3, 4, 5, 6, 7, 8, 9, 10, 11, 12, 13, 14, 15, 16, 17, 18, 19, 20], [0, 1, 2, 3, 4, 5, 6, 7, 8, 9, 10, 11, 12, 13, 14, 15, 16, 17, 18, 19, 20], [0, 1, 2, 3, 4, 5, 6, 7, 8, 9, 10, 11, 12, 13, 14, 15, 16, 17, 18, 19, 20], [0, 1, 2, 3, 4, 5, 6, 7, 8, 9, 10, 11, 12, 13, 14, 15, 16, 17, 18, 19, 20], [0, 1, 2, 3, 4, 5, 6, 7, 8, 9, 10, 11, 12, 13, 14, 15, 16, 17, 18, 19, 20], [0, 1, 2, 3, 4, 5, 6, 7, 8, 9, 10, 11, 12, 13, 14, 15, 16, 17, 18, 19, 20], [0, 1, 2, 3, 4, 5, 6, 7, 8, 9, 10, 11, 12, 13, 14, 15, 16, 17, 18, 19, 20], [0, 1, 2, 3, 4, 5, 6, 7, 8, 9, 10, 11, 12, 13, 14, 15, 16, 17, 18, 19, 20], [0, 1, 2, 3, 4, 5, 6, 7, 8, 9, 10, 11, 12, 13, 14, 15, 16, 17, 18, 19, 20]], "accuracies": [[9.33, 21.4, 72.37, 83.75, 85.94, 86.94, 88.1, 88.26, 89.13, 89.39, 89.62, 89.61, 89.83, 89.69, 89.85, 90.23, 90.13, 90.22, 90.14, 90.29, 90.44], [8.13, 22.13, 53.9, 81.5, 86.09, 86.94, 87.66, 87.69, 88.99, 89.09, 89.58, 89.47, 89.89, 89.81, 90.26, 90.17, 89.96, 90.24, 90.03, 90.4, 90.44], [12.31, 15.15, 50.65, 82.58, 85.02, 87.19, 88.2, 88.41, 88.98, 89.4, 89.8, 89.96, 89.92, 89.87, 90.49, 90.36, 90.27, 90.29, 90.33, 90.31, 90.53], [9.26, 23.44, 65.36, 81.25, 85.67, 86.95, 87.75, 88.23, 88.75, 89.17, 89.43, 89.64, 90.03, 89.75, 89.99, 90.31, 90.43, 90.24, 90.22, 90.37, 90.34], [10.09, 26.05, 62.82, 80.86, 85.55, 87.01, 88.27, 88.22, 89.07, 89.17, 89.58, 89.47, 90.05, 89.81, 89.89, 90.24, 90.06, 90.28, 90.05, 90.54, 90.16], [12.75, 16.38, 55.69, 80.6, 84.95, 86.77, 88.02, 88.53, 88.99, 89.51, 89.49, 89.79, 89.79, 90.0, 90.19, 90.29, 90.13, 89.91, 90.11, 90.37, 89.95], [7.15, 22.25, 47.64, 82.12, 85.32, 87.28, 88.02, 88.39, 89.05, 89.09, 89.85, 89.52, 89.95, 89.94, 90.12, 90.13, 90.04, 89.84, 90.23, 90.58, 90.33], [13.31, 26.45, 84.83, 86.64, 88.12, 88.97, 89.51, 89.8, 90.08, 90.31, 90.34, 90.36, 89.73, 89.14, 89.79, 89.31, 89.07, 88.24, 89.32, 89.34, 89.48], [10.37, 63.01, 84.35, 87.44, 88.46, 88.79, 89.43, 89.67, 89.75, 89.64, 89.63, 89.41, 90.01, 89.18, 90.07, 90.12, 90.08, 90.1, 90.08, 90.11, 90.08], [9.76, 77.92, 86.07, 87.3, 88.21, 88.95, 89.36, 90.05, 89.89, 89.76, 89.85, 89.48, 89.4, 89.89, 89.52, 88.95, 88.87, 89.35, 89.79, 88.66, 87.45]], "msds": [[0, 0.0010731600923463702, 0.0009094501729123294, 0.0007368230726569891, 0.0005359489587135613, 0.0003559682227205485, 0.0002852736506611109, 0.0003616933536250144, 0.0003455656114965677, 0.0003264424158260226, 0.00034535108716227114, 0.00039028000901453197, 0.0003889240324497223, 0.0003594915324356407, 0.0003577815368771553, 0.00033457751851528883, 0.000426619517384097, 0.0003513663832563907, 0.0002900240651797503, 0.00038040534127503633, 0.00029745828942395747], [0, 0.0010698881233111024, 0.0009282873943448067, 0.0007034629234112799, 0.0005784316454082727, 0.0004221443086862564, 0.0003938561712857336, 0.0003510712704155594, 0.0003449440700933337, 0.000352810398908332, 0.00038489620783366263, 0.00037887479993514717, 0.0004283681628294289, 0.00038863570080138743, 0.0004117334901820868, 0.00035952249891124666, 0.00045295481686480343, 0.0004043197550345212, 0.00034743614378385246, 0.0003463061584625393, 0.0003949053061660379], [0, 0.0010827068472281098, 0.0008653731201775372, 0.0005968312034383416, 0.0004457816539797932, 0.00036059998092241585, 0.00030667558894492686, 0.0003106452932115644, 0.0003557461313903332, 0.0003389152407180518, 0.00035134056815877557, 0.00035275783739052713, 0.0003679203800857067, 0.0003576365706976503, 0.0003520845784805715, 0.0003488066722638905, 0.000397273717680946, 0.0003427918127272278, 0.0002851574681699276, 0.0003325608849991113, 0.00028600593213923275], [0, 0.0011060028336942196, 0.0009818762773647904, 0.0006377752870321274, 0.0004404853971209377, 0.0002994566166307777, 0.000263289111899212, 0.0002934141084551811, 0.00032018215279094875, 0.00030847941525280476, 0.0003469883813522756, 0.0003615891910158098, 0.0003542733029462397, 0.00037274989881552756, 0.00038112534093670547, 0.0003635925822891295, 0.0003714353370014578, 0.0003819703415501863, 0.00029267737409099936, 0.00033539158175699413, 0.0002641765750013292], [0, 0.0010785210179165006, 0.0008753936272114515, 0.0006003827438689768, 0.00038503509131260216, 0.00027306913398206234, 0.00026502611581236124, 0.0002905584988184273, 0.000333687145030126, 0.0003111318510491401, 0.00033332168823108077, 0.000321822619298473, 0.00035445307730697095, 0.00035236464464105666, 0.00037679661181755364, 0.00036908374750055373, 0.0003697484789881855, 0.0003820779384113848, 0.00031152970041148365, 0.0003888702194672078, 0.000264353264356032], [0, 0.0010981973027810454, 0.0008981102146208286, 0.0006884356844238937, 0.0005254927091300488, 0.000395780720282346, 0.0003154365695081651, 0.00032905739499256015, 0.0003200208011548966, 0.00034089639666490257, 0.00035753895645029843, 0.00036620660102926195, 0.00037439336301758885, 0.0003960887552239001, 0.0003904318145941943, 0.00039504977758042514, 0.0003998494939878583, 0.00041405699448660016, 0.00037412214442156255, 0.00036217676824890077, 0.0003102582413703203], [0, 0.0010926518589258194, 0.0009881412843242288, 0.0006249088328331709, 0.00045605149352923036, 0.0003511211834847927, 0.0002743781660683453, 0.0003102151385974139, 0.00032319314777851105, 0.00034624754334799945, 0.00035115910577587783, 0.000354269752278924, 0.00037119031185284257, 0.0003804602019954473, 0.0003635355969890952, 0.0003707745054271072, 0.00038707087514922023, 0.0003531614493113011, 0.0002796508779283613, 0.00034496598527766764, 0.0002952100767288357], [0, 0.0010805533966049552, 0.000505266070831567, 0.0004407560045365244, 0.00035948745789937675, 0.00040478372829966247, 0.0004232955980114639, 0.0003993028949480504, 0.00040662026731297374, 0.0003766074078157544, 0.00040770223131403327, 0.00039132643723860383, 0.00021941805607639253, 0, 9.70402397797443e-05, 0.00022922530479263514, 0.0002552974910940975, 0.00045574147952720523, 0.00039015832589939237, 0.00028545878012664616, 0.00042319155181758106], [0, 0.0007638869574293494, 0.0006071183015592396, 0.0004298954736441374, 0.00030550904921256006, 0.0004073989111930132, 0.0004770872474182397, 0.0003956344735343009, 0.0003579990298021585, 0.0004056413599755615, 0.0003102495102211833, 0, 0, 0, 0, 0, 0, 0, 0, 0, 0], [0, 0.0007308768108487129, 0.00037127910763956606, 0.0004905847599729896, 0.00033713740413077176, 0.00047337880823761225, 0.00037616404006257653, 0.0004364187188912183, 0.0004623699060175568, 0.00040666223503649235, 0.0003546829102560878, 0.0003392384387552738, 0.0001450986455893144, 9.70402397797443e-05, 0.00022922530479263514, 0.0002552974910940975, 0.00045574147952720523, 0.00039015832589939237, 0.00028545878012664616, 0.00042319155181758106, 0]]}