{"alpha": 0.75, "beta": 0.5, "gamma": 2.0, "num_samples": 1000, "node_count": 10, "density": 0.25, "startup_delay": 2.0, "forward_prob": 0, "epochs": [[0, 1, 2, 3, 4, 5, 6, 7, 8, 9, 10, 11, 12, 13, 14, 15, 16, 17, 18, 19, 20], [0, 1, 2, 3, 4, 5, 6, 7, 8, 9, 10, 11, 12, 13, 14, 15, 16, 17, 18, 19, 20], [0, 1, 2, 3, 4, 5, 6, 7, 8, 9, 10, 11, 12, 13, 14, 15, 16, 17, 18, 19, 20], [0, 1, 2, 3, 4, 5, 6, 7, 8, 9, 10, 11, 12, 13, 14, 15, 16, 17, 18, 19, 20], [0, 1, 2, 3, 4, 5, 6, 7, 8, 9, 10, 11, 12, 13, 14, 15, 16, 17, 18, 19, 20], [0, 1, 2, 3, 4, 5, 6, 7, 8, 9, 10, 11, 12, 13, 14, 15, 16, 17, 18, 19, 20], [0, 1, 2, 3, 4, 5, 6, 7, 8, 9, 10, 11, 12, 13, 14, 15, 16, 17, 18, 19, 20], [0, 1, 2, 3, 4, 5, 6, 7, 8, 9, 10, 11, 12, 13, 14, 15, 16, 17, 18, 19, 20], [0, 1, 2, 3, 4, 5, 6, 7, 8, 9, 10, 11, 12, 13, 14, 15, 16, 17, 18, 19, 20], [0, 1, 2, 3, 4, 5, 6, 7, 8, 9, 10, 11, 12, 13, 14, 15, 16, 17, 18, 19, 20]], "accuracies": [[13.38, 18.8, 10.94, 27.02, 25.45, 38.16, 35.38, 40.15, 51.38, 39.08, 47.62, 47.68, 40.48, 44.23, 48.07, 49.01, 55.34, 62.13, 48.42, 61.92, 47.77], [9.61, 13.13, 19.39, 28.82, 30.82, 35.21, 41.35, 53.03, 47.43, 59.4, 47.78, 47.82, 51.58, 54.46, 47.74, 52.86, 66.68, 63.44, 68.83, 70.75, 68.96], [11.04, 16.71, 24.91, 32.67, 32.21, 43.35, 32.65, 54.97, 44.27, 48.83, 41.43, 56.46, 52.46, 55.31, 40.07, 66.86, 49.47, 53.56, 56.21, 49.13, 49.42], [14.93, 17.5, 26.84, 28.58, 39.39, 28.93, 33.5, 43.5, 30.43, 48.37, 43.83, 48.2, 44.83, 48.77, 33.78, 54.95, 40.53, 58.42, 52.74, 50.83, 42.74], [13.59, 10.0, 35.83, 23.12, 37.07, 42.26, 46.21, 42.58, 50.49, 43.23, 47.64, 46.06, 44.91, 40.25, 50.68, 61.8, 56.8, 40.45, 38.5, 34.55, 53.84], [9.09, 28.94, 28.69, 25.58, 38.33, 46.04, 40.11, 43.47, 47.25, 59.83, 53.86, 49.99, 60.59, 61.81, 63.1, 60.92, 57.89, 46.04, 39.19, 39.46, 36.62], [14.61, 29.56, 19.34, 31.09, 19.55, 27.65, 48.52, 48.26, 58.85, 49.83, 54.42, 62.0, 49.35, 67.2, 51.79, 64.46, 54.67, 62.72, 33.8, 55.52, 27.3], [6.14, 29.29, 12.9, 39.46, 44.1, 44.12, 26.86, 41.76, 57.24, 42.04, 53.52, 49.8, 58.11, 44.35, 69.3, 47.87, 54.11, 41.28, 45.12, 45.46, 26.47], [4.55, 28.83, 24.13, 29.54, 41.56, 41.45, 53.19, 42.5, 48.84, 38.59, 50.94, 41.17, 53.88, 38.26, 52.21, 49.19, 61.35, 57.02, 58.25, 49.79, 30.04], [7.73, 19.46, 21.18, 19.6, 24.82, 39.39, 36.55, 42.74, 41.57, 42.56, 38.22, 50.82, 37.39, 47.73, 43.1, 47.43, 46.78, 51.79, 44.07, 52.2, 44.1]], "msds": [[0, 0.0007568366127088666, 0.0003664397809188813, 0.00032992567867040634, 0.0002696766459848732, 0.0002274994330946356, 0.00018781171820592135, 0.00018026158795692027, 0.00016444492212031037, 0.00014438360813073814, 0.0001102733367588371, 0.00012637452164199203, 0.000135387948830612, 0.00013579482038039714, 0.00013088120613247156, 0.00012116952711949125, 9.980752656701952e-05, 8.928647730499506e-05, 0.0001244487939402461, 0.0001300254079978913, 0.0001792683033272624], [0, 0.0007244445150718093, 0.00037901027826592326, 0.000235132421948947, 0.00023746320221107453, 0.0001546302519273013, 0.00014393858145922422, 0.0001247412001248449, 0.00012311436876188964, 0.00014852997264824808, 0.0001305078185396269, 0.0001398692256771028, 9.794668585527688e-05, 0.00010788431973196566, 0.0001183850909001194, 0.00011369033018127084, 7.029245170997456e-05, 8.47174451337196e-05, 8.505758160026744e-05, 8.033340418478474e-05, 0.0001176263322122395], [0, 0.0007838818128220737, 0.00023757298185955733, 0.00022262422135099769, 0.00014494475908577442, 0.00014580681454390287, 0.00012216551112942398, 0.00014864298282191157, 0.00011593221279326826, 0.0001248936605406925, 0.00015790978795848787, 0.00013105510151945055, 0.00013484584633260965, 0.00011038930824724957, 0.00015020904538687319, 0.00010744815517682582, 9.924824553309008e-05, 8.340403292095289e-05, 4.560932211461477e-05, 0.00011790163989644498, 8.609527867520228e-05], [0, 0.0005664420314133167, 0.00022630265448242426, 0.00016997556667774916, 0.00014215553528629243, 0.00012836199312005192, 0.00014702678890898824, 0.00011616011033765972, 0.00011428618745412678, 0.00011863981490023434, 0.00017991095955949277, 0.00016144946857821196, 0.00015777656517457217, 0.00017053080955520272, 0.0001751852105371654, 0.00016825211059767753, 0.0001306840276811272, 0.00013520421634893864, 0.00011232908582314849, 0.0001338702713837847, 0.00018752286268863827], [0, 0.0007504860986955464, 0.0003537820011842996, 0.00023397308541461825, 0.0002531065547373146, 0.000255276303505525, 0.00020032869360875338, 0.0002016693033510819, 0.00017300990293733776, 0.0002025808353209868, 0.00012311468890402466, 0.0001552160392748192, 0.00012233873712830245, 0.00019194523338228464, 8.622551831649616e-05, 0.00013710997882299125, 8.013835758902133e-05, 0.00011689229722833261, 0.00014322523202281445, 0.00018188825924880803, 0.00015962994075380266], [0, 0, 0.00031593244057148695, 0.00034431449603289366, 0.0002126696053892374, 0.00020205510372761637, 0.00020023270917590708, 0.00016740999126341194, 0.00016801999299786985, 0.00013766484335064888, 0.00011904114217031747, 0.00011985308810835704, 0.00015909606008790433, 7.714802632108331e-05, 0.00018511241069063544, 9.840620623435825e-05, 0.00010739394201664254, 7.357901631621644e-05, 0.00017124089936260134, 0.00012502486060839146, 0.0001764989283401519], [0, 0.0005924864090047777, 0.0002758704940788448, 0.0002656974829733372, 0.000239502071053721, 0.00026979201356880367, 0.0002484600117895752, 0.00023529060126747936, 0.0002421703393338248, 0.00018467119662091136, 0.0002490642946213484, 0.00016264418081846088, 0.000193248619325459, 0.0001900461211334914, 0.0001851999550126493, 0.00019760306167881936, 0.0001231957576237619, 0.0001977923820959404, 0.00018257900956086814, 0.00025362876476719975, 0.00015548680676147342], [0, 0.0007403138442896307, 0.0004369561211206019, 0.0002282743516843766, 0.0002129160420736298, 0.00021071727678645402, 0.00018105913477484137, 0.00018376308435108513, 0.0001160012834588997, 0.00015273857570718974, 0.00013512169243767858, 0.00011437821376603097, 0.00011233646364416927, 0.00014393207675311714, 0.00010660886619007215, 0.00010983307583956048, 6.586746167158708e-05, 0.00016991732991300523, 0.00012396005331538618, 0.00020505726570263505, 0.00011215491394978017], [0, 0.0003472801763564348, 0.00033015687949955463, 0.0002241191396024078, 0.00021731227752752602, 0.00015395425725728273, 0.0001748680224409327, 0.00013785985356662422, 0.0001661568967392668, 0.00012022750161122531, 0.00019411947869230062, 0.0001347715879091993, 0.00019705401791725308, 0.00011292412818875164, 0.00020705399219878018, 0.0001222970022354275, 0.0001206960150739178, 8.857029752107337e-05, 0.00012409371265675873, 9.398295514984056e-05, 0], [0, 0.0008166460902430117, 0.00034697481896728277, 0.00032912701135501266, 0.0003238435892853886, 0.00027422173297964036, 0.0002003349654842168, 0.00021169152751099318, 0.00016990861331578344, 0.00018683400412555784, 0.0001333084364887327, 0.00020171486539766192, 0.0001647643221076578, 0.00016964474343694746, 0.0001672386861173436, 0.00015112778055481613, 0.0001196835728478618, 0.000148503459058702, 0.0001477406913181767, 0.00021118509175721556, 0.00014174987154547125]]}