{"alpha": 0.75, "beta": 0.5, "gamma": 7.0, "num_samples": 25, "node_count": 10, "density": 0.75, "startup_delay": 0.0, "forward_prob": 0, "epochs": [[0, 1, 2, 3, 4, 5, 6, 7, 8, 9, 10, 11, 12, 13, 14, 15, 16, 17, 18, 19, 20], [0, 1, 2, 3, 4, 5, 6, 7, 8, 9, 10, 11, 12, 13, 14, 15, 16, 17, 18, 19, 20], [0, 1, 2, 3, 4, 5, 6, 7, 8, 9, 10, 11, 12, 13, 14, 15, 16, 17, 18, 19, 20], [0, 1, 2, 3, 4, 5, 6, 7, 8, 9, 10, 11, 12, 13, 14, 15, 16, 17, 18, 19, 20], [0, 1, 2, 3, 4, 5, 6, 7, 8, 9, 10, 11, 12, 13, 14, 15, 16, 17, 18, 19, 20], [0, 1, 2, 3, 4, 5, 6, 7, 8, 9, 10, 11, 12, 13, 14, 15, 16, 17, 18, 19, 20], [0, 1, 2, 3, 4, 5, 6, 7, 8, 9, 10, 11, 12, 13, 14, 15, 16, 17, 18, 19, 20], [0, 1, 2, 3, 4, 5, 6, 7, 8, 9, 10, 11, 12, 13, 14, 15, 16, 17, 18, 19, 20], [0, 1, 2, 3, 4, 5, 6, 7, 8, 9, 10, 11, 12, 13, 14, 15, 16, 17, 18, 19, 20], [0, 1, 2, 3, 4, 5, 6, 7, 8, 9, 10, 11, 12, 13, 14, 15, 16, 17, 18, 19, 20]], "accuracies": [[5.53, 15.29, 52.86, 59.97, 60.68, 66.18, 65.95, 68.06, 66.23, 69.01, 65.2, 71.64, 69.15, 70.87, 69.74, 71.61, 71.59, 72.23, 70.74, 71.24, 70.66], [1.69, 14.02, 58.36, 60.54, 67.23, 67.47, 67.29, 68.41, 68.6, 68.84, 68.89, 70.9, 70.13, 71.14, 70.0, 72.03, 71.41, 71.0, 70.93, 71.77, 70.93], [9.75, 16.25, 59.11, 60.06, 64.61, 66.83, 64.99, 66.49, 67.55, 68.01, 67.11, 69.9, 68.16, 70.8, 68.28, 70.66, 68.67, 71.37, 68.58, 70.66, 67.83], [11.38, 28.59, 45.31, 54.36, 53.12, 64.85, 62.94, 66.8, 65.22, 67.59, 67.88, 66.36, 70.14, 66.17, 71.11, 68.58, 71.98, 70.47, 71.78, 70.04, 69.71], [7.59, 18.09, 55.08, 58.84, 63.38, 66.08, 64.3, 67.26, 65.33, 67.22, 67.43, 66.9, 70.19, 66.93, 70.61, 68.02, 72.08, 67.37, 69.9, 69.74, 68.83], [11.39, 12.87, 50.57, 63.14, 66.71, 65.6, 68.35, 68.34, 69.04, 67.84, 67.87, 72.41, 68.93, 73.23, 71.2, 73.15, 70.9, 72.82, 72.15, 70.17, 70.4], [12.16, 10.0, 47.89, 56.93, 62.35, 63.87, 66.93, 66.4, 68.37, 65.13, 65.11, 68.82, 64.87, 70.78, 68.27, 69.02, 68.25, 69.58, 69.89, 66.65, 65.33], [8.8, 46.09, 56.22, 67.7, 67.13, 68.63, 68.26, 66.68, 68.93, 68.67, 70.1, 69.57, 71.35, 68.57, 71.03, 68.64, 67.09, 60.32, 57.6, 63.43, 64.68], [10.3, 35.01, 46.3, 62.52, 62.85, 67.7, 63.14, 69.58, 65.62, 69.59, 66.96, 70.94, 68.67, 66.25, 68.37, 68.21, 68.97, 57.81, 62.06, 62.52, 67.33], [11.0, 27.62, 43.47, 59.38, 55.58, 66.34, 60.06, 67.52, 62.24, 69.59, 62.38, 70.53, 70.32, 62.79, 69.6, 66.84, 65.16, 57.86, 57.89, 60.65, 61.94]], "msds": [[0, 0.000639990670606494, 8.200104639399797e-05, 3.824131636065431e-05, 2.861952452803962e-05, 2.6212968805339187e-05, 1.8876609829021618e-05, 1.8562708646641113e-05, 1.4795972674619406e-05, 1.4539737094310112e-05, 1.5334631825680844e-05, 1.245733437826857e-05, 1.1927445484616328e-05, 9.15237524168333e-06, 9.31149952521082e-06, 1.0622670743032359e-05, 5.684034931618953e-06, 5.149512162461178e-06, 1.2667564078583382e-05, 7.081842795741977e-06, 5.613242137769703e-06], [0, 0.0006481073796749115, 8.588302443968132e-05, 3.805300366366282e-05, 2.80058757198276e-05, 2.4370399842155166e-05, 1.8119120795745403e-05, 1.6587768186582252e-05, 1.1583192645048257e-05, 1.4271189684222918e-05, 9.520007552055176e-06, 1.026993413688615e-05, 9.018875061883591e-06, 7.645290679647587e-06, 9.325121936853975e-06, 6.949867838557111e-06, 3.846377694571856e-06, 6.519904218293959e-06, 1.0229617146251258e-05, 5.224373126111459e-06, 3.352830162839382e-06], [0, 0.0006451398367062211, 8.656126010464504e-05, 4.016033926745877e-05, 2.7809925086330622e-05, 2.1758776711067185e-05, 1.6999783838400617e-05, 2.1498279238585383e-05, 1.4057856787985656e-05, 1.0756995834526606e-05, 1.172431802842766e-05, 8.621484994364437e-06, 1.2272374988242518e-05, 6.6545462686917745e-06, 1.0715195458033122e-05, 5.8084106058231555e-06, 8.540831004211213e-06, 5.522151241166284e-06, 9.876858712232206e-06, 3.920928975276183e-06, 6.955569460842526e-06], [0, 0.0006911203381605446, 9.759966633282602e-05, 4.333757533458993e-05, 2.8502461645985022e-05, 2.4437975298496895e-05, 1.3928332009527367e-05, 1.4158560588839464e-05, 1.1362047189322766e-05, 1.2223877092765179e-05, 9.372457498102449e-06, 9.146974662144203e-06, 1.059743226505816e-05, 6.02573072683299e-06, 1.1746142263291404e-05, 5.305185823090142e-06, 5.248947218206013e-06, 4.990938577975612e-06, 5.488795068231411e-06, 4.1201246858690865e-06, 3.5058765206485987e-06], [0, 0.0006434402894228697, 8.741248893784359e-05, 3.9366543205687776e-05, 2.5036948500201106e-05, 1.7737160305841826e-05, 1.444982899556635e-05, 1.350950788037153e-05, 1.4934088540030643e-05, 1.1908169653906953e-05, 8.361117579624988e-06, 1.1708943020494189e-05, 8.272028026112821e-06, 5.320229774952168e-06, 1.2313854313106276e-05, 5.1713727771129925e-06, 3.7615216115227668e-06, 6.820863291068235e-06, 8.88976501300931e-06, 4.592438017425593e-06, 3.0447522476606537e-06], [0, 0.0006395815289579332, 8.302717469632626e-05, 3.721969551406801e-05, 2.3409629648085684e-05, 1.7748090613167733e-05, 1.5234374586725608e-05, 1.1227390132262371e-05, 1.2489162145357113e-05, 9.18138448469108e-06, 1.0743897291831672e-05, 9.597709322406445e-06, 5.892544322705362e-06, 7.087832273100503e-06, 3.8376938391593285e-06, 9.026546649693046e-06, 5.818304998683743e-06, 5.358666840038495e-06, 8.61065745993983e-06, 5.126199084770633e-06, 1.3704478078579996e-05], [0, 0.0006591983838006854, 9.629224223317578e-05, 4.385026841191575e-05, 2.322534055565484e-05, 1.5438046830240637e-05, 1.6678342944942415e-05, 1.1265267858107109e-05, 1.0658479368430562e-05, 1.671369500400033e-05, 9.569545909471344e-06, 1.0165415915253107e-05, 8.147007974912412e-06, 8.392348718189169e-06, 5.130151748744538e-06, 3.806113454629667e-06, 6.233300609892467e-06, 7.827589797670953e-06, 3.381912620170624e-06, 3.395700787223177e-06, 2.6589641493046656e-05], [0, 0.00041571707697585225, 6.0117403336334974e-05, 2.698563548619859e-05, 1.785566382750403e-05, 1.454430184821831e-05, 1.2475249604904093e-05, 1.0898218533839099e-05, 8.231484571297187e-06, 1.1305306543363258e-05, 7.119960628187982e-06, 7.538608770119026e-06, 5.216490080783842e-06, 7.01193403074285e-06, 6.211636446096236e-06, 6.201022642926546e-06, 1.0658593964762986e-05, 2.733911242103204e-05, 2.6872252419707365e-05, 1.6853104170877486e-05, 1.0954132449114695e-05], [0, 0.00046642194502055645, 6.949357339181006e-05, 2.7594063794822432e-05, 1.586556936672423e-05, 1.4570086932508275e-05, 1.0901812856900506e-05, 8.53176970849745e-06, 8.063988389039878e-06, 5.205188244872261e-06, 6.143453447293723e-06, 3.5813197882816894e-06, 6.705573468934745e-06, 6.435436716856202e-06, 5.217821581027238e-06, 7.141126388887642e-06, 1.3688199942407664e-05, 2.4389139070990495e-05, 2.1810357793583535e-05, 1.2850393432017881e-05, 9.271071576222312e-06], [0, 0.0004194942011963576, 6.461740849772468e-05, 2.8165002731839195e-05, 1.7470949387643486e-05, 1.2437646546459291e-05, 1.224112929776311e-05, 1.2191998393973336e-05, 1.031202009471599e-05, 4.3398845264164265e-06, 1.0575170563242864e-05, 3.773371872739517e-06, 3.48730691257515e-06, 1.892075852083508e-05, 5.555270035983995e-06, 9.817590580496471e-06, 1.4798056326981168e-05, 1.5427292964886874e-05, 2.3498356313211843e-05, 1.043146494339453e-05, 7.58800661060377e-06]]}