{"alpha": 0.9, "beta": 0.0, "gamma": 4.0, "num_samples": 1000, "node_count": 10, "density": 1.0, "startup_delay": 0.0, "forward_prob": 0, "epochs": [[0, 1, 2, 3, 4, 5, 6, 7, 8, 9, 10, 11, 12, 13, 14, 15, 16, 17, 18, 19, 20], [0, 1, 2, 3, 4, 5, 6, 7, 8, 9, 10, 11, 12, 13, 14, 15, 16, 17, 18, 19, 20], [0, 1, 2, 3, 4, 5, 6, 7, 8, 9, 10, 11, 12, 13, 14, 15, 16, 17, 18, 19, 20], [0, 1, 2, 3, 4, 5, 6, 7, 8, 9, 10, 11, 12, 13, 14, 15, 16, 17, 18, 19, 20], [0, 1, 2, 3, 4, 5, 6, 7, 8, 9, 10, 11, 12, 13, 14, 15, 16, 17, 18, 19, 20], [0, 1, 2, 3, 4, 5, 6, 7, 8, 9, 10, 11, 12, 13, 14, 15, 16, 17, 18, 19, 20], [0, 1, 2, 3, 4, 5, 6, 7, 8, 9, 10, 11, 12, 13, 14, 15, 16, 17, 18, 19, 20], [0, 1, 2, 3, 4, 5, 6, 7, 8, 9, 10, 11, 12, 13, 14, 15, 16, 17, 18, 19, 20], [0, 1, 2, 3, 4, 5, 6, 7, 8, 9, 10, 11, 12, 13, 14, 15, 16, 17, 18, 19, 20], [0, 1, 2, 3, 4, 5, 6, 7, 8, 9, 10, 11, 12, 13, 14, 15, 16, 17, 18, 19, 20]], "accuracies": [[9.65, 10.0, 45.42, 66.09, 71.84, 73.03, 75.33, 75.71, 76.46, 77.44, 77.83, 79.11, 79.13, 80.15, 79.78, 80.08, 80.99, 81.76, 81.64, 82.26, 82.22], [8.66, 10.0, 45.42, 66.0, 71.9, 73.14, 75.26, 75.77, 76.56, 77.23, 77.89, 78.84, 78.73, 80.41, 79.91, 80.24, 80.99, 81.64, 81.64, 82.09, 82.5], [9.82, 10.0, 45.42, 65.24, 71.84, 73.09, 75.46, 76.0, 76.71, 77.44, 77.89, 78.84, 79.12, 80.23, 79.43, 80.17, 80.99, 81.88, 81.68, 82.14, 82.64], [4.02, 10.0, 45.65, 65.06, 71.72, 73.14, 75.49, 75.81, 76.71, 77.45, 78.02, 78.84, 79.07, 80.14, 79.91, 79.99, 81.18, 81.86, 81.5, 82.14, 82.65], [8.95, 10.0, 45.12, 65.09, 71.96, 73.57, 75.33, 75.86, 76.43, 77.44, 77.89, 79.11, 78.79, 80.22, 78.85, 80.08, 81.08, 81.86, 81.55, 81.83, 82.68], [8.19, 10.0, 45.42, 63.66, 71.84, 73.02, 75.33, 75.81, 76.53, 77.16, 77.89, 78.84, 79.09, 80.15, 79.71, 80.26, 81.06, 81.22, 81.64, 81.71, 82.71], [17.58, 10.0, 45.42, 65.18, 71.85, 73.14, 75.33, 75.95, 76.43, 77.3, 78.02, 78.94, 78.79, 80.2, 79.91, 80.08, 81.44, 81.86, 81.55, 82.1, 82.71], [10.59, 10.0, 46.82, 65.22, 71.93, 73.65, 75.3, 75.6, 76.71, 77.5, 77.89, 78.99, 78.86, 80.16, 79.71, 80.08, 81.12, 81.32, 81.64, 82.26, 82.72], [9.43, 10.0, 47.47, 64.77, 71.84, 73.14, 75.37, 75.66, 76.71, 77.44, 77.91, 78.84, 78.79, 80.15, 79.4, 80.29, 80.99, 81.86, 81.49, 82.26, 82.71], [8.85, 10.0, 50.6, 65.6, 72.1, 73.14, 75.25, 75.47, 76.42, 77.44, 77.96, 79.07, 78.79, 80.13, 79.91, 79.98, 81.38, 81.86, 81.64, 82.11, 82.71]], "msds": [[0, 0.0006701497477479279, 7.168814772740006e-05, 2.8195490813232027e-05, 1.3803668480250053e-05, 9.143142960965633e-06, 7.289080258487957e-06, 6.672180006717099e-06, 6.698257493553683e-06, 6.645376288361149e-06, 7.731348887318745e-06, 7.0618389145238325e-06, 6.099372058088193e-06, 5.9689918998628855e-06, 6.662789928668644e-06, 6.457185463659698e-06, 6.656581717834342e-06, 7.420247584377648e-06, 8.32420846563764e-06, 7.72233306634007e-06, 7.595417173433816e-06], [0, 0.0006776236114092171, 7.386611105175689e-05, 2.675706309673842e-05, 1.0895802006416488e-05, 8.3153645391576e-06, 6.086090252210852e-06, 5.974010036879918e-06, 5.610932930721901e-06, 7.476850441889837e-06, 7.229327366076177e-06, 6.160800239740638e-06, 6.406944976333762e-06, 6.160897555673728e-06, 6.5964968598564155e-06, 6.459301857830724e-06, 6.504567409137962e-06, 6.387209850799991e-06, 7.779089173709508e-06, 8.12866255728295e-06, 8.858779438014608e-06], [0, 0.0006757242954336107, 9.07908906810917e-05, 2.6892863388638943e-05, 1.0995592674589716e-05, 7.729169738013297e-06, 7.109267244231887e-06, 6.344117082335288e-06, 6.276729436649475e-06, 6.676933480775915e-06, 7.055162768665468e-06, 6.654680419160286e-06, 6.4275868680852e-06, 6.592552836082177e-06, 7.488757091778098e-06, 6.9614693529729266e-06, 7.106915745680453e-06, 7.588002517877612e-06, 8.184108992281836e-06, 8.739747499930672e-06, 9.359185241919477e-06], [0, 0.000671455345582217, 7.992828614078462e-05, 2.9450438887579367e-05, 1.3661744560522493e-05, 9.538595804770011e-06, 7.206373084045481e-06, 6.920538453414338e-06, 6.497998583654407e-06, 6.797614787501516e-06, 7.896572242316324e-06, 6.574617600563215e-06, 5.9575563682301436e-06, 6.401969585567713e-06, 7.642374839633703e-06, 6.936789304745616e-06, 8.415408956352621e-06, 8.726375199330505e-06, 7.877667485445272e-06, 7.874924449424725e-06, 9.104094715439714e-06], [0, 0.0006904973997734487, 8.581415750086308e-05, 2.6081461328431033e-05, 1.0549771104706451e-05, 8.360406354768202e-06, 7.599481705256039e-06, 6.197294624143979e-06, 6.501287316496018e-06, 6.686834694846766e-06, 6.231586212379625e-06, 6.725441380694974e-06, 5.972040526103228e-06, 6.656810910499189e-06, 6.787697657273384e-06, 6.746126473444747e-06, 7.256207936734427e-06, 6.887538347655209e-06, 7.031766472209711e-06, 7.353521596087376e-06, 8.51257391332183e-06], [0, 0.0006788601167500019, 7.212613854790106e-05, 2.914716606028378e-05, 1.1964503755734768e-05, 8.964272637967952e-06, 7.034087957435986e-06, 6.912642220413545e-06, 6.627527454838855e-06, 6.5161902966792695e-06, 1.020628769765608e-05, 6.245420081540942e-06, 5.958912879577838e-06, 6.093133379181381e-06, 7.0635933298035525e-06, 6.562304861290613e-06, 7.709814781264868e-06, 6.925813977431972e-06, 7.807075235177763e-06, 7.763708708807826e-06, 8.716681804799009e-06], [0, 0.0006760825635865331, 9.871364454738796e-05, 2.788231722661294e-05, 1.1369403182470705e-05, 8.2182559708599e-06, 6.408936314983293e-06, 5.835338924953248e-06, 6.345260317175416e-06, 6.258414032345172e-06, 6.212123480509035e-06, 5.816551947646076e-06, 6.794770797569072e-06, 5.765602963947458e-06, 6.744591246388154e-06, 7.3457640610286035e-06, 6.8048134380660485e-06, 6.764340923837153e-06, 7.285579158633482e-06, 7.783739420119673e-06, 9.044489161169622e-06], [0, 0.0006731984904035926, 7.091184670571238e-05, 3.0359902666532435e-05, 1.1308630746498238e-05, 8.050968972383998e-06, 7.088159691193141e-06, 6.036336799297715e-06, 6.05360173722147e-06, 6.016786755935755e-06, 6.687675977445906e-06, 6.10895313002402e-06, 6.598888830922078e-06, 6.69470591674326e-06, 6.566163392562885e-06, 7.630607797182165e-06, 7.670036211493425e-06, 7.218754490168067e-06, 7.757282219245099e-06, 7.154920240282081e-06, 8.767106919549406e-06], [0, 0.000672895519528538, 8.770906424615532e-05, 2.6946652724291198e-05, 1.1047498446714599e-05, 8.697201337781735e-06, 7.254272532009054e-06, 6.317715360637521e-06, 6.4890023168118205e-06, 6.1715845731669106e-06, 7.117349014151841e-06, 6.35121295999852e-06, 6.005078375892481e-06, 6.238804871827597e-06, 7.20763455319684e-06, 7.248432211781619e-06, 7.371682841039728e-06, 6.558224413311109e-06, 8.32706609799061e-06, 7.470257969544036e-06, 8.60533782542916e-06], [0, 0.0006816762033849955, 7.497968181269243e-05, 3.067295256187208e-05, 1.1216644452360924e-05, 8.144379535224289e-06, 7.35711455490673e-06, 6.4953223954944406e-06, 5.947974386799615e-06, 6.863041107862955e-06, 7.485173682653112e-06, 7.1929011937754694e-06, 8.45436989038717e-06, 6.1791306507075205e-06, 6.479467174358433e-06, 7.445024039043346e-06, 6.314851816568989e-06, 7.194641511887312e-06, 7.131000074878102e-06, 7.949551218189299e-06, 8.169528882717714e-06]]}