{"alpha": 0.75, "beta": 0.5, "gamma": 8.0, "num_samples": 100, "node_count": 10, "density": 1.0, "startup_delay": 0.0, "forward_prob": 0, "epochs": [[0, 1, 2, 3, 4, 5, 6, 7, 8, 9, 10, 11, 12, 13, 14, 15, 16, 17, 18, 19, 20], [0, 1, 2, 3, 4, 5, 6, 7, 8, 9, 10, 11, 12, 13, 14, 15, 16, 17, 18, 19, 20], [0, 1, 2, 3, 4, 5, 6, 7, 8, 9, 10, 11, 12, 13, 14, 15, 16, 17, 18, 19, 20], [0, 1, 2, 3, 4, 5, 6, 7, 8, 9, 10, 11, 12, 13, 14, 15, 16, 17, 18, 19, 20], [0, 1, 2, 3, 4, 5, 6, 7, 8, 9, 10, 11, 12, 13, 14, 15, 16, 17, 18, 19, 20], [0, 1, 2, 3, 4, 5, 6, 7, 8, 9, 10, 11, 12, 13, 14, 15, 16, 17, 18, 19, 20], [0, 1, 2, 3, 4, 5, 6, 7, 8, 9, 10, 11, 12, 13, 14, 15, 16, 17, 18, 19, 20], [0, 1, 2, 3, 4, 5, 6, 7, 8, 9, 10, 11, 12, 13, 14, 15, 16, 17, 18, 19, 20], [0, 1, 2, 3, 4, 5, 6, 7, 8, 9, 10, 11, 12, 13, 14, 15, 16, 17, 18, 19, 20], [0, 1, 2, 3, 4, 5, 6, 7, 8, 9, 10, 11, 12, 13, 14, 15, 16, 17, 18, 19, 20]], "accuracies": [[9.16, 22.68, 58.17, 67.38, 69.27, 73.33, 74.57, 75.17, 75.47, 75.2, 77.59, 77.95, 77.67, 77.77, 78.45, 76.7, 78.07, 78.32, 78.7, 78.33, 78.33], [11.29, 16.86, 58.39, 67.72, 68.33, 70.99, 74.56, 75.8, 74.44, 74.88, 76.85, 78.1, 77.57, 77.14, 78.05, 77.26, 77.88, 78.04, 78.55, 78.34, 78.1], [5.46, 10.0, 53.1, 70.48, 67.52, 72.77, 74.5, 75.49, 75.72, 74.88, 76.14, 77.89, 77.18, 76.67, 77.34, 76.91, 77.5, 77.41, 78.2, 77.35, 77.73], [7.22, 10.0, 62.26, 68.94, 71.31, 73.92, 73.69, 75.31, 75.31, 74.97, 76.44, 78.25, 77.99, 77.27, 78.28, 77.17, 77.93, 78.16, 78.68, 78.24, 78.37], [12.03, 10.0, 63.55, 67.62, 68.52, 73.05, 74.19, 75.8, 75.92, 74.87, 76.57, 78.23, 77.44, 77.28, 77.69, 77.24, 77.59, 76.73, 78.24, 77.8, 77.33], [9.32, 10.0, 55.23, 69.55, 69.15, 73.19, 74.28, 75.4, 75.83, 75.9, 76.29, 78.35, 78.0, 77.61, 78.6, 77.69, 78.04, 78.53, 78.21, 78.48, 78.15], [12.66, 12.12, 59.83, 67.86, 67.88, 72.91, 73.08, 75.57, 75.29, 75.65, 77.18, 78.25, 78.0, 76.9, 78.33, 77.59, 77.41, 78.17, 78.45, 78.33, 78.11], [13.27, 10.0, 59.58, 67.31, 69.48, 71.89, 74.67, 75.65, 73.59, 74.46, 76.08, 78.0, 77.45, 76.88, 77.89, 76.91, 77.37, 77.62, 78.04, 78.01, 77.75], [11.13, 10.0, 58.28, 69.54, 69.55, 73.95, 74.65, 76.02, 75.81, 74.36, 76.94, 78.04, 77.56, 76.19, 78.4, 77.58, 78.02, 78.16, 78.41, 78.14, 78.0], [8.92, 19.83, 58.69, 67.67, 68.37, 73.13, 74.36, 76.29, 76.66, 74.7, 77.22, 78.34, 77.86, 77.03, 78.02, 77.51, 77.34, 77.72, 78.61, 78.25, 78.28]], "msds": [[0, 0.0007480534841306508, 0.0001314799883402884, 7.31988184270449e-05, 4.590331081999466e-05, 3.696378553286195e-05, 3.3010117476806045e-05, 3.7130197597434744e-05, 3.520590689731762e-05, 4.356964200269431e-05, 3.4031403629342094e-05, 3.68787586921826e-05, 3.4156753827119246e-05, 3.2993604691000655e-05, 1.9883269487763755e-05, 6.039986328687519e-05, 1.868281833594665e-05, 1.615210021554958e-05, 1.4424539585888851e-05, 1.5637157048331574e-05, 1.2623422662727535e-05], [0, 0.000735543027985841, 0.00012774592323694378, 7.59689137339592e-05, 4.9526723159942776e-05, 4.1118470107903704e-05, 3.677445783978328e-05, 4.071439252584241e-05, 4.266952964826487e-05, 3.509346424834803e-05, 3.291108077974059e-05, 3.4240139939356595e-05, 3.172961078234948e-05, 3.633385495049879e-05, 2.168052196793724e-05, 5.213722397456877e-05, 1.8348342564422637e-05, 2.053790376521647e-05, 1.3004617358092219e-05, 1.7538519387017004e-05, 1.051988328981679e-05], [0, 0.0007361756288446486, 0.00012940018496010453, 7.519808423239738e-05, 5.8656485634855926e-05, 4.067132613272406e-05, 3.659657886601053e-05, 3.6504221498034894e-05, 3.554213617462665e-05, 3.729682066477835e-05, 2.9528668164857663e-05, 3.2974614441627637e-05, 3.4042699553538114e-05, 5.356107430998236e-05, 3.0477714972221293e-05, 3.2210715289693326e-05, 3.233800089219585e-05, 2.0036432033521123e-05, 1.3678807590622455e-05, 3.766690497286618e-05, 1.0890920748352073e-05], [0, 0.0007508322014473379, 0.00013827720249537379, 7.364525663433596e-05, 4.513171734288335e-05, 3.203470987500623e-05, 3.173396908096038e-05, 2.6867244741879404e-05, 3.2028146961238235e-05, 3.802574792644009e-05, 3.489047594484873e-05, 2.5518354959785938e-05, 2.2452566554420628e-05, 3.022428609256167e-05, 1.4979975276219193e-05, 3.193184602423571e-05, 1.6413932826253586e-05, 1.4982306311139837e-05, 1.4490656212728936e-05, 1.3936229152022861e-05, 1.000975044007646e-05], [0, 0.0007329037180170417, 0.00012996043369639665, 8.258105663117021e-05, 4.9258742365054786e-05, 3.693616599775851e-05, 3.702335015987046e-05, 3.181070860591717e-05, 3.2221661967923865e-05, 2.924721411545761e-05, 2.887109076255001e-05, 2.367709566897247e-05, 3.401185676921159e-05, 2.7954711185884662e-05, 2.1351283066906035e-05, 2.473991298757028e-05, 1.8267277482664213e-05, 4.921962317894213e-05, 1.4560831914423034e-05, 1.7083480997825973e-05, 3.668471981654875e-05], [0, 0.0007350859814323485, 0.0001256225659744814, 7.217098755063489e-05, 5.6412496633129194e-05, 3.288493098807521e-05, 3.424850001465529e-05, 3.2747717341408134e-05, 3.248059510951862e-05, 3.4258129744557664e-05, 3.868384737870656e-05, 3.0164115742081776e-05, 2.5949424525606446e-05, 3.4715430956566706e-05, 1.8345715943723917e-05, 3.109732278971933e-05, 1.696577965049073e-05, 1.734822944854386e-05, 4.550158337224275e-05, 2.741956450336147e-05, 9.863908417173661e-06], [0, 0.0007429136894643307, 0.00013692713400814682, 7.49038954381831e-05, 4.726644328911789e-05, 3.7369733036030084e-05, 3.8415484596043825e-05, 3.334174834890291e-05, 3.2872641895664856e-05, 2.9833137887180783e-05, 2.979760211019311e-05, 2.4071212465059943e-05, 2.9733962946920656e-05, 3.2777337764855474e-05, 1.6378571672248654e-05, 2.312919605174102e-05, 3.421429937588982e-05, 1.8413164070807397e-05, 1.4014934095030185e-05, 1.2678283383138478e-05, 1.3791944184049498e-05], [0, 0.0007446738891303539, 0.00012403461732901633, 7.242703577503562e-05, 4.543846443993971e-05, 4.437019015313126e-05, 3.425545583013445e-05, 3.1360115826828405e-05, 3.913902401109226e-05, 3.4375661925878376e-05, 3.3873315260279924e-05, 2.5386529159732163e-05, 2.6777703169500455e-05, 4.233284562360495e-05, 2.136043804057408e-05, 3.685775300255045e-05, 2.5487985112704337e-05, 2.0612969819922e-05, 1.9877636077580974e-05, 1.625440563657321e-05, 1.7158872651634738e-05], [0, 0.000738766451831907, 0.00012702187814284116, 7.966990233398974e-05, 4.6383571316255257e-05, 3.557912350515835e-05, 3.667920100269839e-05, 3.4647495340323076e-05, 3.012211891473271e-05, 3.676451160572469e-05, 3.968552846345119e-05, 2.797990237013437e-05, 2.6707963115768507e-05, 4.358879596111365e-05, 2.1398112949100323e-05, 2.4316372218891047e-05, 1.684198468865361e-05, 1.7878466678666882e-05, 2.6923698897007853e-05, 1.4816665498074144e-05, 1.2141317711211741e-05], [0, 0.0007345746271312237, 0.0001335527194896713, 7.426770753227174e-05, 4.964617983205244e-05, 3.812784416368231e-05, 4.389026071294211e-05, 3.4098611649824306e-05, 3.468814247753471e-05, 2.930847040261142e-05, 2.706780105654616e-05, 2.247586235171184e-05, 2.214402957179118e-05, 4.4484429963631555e-05, 1.8700859072851017e-05, 2.2503612854052335e-05, 2.0923514966852963e-05, 3.0674560548504815e-05, 1.5645724488422275e-05, 1.4918210581527092e-05, 1.0399661732662935e-05]]}