{"alpha": 0.9, "beta": 0.5, "gamma": 3.0, "num_samples": 100, "node_count": 10, "density": 0.25, "startup_delay": 0.0, "forward_prob": 0, "epochs": [[0, 1, 2, 3, 4, 5, 6, 7, 8, 9, 10, 11, 12, 13, 14, 15, 16, 17, 18, 19, 20], [0, 1, 2, 3, 4, 5, 6, 7, 8, 9, 10, 11, 12, 13, 14, 15, 16, 17, 18, 19, 20], [0, 1, 2, 3, 4, 5, 6, 7, 8, 9, 10, 11, 12, 13, 14, 15, 16, 17, 18, 19, 20], [0, 1, 2, 3, 4, 5, 6, 7, 8, 9, 10, 11, 12, 13, 14, 15, 16, 17, 18, 19, 20], [0, 1, 2, 3, 4, 5, 6, 7, 8, 9, 10, 11, 12, 13, 14, 15, 16, 17, 18, 19, 20], [0, 1, 2, 3, 4, 5, 6, 7, 8, 9, 10, 11, 12, 13, 14, 15, 16, 17, 18, 19, 20], [0, 1, 2, 3, 4, 5, 6, 7, 8, 9, 10, 11, 12, 13, 14, 15, 16, 17, 18, 19, 20], [0, 1, 2, 3, 4, 5, 6, 7, 8, 9, 10, 11, 12, 13, 14, 15, 16, 17, 18, 19, 20], [0, 1, 2, 3, 4, 5, 6, 7, 8, 9, 10, 11, 12, 13, 14, 15, 16, 17, 18, 19, 20], [0, 1, 2, 3, 4, 5, 6, 7, 8, 9, 10, 11, 12, 13, 14, 15, 16, 17, 18, 19, 20]], "accuracies": [[10.94, 23.98, 59.12, 69.86, 73.35, 74.39, 75.32, 75.02, 75.7, 77.17, 76.92, 75.35, 77.04, 76.69, 76.27, 77.41, 77.72, 77.36, 77.04, 77.06, 76.56], [7.26, 18.89, 54.87, 65.38, 70.21, 70.59, 72.46, 72.5, 74.99, 74.45, 75.91, 76.13, 76.23, 75.64, 77.02, 76.54, 77.25, 77.63, 77.53, 76.49, 77.64], [4.63, 10.0, 54.27, 70.38, 70.87, 72.45, 73.36, 73.61, 75.4, 76.35, 77.32, 74.06, 76.98, 76.0, 76.84, 77.66, 77.91, 77.88, 76.65, 78.15, 76.95], [10.63, 17.83, 54.11, 67.17, 72.66, 73.11, 74.07, 75.24, 75.63, 75.55, 77.6, 76.15, 77.39, 77.6, 78.1, 78.04, 77.97, 77.77, 77.66, 77.07, 77.62], [9.28, 18.34, 57.57, 68.01, 71.97, 72.36, 74.3, 74.87, 74.92, 74.15, 76.22, 76.15, 76.84, 75.99, 76.63, 77.8, 77.62, 77.64, 77.52, 77.7, 77.3], [8.85, 36.21, 65.57, 69.29, 70.17, 72.36, 73.52, 72.82, 75.0, 76.12, 76.62, 73.97, 75.92, 76.03, 77.32, 76.86, 77.67, 78.16, 78.05, 76.66, 78.41], [8.74, 16.58, 61.02, 69.41, 72.03, 72.77, 72.86, 74.11, 75.69, 76.52, 77.26, 76.66, 76.54, 75.51, 76.84, 77.12, 76.7, 77.21, 76.72, 77.89, 76.31], [6.83, 15.57, 55.43, 66.67, 72.23, 71.68, 74.2, 72.75, 75.28, 75.04, 76.11, 76.33, 77.04, 76.98, 76.94, 76.98, 77.88, 78.02, 77.65, 76.35, 78.05], [3.39, 57.81, 73.17, 75.46, 76.07, 76.9, 77.93, 78.07, 77.19, 75.6, 76.22, 76.14, 76.2, 76.27, 76.24, 76.24, 76.26, 76.28, 76.28, 76.29, 76.34], [13.97, 67.07, 72.67, 76.42, 76.4, 75.91, 76.64, 76.53, 75.96, 73.9, 73.96, 74.26, 74.21, 74.24, 74.31, 74.28, 74.33, 74.31, 74.29, 74.35, 74.39]], "msds": [[0, 0.0007262294529937208, 0.00021336581266950816, 0.00010673263750504702, 6.0908507293788716e-05, 4.4095086195738986e-05, 3.5235618270235136e-05, 4.1918468923540786e-05, 2.7895037419511937e-05, 2.7178086384083144e-05, 1.6369374861824326e-05, 2.1871172066312283e-05, 2.658002449607011e-05, 2.9631519282702357e-05, 2.6659801733330823e-05, 2.2208985683391802e-05, 1.8023796656052582e-05, 1.848817009886261e-05, 1.532263559056446e-05, 9.908842002914753e-06, 2.6125999283976853e-05], [0, 0.0007235612138174474, 0.00018958296277560294, 9.686657722340897e-05, 5.199460429139435e-05, 3.496116914902814e-05, 2.6752135454444215e-05, 3.4719072573352605e-05, 2.7782019969890825e-05, 2.2226291548577137e-05, 1.837651143432595e-05, 3.080174428760074e-05, 2.6051608074340038e-05, 2.967688487842679e-05, 3.0984370823716745e-05, 3.0201254048733972e-05, 1.3688815670320764e-05, 1.981256718863733e-05, 1.7293352357228287e-05, 2.134482201654464e-05, 9.116145520238206e-06], [0, 0.0007323648896999657, 0.00020305896759964526, 0.00012101601168978959, 6.802631105529144e-05, 5.076252273283899e-05, 4.3115382140967995e-05, 3.7299254472600296e-05, 3.502226172713563e-05, 3.019958057848271e-05, 2.0337753085186705e-05, 4.0927658119471744e-05, 3.054095577681437e-05, 2.5001916583278216e-05, 3.368214311194606e-05, 2.4954746550065465e-05, 1.6612530089332722e-05, 1.1627447747741826e-05, 4.361568426247686e-05, 2.3029639123706147e-05, 2.0076924556633458e-05], [0, 0.0007318255375139415, 0.00017728438251651824, 0.00010212158667854965, 6.0870144807267934e-05, 4.9842812586575747e-05, 4.0084250940708444e-05, 3.77912147087045e-05, 3.2495983759872615e-05, 2.8769156415364705e-05, 2.1634141376125626e-05, 3.0076198527240194e-05, 2.9675609766854905e-05, 2.3560192857985385e-05, 6.12262956565246e-05, 2.763832344498951e-05, 1.739305844239425e-05, 1.4985162124503404e-05, 3.84669765480794e-05, 1.268128562514903e-05, 4.288647687644698e-05], [0, 0.000733424792997539, 0.00021216967434156686, 0.00013377667346503586, 7.592602196382359e-05, 5.220812090556137e-05, 3.698656291817315e-05, 3.2904816180234775e-05, 3.0608600354753435e-05, 2.423990190436598e-05, 2.1438605472212657e-05, 2.9077313229208812e-05, 3.701359673868865e-05, 2.0509329260676168e-05, 3.23426429531537e-05, 2.2405667550629005e-05, 2.154769936169032e-05, 1.2952885299455374e-05, 2.671831680345349e-05, 2.8443622795748524e-05, 1.622276977286674e-05], [0, 0.0007226410671137273, 0.0002378506032982841, 0.0001226822641910985, 7.12757755536586e-05, 4.6989836846478283e-05, 3.3448057365603745e-05, 3.0888189940014854e-05, 3.102325717918575e-05, 1.9836274077533744e-05, 2.281184060848318e-05, 2.1338679289328866e-05, 2.870489697670564e-05, 2.8462967748055235e-05, 2.6705529307946563e-05, 2.6575386073091067e-05, 1.9714101654244587e-05, 1.090300520445453e-05, 1.4296522749646101e-05, 2.4006596504477784e-05, 1.1219512998650316e-05], [0, 0.0007319744909182191, 0.00023301865439862013, 0.00013262315769679844, 7.626176375197247e-05, 5.6085060350596905e-05, 5.57425846636761e-05, 4.948709101881832e-05, 4.7244731831597164e-05, 3.146074232063256e-05, 2.62820758507587e-05, 4.91638456878718e-05, 3.7153549783397466e-05, 4.469453779165633e-05, 3.973424463765696e-05, 2.3381333448924124e-05, 1.9202525436412543e-05, 1.439149218640523e-05, 1.7232505342690274e-05, 2.0339641196187586e-05, 5.344166493159719e-05], [0, 0.0007250410853885114, 0.00021992424444761127, 0.00012186836102046072, 6.871602818137035e-05, 4.2160958400927484e-05, 4.986942440154962e-05, 3.5721721360459924e-05, 3.847589687211439e-05, 2.709101863729302e-05, 2.1709452994400635e-05, 3.343253774801269e-05, 3.3046169846784323e-05, 4.682819053414278e-05, 2.133137058990542e-05, 2.381889134994708e-05, 2.1934603864792734e-05, 1.7905611457535997e-05, 1.6990801668725908e-05, 1.698165033303667e-05, 1.996152786887251e-05], [0, 0.0003605604579206556, 0.00014605579781346023, 6.050776210031472e-05, 4.840656401938759e-05, 5.8550951507641e-05, 2.5994937459472567e-05, 2.9534197892644443e-05, 4.223562791594304e-05, 0, 0, 0, 0, 0, 0, 0, 0, 0, 0, 0, 0], [0, 0.000405701226554811, 0.00011378325143596157, 8.98973667062819e-05, 5.94318044022657e-05, 5.6284792663063854e-05, 4.9824651796370745e-05, 6.580702756764367e-05, 6.004512033541687e-05, 0, 0, 0, 0, 0, 0, 0, 0, 0, 0, 0, 0]]}