{"alpha": 0.75, "beta": 0.5, "gamma": 8.0, "num_samples": 100, "node_count": 10, "density": 1.0, "startup_delay": 0.0, "forward_prob": 0, "epochs": [[0, 1, 2, 3, 4, 5, 6, 7, 8, 9, 10, 11, 12, 13, 14, 15, 16, 17, 18, 19, 20], [0, 1, 2, 3, 4, 5, 6, 7, 8, 9, 10, 11, 12, 13, 14, 15, 16, 17, 18, 19, 20], [0, 1, 2, 3, 4, 5, 6, 7, 8, 9, 10, 11, 12, 13, 14, 15, 16, 17, 18, 19, 20], [0, 1, 2, 3, 4, 5, 6, 7, 8, 9, 10, 11, 12, 13, 14, 15, 16, 17, 18, 19, 20], [0, 1, 2, 3, 4, 5, 6, 7, 8, 9, 10, 11, 12, 13, 14, 15, 16, 17, 18, 19, 20], [0, 1, 2, 3, 4, 5, 6, 7, 8, 9, 10, 11, 12, 13, 14, 15, 16, 17, 18, 19, 20], [0, 1, 2, 3, 4, 5, 6, 7, 8, 9, 10, 11, 12, 13, 14, 15, 16, 17, 18, 19, 20], [0, 1, 2, 3, 4, 5, 6, 7, 8, 9, 10, 11, 12, 13, 14, 15, 16, 17, 18, 19, 20], [0, 1, 2, 3, 4, 5, 6, 7, 8, 9, 10, 11, 12, 13, 14, 15, 16, 17, 18, 19, 20], [0, 1, 2, 3, 4, 5, 6, 7, 8, 9, 10, 11, 12, 13, 14, 15, 16, 17, 18, 19, 20]], "accuracies": [[9.55, 14.23, 58.72, 63.99, 67.61, 71.72, 72.33, 73.04, 74.07, 74.3, 74.54, 76.03, 76.09, 76.52, 76.8, 76.12, 77.66, 77.51, 76.54, 77.08, 77.97], [5.64, 19.15, 58.68, 63.0, 67.41, 71.05, 72.32, 72.98, 73.7, 74.05, 74.41, 75.09, 75.35, 77.02, 76.48, 75.56, 77.49, 77.82, 76.95, 77.06, 77.97], [6.66, 11.98, 56.85, 64.74, 65.92, 69.63, 71.59, 71.71, 73.53, 74.7, 73.07, 75.45, 75.45, 76.55, 76.76, 76.31, 76.28, 77.3, 76.37, 76.83, 78.14], [12.46, 10.0, 56.35, 63.2, 67.38, 70.09, 70.61, 72.57, 73.42, 74.16, 74.69, 74.79, 75.61, 76.18, 76.27, 76.35, 76.62, 78.11, 74.43, 77.52, 78.08], [7.17, 10.02, 54.33, 64.34, 66.79, 71.12, 72.43, 72.54, 74.0, 74.22, 73.22, 75.52, 76.04, 76.18, 76.97, 76.57, 77.47, 77.38, 76.73, 77.44, 78.04], [7.06, 27.69, 59.28, 64.65, 66.3, 69.6, 72.41, 72.25, 73.8, 73.72, 73.83, 76.2, 74.44, 76.42, 76.91, 75.33, 77.29, 77.61, 75.09, 77.58, 78.11], [16.27, 10.0, 58.38, 63.23, 68.0, 71.52, 72.27, 73.05, 73.79, 74.12, 73.13, 75.62, 75.91, 75.98, 76.43, 76.24, 77.58, 77.58, 76.46, 77.06, 77.72], [9.86, 18.44, 54.54, 64.62, 66.91, 70.39, 71.8, 73.06, 73.21, 74.04, 74.56, 76.3, 75.87, 76.84, 76.28, 75.6, 77.03, 78.34, 74.51, 77.53, 77.79], [16.86, 10.15, 60.78, 63.22, 66.86, 71.43, 72.3, 71.7, 73.63, 74.25, 74.03, 75.46, 75.9, 76.53, 77.26, 76.46, 77.88, 77.81, 76.48, 77.09, 78.03], [12.98, 10.0, 49.11, 65.67, 67.22, 71.05, 72.0, 72.72, 73.78, 74.28, 73.88, 75.08, 75.98, 76.58, 76.86, 76.18, 77.42, 77.1, 76.88, 77.33, 77.77]], "msds": [[0, 0.0006961451144888997, 8.312710269819945e-05, 5.1437575166346505e-05, 2.9724626074312255e-05, 2.4493969249306247e-05, 2.3946438886923715e-05, 2.3688928195042536e-05, 1.7899583326652646e-05, 1.9186270947102457e-05, 1.9387540305615403e-05, 2.0178793420200236e-05, 1.4728114365425427e-05, 1.803936538635753e-05, 1.7066719010472298e-05, 2.189491169701796e-05, 1.3252324606582988e-05, 1.6251695342361927e-05, 1.542890095151961e-05, 2.4914883397286758e-05, 1.2478159987949766e-05], [0, 0.0006993194110691547, 8.613102545496076e-05, 5.22990885656327e-05, 2.8252374249859713e-05, 3.0471772333839908e-05, 2.2800315491622314e-05, 1.978517866518814e-05, 1.720304680929985e-05, 1.3663363461091649e-05, 1.7897602447192185e-05, 1.708801937638782e-05, 1.4415914847631939e-05, 1.4983428627601825e-05, 1.4115039448370226e-05, 2.241439688077662e-05, 1.6382407920900732e-05, 1.3533292076317593e-05, 1.6693378711352125e-05, 1.5373450878541917e-05, 1.0533030945225619e-05], [0, 0.000698317657224834, 8.068561146501452e-05, 4.9297996156383306e-05, 3.0033903385628946e-05, 2.925376065832097e-05, 2.3321936168940738e-05, 2.1039861167082563e-05, 2.050116381724365e-05, 1.967488060472533e-05, 2.6488956791581586e-05, 1.8320823073736392e-05, 1.771225106494967e-05, 1.6371821402572095e-05, 1.815321229514666e-05, 1.496364529884886e-05, 1.6675758160999976e-05, 1.45084895848413e-05, 1.6362690075766295e-05, 2.3707645596005023e-05, 1.2749432244163472e-05], [0, 0.0007059001363813877, 8.139097917592153e-05, 4.93447259941604e-05, 3.127843956463039e-05, 2.574268728494644e-05, 2.4029133783187717e-05, 2.3135857190936804e-05, 2.0828751075896434e-05, 1.8554641428636387e-05, 2.1477047994267195e-05, 2.0642151866923086e-05, 1.4726503650308587e-05, 2.2357220586854964e-05, 1.5787007214385085e-05, 1.8374072169535793e-05, 1.6428244634880684e-05, 1.827432970458176e-05, 1.946600059454795e-05, 2.2010855900589377e-05, 1.6495005183969624e-05], [0, 0.0006966221262700856, 8.132399671012536e-05, 5.075113585917279e-05, 2.6534411517786793e-05, 2.0494444470386952e-05, 1.9061901184613816e-05, 1.791835529729724e-05, 1.3736999790125992e-05, 1.4239483789424412e-05, 1.9928911569877528e-05, 1.6242234778474085e-05, 1.3020518053963315e-05, 1.669606899667997e-05, 1.1724290743586607e-05, 1.9053477444685996e-05, 1.3045808373135515e-05, 1.2253822205821052e-05, 1.480307946621906e-05, 1.715740108920727e-05, 1.069284371624235e-05], [0, 0.0007027845131233335, 7.42543488740921e-05, 5.0393035053275526e-05, 2.914054857683368e-05, 2.171451887988951e-05, 2.1096906493767165e-05, 2.3173126464826055e-05, 1.873644214356318e-05, 1.739852814353071e-05, 2.029216193477623e-05, 1.6257748939096928e-05, 1.597990922164172e-05, 1.8200953491032124e-05, 1.2842935575463343e-05, 2.4147448129951954e-05, 1.3725859389523976e-05, 1.4251397260522936e-05, 1.9299881387269124e-05, 2.2369629732565954e-05, 1.1309525689284783e-05], [0, 0.0006979511817917228, 7.90219783084467e-05, 4.939303107676096e-05, 2.9604580049635842e-05, 2.249160570499953e-05, 1.983442598429974e-05, 1.916935980261769e-05, 1.8912487576017156e-05, 1.9800145310000516e-05, 2.0737059458042495e-05, 2.041293919319287e-05, 1.3642574231198523e-05, 2.456218317092862e-05, 1.3993146239954513e-05, 1.6655540093779564e-05, 1.334923945250921e-05, 1.4741825907549355e-05, 1.464267279516207e-05, 2.0595323803718202e-05, 1.341972983937012e-05], [0, 0.0006901521701365709, 8.101132698357105e-05, 4.757385977427475e-05, 2.836471685441211e-05, 2.189336737501435e-05, 2.371195296291262e-05, 1.9491704733809456e-05, 1.9554212485672906e-05, 1.6454054275527596e-05, 1.9163879187544808e-05, 1.7771551938494667e-05, 1.6148671420523897e-05, 1.8095370251103304e-05, 1.8253416783409193e-05, 2.2193613403942436e-05, 1.4779985576751642e-05, 1.4941127119527664e-05, 1.9049835827900097e-05, 2.7621765184449032e-05, 1.9507231627358124e-05], [0, 0.0006993516581133008, 7.702556467847899e-05, 5.173776298761368e-05, 3.268733780714683e-05, 2.827157368301414e-05, 2.493769170541782e-05, 2.0836403564317152e-05, 1.81924260687083e-05, 1.4799762539041694e-05, 1.8689050193643197e-05, 1.730574877001345e-05, 1.655657251831144e-05, 1.911858817038592e-05, 1.3057064279564656e-05, 1.814152710721828e-05, 1.3720343304157723e-05, 1.431980126653798e-05, 2.544810195104219e-05, 1.9209570382372476e-05, 1.2639569831662811e-05], [0, 0.0007019112235866487, 8.318108302773908e-05, 4.7310328227467835e-05, 2.702245365071576e-05, 2.134261558239814e-05, 1.7508211385575123e-05, 1.6682999557815492e-05, 1.5372948837466538e-05, 1.4202851161826402e-05, 1.8266098777530715e-05, 1.9548539057723247e-05, 1.2679668543569278e-05, 1.725186848489102e-05, 1.2489582331909332e-05, 1.5775012798258103e-05, 1.4643598660768475e-05, 1.9807792341453023e-05, 1.5343446648330428e-05, 1.8291671949555166e-05, 1.5998393791960552e-05]]}