{"alpha": 0.75, "beta": 0.5, "gamma": 1.0, "num_samples": 25, "node_count": 10, "density": 0.0, "startup_delay": 0.0, "forward_prob": 0, "epochs": [[0, 1, 2, 3, 4, 5, 6, 7, 8, 9, 10, 11, 12, 13, 14, 15, 16, 17, 18, 19, 20], [0, 1, 2, 3, 4, 5, 6, 7, 8, 9, 10, 11, 12, 13, 14, 15, 16, 17, 18, 19, 20], [0, 1, 2, 3, 4, 5, 6, 7, 8, 9, 10, 11, 12, 13, 14, 15, 16, 17, 18, 19, 20], [0, 1, 2, 3, 4, 5, 6, 7, 8, 9, 10, 11, 12, 13, 14, 15, 16, 17, 18, 19, 20], [0, 1, 2, 3, 4, 5, 6, 7, 8, 9, 10, 11, 12, 13, 14, 15, 16, 17, 18, 19, 20], [0, 1, 2, 3, 4, 5, 6, 7, 8, 9, 10, 11, 12, 13, 14, 15, 16, 17, 18, 19, 20], [0, 1, 2, 3, 4, 5, 6, 7, 8, 9, 10, 11, 12, 13, 14, 15, 16, 17, 18, 19, 20], [0, 1, 2, 3, 4, 5, 6, 7, 8, 9, 10, 11, 12, 13, 14, 15, 16, 17, 18, 19, 20], [0, 1, 2, 3, 4, 5, 6, 7, 8, 9, 10, 11, 12, 13, 14, 15, 16, 17, 18, 19, 20], [0, 1, 2, 3, 4, 5, 6, 7, 8, 9, 10, 11, 12, 13, 14, 15, 16, 17, 18, 19, 20]], "accuracies": [[10.87, 10.0, 49.27, 57.68, 63.8, 64.35, 60.05, 57.57, 55.93, 58.01, 66.45, 65.65, 66.38, 65.86, 66.98, 67.44, 63.97, 64.23, 66.56, 61.09, 64.75], [13.94, 42.55, 32.67, 52.05, 57.89, 54.07, 59.51, 57.56, 54.2, 59.46, 58.49, 57.35, 62.4, 62.09, 61.79, 65.14, 65.55, 63.52, 62.69, 61.83, 64.78], [12.75, 45.64, 47.96, 55.83, 57.72, 61.62, 61.75, 60.69, 61.19, 64.71, 66.23, 62.98, 65.64, 65.3, 65.39, 61.46, 63.51, 63.2, 62.01, 65.31, 66.09], [14.28, 25.82, 43.76, 61.92, 64.62, 61.4, 65.89, 68.55, 63.3, 65.66, 62.98, 62.71, 62.59, 64.31, 64.32, 66.09, 64.97, 64.44, 65.32, 65.22, 63.53], [8.76, 33.52, 50.83, 56.39, 59.97, 58.25, 55.35, 57.44, 60.34, 60.82, 61.8, 60.01, 63.62, 62.66, 62.62, 61.06, 62.64, 63.25, 60.69, 57.49, 64.93], [13.61, 42.96, 47.74, 56.8, 62.46, 61.57, 56.69, 65.93, 62.33, 64.46, 62.44, 64.92, 65.47, 65.44, 64.76, 67.01, 67.58, 66.23, 64.38, 65.81, 63.87], [5.82, 11.85, 47.99, 49.23, 56.03, 56.05, 57.73, 61.4, 55.54, 61.37, 62.78, 62.6, 59.67, 62.72, 61.47, 61.56, 59.41, 63.37, 63.98, 62.35, 60.34], [8.85, 20.01, 52.5, 56.56, 62.37, 55.82, 53.99, 64.41, 61.79, 57.3, 59.41, 64.41, 55.8, 61.74, 62.88, 60.87, 58.86, 59.73, 67.41, 68.53, 66.68], [7.56, 40.16, 57.53, 60.74, 61.16, 59.67, 62.87, 64.68, 64.88, 64.69, 63.88, 65.85, 64.31, 63.94, 63.55, 64.82, 63.73, 65.36, 65.01, 66.21, 65.97], [11.99, 19.88, 52.71, 61.07, 61.91, 62.7, 64.1, 58.22, 64.66, 63.12, 60.11, 60.24, 61.49, 59.62, 65.57, 63.87, 66.14, 61.26, 63.13, 65.07, 66.7]], "msds": [[0, 0.0006998579483479261, 0.0001772916439222172, 0.0002535414241719991, 4.078790880157612e-05, 2.7211981432628818e-05, 2.7554358894121833e-05, 1.3132736057741567e-05, 1.0619964086799882e-05, 9.386690180690493e-06, 1.0862123417609837e-05, 1.1368593732186127e-05, 1.0243269571219571e-05, 1.050194441631902e-05, 9.125921678787563e-06, 8.318969776155427e-06, 1.9520355635904707e-05, 8.940113730204757e-06, 7.401897164527327e-06, 1.2884393072454259e-05, 9.823246728046797e-06], [0, 0.0006751800538040698, 0.00034096778836101294, 9.003821469377726e-05, 4.061717845615931e-05, 0.00015222060028463602, 4.7435216401936486e-05, 3.164281224599108e-05, 2.298026993230451e-05, 2.0322257114457898e-05, 1.027993766911095e-05, 1.020922718453221e-05, 1.1241610991419293e-05, 9.67055166256614e-06, 7.87909721111646e-06, 1.0243568794976454e-05, 7.670399099879432e-06, 4.732675733976066e-06, 2.122614205291029e-06, 5.372723535401747e-06, 6.336773367365822e-06], [0, 0.0006990986876189709, 0.0002664681524038315, 9.070406667888165e-05, 0.00018309526785742491, 3.190734423696995e-05, 2.7554358894121833e-05, 1.3132736057741567e-05, 1.0619964086799882e-05, 1.4854467735858634e-05, 1.0000838301493786e-05, 1.0722270417318214e-05, 1.017174326989334e-05, 1.0282125003868714e-05, 8.504923243890516e-06, 7.949737664603163e-06, 8.040327884373255e-06, 2.084390189338592e-06, 4.372899184090784e-06, 1.077511660696473e-05, 7.224690762086539e-06], [0, 0.0006850407226011157, 0.0003303367120679468, 0.00015999704191926867, 5.135883475304581e-05, 2.5619478037697263e-05, 1.955216794158332e-05, 3.597242175601423e-05, 2.701772791624535e-05, 2.03643230634043e-05, 1.200248698296491e-05, 1.150187017628923e-05, 8.754580449021887e-06, 1.6204488929361105e-05, 1.0832277439476456e-05, 1.0122160347236786e-05, 9.78818025032524e-06, 1.9444365534582175e-05, 2.0329156541265547e-05, 2.024237073783297e-05, 1.601677286089398e-05], [0, 0.0006798005779273808, 0.0003357115783728659, 9.302185935666785e-05, 2.7007146854884923e-05, 1.8660104615264572e-05, 0.00011306045053061098, 5.865236380486749e-05, 3.66456552001182e-05, 2.1469933926709928e-05, 2.031123949564062e-05, 1.785931635822635e-05, 1.3871669580112211e-05, 9.455991857976187e-06, 9.695540029497351e-06, 1.2537392649392132e-05, 7.3004639489226975e-06, 4.732675733976066e-06, 2.122614205291029e-06, 2.0796187527594157e-06, 8.047408300626557e-06], [0, 0.0006620344938710332, 0.00025420315796509385, 7.003338396316394e-05, 5.148742638994008e-05, 2.3135349692893215e-05, 2.911830051743891e-05, 3.7084824725752696e-05, 2.037016565736849e-05, 3.3525062463013455e-05, 4.8624988266965374e-05, 3.988921525888145e-05, 2.3560876798001118e-05, 2.2084192096372135e-05, 1.2543462617031764e-05, 1.2242531738593243e-05, 1.1647932296909858e-05, 1.3615318493975792e-05, 2.6520208848523907e-05, 1.6792766473372467e-05, 2.6369290935690515e-05], [0, 0.0006690925802104175, 0.00016501054051332176, 7.648412429261953e-05, 4.104510662727989e-05, 5.3054212912684307e-05, 3.0603219784097746e-05, 1.6848305676830932e-05, 5.5803568102419376e-05, 4.131250170757994e-05, 4.090728907613084e-05, 2.0420575310708955e-05, 6.465526530519128e-05, 4.378773883217946e-05, 3.3715437893988565e-05, 3.8483020034618676e-05, 2.660442805790808e-05, 2.84801863017492e-05, 2.2801074010203592e-05, 3.295444548712112e-05, 2.2149428332340904e-05], [0, 0.0006775134243071079, 0.00015571016410831362, 7.778842700645328e-05, 4.303403329686262e-05, 7.252202340168878e-05, 3.2088151783682406e-05, 7.139328226912767e-05, 3.327240847283974e-05, 3.927042780560441e-05, 1.5046241060190368e-05, 2.1591959011857398e-05, 1.7351499991491437e-05, 4.3023264879593626e-05, 1.7031756215146743e-05, 4.9403923185309395e-05, 5.282984420773573e-05, 3.7775498640257865e-05, 3.413013837416656e-05, 2.1338724764063954e-05, 4.04450147470925e-05], [0, 0.0006884269532747567, 0.0001774558040779084, 5.0062120863003656e-05, 2.1043595552328043e-05, 1.0058485713670962e-05, 1.1931731933145784e-05, 6.7343839873501565e-06, 5.857404539710842e-05, 2.0658824723795988e-05, 9.19920057640411e-06, 2.9854187232558616e-05, 2.4589267923147418e-05, 2.042773485300131e-05, 2.636980207171291e-05, 1.100840381695889e-05, 1.1997831279586535e-05, 9.75828788796207e-06, 5.5349693866446614e-05, 4.9403461162000895e-05, 2.5175490009132773e-05], [0, 0.0006836513057351112, 0.0001684622693574056, 6.314233178272843e-05, 2.1043595552328043e-05, 3.561895209713839e-05, 2.1276879124343395e-05, 7.139328226912767e-05, 4.592322511598468e-05, 2.359573045396246e-05, 3.409295459277928e-05, 2.3872338715591468e-05, 1.1573893061722629e-05, 2.6667123165680096e-05, 2.1700756406062283e-05, 1.0171125722990837e-05, 2.5058145183720626e-05, 6.881546869408339e-05, 4.215001899865456e-05, 4.9403461162000895e-05, 3.5128628951497376e-05]]}