{"alpha": 0.75, "beta": 0.5, "gamma": 8.0, "num_samples": 6000, "node_count": 10, "density": 1.0, "startup_delay": 0.0, "forward_prob": 0, "epochs": [[0, 1, 2, 3, 4, 5, 6, 7, 8, 9, 10, 11, 12, 13, 14, 15, 16, 17, 18, 19, 20], [0, 1, 2, 3, 4, 5, 6, 7, 8, 9, 10, 11, 12, 13, 14, 15, 16, 17, 18, 19, 20], [0, 1, 2, 3, 4, 5, 6, 7, 8, 9, 10, 11, 12, 13, 14, 15, 16, 17, 18, 19, 20], [0, 1, 2, 3, 4, 5, 6, 7, 8, 9, 10, 11, 12, 13, 14, 15, 16, 17, 18, 19, 20], [0, 1, 2, 3, 4, 5, 6, 7, 8, 9, 10, 11, 12, 13, 14, 15, 16, 17, 18, 19, 20], [0, 1, 2, 3, 4, 5, 6, 7, 8, 9, 10, 11, 12, 13, 14, 15, 16, 17, 18, 19, 20], [0, 1, 2, 3, 4, 5, 6, 7, 8, 9, 10, 11, 12, 13, 14, 15, 16, 17, 18, 19, 20], [0, 1, 2, 3, 4, 5, 6, 7, 8, 9, 10, 11, 12, 13, 14, 15, 16, 17, 18, 19, 20], [0, 1, 2, 3, 4, 5, 6, 7, 8, 9, 10, 11, 12, 13, 14, 15, 16, 17, 18, 19, 20], [0, 1, 2, 3, 4, 5, 6, 7, 8, 9, 10, 11, 12, 13, 14, 15, 16, 17, 18, 19, 20]], "accuracies": [[6.72, 10.0, 71.56, 81.19, 85.93, 87.36, 87.99, 88.77, 89.31, 89.55, 90.06, 90.34, 90.31, 90.29, 90.4, 90.44, 90.48, 90.57, 90.48, 90.49, 90.58], [9.28, 10.13, 73.62, 82.08, 86.04, 87.1, 88.17, 88.78, 89.38, 89.55, 90.08, 90.4, 90.39, 90.24, 90.56, 90.53, 90.66, 90.71, 90.74, 90.59, 90.37], [6.76, 10.0, 72.31, 82.47, 85.73, 87.3, 88.22, 88.77, 89.27, 89.55, 90.12, 90.39, 90.28, 90.24, 90.5, 90.41, 90.54, 90.65, 90.55, 90.52, 90.51], [11.41, 10.0, 65.29, 81.87, 85.91, 87.08, 88.02, 88.86, 89.34, 89.49, 90.11, 90.3, 90.49, 90.39, 90.49, 90.34, 90.58, 90.58, 90.51, 90.56, 90.62], [5.34, 15.4, 72.48, 82.32, 85.85, 87.31, 88.1, 88.81, 89.17, 89.47, 90.13, 90.3, 90.54, 90.32, 90.55, 90.55, 90.63, 90.55, 90.52, 90.6, 90.55], [14.24, 11.85, 71.33, 82.07, 85.78, 87.27, 88.08, 88.77, 89.16, 89.4, 90.03, 90.15, 90.6, 90.17, 90.71, 90.49, 90.52, 90.81, 90.6, 90.62, 90.48], [10.8, 10.0, 69.83, 82.46, 86.01, 87.31, 88.13, 88.74, 89.2, 89.49, 89.92, 90.33, 90.41, 90.2, 90.54, 90.5, 90.52, 90.52, 90.57, 90.65, 90.57], [9.98, 11.8, 70.12, 81.98, 85.86, 87.32, 88.19, 88.72, 89.45, 89.53, 90.26, 90.4, 90.39, 90.23, 90.52, 90.45, 90.62, 90.63, 90.61, 90.72, 90.61], [10.33, 14.61, 69.71, 82.37, 85.95, 87.14, 88.02, 88.81, 89.26, 89.31, 90.11, 90.23, 90.19, 90.4, 90.41, 90.49, 90.38, 90.58, 90.55, 90.64, 90.69], [8.62, 10.0, 70.66, 81.8, 86.01, 87.29, 88.06, 88.71, 89.36, 89.34, 90.04, 90.31, 90.48, 90.24, 90.68, 90.4, 90.65, 90.64, 90.72, 90.67, 90.55]], "msds": [[0, 0.0010758559219539165, 0.0005273575661703944, 0.0003559087635949254, 0.0002066992165055126, 0.00019129697466269135, 0.0001885591191239655, 0.0002056390803772956, 0.00022293368238024414, 0.00023604670423083007, 0.0002523361472412944, 0.00025978763005696237, 0.00026034872280433774, 0.00025643137632869184, 0.00024581386242061853, 0.0002672219416126609, 0.0002408422587905079, 0.00022409751545637846, 0.000248495489358902, 0.00022832660761196166, 0.0002665727224666625], [0, 0.0010699377162382007, 0.00047929727588780224, 0.00031021013273857534, 0.0001885240781120956, 0.00016976933693513274, 0.00018350430764257908, 0.0002083076979033649, 0.00021882781584281474, 0.00023436294577550143, 0.00024494671379216015, 0.0002642936888150871, 0.00026594041264615953, 0.0002545402094256133, 0.00026879453798756003, 0.0002423280238872394, 0.00025210969033651054, 0.0002314689481863752, 0.00024095486151054502, 0.0002372746093897149, 0.0002639076847117394], [0, 0.0010866450611501932, 0.0005528668989427388, 0.00033983367029577494, 0.00021114374976605177, 0.000184322489076294, 0.00019067169341724366, 0.00020641210721805692, 0.00022818270372226834, 0.00023438535572495311, 0.00023609526397194713, 0.0002526099269744009, 0.0002566646144259721, 0.00024189411487895995, 0.0002559054992161691, 0.00025548681151121855, 0.0002354040916543454, 0.00022110046120360494, 0.00023497948131989688, 0.00020202061568852514, 0.0002682217746041715], [0, 0.001132876961492002, 0.0005878462688997388, 0.00036923735751770437, 0.00020611161016859114, 0.0001904203527374193, 0.0001919196656672284, 0.00020137584942858666, 0.00022061126946937293, 0.00022261466074269265, 0.00024848777684383094, 0.00026283389888703823, 0.00024872043286450207, 0.0002586778427939862, 0.00024870113702490926, 0.00024250522255897522, 0.0002580889849923551, 0.00022962632647249848, 0.00022312351211439818, 0.00021205880329944193, 0.00025920008192770183], [0, 0.0010727334301918745, 0.0004901744541712105, 0.0003504936466924846, 0.00020840698562096804, 0.00019076095486525446, 0.00018760323291644454, 0.0002122925507137552, 0.00022551855363417417, 0.0002320109197171405, 0.0002614186378195882, 0.00027490901993587613, 0.00026574486400932074, 0.0002428485022392124, 0.00023873128520790488, 0.00026949914172291756, 0.00024472182849422097, 0.0002157002018066123, 0.00024360096722375602, 0.00020722259068861604, 0.00024167989613488317], [0, 0.001048830570653081, 0.0004906599642708898, 0.0003345654404256493, 0.0001912435982376337, 0.00017495127394795418, 0.00019088432600256056, 0.0002053843199973926, 0.00022483247448690236, 0.00022894561698194593, 0.0002530914207454771, 0.00025250931503251195, 0.0002588797942735255, 0.0002781759831123054, 0.0002457652590237558, 0.00026026408886536956, 0.00025075607118196785, 0.00022025711950846016, 0.00023540412075817585, 0.00023799082555342466, 0.0002389095607213676], [0, 0.0010623480193316936, 0.0005228851805441082, 0.0003460150910541415, 0.00020122487330809236, 0.000182209987542592, 0.00018473656382411718, 0.00020351666898932308, 0.00021608384849969298, 0.00023207388585433364, 0.0002431000757496804, 0.00025453331181779504, 0.000257164821960032, 0.00026499948580749333, 0.00026799162151291966, 0.000244819006184116, 0.0002467548765707761, 0.00021959803416393697, 0.0002491729101166129, 0.00021343697153497487, 0.0002532265498302877], [0, 0.001050022430717945, 0.0004820767790079117, 0.0003519887977745384, 0.0001895883324323222, 0.00018320333037991077, 0.0001832194102462381, 0.00020079826936125755, 0.000220873233047314, 0.00023706851061433554, 0.0002452770131640136, 0.0002700090117286891, 0.0002601515734568238, 0.00025269569596275687, 0.0002561275032348931, 0.0002601400192361325, 0.0002283969079144299, 0.00023313247947953641, 0.00023192851222120225, 0.0002447151346132159, 0.00025595672195777297], [0, 0.0010677141835913062, 0.0005154866958037019, 0.0003465220215730369, 0.00020389253040775657, 0.00018233161245007068, 0.0001916789187816903, 0.0002051893388852477, 0.00021926879708189517, 0.00022434447600971907, 0.00023892370518296957, 0.0002491296618245542, 0.0002604996261652559, 0.0002479652175679803, 0.00024438698892481625, 0.00026901179808191955, 0.0002534607192501426, 0.0002297977771377191, 0.00025600334629416466, 0.00020983992726542056, 0.00021349407325033098], [0, 0.001074919244274497, 0.0005352185689844191, 0.00033774657640606165, 0.00020376189786475152, 0.00018338969675824046, 0.0001865755912149325, 0.00020189971837680787, 0.00021578598534688354, 0.0002282743516843766, 0.0002465223369654268, 0.0002626802888698876, 0.0002650250098668039, 0.0002476753725204617, 0.0002552373625803739, 0.0002688421227503568, 0.00024756925995461643, 0.0002287445531692356, 0.0002424430858809501, 0.00022477835591416806, 0.0002362849045312032]]}