{"alpha": 0.75, "beta": 0.5, "gamma": 1.0, "num_samples": 25, "node_count": 10, "density": 0.0, "startup_delay": 0.0, "forward_prob": 0, "epochs": [[0, 1, 2, 3, 4, 5, 6, 7, 8, 9, 10, 11, 12, 13, 14, 15, 16, 17, 18, 19, 20], [0, 1, 2, 3, 4, 5, 6, 7, 8, 9, 10, 11, 12, 13, 14, 15, 16, 17, 18, 19, 20], [0, 1, 2, 3, 4, 5, 6, 7, 8, 9, 10, 11, 12, 13, 14, 15, 16, 17, 18, 19, 20], [0, 1, 2, 3, 4, 5, 6, 7, 8, 9, 10, 11, 12, 13, 14, 15, 16, 17, 18, 19, 20], [0, 1, 2, 3, 4, 5, 6, 7, 8, 9, 10, 11, 12, 13, 14, 15, 16, 17, 18, 19, 20], [0, 1, 2, 3, 4, 5, 6, 7, 8, 9, 10, 11, 12, 13, 14, 15, 16, 17, 18, 19, 20], [0, 1, 2, 3, 4, 5, 6, 7, 8, 9, 10, 11, 12, 13, 14, 15, 16, 17, 18, 19, 20], [0, 1, 2, 3, 4, 5, 6, 7, 8, 9, 10, 11, 12, 13, 14, 15, 16, 17, 18, 19, 20], [0, 1, 2, 3, 4, 5, 6, 7, 8, 9, 10, 11, 12, 13, 14, 15, 16, 17, 18, 19, 20], [0, 1, 2, 3, 4, 5, 6, 7, 8, 9, 10, 11, 12, 13, 14, 15, 16, 17, 18, 19, 20]], "accuracies": [[6.28, 19.5, 44.88, 52.92, 53.8, 60.11, 55.89, 56.29, 55.92, 58.78, 63.06, 63.51, 64.82, 65.76, 61.47, 65.27, 64.67, 68.0, 64.02, 66.55, 62.98], [8.19, 38.89, 47.39, 56.22, 55.36, 59.98, 61.08, 62.28, 60.93, 61.5, 62.53, 64.42, 64.9, 64.46, 62.48, 65.51, 64.61, 67.75, 64.06, 66.35, 64.9], [5.73, 48.57, 43.36, 45.65, 58.41, 62.9, 59.0, 59.99, 58.22, 59.42, 65.98, 64.38, 67.18, 67.32, 68.77, 66.58, 67.94, 68.79, 69.71, 66.63, 67.92], [8.06, 10.0, 38.52, 49.83, 53.82, 58.07, 59.08, 55.82, 55.39, 61.63, 58.94, 55.54, 56.03, 64.46, 67.71, 65.76, 67.79, 67.3, 68.57, 67.7, 67.69], [10.38, 10.06, 43.76, 52.09, 52.49, 56.5, 51.02, 53.78, 54.96, 58.15, 54.75, 58.13, 55.7, 57.73, 68.89, 68.85, 67.58, 69.96, 68.31, 69.19, 66.11], [13.98, 28.81, 23.61, 47.14, 49.04, 56.99, 52.36, 55.39, 51.44, 59.96, 55.56, 60.84, 55.52, 67.05, 66.08, 68.19, 65.45, 67.28, 67.97, 68.39, 66.33], [9.64, 11.39, 37.8, 58.73, 59.56, 63.81, 61.56, 60.19, 57.88, 62.42, 60.54, 65.32, 60.36, 62.35, 65.37, 65.86, 69.14, 70.22, 70.35, 68.81, 69.78], [9.63, 18.58, 52.0, 64.51, 63.58, 63.73, 65.55, 65.95, 66.08, 60.79, 62.62, 65.3, 64.42, 66.44, 64.21, 68.01, 68.75, 68.0, 68.5, 66.86, 70.5], [6.25, 32.54, 47.82, 52.72, 54.65, 58.97, 60.95, 60.41, 59.84, 60.16, 61.72, 62.85, 63.51, 64.63, 61.69, 63.0, 63.28, 67.0, 62.59, 64.63, 64.72], [9.91, 38.98, 45.7, 57.78, 54.5, 60.34, 62.77, 56.37, 59.32, 59.75, 57.15, 58.85, 59.77, 61.84, 59.53, 60.39, 59.92, 61.22, 64.3, 63.09, 64.22]], "msds": [[0, 0.0006826122407801449, 0.0001574970519868657, 8.489395986543968e-05, 3.619411290856078e-05, 3.383365401532501e-05, 1.298945880989777e-05, 6.157624284242047e-06, 9.619739103072789e-06, 5.2321656767162494e-06, 2.713583489821758e-05, 2.167735328839626e-05, 8.490742766298354e-05, 3.566875238902867e-05, 1.1466034266049974e-05, 7.095447017491097e-06, 1.3954267160443123e-05, 7.3247279033239465e-06, 6.404743089660769e-06, 9.031447007146198e-06, 6.908986051712418e-06], [0, 0.0007006934029050171, 0.00018507578352000564, 4.8960868298308924e-05, 2.3902484826976433e-05, 1.249306933459593e-05, 1.2254207831574604e-05, 8.739277291169856e-06, 1.3393312656262424e-05, 1.7883454347611405e-05, 1.7936585209099576e-05, 1.852332934504375e-05, 4.54187611467205e-05, 2.590903932286892e-05, 1.7554011719767004e-05, 1.778930709406268e-05, 4.802200237463694e-06, 4.007717052445514e-06, 4.9995123845292255e-06, 6.780941021133913e-06, 9.90590615401743e-06], [0, 0.000701004290021956, 0.0002715338778216392, 8.919573156163096e-05, 4.256183819961734e-05, 2.6048472136608325e-05, 1.4626158190367278e-05, 1.632819839869626e-05, 1.1367921615601517e-05, 1.341816005151486e-05, 8.963987056631595e-06, 5.3128728723095264e-06, 1.9077982869930565e-05, 9.574753676133696e-06, 8.117111974570435e-06, 7.239084425236797e-06, 1.1313120921840891e-05, 2.608295289974194e-06, 3.847346306429245e-06, 5.819756552227773e-06, 4.230084869050188e-06], [0, 0.0006968102534301579, 0.00017901435785461217, 7.729825301794335e-05, 3.594545341911726e-05, 2.3917998987599276e-05, 1.99180740310112e-05, 3.543463026289828e-05, 4.7784858907107264e-05, 5.107490869704634e-05, 5.3826257499167696e-05, 6.315318023553118e-05, 3.322655538795516e-05, 2.378798308200203e-05, 1.233544844581047e-05, 1.778930709406268e-05, 9.378238246426918e-06, 2.608295289974194e-06, 2.9259820166771533e-06, 5.819756552227773e-06, 6.822366231062915e-06], [0, 0.0006751779583282769, 0.0001562077522976324, 6.0589118220377713e-05, 6.124508217908442e-05, 3.2759162422735244e-05, 1.298945880989777e-05, 6.157624284242047e-06, 9.619739103072789e-06, 5.2321656767162494e-06, 5.412919108493952e-06, 1.2591497579705901e-05, 7.056624326651217e-06, 6.212463631527498e-05, 3.9488568290835246e-05, 1.4404250578081701e-05, 7.5965572250424884e-06, 1.865665581135545e-05, 1.136113132815808e-05, 1.4161074432195164e-05, 6.9251414061000105e-06], [0, 0.0006817862740717828, 0.0003523107443470508, 7.140000525396317e-05, 3.572757850633934e-05, 1.7703483536024578e-05, 1.4626158190367278e-05, 1.632819839869626e-05, 1.1367921615601517e-05, 1.341816005151486e-05, 8.963987056631595e-06, 5.3128728723095264e-06, 4.929378064844059e-06, 7.242274023155915e-06, 3.029368826901191e-06, 7.270469723152928e-06, 8.376331606996246e-06, 1.1029239431081805e-05, 3.847346306429245e-06, 3.824743998848135e-06, 4.807955974683864e-06], [0, 0.000682070036418736, 0.00015961137250997126, 7.669743354199454e-05, 6.981668411754072e-05, 3.5170283808838576e-05, 6.60767691442743e-05, 6.139445031294599e-05, 7.074547465890646e-05, 3.311263571958989e-05, 1.8966098650707863e-05, 2.9530126994359307e-05, 2.2519376216223463e-05, 2.4998274966492318e-05, 5.8587062085280195e-05, 4.592138429870829e-05, 2.935777956736274e-05, 3.4274777135578915e-05, 2.0365443560876884e-05, 2.881141335819848e-05, 2.986478284583427e-05], [0, 0.0006899999571032822, 0.00017239683074876666, 6.753913476131856e-05, 3.4042561310343444e-05, 1.6345680705853738e-05, 9.107732694246806e-06, 2.9971068215672858e-05, 2.4512395611964166e-05, 0.00011964611621806398, 5.714141661883332e-05, 3.90069508284796e-05, 3.127357558696531e-05, 4.034453013446182e-05, 3.226613989681937e-05, 5.771476207883097e-05, 7.529425784014165e-05, 5.0592316256370395e-05, 2.2734822778147645e-05, 1.5434347005793825e-05, 4.6271929022623226e-05], [0, 0.0006940048770047724, 0.00017949850007425994, 4.404166611493565e-05, 2.3153785150498152e-05, 1.3877321180189028e-05, 1.063111540133832e-05, 8.744395927351434e-06, 1.0727605513238814e-05, 2.1431449567899108e-05, 1.6873593267519027e-05, 1.960095323738642e-05, 4.609962707036175e-05, 2.486102130205836e-05, 1.5880674254731275e-05, 1.878101465990767e-05, 1.912095831357874e-05, 1.3157629837223794e-05, 1.3296738870849367e-05, 1.371741745970212e-05, 1.0715273674577475e-05], [0, 0.0006925271009095013, 0.00018371784244664013, 5.015246642869897e-05, 2.5883236958179623e-05, 1.6345680705853738e-05, 9.107732694246806e-06, 4.865235041506821e-06, 1.7409385691280477e-05, 1.1309551155136432e-05, 9.603593207430094e-05, 6.393757212208584e-05, 3.744875721167773e-05, 1.740700645314064e-05, 3.0838804377708584e-05, 2.662653241713997e-05, 5.054601570009254e-05, 5.7375775213586167e-05, 1.7765085431165062e-05, 1.47255868796492e-05, 1.0936946637229994e-05]]}