{"alpha": 0.75, "beta": 0.5, "gamma": 1.0, "num_samples": 1000, "node_count": 10, "density": 0.0, "startup_delay": 0.0, "forward_prob": 0, "epochs": [[0, 1, 2, 3, 4, 5, 6, 7, 8, 9, 10, 11, 12, 13, 14, 15, 16, 17, 18, 19, 20], [0, 1, 2, 3, 4, 5, 6, 7, 8, 9, 10, 11, 12, 13, 14, 15, 16, 17, 18, 19, 20], [0, 1, 2, 3, 4, 5, 6, 7, 8, 9, 10, 11, 12, 13, 14, 15, 16, 17, 18, 19, 20], [0, 1, 2, 3, 4, 5, 6, 7, 8, 9, 10, 11, 12, 13, 14, 15, 16, 17, 18, 19, 20], [0, 1, 2, 3, 4, 5, 6, 7, 8, 9, 10, 11, 12, 13, 14, 15, 16, 17, 18, 19, 20], [0, 1, 2, 3, 4, 5, 6, 7, 8, 9, 10, 11, 12, 13, 14, 15, 16, 17, 18, 19, 20], [0, 1, 2, 3, 4, 5, 6, 7, 8, 9, 10, 11, 12, 13, 14, 15, 16, 17, 18, 19, 20], [0, 1, 2, 3, 4, 5, 6, 7, 8, 9, 10, 11, 12, 13, 14, 15, 16, 17, 18, 19, 20], [0, 1, 2, 3, 4, 5, 6, 7, 8, 9, 10, 11, 12, 13, 14, 15, 16, 17, 18, 19, 20], [0, 1, 2, 3, 4, 5, 6, 7, 8, 9, 10, 11, 12, 13, 14, 15, 16, 17, 18, 19, 20]], "accuracies": [[11.44, 20.91, 72.61, 80.13, 82.31, 84.27, 83.17, 83.17, 83.69, 83.23, 84.13, 84.13, 83.71, 84.02, 85.21, 85.09, 85.06, 84.75, 85.19, 85.28, 85.41], [11.18, 15.45, 77.75, 72.07, 79.91, 82.35, 82.74, 82.37, 83.56, 83.54, 83.93, 83.79, 81.79, 84.51, 84.72, 85.14, 85.23, 85.86, 84.29, 85.2, 85.34], [14.32, 11.03, 61.34, 76.87, 82.46, 83.27, 83.14, 83.26, 83.49, 84.51, 84.38, 84.48, 84.4, 84.45, 84.41, 85.0, 84.8, 84.59, 84.54, 85.28, 85.15], [6.27, 19.62, 45.94, 37.9, 40.3, 68.83, 63.89, 77.55, 80.19, 80.84, 82.6, 83.79, 84.44, 84.07, 84.28, 85.48, 85.71, 85.1, 84.21, 85.21, 85.76], [17.37, 72.69, 76.31, 78.4, 81.36, 82.84, 83.34, 84.05, 83.93, 83.88, 84.36, 84.42, 84.55, 84.05, 84.58, 84.68, 85.14, 84.55, 84.25, 85.06, 85.15], [16.5, 69.47, 64.71, 79.24, 80.13, 83.25, 83.16, 83.65, 83.27, 83.06, 83.76, 83.96, 84.4, 84.72, 84.58, 84.25, 84.85, 85.03, 84.08, 84.78, 83.7], [15.52, 57.19, 70.74, 77.11, 78.97, 82.04, 82.74, 81.9, 83.39, 83.47, 84.34, 83.97, 84.5, 84.59, 82.07, 83.23, 84.49, 85.17, 85.37, 85.59, 85.11], [9.53, 55.41, 75.87, 78.33, 79.0, 82.69, 82.99, 83.63, 83.94, 83.83, 84.07, 83.93, 83.75, 84.19, 84.53, 84.29, 83.61, 84.63, 84.4, 83.21, 84.42], [12.76, 68.43, 79.62, 76.36, 81.75, 81.59, 83.34, 83.38, 83.91, 83.41, 83.85, 84.19, 83.77, 84.28, 84.03, 80.33, 83.85, 84.72, 85.27, 85.43, 84.64], [10.09, 69.45, 69.77, 75.51, 82.27, 82.06, 82.84, 83.9, 84.35, 83.06, 83.94, 84.46, 84.38, 82.51, 84.71, 85.02, 85.95, 86.22, 86.02, 85.26, 85.49]], "msds": [[0, 0.0008836547494865954, 0.0006460301228798926, 0.00044313076068647206, 0.0003232826420571655, 0.00022172990429680794, 0.0002486152807250619, 0.0001591647887835279, 0.0001548301224829629, 0.00014980725245550275, 7.850358815630898e-05, 6.826079334132373e-05, 4.257739055901766e-05, 6.1001337599009275e-05, 0.0001530117733636871, 0.00011399829236324877, 7.712317164987326e-05, 8.406590495724231e-05, 0.00014940788969397545, 8.958175021689385e-05, 6.607164687011391e-05], [0, 0.0008810581057332456, 0.0007033341680653393, 0.0006942691979929805, 0.00031588823185302317, 0.00020206207409501076, 0.00018894010281655937, 0.00018214434385299683, 8.79399012774229e-05, 6.547373777721077e-05, 0.00034724356373772025, 0.000242996247834526, 0.000948119442909956, 0.0003626738325692713, 0.00024639556067995727, 0.0002778473135549575, 0.00011960612755501643, 0.00019659791723825037, 0.0002230061509180814, 0.000251550052780658, 0.00016477883036714047], [0, 0.0008774024317972362, 0.0006460301228798926, 0.0005237369332462549, 0.00032232044031843543, 0.00020976024097763002, 0.0001278223644476384, 7.26985017536208e-05, 5.2411978685995564e-05, 0.00010529742576181889, 5.866240826435387e-05, 4.889659976470284e-05, 5.911563857807778e-05, 5.8227004046784714e-05, 3.781029226956889e-05, 0.00011748293036362156, 9.029077045852318e-05, 0.00010372791439294815, 0.00023499074450228363, 0.00011080341209890321, 9.231128933606669e-05], [0, 0.0008799954084679484, 0.0004913421580567956, 0.0006440941360779107, 0.0006065042107366025, 0.00047817197628319263, 0.0004987613647244871, 0.0005440752720460296, 0.0005718842148780823, 0.0005804433021694422, 0.0006028520292602479, 0.000620324513874948, 0.00017093333008233458, 0.00016202015103772283, 0.0001500587532063946, 0.00015132363478187472, 0.00010281990398652852, 0.00013572548050433397, 0.0002056505618384108, 6.836003012722358e-05, 0.00011011167953256518], [0, 0.0008910827455110848, 0.0005380288930609822, 0.0005305519443936646, 0.0003333293425384909, 0.0001931489387061447, 0.00013898055476602167, 0.000208140307222493, 0.00018447384354658425, 0.00017340884369332343, 0.00016157257778104395, 0.00014509106404148042, 0.00014826716505922377, 0.00015545435599051416, 0.0001559648517286405, 0.00010617708176141605, 7.712317164987326e-05, 8.406590495724231e-05, 9.316524665337056e-05, 5.527182656805962e-05, 5.045926081947982e-05], [0, 0.0008790509309619665, 0.0007353801629506052, 0.0006043433677405119, 0.0003314048226457089, 0.00020976024097763002, 0.0001278223644476384, 7.26985017536208e-05, 5.2411978685995564e-05, 6.078758087824099e-05, 3.882121018250473e-05, 2.9532449843827635e-05, 0.00012283059186302125, 7.697424007346854e-05, 5.336758476914838e-05, 7.468307012459263e-05, 9.055485861608759e-05, 6.404770829249173e-05, 0.00022281533165369183, 0.00028449203819036484, 0.00015363683633040637], [0, 0.0008893728954717517, 0.000747034209780395, 0.0004366678767837584, 0.00031980802305042744, 0.0001928057463373989, 0.00010068564733956009, 8.080089173745364e-05, 6.587537791347131e-05, 5.809167487313971e-05, 0.00010336963896406814, 6.592875433852896e-05, 8.529110345989466e-05, 6.391978240571916e-05, 0.0009022814338095486, 0.0007670969935134053, 0.0005246512591838837, 0.0002728007093537599, 0.00017844117246568203, 0.00011488262680359185, 0.0005111396894790232], [0, 0.0008790509309619665, 0.0005251943366602063, 0.0005215220735408366, 0.0006033567478880286, 0.0002644070773385465, 0.00020226690685376525, 0.0001632169442018494, 0.00014467006258200854, 0.00014684765483252704, 0.00013536176993511617, 0.00012327253352850676, 0.0001700074499240145, 9.849589696386829e-05, 7.103372627170756e-05, 5.4667307267664e-05, 7.829584501450881e-05, 8.64368921611458e-05, 6.794132787035778e-05, 0.0002749672858044505, 0.00024872031644918025], [0, 0.0008893728954717517, 0.0005622913595288992, 0.00044584754505194724, 0.00033962991437874734, 0.00025215826462954283, 0.00019411266839597374, 0.00015038534183986485, 0.00015171901031862944, 0.00015565360081382096, 0.00014571369683835655, 7.536771590821445e-05, 8.990459173219278e-05, 5.643578333547339e-05, 5.1664712373167276e-05, 0.0007410836988128722, 0.0008082800195552409, 0.00025039605679921806, 0.00016516519826836884, 9.777261584531516e-05, 0.0001791297981981188], [0, 0.0008596798870712519, 0.000747034209780395, 0.0005654686829075217, 0.00031784820021130145, 0.0001928057463373989, 0.00010068564733956009, 0.00013147258141543716, 7.690765778534114e-05, 5.809167487313971e-05, 9.062945900950581e-05, 0.00010697911056922749, 0.00010128373105544597, 0.001035077846609056, 0.0005924339639022946, 0.0005578470299951732, 0.0002450191241223365, 0.00030662084463983774, 0.000180488292244263, 0.00041441532084718347, 0.0003322490374557674]]}