{"alpha": 0.75, "beta": 0.5, "gamma": 1.0, "num_samples": 100, "node_count": 10, "density": 0.0, "startup_delay": 0.0, "forward_prob": 0, "epochs": [[0, 1, 2, 3, 4, 5, 6, 7, 8, 9, 10, 11, 12, 13, 14, 15, 16, 17, 18, 19, 20], [0, 1, 2, 3, 4, 5, 6, 7, 8, 9, 10, 11, 12, 13, 14, 15, 16, 17, 18, 19, 20], [0, 1, 2, 3, 4, 5, 6, 7, 8, 9, 10, 11, 12, 13, 14, 15, 16, 17, 18, 19, 20], [0, 1, 2, 3, 4, 5, 6, 7, 8, 9, 10, 11, 12, 13, 14, 15, 16, 17, 18, 19, 20], [0, 1, 2, 3, 4, 5, 6, 7, 8, 9, 10, 11, 12, 13, 14, 15, 16, 17, 18, 19, 20], [0, 1, 2, 3, 4, 5, 6, 7, 8, 9, 10, 11, 12, 13, 14, 15, 16, 17, 18, 19, 20], [0, 1, 2, 3, 4, 5, 6, 7, 8, 9, 10, 11, 12, 13, 14, 15, 16, 17, 18, 19, 20], [0, 1, 2, 3, 4, 5, 6, 7, 8, 9, 10, 11, 12, 13, 14, 15, 16, 17, 18, 19, 20], [0, 1, 2, 3, 4, 5, 6, 7, 8, 9, 10, 11, 12, 13, 14, 15, 16, 17, 18, 19, 20], [0, 1, 2, 3, 4, 5, 6, 7, 8, 9, 10, 11, 12, 13, 14, 15, 16, 17, 18, 19, 20]], "accuracies": [[10.51, 58.37, 57.79, 62.31, 72.32, 73.08, 74.77, 73.47, 76.13, 76.4, 74.89, 74.35, 76.14, 76.85, 76.36, 77.41, 76.58, 77.57, 76.78, 75.71, 76.51], [4.11, 49.21, 40.63, 48.64, 66.15, 71.18, 73.54, 73.34, 76.02, 74.56, 75.89, 74.67, 75.52, 75.81, 73.56, 76.38, 76.66, 76.85, 76.91, 77.93, 77.35], [9.33, 10.01, 58.49, 45.4, 67.35, 71.15, 73.08, 75.03, 75.7, 75.41, 75.32, 75.53, 73.9, 75.28, 77.37, 77.5, 77.02, 77.66, 76.83, 74.15, 77.27], [11.42, 62.84, 62.93, 67.69, 65.05, 73.1, 72.4, 69.82, 74.69, 74.43, 73.1, 75.71, 76.09, 76.17, 76.15, 76.91, 76.74, 77.07, 77.31, 72.67, 75.84], [6.71, 18.32, 57.78, 60.97, 62.49, 71.75, 70.81, 69.4, 73.97, 73.37, 74.88, 76.2, 75.64, 75.96, 75.11, 76.47, 76.33, 76.86, 76.62, 74.73, 75.75], [9.96, 11.32, 33.19, 54.18, 61.87, 70.83, 73.22, 73.15, 74.06, 73.46, 73.92, 74.41, 76.46, 76.18, 73.8, 76.36, 76.41, 77.19, 78.55, 77.86, 77.22], [8.24, 54.85, 40.28, 65.4, 63.37, 70.62, 72.56, 72.69, 74.75, 73.12, 74.33, 74.97, 75.77, 76.06, 74.01, 75.94, 76.27, 76.57, 77.36, 77.84, 77.44], [3.02, 42.7, 57.71, 60.22, 60.35, 56.65, 70.12, 71.77, 72.84, 72.93, 73.13, 73.52, 73.03, 74.18, 71.97, 73.27, 74.44, 73.96, 74.06, 72.99, 73.75], [12.77, 58.54, 63.37, 71.38, 63.96, 72.9, 71.84, 72.85, 72.84, 71.0, 75.92, 74.08, 76.55, 75.01, 77.69, 77.42, 74.78, 76.99, 75.73, 78.08, 76.98], [9.49, 59.59, 69.81, 65.45, 71.62, 70.87, 72.57, 69.22, 75.04, 73.55, 75.77, 77.19, 76.34, 77.87, 77.83, 78.11, 78.41, 78.21, 78.26, 78.28, 78.45]], "msds": [[0, 0.0006923646433278918, 0.0003816114622168243, 0.00020124581351410598, 9.40380195970647e-05, 4.549670484266244e-05, 2.663159102667123e-05, 2.3085276552592404e-05, 1.4397005543287378e-05, 1.3700999261345714e-05, 1.1210459888388868e-05, 1.6144191249622963e-05, 3.3867796446429566e-05, 2.1152585759409703e-05, 2.4529852453269996e-05, 1.671507561695762e-05, 9.559445970808156e-06, 1.0785709491756279e-05, 8.408948815485928e-06, 2.0504532585619017e-05, 1.3400972420640755e-05], [0, 0.000686375773511827, 0.0003816114622168243, 0.0001513750321464613, 9.263707033824176e-05, 4.126175554119982e-05, 3.4461823815945536e-05, 2.490087535989005e-05, 1.4925912182661705e-05, 1.7368458429700695e-05, 6.8381295932340436e-06, 1.8115448256139643e-05, 8.579551831644494e-06, 2.574216887296643e-05, 2.8982492949580774e-05, 2.922823841799982e-05, 1.1098704817413818e-05, 6.744947768311249e-06, 4.693984010373242e-06, 3.009142119481112e-06, 1.7123616999015212e-05], [0, 0.0006967542576603591, 0.00019621722458396107, 0.0002511163766030222, 9.543891064822674e-05, 4.549670484266244e-05, 3.496036879369058e-05, 2.1508831196115352e-05, 1.3868087080481928e-05, 1.783426705515012e-05, 2.0865911210421473e-05, 3.681497400975786e-05, 1.710582546365913e-05, 9.753288395586424e-06, 1.4607669072574936e-05, 6.813019354012795e-06, 5.987467375234701e-06, 5.052696906204801e-06, 6.7330661295272876e-06, 2.861525172193069e-05, 1.3400972420640755e-05], [0, 0.000699027965310961, 0.00020600231073331088, 6.630174902966246e-05, 0.00019082185463048518, 6.339451647363603e-05, 4.328907380113378e-05, 2.174797555198893e-05, 1.262577461602632e-05, 2.5634983103373088e-05, 3.052134707104415e-05, 1.1118018846900668e-05, 2.942895662272349e-05, 2.2521120627061464e-05, 1.2985367902729195e-05, 7.168745469243731e-06, 1.143994722951902e-05, 5.903329565626336e-06, 9.55799623625353e-06, 3.1051968107931316e-05, 9.880361176328734e-06], [0, 0.0006975941359996796, 0.00019314646488055587, 0.00010417303565191105, 0.00023775566660333425, 7.70126935094595e-05, 5.2976072765886784e-05, 4.100086152902804e-05, 3.608778570196591e-05, 3.1265899451682344e-05, 3.803236177191138e-05, 3.681497400975786e-05, 1.710582546365913e-05, 9.753288395586424e-06, 6.307817329798127e-06, 9.068404324352741e-06, 3.954746716772206e-06, 5.919006071053445e-06, 3.908138751285151e-06, 2.6178511689067818e-05, 8.245605386036914e-06], [0, 0.0006966166547499597, 0.00036429386818781495, 0.00022891433036420494, 0.00011162534792674705, 5.18702290719375e-05, 3.7706799048464745e-05, 2.9555607397924177e-05, 2.707114072109107e-05, 2.3665139451622963e-05, 2.155884067178704e-05, 2.3703092665527947e-05, 1.4860017472528853e-05, 4.038996121380478e-05, 3.979806569986977e-05, 2.765062527032569e-05, 2.7735188268707134e-05, 2.1425801605801098e-05, 2.6408093617646955e-05, 1.2388317372824531e-05, 4.0322531276615337e-05], [0, 0.0006926342030055821, 0.00038053837488405406, 0.000169118182384409, 9.706313721835613e-05, 5.0180384278064594e-05, 4.049147173645906e-05, 3.1016581488074735e-05, 2.3540380425401963e-05, 2.7227299142396078e-05, 2.8915050279465504e-05, 3.212807132513262e-05, 2.7823038180940785e-05, 3.739500971278176e-05, 3.649654536275193e-05, 2.9696600904571824e-05, 3.731879769475199e-05, 1.8972479665535502e-05, 2.010262141993735e-05, 2.9988150345161557e-05, 3.754151475732215e-05], [0, 0.0006963180494494736, 0.00021095923148095608, 6.656174809904769e-05, 4.625185101758689e-05, 0.00020061933901160955, 7.824678323231637e-05, 6.485148333013058e-05, 4.966089909430593e-05, 4.502595402300358e-05, 4.599947715178132e-05, 5.176617196411826e-05, 4.6034234401304275e-05, 3.504725100356154e-05, 3.631709114415571e-05, 2.9896440537413582e-05, 4.245581294526346e-05, 4.438403630047105e-05, 2.498625690350309e-05, 3.492833275231533e-05, 4.671964779845439e-05], [0, 0.0006957847508601844, 0.0003071655228268355, 0.0001253516529686749, 0.00025331886718049645, 0.00011143893789267167, 5.183260145713575e-05, 4.637537131202407e-05, 4.701906073023565e-05, 3.837650001514703e-05, 3.7026409700047225e-05, 3.245439438614994e-05, 4.4841475755674765e-05, 2.8040272809448652e-05, 5.4307278332998976e-05, 4.261327921994962e-05, 3.700594243127853e-05, 2.7810834581032395e-05, 3.771209594560787e-05, 2.4551782189519145e-05, 2.6291219910490327e-05], [0, 0.0006957847508601844, 0.00024511400260962546, 0.00011581394937820733, 4.797747897100635e-05, 0.0001985340641112998, 0.00012644300295505673, 6.777847738703713e-05, 6.681684317300096e-05, 7.384295167867094e-05, 4.9039335863199085e-05, 5.0748254579957575e-05, 4.6794917579973117e-05, 4.150348831899464e-05, 5.239784513833001e-05, 6.83222824591212e-05, 5.200580199016258e-05, 3.874212416121736e-05, 4.5542317820945755e-05, 4.146013088757172e-05, 3.983559145126492e-05]]}