{"alpha": 0.75, "beta": 0.5, "gamma": 8.0, "num_samples": 25, "node_count": 10, "density": 1.0, "startup_delay": 0.0, "forward_prob": 0, "epochs": [[0, 1, 2, 3, 4, 5, 6, 7, 8, 9, 10, 11, 12, 13, 14, 15, 16, 17, 18, 19, 20], [0, 1, 2, 3, 4, 5, 6, 7, 8, 9, 10, 11, 12, 13, 14, 15, 16, 17, 18, 19, 20], [0, 1, 2, 3, 4, 5, 6, 7, 8, 9, 10, 11, 12, 13, 14, 15, 16, 17, 18, 19, 20], [0, 1, 2, 3, 4, 5, 6, 7, 8, 9, 10, 11, 12, 13, 14, 15, 16, 17, 18, 19, 20], [0, 1, 2, 3, 4, 5, 6, 7, 8, 9, 10, 11, 12, 13, 14, 15, 16, 17, 18, 19, 20], [0, 1, 2, 3, 4, 5, 6, 7, 8, 9, 10, 11, 12, 13, 14, 15, 16, 17, 18, 19, 20], [0, 1, 2, 3, 4, 5, 6, 7, 8, 9, 10, 11, 12, 13, 14, 15, 16, 17, 18, 19, 20], [0, 1, 2, 3, 4, 5, 6, 7, 8, 9, 10, 11, 12, 13, 14, 15, 16, 17, 18, 19, 20], [0, 1, 2, 3, 4, 5, 6, 7, 8, 9, 10, 11, 12, 13, 14, 15, 16, 17, 18, 19, 20], [0, 1, 2, 3, 4, 5, 6, 7, 8, 9, 10, 11, 12, 13, 14, 15, 16, 17, 18, 19, 20]], "accuracies": [[6.16, 16.32, 18.81, 18.65, 19.62, 19.84, 19.92, 19.6, 20.57, 33.39, 40.64, 50.43, 49.12, 57.93, 58.49, 59.53, 60.5, 60.87, 60.01, 61.28, 62.27], [3.98, 10.0, 19.85, 19.87, 19.94, 19.95, 19.92, 19.64, 29.67, 34.51, 47.22, 57.83, 58.23, 58.76, 59.41, 59.92, 62.94, 60.54, 63.12, 63.3, 64.78], [10.58, 12.54, 19.68, 19.65, 19.87, 19.91, 19.94, 19.76, 25.73, 36.24, 47.27, 50.86, 53.16, 58.75, 58.42, 60.01, 59.7, 60.42, 60.82, 62.43, 62.98], [13.74, 22.21, 19.3, 19.58, 19.83, 19.72, 19.93, 23.14, 28.12, 34.09, 40.45, 45.53, 44.9, 47.56, 56.04, 51.1, 60.17, 55.9, 60.36, 57.99, 62.08], [9.15, 15.28, 16.91, 18.99, 19.61, 19.73, 19.87, 19.92, 22.9, 35.87, 37.31, 48.03, 45.78, 50.5, 53.13, 53.28, 57.67, 55.96, 58.84, 59.15, 60.34], [10.99, 25.06, 10.42, 15.13, 18.91, 19.63, 19.84, 19.91, 27.76, 36.35, 44.13, 51.26, 47.13, 54.87, 58.42, 58.24, 60.38, 59.66, 60.14, 61.39, 62.6], [10.38, 17.88, 17.79, 15.88, 17.0, 19.46, 19.78, 19.93, 27.28, 36.67, 41.27, 42.95, 43.65, 50.14, 54.85, 54.89, 57.67, 57.95, 57.16, 57.71, 58.3], [9.96, 23.87, 11.05, 16.27, 18.59, 19.52, 19.74, 19.93, 28.62, 35.35, 46.58, 53.19, 50.05, 54.33, 57.12, 57.56, 61.91, 62.3, 61.43, 61.63, 63.3], [8.49, 10.22, 19.56, 18.02, 19.5, 19.8, 19.89, 19.84, 21.88, 32.54, 42.39, 54.7, 54.96, 59.81, 59.74, 59.48, 61.62, 63.52, 61.39, 62.97, 63.45], [9.6, 18.4, 19.59, 19.82, 19.92, 19.93, 19.87, 19.44, 26.64, 33.32, 41.86, 51.54, 54.28, 61.01, 60.55, 61.32, 62.7, 62.35, 62.65, 63.56, 65.44]], "msds": [[0, 0.0005921768606640399, 1.887948928924743e-05, 2.045977453235537e-06, 1.318747308687307e-06, 1.2986158708372386e-06, 1.4431841464102035e-06, 1.5848789871597546e-06, 1.7471068076702068e-06, 1.7550299844515393e-06, 1.8345050420975895e-06, 1.7971358374779811e-06, 1.7458941101722303e-06, 1.5834596069908002e-06, 1.5683338006056147e-06, 1.4567425523637212e-06, 1.4213602526069735e-06, 1.4677528952233843e-06, 1.505391082901042e-06, 1.5599416656186804e-06, 1.5608604826411465e-06], [0, 0.0005919062532484531, 1.8917115085059777e-05, 2.1807911707583116e-06, 1.451591288059717e-06, 1.527125959910336e-06, 1.78851701093663e-06, 2.068917865472031e-06, 2.212300159953884e-06, 2.19869616557844e-06, 2.1522323550016154e-06, 1.7695209635348874e-06, 1.6372705431422219e-06, 1.4707492255183752e-06, 1.412413666912471e-06, 1.3418500657280674e-06, 1.3386013506533345e-06, 1.2961385209564469e-06, 1.2995711813346134e-06, 1.3011097053095e-06, 1.3200817647884833e-06], [0, 0.0005929169128648937, 1.908186823129654e-05, 2.1338723854569253e-06, 1.3639139524457278e-06, 1.330337113358837e-06, 1.4717393241880927e-06, 1.6931625168581377e-06, 1.8197333702119067e-06, 1.9708058971446007e-06, 1.938107516252785e-06, 1.8888370050262893e-06, 1.7208742519869702e-06, 1.6033535530368681e-06, 1.526248297523125e-06, 1.4039396774023771e-06, 1.4046717069504666e-06, 1.3130186289345147e-06, 1.3200112789490959e-06, 1.3058247532171663e-06, 1.3039064015174517e-06], [0, 0.000591530988458544, 1.89146649063332e-05, 2.0959998892067233e-06, 1.3685455542145064e-06, 1.3320334346644813e-06, 1.5479287185371504e-06, 1.7334627955278847e-06, 1.873781343419978e-06, 1.9051918798140832e-06, 2.0133018097112654e-06, 1.920001977850916e-06, 1.7546436765769613e-06, 1.5499460914725205e-06, 1.469324843128561e-06, 1.4335192872749758e-06, 1.3957895816929522e-06, 1.3214247474024887e-06, 1.292666411245591e-06, 1.2831661706513842e-06, 1.2996863461012254e-06], [0, 0.0005921921110711992, 1.894325396278873e-05, 2.0984386992495274e-06, 1.3819302466799854e-06, 1.362849616270978e-06, 1.5316945791710168e-06, 1.7589752587809926e-06, 1.946579004652449e-06, 1.9535918909241445e-06, 2.0328980099293403e-06, 1.994736066990299e-06, 1.801981738935865e-06, 1.67475502621528e-06, 1.673604174357024e-06, 1.6144080063895672e-06, 1.6346905340469675e-06, 1.5664707007090328e-06, 1.5471828191948589e-06, 1.5326028233175748e-06, 1.5332158227465698e-06], [0, 0.000592274940572679, 1.8928927602246404e-05, 2.06083791454148e-06, 1.3114570265315706e-06, 1.281036134059832e-06, 1.4175385558701237e-06, 1.596309402884799e-06, 1.7078743894671788e-06, 1.737332468110253e-06, 1.8476822560842265e-06, 1.8476351897334098e-06, 1.7133536402980099e-06, 1.5916716620267835e-06, 1.5649004581064219e-06, 1.4977674709371058e-06, 1.530306008135085e-06, 1.5153742651818902e-06, 1.5060854821058456e-06, 1.4954338212191942e-06, 1.4843968756395043e-06], [0, 0.000591965566854924, 2.1140382159501314e-05, 2.151530452465522e-06, 1.3431894103632658e-06, 1.322145408266806e-06, 1.43924387430161e-06, 1.6684451793480548e-06, 1.9573192275856854e-06, 1.8749891523839324e-06, 2.105507519445382e-06, 1.9631852410384454e-06, 1.8575379954199889e-06, 1.6091221368697006e-06, 1.5524178706982639e-06, 1.329567339780624e-06, 1.2528073511930415e-06, 1.2117753840357182e-06, 1.2474548611862701e-06, 1.3002393188799033e-06, 1.3243835610410315e-06], [0, 0.0005922199343331158, 1.888518272608053e-05, 2.057454139503534e-06, 1.3253619499664637e-06, 1.3182541351852706e-06, 1.4800070857745595e-06, 1.7076630456358544e-06, 1.8945182773677516e-06, 1.971072833839571e-06, 1.898454115689674e-06, 1.772269911270996e-06, 1.6544897789572133e-06, 1.430331394658424e-06, 1.3363328434934374e-06, 1.293031118621002e-06, 1.2677144241024507e-06, 1.341193978987576e-06, 1.3845307194060297e-06, 1.4053871382202487e-06, 1.3825562064084806e-06], [0, 0.0005921755800954998, 1.9990469809272327e-05, 2.108762828356703e-06, 1.3362167692321236e-06, 1.3186964906708454e-06, 1.4733519719811738e-06, 1.6948835082075675e-06, 1.9013826886293828e-06, 2.0550367025862215e-06, 2.1080581973365042e-06, 2.0001907614641823e-06, 1.9199987946194597e-06, 1.6400688309659017e-06, 1.541861934128974e-06, 1.5848859220568556e-06, 1.3947765182820149e-06, 1.4516567716782447e-06, 1.3052516578682116e-06, 1.3621662446894334e-06, 1.3170969168641022e-06], [0, 0.0005924513679929078, 1.905338285723701e-05, 2.1530336198338773e-06, 1.3184989029468852e-06, 1.28100430174527e-06, 1.4082252164371312e-06, 1.6041235539887566e-06, 1.749285047480953e-06, 1.8254503402204136e-06, 1.8027633359452011e-06, 1.627203459975135e-06, 1.5511823221459053e-06, 1.4452543837251142e-06, 1.4241894632505137e-06, 1.4039496818440966e-06, 1.429475446457218e-06, 1.4541773225573706e-06, 1.432505996490363e-06, 1.4602301234845072e-06, 1.4176938520904514e-06]]}