{"alpha": 0.75, "beta": 0.5, "gamma": 1.0, "num_samples": 1000, "node_count": 10, "density": 0.0, "startup_delay": 0.0, "forward_prob": 0, "epochs": [[0, 1, 2, 3, 4, 5, 6, 7, 8, 9, 10, 11, 12, 13, 14, 15, 16, 17, 18, 19, 20], [0, 1, 2, 3, 4, 5, 6, 7, 8, 9, 10, 11, 12, 13, 14, 15, 16, 17, 18, 19, 20], [0, 1, 2, 3, 4, 5, 6, 7, 8, 9, 10, 11, 12, 13, 14, 15, 16, 17, 18, 19, 20], [0, 1, 2, 3, 4, 5, 6, 7, 8, 9, 10, 11, 12, 13, 14, 15, 16, 17, 18, 19, 20], [0, 1, 2, 3, 4, 5, 6, 7, 8, 9, 10, 11, 12, 13, 14, 15, 16, 17, 18, 19, 20], [0, 1, 2, 3, 4, 5, 6, 7, 8, 9, 10, 11, 12, 13, 14, 15, 16, 17, 18, 19, 20], [0, 1, 2, 3, 4, 5, 6, 7, 8, 9, 10, 11, 12, 13, 14, 15, 16, 17, 18, 19, 20], [0, 1, 2, 3, 4, 5, 6, 7, 8, 9, 10, 11, 12, 13, 14, 15, 16, 17, 18, 19, 20], [0, 1, 2, 3, 4, 5, 6, 7, 8, 9, 10, 11, 12, 13, 14, 15, 16, 17, 18, 19, 20], [0, 1, 2, 3, 4, 5, 6, 7, 8, 9, 10, 11, 12, 13, 14, 15, 16, 17, 18, 19, 20]], "accuracies": [[8.6, 15.87, 80.18, 76.0, 81.37, 84.13, 84.15, 84.62, 84.84, 84.11, 84.44, 83.89, 84.18, 84.93, 85.24, 84.78, 84.76, 84.88, 84.6, 84.69, 85.08], [8.07, 62.84, 71.5, 79.51, 81.21, 84.1, 84.44, 82.16, 84.75, 84.68, 84.03, 83.71, 84.38, 84.5, 85.42, 85.06, 84.46, 84.34, 85.27, 85.32, 85.41], [12.34, 22.32, 76.13, 76.5, 78.98, 82.28, 82.76, 83.78, 83.46, 84.28, 84.51, 84.19, 84.51, 84.62, 84.73, 85.43, 85.68, 84.75, 85.07, 85.21, 85.4], [14.68, 76.07, 77.07, 80.32, 81.99, 81.57, 82.77, 83.35, 83.73, 84.27, 84.74, 84.41, 84.65, 85.07, 85.0, 84.88, 84.7, 84.61, 85.13, 84.82, 84.15], [8.45, 72.9, 72.29, 82.09, 80.44, 83.07, 82.83, 83.72, 84.12, 84.38, 84.03, 83.83, 85.18, 85.08, 84.92, 85.31, 85.38, 84.98, 85.34, 85.24, 85.34], [7.5, 64.34, 73.36, 79.9, 80.06, 82.9, 82.93, 83.69, 83.93, 83.82, 83.81, 83.77, 84.23, 84.73, 84.92, 84.94, 84.62, 84.28, 85.27, 85.15, 85.16], [11.5, 24.23, 71.6, 73.01, 48.89, 75.65, 83.08, 82.63, 83.84, 84.05, 84.03, 84.6, 85.26, 84.83, 84.99, 85.68, 85.32, 85.48, 85.1, 85.25, 85.72], [6.06, 71.91, 77.91, 79.69, 75.66, 82.71, 79.24, 84.33, 83.18, 83.93, 84.52, 84.39, 84.73, 84.81, 84.54, 84.73, 85.35, 85.25, 85.41, 85.13, 85.69], [15.96, 69.16, 80.38, 80.12, 79.26, 81.62, 83.05, 83.0, 83.82, 84.06, 84.79, 84.33, 84.4, 84.98, 85.17, 84.87, 84.69, 84.62, 85.27, 84.81, 84.18], [13.52, 67.83, 65.77, 76.97, 79.71, 82.86, 82.81, 83.42, 84.29, 84.91, 84.91, 84.68, 85.16, 84.9, 85.08, 85.18, 85.14, 84.77, 85.01, 85.54, 84.91]], "msds": [[0, 0.0008765050442889333, 0.0006949402159079909, 0.0006551527185365558, 0.00035956641659140587, 0.00027459836564958096, 0.0001700663415249437, 0.00012221880024299026, 0.00015243439702317119, 0.0001278103154618293, 8.042757690418512e-05, 6.67704371153377e-05, 7.618948438903317e-05, 7.407779776258394e-05, 6.877457053633407e-05, 9.70188484643586e-05, 0.00010039066546596587, 0.00019647848966997117, 7.768919749651104e-05, 7.953454041853547e-05, 9.016657713800669e-05], [0, 0.0008814682951197028, 0.0006333735655061901, 0.0006551527185365558, 0.0004916451289318502, 0.0002815110783558339, 0.00017721529002301395, 0.00011418786743888631, 0.00014173542149364948, 9.191808203468099e-05, 0.0001762592000886798, 0.00014259229646995664, 0.0001535027549834922, 9.395166125614196e-05, 0.00013452681014314294, 6.96335409884341e-05, 0.0001697433617664501, 0.00015618601173628122, 0.00016386696370318532, 0.0001442168722860515, 0.00012559910828713328], [0, 0.0008369363495148718, 0.0006880472647026181, 0.0005976784159429371, 0.00062372419051826, 0.00028185301925987005, 0.00018021505093201995, 0.00011418786743888631, 7.650888437638059e-05, 7.471319258911535e-05, 6.616103200940415e-05, 0.0001784209453035146, 0.00017460387607570738, 0.00018117608851753175, 0.00016508167027495801, 0.00014472402108367532, 0.00010052167635876685, 0.00020119265536777675, 0.00019927018729504198, 0.0002005837159231305, 0.0001740029256325215], [0, 0.0008503711433149874, 0.000698416493833065, 0.0005158127751201391, 0.00031297889654524624, 0.00048467342276126146, 0.00025817338610067964, 0.00018860340060200542, 0.00016920028429012746, 0.00015672996232751757, 0.00016257962852250785, 0.0001330014201812446, 0.00014024146366864443, 9.116426372202113e-05, 6.008280979585834e-05, 8.122255530906841e-05, 4.733578680315986e-05, 4.0536513552069664e-05, 3.5622648283606395e-05, 7.838115561753511e-05, 0.00021611497504636645], [0, 0.0008433551411144435, 0.0006966786459088326, 0.00038913049502298236, 0.00048561912262812257, 0.00026890242588706315, 0.0001910245482577011, 0.00013656557712238282, 0.00014153811207506806, 0.0001278103154618293, 8.042757690418512e-05, 6.67704371153377e-05, 0.00010821543401107192, 5.977881664875895e-05, 6.008280979585834e-05, 8.122255530906841e-05, 7.386320794466883e-05, 4.916778198094107e-05, 9.980303002521396e-05, 7.953454041853547e-05, 0.00017381866928189993], [0, 0.0008858755463734269, 0.0005360256182029843, 0.0006486179772764444, 0.00042862241389229894, 0.0002680275356397033, 0.00016591709572821856, 0.00010855289292521775, 9.790695912670344e-05, 0.00010665770241757855, 0.0001391205150866881, 0.0001219175974256359, 0.00013873304123990238, 0.00011976225505350158, 6.631585711147636e-05, 4.682045982917771e-05, 0.000143279685289599, 0.00019647848966997117, 7.768919749651104e-05, 3.627993646659888e-05, 4.8810747102834284e-05], [0, 0.0008383846143260598, 0.00044845056254416704, 0.0007136086351238191, 0.0006297052023001015, 0.000694448419380933, 0.0002721402561292052, 0.00018921832088381052, 0.00015453636297024786, 0.00014523440040647984, 0.00015713315224274993, 0.00013874350406695157, 0.00020060907991137356, 0.00021044113964308053, 0.00019539007917046547, 0.00019186580902896821, 0.00010487587860552594, 0.0001433798752259463, 0.00021330916206352413, 0.00024215359007939696, 0.00019884972425643355], [0, 0.0008488189778290689, 0.00045891720219515264, 0.0002604008186608553, 0.0007123806281015277, 0.00034355721436440945, 0.0006912002572789788, 0.00031144931563176215, 0.00021854972874280065, 0.00018640223424881697, 0.00017585459863767028, 0.0001964262773981318, 0.00016808995860628784, 0.00021062573068775237, 0.00021163123892620206, 0.00020211476658005267, 0.00010487587860552594, 5.902082921238616e-05, 0.00011029329471057281, 0.00023278177832253277, 0.00023115539806894958], [0, 0.0008433551411144435, 0.0005123598966747522, 0.0003882379096467048, 0.0003042600874323398, 0.00039813382318243384, 0.0002314098965143785, 0.00019044469809159636, 0.0001599188253749162, 0.00016483303625136614, 0.00017163435404654592, 0.0001577317452756688, 0.00012477507698349655, 0.00014311120321508497, 0.00013248815957922488, 0.00013701016723643988, 0.0001478084595873952, 0.00012365065049380064, 0.00011863651889143512, 0.00018501827435102314, 0.00023802847135812044], [0, 0.0008775086025707424, 0.0006756564835086465, 0.0006385114975273609, 0.00030152982799336314, 0.00020898642833344638, 0.0003952447441406548, 0.00024825622676871717, 0.00020249478984624147, 0.00018803382408805192, 0.0001804386411095038, 0.00017658073920756578, 0.00015781715046614408, 0.00017105617735069245, 0.00014717728481628, 0.00015339937817770988, 0.0001401664485456422, 0.00013075310562271625, 0.0001450025592930615, 0.00011854087642859668, 0.0002031411713687703]]}