{"alpha": 0.75, "beta": 0.5, "gamma": 2.0, "num_samples": 25, "node_count": 10, "density": 1.0, "startup_delay": 2.0, "forward_prob": 0, "epochs": [[0, 1, 2, 3, 4, 5, 6, 7, 8, 9, 10, 11, 12, 13, 14, 15, 16, 17, 18, 19, 20], [0, 1, 2, 3, 4, 5, 6, 7, 8, 9, 10, 11, 12, 13, 14, 15, 16, 17, 18, 19, 20], [0, 1, 2, 3, 4, 5, 6, 7, 8, 9, 10, 11, 12, 13, 14, 15, 16, 17, 18, 19, 20], [0, 1, 2, 3, 4, 5, 6, 7, 8, 9, 10, 11, 12, 13, 14, 15, 16, 17, 18, 19, 20], [0, 1, 2, 3, 4, 5, 6, 7, 8, 9, 10, 11, 12, 13, 14, 15, 16, 17, 18, 19, 20], [0, 1, 2, 3, 4, 5, 6, 7, 8, 9, 10, 11, 12, 13, 14, 15, 16, 17, 18, 19, 20], [0, 1, 2, 3, 4, 5, 6, 7, 8, 9, 10, 11, 12, 13, 14, 15, 16, 17, 18, 19, 20], [0, 1, 2, 3, 4, 5, 6, 7, 8, 9, 10, 11, 12, 13, 14, 15, 16, 17, 18, 19, 20], [0, 1, 2, 3, 4, 5, 6, 7, 8, 9, 10, 11, 12, 13, 14, 15, 16, 17, 18, 19, 20], [0, 1, 2, 3, 4, 5, 6, 7, 8, 9, 10, 11, 12, 13, 14, 15, 16, 17, 18, 19, 20]], "accuracies": [[7.37, 10.0, 25.49, 35.44, 37.8, 41.98, 26.36, 37.26, 35.36, 43.44, 42.63, 42.06, 40.9, 47.76, 51.29, 46.45, 47.58, 41.03, 37.65, 35.03, 41.74], [9.4, 18.05, 19.41, 35.44, 37.8, 31.39, 38.43, 39.65, 29.25, 34.54, 36.5, 39.09, 44.44, 31.15, 49.42, 50.86, 58.41, 44.62, 47.04, 50.53, 55.89], [9.64, 10.0, 33.81, 28.71, 37.8, 41.98, 43.3, 33.75, 24.27, 43.06, 43.7, 39.34, 44.44, 43.91, 50.4, 27.9, 36.85, 37.88, 43.23, 37.1, 51.49], [10.12, 10.0, 35.44, 27.18, 41.98, 34.6, 37.93, 29.23, 35.22, 33.58, 39.34, 48.68, 48.97, 47.46, 44.93, 41.03, 35.37, 35.17, 52.33, 47.65, 45.79], [8.27, 10.03, 21.55, 41.19, 35.78, 38.55, 53.85, 39.18, 47.05, 47.72, 56.68, 50.24, 55.81, 50.74, 50.8, 59.64, 47.26, 51.24, 53.87, 59.5, 61.85], [8.49, 19.46, 22.04, 41.47, 23.45, 43.34, 24.32, 41.23, 35.7, 47.7, 43.31, 49.28, 46.77, 34.05, 41.03, 30.06, 28.92, 40.55, 32.11, 43.73, 29.01], [10.51, 19.38, 35.76, 39.77, 53.68, 43.13, 48.43, 51.22, 46.84, 50.13, 53.94, 48.62, 59.07, 61.72, 53.81, 52.49, 56.71, 62.28, 59.64, 48.45, 56.16], [14.58, 31.26, 37.6, 28.03, 42.16, 34.15, 38.14, 43.7, 28.66, 47.68, 29.99, 51.29, 38.02, 41.03, 35.37, 40.45, 48.77, 41.74, 47.58, 49.38, 58.28], [11.74, 24.42, 23.17, 46.58, 27.5, 45.27, 34.36, 37.11, 38.93, 35.34, 43.57, 53.06, 48.58, 37.13, 53.29, 43.02, 58.02, 62.09, 29.12, 58.28, 53.7], [6.24, 30.65, 33.4, 44.12, 44.25, 43.36, 46.44, 49.19, 53.48, 41.61, 60.47, 53.94, 61.14, 47.1, 56.12, 60.82, 55.2, 58.32, 41.11, 58.28, 22.47]], "msds": [[0, 0.0006587225943803787, 8.872225589584559e-05, 6.333554483717307e-05, 3.912562897312455e-05, 2.6804567824001424e-05, 2.93167195195565e-05, 2.320201565453317e-05, 2.775787106656935e-05, 2.6717963919509202e-05, 2.4562257749494165e-05, 3.1377239793073386e-05, 2.696844057936687e-05, 2.3673457690165378e-05, 2.7796255380962975e-05, 2.099372613884043e-05, 2.6693331165006384e-05, 1.9794515537796542e-05, 3.3987056667683646e-05, 4.48942810180597e-05, 4.450730557437055e-05], [0, 0.0006656170007772744, 8.119001722661778e-05, 5.3418625611811876e-05, 2.7914176826016046e-05, 1.9129865904687904e-05, 1.974706356122624e-05, 1.986009010579437e-05, 2.326484172954224e-05, 2.60271190200001e-05, 2.1833258870174177e-05, 1.750127375999e-05, 1.3290700735524297e-05, 9.821942512644455e-06, 2.1931937226327136e-05, 1.4036793800187297e-05, 1.316627640335355e-05, 1.5777784938109107e-05, 2.2432164769270457e-05, 2.3789272745489143e-05, 3.004841346410103e-05], [0, 0.0006607177201658487, 8.751299901632592e-05, 6.3441795646213e-05, 4.650057962862775e-05, 2.8045456929248758e-05, 2.4278613636852242e-05, 2.754025081230793e-05, 3.2427724363515154e-05, 2.3957170924404636e-05, 2.505232987459749e-05, 1.795333628251683e-05, 1.6749982023611665e-05, 1.6090891222120263e-05, 2.1327823560568504e-05, 1.882705146272201e-05, 1.4219552213035058e-05, 1.8199267287855037e-05, 2.550665885792114e-05, 3.735228528967127e-05, 3.359630500199273e-05], [0, 0.0004886385868303478, 7.449584518326446e-05, 4.1410956328036264e-05, 2.7711406801245175e-05, 1.8133459889213555e-05, 1.959562905540224e-05, 2.7140611564391293e-05, 3.387326069059782e-05, 1.7646483684075065e-05, 1.5680860087741166e-05, 1.5696063201176003e-05, 1.626365519769024e-05, 1.8103952243109234e-05, 1.4127259419183247e-05, 1.745014014886692e-05, 2.173304710595403e-05, 3.219189602532424e-05, 2.528403274482116e-05, 2.806046359182801e-05, 1.3606043467007112e-05], [0, 0.00047247004113160074, 7.623999408679083e-05, 3.665756230475381e-05, 3.263845792389475e-05, 2.5449160602875054e-05, 2.8370255677145906e-05, 3.130970071651973e-05, 2.6088151571457274e-05, 2.7621545086731203e-05, 2.35298321058508e-05, 2.143828896805644e-05, 2.6095409339177422e-05, 2.6512696422287263e-05, 2.5063613065867685e-05, 2.1461797587107867e-05, 2.4435052182525396e-05, 3.102629125351086e-05, 4.0313938370672986e-05, 3.7535603041760623e-05, 3.527987428242341e-05], [0, 0.0005219693412072957, 9.549607057124376e-05, 4.043604712933302e-05, 3.1792566005606204e-05, 2.3062617401592433e-05, 3.7989917473169044e-05, 2.8590706278919242e-05, 3.9393726183334365e-05, 1.7264736015931703e-05, 1.742159656714648e-05, 1.609053651918657e-05, 1.928262281580828e-05, 1.650217927817721e-05, 1.671797326707747e-05, 3.6827415897278115e-05, 4.433227513800375e-05, 5.828087159898132e-05, 3.465697591309436e-05, 2.185677658417262e-05, 4.2111245420528576e-05], [0, 0.0004874134319834411, 8.439784141955897e-05, 3.1262832635547966e-05, 2.680543730093632e-05, 2.833173311955761e-05, 2.4822247723932378e-05, 2.3144721126300283e-05, 2.204258089477662e-05, 1.8982480469276197e-05, 2.596496960904915e-05, 1.9835448256344534e-05, 2.201454117312096e-05, 1.9827426513074897e-05, 2.2701042325934395e-05, 2.5674697099020705e-05, 3.044279947062023e-05, 3.0800012609688565e-05, 2.7689557100529782e-05, 2.925206717918627e-05, 5.181245069252327e-05], [0, 0.0004588037554640323, 7.587763684568927e-05, 2.7771062377723865e-05, 3.222370287403464e-05, 2.2067797544877976e-05, 2.8085161829949357e-05, 1.4160336831992026e-05, 8.319108928844798e-06, 1.8846219973056577e-05, 8.124268788378686e-06, 1.835327930166386e-05, 1.7981708879233338e-05, 1.730471740302164e-05, 2.0249750377843156e-05, 2.9652846933458932e-05, 2.9882519811508246e-05, 4.36471491411794e-05, 2.0474653865676373e-05, 2.458422204654198e-05, 3.502648542053066e-05], [0, 0.00048683854402042925, 7.478256884496659e-05, 2.732586654019542e-05, 2.531056452426128e-05, 2.2801405066275038e-05, 2.4727682102820836e-05, 1.741655432851985e-05, 1.6549798601772636e-05, 1.8252510926686227e-05, 1.8318649381399155e-05, 1.9751456420635805e-05, 1.960743247764185e-05, 2.381948615948204e-05, 2.563614907558076e-05, 3.2749252568464726e-05, 2.9251586965983734e-05, 2.952144859591499e-05, 3.3851472835522145e-05, 4.002555215265602e-05, 4.12113695347216e-05], [0, 0.0004915784811601043, 8.176299161277711e-05, 3.455940532148816e-05, 2.4277702323161066e-05, 3.170696072629653e-05, 2.1960551748634316e-05, 1.934268766490277e-05, 1.6374890037695877e-05, 2.017275801335927e-05, 1.5770248865010217e-05, 1.6914817024371587e-05, 1.4715759789396543e-05, 1.769562004483305e-05, 2.160664735129103e-05, 2.6853249437408522e-05, 3.126903538941406e-05, 2.490661972842645e-05, 3.155130980303511e-05, 4.0167022234527394e-05, 4.12113695347216e-05]]}