{"alpha": 0.9, "beta": 0.5, "gamma": 5.0, "num_samples": 100, "node_count": 10, "density": 0.5, "startup_delay": 0.0, "forward_prob": 0, "epochs": [[0, 1, 2, 3, 4, 5, 6, 7, 8, 9, 10, 11, 12, 13, 14, 15, 16, 17, 18, 19, 20], [0, 1, 2, 3, 4, 5, 6, 7, 8, 9, 10, 11, 12, 13, 14, 15, 16, 17, 18, 19, 20], [0, 1, 2, 3, 4, 5, 6, 7, 8, 9, 10, 11, 12, 13, 14, 15, 16, 17, 18, 19, 20], [0, 1, 2, 3, 4, 5, 6, 7, 8, 9, 10, 11, 12, 13, 14, 15, 16, 17, 18, 19, 20], [0, 1, 2, 3, 4, 5, 6, 7, 8, 9, 10, 11, 12, 13, 14, 15, 16, 17, 18, 19, 20], [0, 1, 2, 3, 4, 5, 6, 7, 8, 9, 10, 11, 12, 13, 14, 15, 16, 17, 18, 19, 20], [0, 1, 2, 3, 4, 5, 6, 7, 8, 9, 10, 11, 12, 13, 14, 15, 16, 17, 18, 19, 20], [0, 1, 2, 3, 4, 5, 6, 7, 8, 9, 10, 11, 12, 13, 14, 15, 16, 17, 18, 19, 20], [0, 1, 2, 3, 4, 5, 6, 7, 8, 9, 10, 11, 12, 13, 14, 15, 16, 17, 18, 19, 20], [0, 1, 2, 3, 4, 5, 6, 7, 8, 9, 10, 11, 12, 13, 14, 15, 16, 17, 18, 19, 20]], "accuracies": [[6.11, 10.0, 62.53, 67.75, 72.25, 72.64, 73.91, 74.12, 74.93, 76.74, 76.48, 78.08, 78.17, 77.0, 78.73, 79.24, 77.75, 78.81, 76.38, 78.51, 77.97], [4.56, 30.94, 60.37, 66.52, 72.1, 74.23, 74.92, 75.89, 76.77, 78.73, 77.51, 78.32, 79.14, 79.49, 79.37, 77.52, 77.96, 78.54, 79.53, 79.55, 79.01], [8.05, 21.62, 57.06, 66.68, 72.28, 74.26, 74.69, 75.97, 77.83, 78.29, 78.75, 77.61, 78.31, 78.89, 79.61, 78.95, 77.87, 79.28, 79.22, 79.92, 77.4], [12.91, 10.0, 58.62, 71.23, 73.51, 73.99, 74.7, 75.61, 76.63, 76.85, 78.89, 77.51, 78.27, 78.53, 78.01, 78.84, 78.07, 78.31, 79.3, 78.75, 79.03], [12.1, 10.01, 58.61, 69.43, 72.42, 74.27, 75.22, 75.76, 75.87, 76.8, 77.55, 79.14, 78.35, 76.89, 77.69, 78.95, 78.17, 78.53, 79.13, 78.65, 79.46], [6.88, 30.84, 59.34, 67.99, 71.57, 73.76, 74.47, 75.48, 77.16, 78.95, 76.66, 78.53, 78.4, 77.2, 78.92, 78.52, 78.55, 78.82, 78.66, 77.5, 78.82], [11.17, 15.91, 60.3, 70.12, 73.64, 74.21, 75.63, 77.02, 78.31, 77.92, 78.29, 79.26, 79.33, 78.48, 78.51, 77.87, 79.71, 79.37, 79.25, 78.96, 77.57], [9.58, 15.15, 66.26, 72.8, 73.57, 74.83, 76.75, 77.63, 78.48, 78.83, 79.21, 78.26, 78.8, 79.68, 78.7, 78.65, 79.89, 78.64, 78.81, 78.7, 79.06], [6.89, 21.1, 67.22, 73.85, 74.19, 75.69, 78.01, 78.32, 78.35, 78.64, 79.28, 78.76, 79.38, 79.3, 78.94, 79.41, 78.8, 77.68, 78.67, 78.88, 78.31], [7.47, 63.73, 73.18, 74.84, 75.71, 77.14, 77.53, 77.48, 78.03, 77.94, 79.23, 78.81, 78.41, 78.76, 77.55, 79.25, 77.74, 78.28, 78.15, 75.79, 78.23]], "msds": [[0, 0.000740419200155884, 0.0001262789301108569, 5.325050005922094e-05, 4.360647653811611e-05, 3.5806293453788385e-05, 3.0906478059478104e-05, 3.122496491414495e-05, 2.7399380996939726e-05, 3.318984090583399e-05, 2.5035680664586835e-05, 2.2565072868019342e-05, 1.8500833903090097e-05, 2.3608577976119705e-05, 4.082105078850873e-05, 4.2256662709405646e-05, 1.2087932191207074e-05, 1.1715947039192542e-05, 2.876990765798837e-05, 1.6470670743728988e-05, 1.8972470570588484e-05], [0, 0.0006711935275234282, 0.00014466831635218114, 6.0584323364309967e-05, 3.683337490656413e-05, 3.1734085496282205e-05, 2.5681898478069343e-05, 3.3004711440298706e-05, 2.3467127903131768e-05, 2.3257580323843285e-05, 2.1025021851528436e-05, 2.1657269826391712e-05, 2.8063948775525205e-05, 1.425580103386892e-05, 1.6661972040310502e-05, 1.8019554772763513e-05, 2.299458355992101e-05, 2.3295870050787926e-05, 1.4911671314621344e-05, 9.954687811841723e-06, 1.1943016943405382e-05], [0, 0.0006769821629859507, 0.00014468315930571407, 6.459435826400295e-05, 3.456333070062101e-05, 3.0082737794145942e-05, 2.8486405426519923e-05, 2.808186945912894e-05, 2.4078524802462198e-05, 2.3526063159806654e-05, 1.94523800018942e-05, 2.0742254491779022e-05, 3.1848307116888463e-05, 2.2980366338742897e-05, 1.2991828043595888e-05, 2.6691095627029426e-05, 2.085179767163936e-05, 2.1933305106358603e-05, 1.195920594909694e-05, 6.55445955999312e-06, 1.678705848462414e-05], [0, 0.0007457489264197648, 0.00016312554362230003, 5.048479943070561e-05, 3.589746484067291e-05, 2.92708573397249e-05, 2.6914256523014046e-05, 3.0168086595949717e-05, 2.832479185599368e-05, 2.5070821720873937e-05, 1.9400418750592507e-05, 2.0600256902980618e-05, 2.3382317522191443e-05, 1.1800721040344797e-05, 1.279324533243198e-05, 4.25659200118389e-05, 1.8825914594344795e-05, 2.4593524358351715e-05, 1.4991725947766099e-05, 8.614676517026965e-06, 1.4712050870002713e-05], [0, 0.000742858275771141, 0.00017476867651566863, 6.407873297575861e-05, 3.69164627045393e-05, 3.46426859323401e-05, 3.327527883811854e-05, 3.050499981327448e-05, 3.2379160984419286e-05, 2.414835398667492e-05, 2.5739545890246518e-05, 2.5089935661526397e-05, 1.2166432497906499e-05, 2.976717041747179e-05, 2.762541589618195e-05, 1.637950845179148e-05, 2.0763030988746323e-05, 1.3605750609713141e-05, 7.972127605171409e-06, 1.0272518011333887e-05, 5.790648629044881e-06], [0, 0.0006629150011576712, 0.00013686185411643237, 5.8885278122033924e-05, 3.5639412089949474e-05, 2.99294351862045e-05, 2.8483817004598677e-05, 3.0461596907116473e-05, 2.3610866264789365e-05, 1.8769756934489124e-05, 2.1347101210267283e-05, 3.881755765178241e-05, 1.13913565655821e-05, 2.3883787434897386e-05, 1.6451283954665996e-05, 4.0477771108271554e-05, 2.9188197004259564e-05, 5.956558197794948e-06, 6.490068699349649e-06, 2.105630119331181e-05, 4.326196631154744e-06], [0, 0.0007365097408182919, 0.0001818160671973601, 5.9763107856269926e-05, 3.5395583836361766e-05, 3.384758747415617e-05, 2.992517147504259e-05, 3.0371618777280673e-05, 2.5080891646211967e-05, 2.4852999558788724e-05, 3.24639659083914e-05, 1.5840527339605615e-05, 1.0808690603880677e-05, 4.1416409658268094e-05, 2.1127645595697686e-05, 2.913408025051467e-05, 9.14205884328112e-06, 6.517946530948393e-06, 1.580473872309085e-05, 4.2376286728540435e-06, 4.355190412752563e-06], [0, 0.0006729146698489785, 9.770104952622205e-05, 4.279411587049253e-05, 3.457628918113187e-05, 2.970845889649354e-05, 3.151932105538435e-05, 2.605974987091031e-05, 2.4160710381693207e-05, 2.569658317952417e-05, 2.098422555718571e-05, 2.7564228730625473e-05, 2.1755839043180458e-05, 9.894049981085118e-06, 4.726014958578162e-05, 1.3998461326991674e-05, 1.1358839401509613e-05, 5.633452019537799e-06, 6.6739157773554325e-06, 3.3079822969739325e-06, 1.4696391872348613e-06], [0, 0.0006731294561177492, 9.77905438048765e-05, 4.500562499742955e-05, 3.1582439987687394e-05, 3.323169948998839e-05, 3.0254897865233943e-05, 2.656507058418356e-05, 2.3722108380752616e-05, 2.140353353752289e-05, 1.9680541299749166e-05, 2.367904016864486e-05, 1.0637337254593149e-05, 1.4248489605961367e-05, 1.465898549213307e-05, 1.967694151971955e-05, 4.870934390055481e-06, 9.390521881869063e-06, 3.8082298488006927e-06, 2.0514812604233157e-06, 5.908092589379521e-06], [0, 0.00038226175820454955, 6.888808275107294e-05, 3.419389031478204e-05, 3.288236621301621e-05, 2.8607775675482117e-05, 2.906136796809733e-05, 2.6443340175319463e-05, 2.4432558348053135e-05, 1.86437537195161e-05, 1.9787192286457866e-05, 3.122569978586398e-05, 2.690721521503292e-05, 9.490002412348986e-06, 3.524828571244143e-05, 1.2679693099926226e-05, 5.61600063520018e-06, 5.503633474290837e-06, 2.3445616079698084e-06, 1.0668101140254294e-06, 0]]}