{"alpha": 0.75, "beta": 0.5, "gamma": 8.0, "num_samples": 25, "node_count": 10, "density": 1.0, "startup_delay": 0.0, "forward_prob": 0, "epochs": [[0, 1, 2, 3, 4, 5, 6, 7, 8, 9, 10, 11, 12, 13, 14, 15, 16, 17, 18, 19, 20], [0, 1, 2, 3, 4, 5, 6, 7, 8, 9, 10, 11, 12, 13, 14, 15, 16, 17, 18, 19, 20], [0, 1, 2, 3, 4, 5, 6, 7, 8, 9, 10, 11, 12, 13, 14, 15, 16, 17, 18, 19, 20], [0, 1, 2, 3, 4, 5, 6, 7, 8, 9, 10, 11, 12, 13, 14, 15, 16, 17, 18, 19, 20], [0, 1, 2, 3, 4, 5, 6, 7, 8, 9, 10, 11, 12, 13, 14, 15, 16, 17, 18, 19, 20], [0, 1, 2, 3, 4, 5, 6, 7, 8, 9, 10, 11, 12, 13, 14, 15, 16, 17, 18, 19, 20], [0, 1, 2, 3, 4, 5, 6, 7, 8, 9, 10, 11, 12, 13, 14, 15, 16, 17, 18, 19, 20], [0, 1, 2, 3, 4, 5, 6, 7, 8, 9, 10, 11, 12, 13, 14, 15, 16, 17, 18, 19, 20], [0, 1, 2, 3, 4, 5, 6, 7, 8, 9, 10, 11, 12, 13, 14, 15, 16, 17, 18, 19, 20], [0, 1, 2, 3, 4, 5, 6, 7, 8, 9, 10, 11, 12, 13, 14, 15, 16, 17, 18, 19, 20]], "accuracies": [[12.51, 30.31, 49.58, 60.31, 64.22, 65.48, 66.26, 66.89, 67.79, 68.93, 69.1, 70.91, 68.76, 69.79, 70.81, 71.06, 70.8, 70.77, 71.61, 69.09, 70.96], [10.26, 10.11, 39.53, 60.96, 64.43, 68.14, 67.04, 68.23, 69.56, 69.59, 71.13, 70.77, 70.93, 71.25, 71.13, 70.94, 71.62, 70.76, 70.87, 70.92, 69.22], [3.86, 20.25, 49.5, 64.05, 64.39, 68.16, 68.04, 68.54, 69.22, 69.74, 70.97, 71.36, 69.94, 71.49, 71.56, 71.4, 71.11, 72.32, 71.89, 70.61, 71.25], [10.51, 16.09, 52.21, 63.46, 65.87, 68.14, 67.39, 67.68, 68.79, 68.77, 70.74, 70.06, 69.8, 70.08, 69.91, 70.46, 71.19, 69.16, 70.59, 70.58, 69.85], [4.18, 10.0, 50.43, 64.18, 66.22, 69.25, 68.81, 69.07, 69.56, 69.76, 71.11, 70.86, 71.36, 71.55, 71.87, 70.99, 71.5, 71.22, 72.1, 70.37, 71.5], [12.45, 18.32, 49.16, 62.1, 66.04, 68.72, 68.32, 68.36, 69.3, 68.7, 70.35, 69.44, 69.87, 70.42, 70.86, 70.37, 70.64, 69.89, 71.07, 69.57, 69.06], [9.94, 27.51, 49.95, 62.46, 67.16, 68.22, 68.19, 68.29, 69.59, 69.94, 71.13, 71.37, 71.09, 71.05, 71.85, 71.86, 71.56, 71.32, 71.67, 71.0, 71.27], [3.29, 10.0, 52.81, 64.69, 64.99, 68.31, 67.81, 68.07, 69.38, 70.14, 70.88, 71.57, 70.58, 71.29, 71.74, 71.69, 71.2, 71.2, 71.39, 70.84, 71.12], [11.63, 29.15, 46.02, 57.95, 64.05, 68.1, 69.25, 68.75, 69.95, 70.65, 71.04, 71.39, 71.4, 70.99, 71.6, 70.97, 71.31, 71.11, 70.87, 71.05, 70.63], [11.73, 16.0, 46.11, 63.86, 66.63, 68.86, 68.29, 69.18, 70.44, 69.78, 71.22, 71.27, 71.66, 71.67, 71.68, 71.52, 72.28, 71.87, 71.9, 71.27, 71.49]], "msds": [[0, 0.0006759516545571387, 9.299633529735729e-05, 3.887633283738978e-05, 2.4475060854456387e-05, 1.7400883734808303e-05, 1.5430088751600124e-05, 1.2178174984001089e-05, 1.2273623724468052e-05, 1.0135143384104595e-05, 8.061297194217332e-06, 9.180171218758915e-06, 9.264213076676242e-06, 8.472525223623961e-06, 5.475006673805183e-06, 5.249669811746571e-06, 6.677768396912143e-06, 7.001994617894525e-06, 7.346127858909313e-06, 8.353747944056522e-06, 6.186166501720436e-06], [0, 0.0006799626862630248, 8.917213563108817e-05, 3.6332272429717705e-05, 2.4214030418079346e-05, 1.785363201634027e-05, 1.5171768609434366e-05, 1.4035535059520043e-05, 1.1332057511026505e-05, 9.126151780947112e-06, 7.851072041376028e-06, 1.0197188203164842e-05, 1.0393314369139262e-05, 9.231833246303722e-06, 4.653967152989935e-06, 3.6958531381969806e-06, 4.420252935233293e-06, 5.934126875217771e-06, 8.436205462203361e-06, 8.613011232228018e-06, 7.217284291982651e-06], [0, 0.0006759671377949417, 9.026417683344334e-05, 3.988796379417181e-05, 2.583724017313216e-05, 1.9583720131777227e-05, 1.5930336303426884e-05, 1.2425820386852138e-05, 1.218993293150561e-05, 1.0377968465036247e-05, 9.794903235160746e-06, 1.045755016093608e-05, 1.2167819477326702e-05, 8.17789350548992e-06, 7.212629043351626e-06, 7.3138858169841114e-06, 6.2036997405812144e-06, 4.619064839062048e-06, 8.514300134265795e-06, 7.518691745644901e-06, 5.328115094016539e-06], [0, 0.000685730017721653, 9.674992179498076e-05, 3.891410233336501e-05, 2.3751872504362836e-05, 1.6867170415935107e-05, 1.4439678125199862e-05, 1.101443649531575e-05, 1.1573819392651785e-05, 8.881344911060296e-06, 1.0708695299399551e-05, 7.753457794024143e-06, 1.0299310815753415e-05, 7.295278464880539e-06, 5.391684226196958e-06, 3.881123120663688e-06, 3.3121989417850273e-06, 1.0412088158773258e-05, 7.795094461471308e-06, 6.02012914896477e-06, 4.905894911644282e-06], [0, 0.0006721490644849837, 9.862723527476192e-05, 4.1207658796338364e-05, 2.8207756258780137e-05, 2.1941694285487756e-05, 1.8312541214982048e-05, 1.6867503290995955e-05, 1.398948734276928e-05, 1.1928073945455253e-05, 9.206311915477272e-06, 1.1237545550102368e-05, 1.0060954082291573e-05, 8.040145075938199e-06, 5.447778676170856e-06, 6.929335540917236e-06, 5.8281489145883825e-06, 8.788558261585422e-06, 7.017134521447588e-06, 6.605367161682807e-06, 3.897132046404295e-06], [0, 0.0006862191366963089, 9.940534800989553e-05, 3.8775633584009483e-05, 2.3987908207345754e-05, 1.6300804418278858e-05, 1.2704245818895288e-05, 1.0624614333210047e-05, 1.084106679627439e-05, 9.375622539664619e-06, 6.651657713518944e-06, 1.4427297173824627e-05, 7.90854301158106e-06, 6.223232503543841e-06, 4.081081897311378e-06, 3.768067017517751e-06, 4.020753294753376e-06, 4.521862592810066e-06, 4.478248683881247e-06, 7.819776328688022e-06, 7.961349183460698e-06], [0, 0.000681075151078403, 9.940044401446357e-05, 4.3897482100874186e-05, 3.1828840292291716e-05, 2.3071908799465746e-05, 1.8869164705392905e-05, 1.580792013555765e-05, 1.3781666893919464e-05, 1.0339724212826695e-05, 9.919375770550687e-06, 7.523831754951971e-06, 9.075406524061691e-06, 1.2712325769825839e-05, 4.703385002358118e-06, 3.1569513794238446e-06, 5.776711077487562e-06, 4.553960025077686e-06, 4.168791747360956e-06, 1.1203102076251525e-05, 5.970724032522412e-06], [0, 0.000680054712574929, 9.35510906856507e-05, 3.980340625275858e-05, 2.5408819055883214e-05, 1.8740767700364813e-05, 1.7059997844626196e-05, 1.3883196515962481e-05, 1.3332221897144336e-05, 9.873569979390595e-06, 9.789008799998555e-06, 1.4104685760685243e-05, 8.61360695125768e-06, 1.0873781320697162e-05, 6.527140158141265e-06, 4.403465936775319e-06, 4.481981704884674e-06, 4.846880528930342e-06, 7.295231171156047e-06, 6.7951605160487816e-06, 3.786819434026256e-06], [0, 0.0006748691666871309, 9.104783384827897e-05, 3.788079629885033e-05, 2.239183959318325e-05, 1.704646274447441e-05, 1.477085334045114e-05, 1.1804128007497638e-05, 1.1691879990394227e-05, 9.979942660720553e-06, 7.615682989126071e-06, 7.609816748299636e-06, 9.4758515842841e-06, 7.780315172567498e-06, 4.34853018305148e-06, 3.3437761430832325e-06, 5.141168003319763e-06, 5.04879744767095e-06, 6.992358976276591e-06, 7.965219992911443e-06, 5.59512682229979e-06], [0, 0.000677534262649715, 9.819648403208703e-05, 3.758449020097032e-05, 2.0852286979788914e-05, 1.49062107084319e-05, 1.4165289940137882e-05, 1.1278363672317937e-05, 1.072461782314349e-05, 9.704062904347666e-06, 6.535035936394706e-06, 8.379035534744617e-06, 8.05399122327799e-06, 7.71590021031443e-06, 4.8227229854092e-06, 5.857645646756282e-06, 4.363055722933495e-06, 6.2080894167593215e-06, 5.807840807392495e-06, 7.343391644099029e-06, 4.058783815708011e-06]]}