{"alpha": 0.75, "beta": 0.5, "gamma": 2.0, "num_samples": 100, "node_count": 10, "density": 1.0, "startup_delay": 2.0, "forward_prob": 0, "epochs": [[0, 1, 2, 3, 4, 5, 6, 7, 8, 9, 10, 11, 12, 13, 14, 15, 16, 17, 18, 19, 20], [0, 1, 2, 3, 4, 5, 6, 7, 8, 9, 10, 11, 12, 13, 14, 15, 16, 17, 18, 19, 20], [0, 1, 2, 3, 4, 5, 6, 7, 8, 9, 10, 11, 12, 13, 14, 15, 16, 17, 18, 19, 20], [0, 1, 2, 3, 4, 5, 6, 7, 8, 9, 10, 11, 12, 13, 14, 15, 16, 17, 18, 19, 20], [0, 1, 2, 3, 4, 5, 6, 7, 8, 9, 10, 11, 12, 13, 14, 15, 16, 17, 18, 19, 20], [0, 1, 2, 3, 4, 5, 6, 7, 8, 9, 10, 11, 12, 13, 14, 15, 16, 17, 18, 19, 20], [0, 1, 2, 3, 4, 5, 6, 7, 8, 9, 10, 11, 12, 13, 14, 15, 16, 17, 18, 19, 20], [0, 1, 2, 3, 4, 5, 6, 7, 8, 9, 10, 11, 12, 13, 14, 15, 16, 17, 18, 19, 20], [0, 1, 2, 3, 4, 5, 6, 7, 8, 9, 10, 11, 12, 13, 14, 15, 16, 17, 18, 19, 20], [0, 1, 2, 3, 4, 5, 6, 7, 8, 9, 10, 11, 12, 13, 14, 15, 16, 17, 18, 19, 20]], "accuracies": [[11.61, 20.02, 38.42, 28.77, 30.36, 47.4, 39.37, 52.25, 29.07, 50.59, 29.49, 41.09, 41.76, 43.67, 49.26, 37.53, 38.37, 35.02, 44.08, 64.54, 53.48], [5.15, 10.0, 37.13, 28.77, 44.88, 47.4, 46.03, 39.95, 25.08, 50.59, 29.49, 47.86, 49.57, 44.72, 58.02, 40.2, 38.43, 36.61, 44.08, 52.44, 63.97], [10.62, 10.01, 30.58, 28.37, 35.28, 39.57, 40.95, 44.31, 37.84, 44.67, 67.3, 42.08, 61.85, 49.3, 62.62, 47.22, 63.16, 55.45, 71.56, 67.4, 69.94], [18.41, 30.06, 28.77, 35.25, 36.18, 40.95, 46.05, 28.38, 50.59, 46.55, 50.61, 49.19, 38.33, 59.84, 41.16, 56.09, 53.99, 50.73, 60.9, 58.68, 40.3], [7.15, 34.26, 28.01, 38.63, 36.73, 44.64, 26.98, 41.04, 29.49, 47.07, 50.97, 45.69, 49.26, 36.97, 36.71, 59.0, 60.4, 56.56, 54.74, 54.14, 56.51], [10.06, 17.73, 28.34, 40.36, 44.77, 43.08, 37.74, 53.74, 55.52, 56.51, 54.12, 54.06, 52.26, 46.94, 49.27, 55.02, 51.63, 48.08, 53.48, 54.14, 72.7], [7.49, 19.22, 35.27, 59.37, 40.53, 49.9, 48.57, 46.32, 38.41, 60.51, 34.98, 50.09, 45.87, 53.04, 55.68, 44.08, 46.36, 58.04, 54.14, 61.34, 58.02], [9.7, 10.81, 43.25, 44.15, 50.56, 42.24, 55.11, 45.67, 60.69, 47.02, 60.31, 57.29, 58.17, 59.03, 62.77, 67.75, 67.03, 69.42, 65.13, 61.88, 73.04], [6.39, 27.74, 26.87, 49.23, 30.15, 39.62, 35.42, 45.77, 39.26, 56.98, 41.44, 52.59, 40.7, 60.73, 51.56, 55.48, 60.96, 50.74, 72.65, 52.58, 48.76], [10.6, 38.59, 51.69, 57.67, 53.78, 50.8, 59.14, 52.23, 55.16, 54.67, 57.08, 51.51, 66.62, 54.22, 62.68, 63.53, 61.09, 59.89, 56.64, 55.38, 30.31]], "msds": [[0, 0.0006733122863806784, 0.00010289454803569242, 8.352036093128845e-05, 6.379311525961384e-05, 4.239389454596676e-05, 4.207099846098572e-05, 2.9819169867550954e-05, 6.292936450336128e-05, 4.812192855752073e-05, 3.464466135483235e-05, 3.119695247733034e-05, 4.0563070797361434e-05, 2.453294837323483e-05, 3.418339474592358e-05, 2.8180722438264638e-05, 4.4667485781246796e-05, 3.1964627851266414e-05, 3.7486377550521865e-05, 2.9138318495824933e-05, 2.253061393275857e-05], [0, 0.0006747025181539357, 0.00010412111441837624, 8.18851767689921e-05, 6.450053479056805e-05, 4.617426384356804e-05, 4.550338417175226e-05, 4.5232431148178875e-05, 8.021669054869562e-05, 6.164543447084725e-05, 3.35835648002103e-05, 4.874162550549954e-05, 3.0145109121804126e-05, 2.9067192372167483e-05, 3.304852361907251e-05, 2.7533869797480293e-05, 3.7396890547825024e-05, 3.831938010989688e-05, 3.975629442720674e-05, 2.959478115371894e-05, 2.1319026927812956e-05], [0, 0.0006737284129485488, 0.00010448423563502729, 7.661626295885071e-05, 6.251122977118939e-05, 4.6562327042920515e-05, 3.7931735278107226e-05, 3.222688610549085e-05, 3.1549363484373316e-05, 4.269292548997328e-05, 3.44030158885289e-05, 3.480277518974617e-05, 3.531094625941478e-05, 2.7757709176512435e-05, 2.538689113862347e-05, 3.094687781413086e-05, 3.0421950214076787e-05, 3.167293834849261e-05, 3.051287967537064e-05, 1.9779672584263608e-05, 2.2640526367467828e-05], [0, 0.0004985540290363133, 9.560050239088014e-05, 6.228283018572256e-05, 4.027524119010195e-05, 3.1807863706490025e-05, 3.502824256429449e-05, 3.96101750084199e-05, 6.824153388151899e-05, 3.523966370266862e-05, 4.4711592636303976e-05, 2.3646984118386172e-05, 3.157955143251456e-05, 2.0586223399732262e-05, 3.210028444300406e-05, 2.2471616830443963e-05, 3.472597018117085e-05, 3.2628180633764714e-05, 2.7427631721366197e-05, 2.198941001552157e-05, 4.8890415200730786e-05], [0, 0.0005069635808467865, 8.95261182449758e-05, 4.6025241317693144e-05, 4.5218323066364974e-05, 3.6550514778355137e-05, 6.14727396168746e-05, 4.09366657549981e-05, 3.248876237194054e-05, 3.206969267921522e-05, 2.715957998589147e-05, 2.6092226107721217e-05, 3.0294897442217916e-05, 2.9980910767335445e-05, 3.2434127206215635e-05, 3.158678373438306e-05, 3.607548933359794e-05, 1.925716242112685e-05, 2.992654117406346e-05, 4.0919763705460355e-05, 5.002880425308831e-05], [0, 0.0005378325004130602, 0.00011891827307408676, 5.0982336688321084e-05, 4.997926589567214e-05, 4.514859028859064e-05, 5.273888018564321e-05, 4.0251667087432e-05, 3.662112794700079e-05, 3.830093191936612e-05, 3.446284608799033e-05, 3.305702921352349e-05, 4.703702506958507e-05, 3.1969979318091646e-05, 5.1999119023093954e-05, 3.511001341394149e-05, 3.397508407942951e-05, 3.0168243029038422e-05, 2.9157848985050805e-05, 7.714011735515669e-05, 3.3198841265402734e-05], [0, 0.000529582379385829, 0.00010372965334681794, 5.198526196181774e-05, 2.7430400223238394e-05, 3.3920849091373384e-05, 4.160247044637799e-05, 2.971296271425672e-05, 3.296128852525726e-05, 2.2111928046797402e-05, 2.5170444132527336e-05, 4.748695209855214e-05, 4.886654642177746e-05, 2.6581752536003478e-05, 2.3129752662498504e-05, 2.1984595150570385e-05, 1.8874376110034063e-05, 2.7016170861315913e-05, 3.239614306949079e-05, 3.408600969123654e-05, 2.176970156142488e-05], [0, 0.0005222174804657698, 9.526936628390104e-05, 4.534206527750939e-05, 3.198765989509411e-05, 3.473700417089276e-05, 4.096944394405e-05, 3.265839768573642e-05, 3.786749221035279e-05, 3.686499621835537e-05, 2.6722947950474918e-05, 3.2498748623766005e-05, 3.3346484997309744e-05, 3.48943576682359e-05, 3.742982880794443e-05, 3.945586286135949e-05, 2.388283610343933e-05, 3.531966285663657e-05, 3.3092252124333754e-05, 3.654003739939071e-05, 3.5251268855063245e-05], [0, 0.000521365087479353, 8.995716052595526e-05, 3.688180731842294e-05, 4.104349864064716e-05, 3.887811544700526e-05, 4.1230876377085224e-05, 3.501622995827347e-05, 3.426195326028392e-05, 2.9247083148220554e-05, 3.48174107784871e-05, 3.0216418963391334e-05, 4.7148372686933726e-05, 3.0393917768378742e-05, 4.1090723243542016e-05, 2.9881784939789213e-05, 2.8965190722374246e-05, 3.8118960219435394e-05, 3.997395106125623e-05, 3.084912896156311e-05, 4.086291664862074e-05], [0, 0.0005062103155069053, 9.614002192392945e-05, 4.1789688111748546e-05, 3.754245335585438e-05, 4.218009053147398e-05, 3.339413888170384e-05, 4.838551831198856e-05, 2.974103881570045e-05, 3.450961230555549e-05, 2.5276931410189718e-05, 3.963049312005751e-05, 2.9965660360176116e-05, 4.6591434511356056e-05, 3.3288291888311505e-05, 2.423109435767401e-05, 2.3600190615979955e-05, 3.254851617384702e-05, 2.8411022867658176e-05, 2.213951484009158e-05, 4.086291664862074e-05]]}