{"alpha": 0.9, "beta": 0.5, "gamma": 5.0, "num_samples": 1000, "node_count": 10, "density": 0.5, "startup_delay": 0.0, "forward_prob": 0, "epochs": [[0, 1, 2, 3, 4, 5, 6, 7, 8, 9, 10, 11, 12, 13, 14, 15, 16, 17, 18, 19, 20], [0, 1, 2, 3, 4, 5, 6, 7, 8, 9, 10, 11, 12, 13, 14, 15, 16, 17, 18, 19, 20], [0, 1, 2, 3, 4, 5, 6, 7, 8, 9, 10, 11, 12, 13, 14, 15, 16, 17, 18, 19, 20], [0, 1, 2, 3, 4, 5, 6, 7, 8, 9, 10, 11, 12, 13, 14, 15, 16, 17, 18, 19, 20], [0, 1, 2, 3, 4, 5, 6, 7, 8, 9, 10, 11, 12, 13, 14, 15, 16, 17, 18, 19, 20], [0, 1, 2, 3, 4, 5, 6, 7, 8, 9, 10, 11, 12, 13, 14, 15, 16, 17, 18, 19, 20], [0, 1, 2, 3, 4, 5, 6, 7, 8, 9, 10, 11, 12, 13, 14, 15, 16, 17, 18, 19, 20], [0, 1, 2, 3, 4, 5, 6, 7, 8, 9, 10, 11, 12, 13, 14, 15, 16, 17, 18, 19, 20], [0, 1, 2, 3, 4, 5, 6, 7, 8, 9, 10, 11, 12, 13, 14, 15, 16, 17, 18, 19, 20], [0, 1, 2, 3, 4, 5, 6, 7, 8, 9, 10, 11, 12, 13, 14, 15, 16, 17, 18, 19, 20]], "accuracies": [[10.37, 17.85, 55.76, 78.45, 80.67, 83.42, 84.51, 84.93, 85.66, 85.88, 85.77, 86.43, 85.93, 86.29, 86.44, 86.19, 86.17, 86.3, 86.24, 86.31, 86.26], [12.04, 17.24, 57.98, 77.95, 80.93, 83.97, 84.63, 84.79, 85.14, 85.6, 85.68, 86.2, 86.06, 86.18, 86.22, 86.07, 86.21, 86.25, 86.38, 86.34, 86.15], [12.88, 20.21, 67.8, 78.48, 83.27, 85.09, 85.42, 85.72, 85.97, 86.29, 86.37, 86.17, 85.77, 86.34, 85.86, 86.38, 86.14, 86.2, 86.2, 86.26, 86.33], [11.51, 13.96, 76.88, 81.67, 83.97, 85.29, 85.57, 85.58, 86.13, 86.19, 86.16, 86.41, 86.29, 86.13, 86.06, 86.37, 86.51, 86.54, 86.34, 86.46, 86.58], [4.08, 14.81, 77.27, 81.62, 83.92, 85.21, 85.46, 86.28, 86.3, 86.31, 86.51, 85.99, 86.04, 86.18, 86.18, 86.46, 86.47, 86.5, 86.58, 86.43, 86.56], [10.45, 10.0, 70.68, 78.6, 83.55, 84.7, 84.83, 85.72, 86.09, 86.16, 86.1, 86.07, 86.11, 86.13, 86.24, 85.98, 86.27, 86.0, 85.38, 85.5, 85.27], [11.33, 19.88, 76.76, 82.01, 84.11, 84.7, 85.51, 86.14, 86.11, 86.19, 85.95, 85.96, 86.24, 86.14, 86.24, 85.92, 86.07, 85.91, 86.32, 84.48, 84.97], [16.8, 70.68, 80.37, 83.41, 84.96, 85.82, 85.95, 86.23, 86.2, 86.06, 85.93, 86.08, 86.07, 86.09, 86.23, 86.14, 85.09, 85.6, 85.19, 84.59, 84.8], [6.58, 60.68, 79.41, 83.35, 85.27, 85.79, 85.93, 86.37, 86.38, 86.22, 86.34, 86.47, 86.5, 86.21, 86.37, 86.34, 85.74, 85.66, 85.46, 85.77, 85.48], [13.43, 57.23, 79.61, 83.59, 85.08, 85.82, 86.19, 86.4, 86.57, 86.45, 86.35, 86.21, 86.28, 86.44, 86.27, 86.47, 85.48, 85.26, 85.4, 85.59, 85.39]], "msds": [[0, 0.0008605882758274674, 0.0003771696356125176, 0.00014406077389139682, 9.436340042157099e-05, 9.640959615353495e-05, 0.00010456561722094193, 0.00011300636106170714, 0.00010727827611844987, 0.00010380538151366636, 9.367317397845909e-05, 9.958152077160776e-05, 9.298290387960151e-05, 7.889166590757668e-05, 6.86476196278818e-05, 7.22492259228602e-05, 7.25625068298541e-05, 9.628981933929026e-05, 5.543926454265602e-05, 8.628049545222893e-05, 6.550810940098017e-05], [0, 0.0008714167051948607, 0.0003747398732230067, 0.00015334205818362534, 9.184495866065845e-05, 0.00010259187547490001, 0.00011089783947682008, 0.0001107574425986968, 0.00010738832497736439, 0.0001095964980777353, 9.002164006233215e-05, 9.33601550059393e-05, 7.288732012966648e-05, 8.539296686649323e-05, 6.405285967048258e-05, 8.289144898299128e-05, 8.466264989692718e-05, 6.080694583943114e-05, 5.9517307818168774e-05, 8.52149969432503e-05, 5.5885491747176275e-05], [0, 0.0008652872056700289, 0.00041044806130230427, 0.00013435346772894263, 0.00010195595677942038, 0.00011270355025772005, 0.00011132526560686529, 0.00012314858031459153, 0.00010190509783569723, 9.653007873566821e-05, 8.58608545968309e-05, 7.956496119732037e-05, 7.274463132489473e-05, 6.726705032633618e-05, 7.92628270573914e-05, 6.500146264443174e-05, 6.474254769273102e-05, 7.786654896335676e-05, 8.647191862110049e-05, 5.977860200800933e-05, 4.9572718126000836e-05], [0, 0.0008849916630424559, 0.00023458954819943756, 9.683326788945124e-05, 9.949786181095988e-05, 0.00011407009878894314, 0.00010363836190663278, 9.849423076957464e-05, 0.00011359277414157987, 9.244603279512376e-05, 7.719158020336181e-05, 8.030714525375515e-05, 8.093186625046656e-05, 8.152574446285143e-05, 8.203673496609554e-05, 8.307017560582608e-05, 7.915070455055684e-05, 5.955722008366138e-05, 7.582740363432094e-05, 6.863757880637422e-05, 5.5075906857382506e-05], [0, 0.0008323976071551442, 0.0002340635983273387, 0.00013484468217939138, 0.00011816850019386038, 0.00012480553414206952, 0.00010564738477114588, 0.0001208024550578557, 0.00010349277727073058, 9.954705456038937e-05, 9.209611744154245e-05, 8.035079372348264e-05, 0.00010684730659704655, 8.002263348316774e-05, 8.714710565982386e-05, 8.170492219505832e-05, 8.541443821741268e-05, 7.313832611544058e-05, 7.171318429755047e-05, 4.349288428784348e-05, 5.433154001366347e-05], [0, 0.0008507973398081958, 0.0004104059189558029, 0.00013570874580182135, 0.00010107069101650268, 0.00011109804472653195, 0.00010410907270852476, 0.0001127266586991027, 9.347090235678479e-05, 8.672734838910401e-05, 8.397816418437287e-05, 7.464419468306005e-05, 7.64344513299875e-05, 6.0942420532228425e-05, 8.313778380397707e-05, 5.860875899088569e-05, 6.702414975734428e-05, 5.594315007328987e-05, 3.723027111846022e-05, 3.8442278309958056e-05, 2.2753325538360514e-05], [0, 0.000858438026625663, 0.00024675685563124716, 0.00010869208199437708, 0.00010722415026975796, 0.00011368998821126297, 0.00011632886889856309, 0.00010608480806695297, 9.383726137457415e-05, 9.409110498381779e-05, 7.305810140678659e-05, 8.496033115079626e-05, 7.819369784556329e-05, 7.537430064985529e-05, 8.202336175600067e-05, 4.1978564695455134e-05, 6.764072895748541e-05, 5.735533341066912e-05, 1.0757453310361598e-05, 4.1297571442555636e-05, 1.7467677025706507e-05], [0, 0.0006020113360136747, 0.00015305003034882247, 0.00014094289508648217, 0.00014747848035767674, 0.0001585914142196998, 0.00014559914416167885, 0.00010464302613399923, 0.00010553783795330673, 0.0001098152351914905, 0.00010264758748235181, 9.015169780468568e-05, 9.324499114882201e-05, 9.740806854097173e-05, 5.692848935723305e-05, 7.651844498468563e-05, 3.7022706237621605e-05, 3.452935561654158e-05, 2.5561865186318755e-05, 3.952476617996581e-05, 0], [0, 0.0006690094014629722, 0.00018928908684756607, 0.00013360928278416395, 0.00015190709382295609, 0.00012391811469569802, 0.0001143151821452193, 0.00012196722673252225, 9.827907342696562e-05, 8.43107991386205e-05, 9.034091635840014e-05, 8.334912854479626e-05, 7.729473145445809e-05, 6.857186963316053e-05, 7.744192407699302e-05, 4.851720223086886e-05, 5.144118404132314e-05, 2.9201302822912112e-05, 1.9817449356196448e-05, 2.5352062493766425e-06, 5.459776730276644e-06], [0, 0.0006378519465215504, 0.0001920237555168569, 0.00014272420958150178, 0.00015086663188412786, 0.00014380420907400548, 0.00013957801274955273, 0.00010442273924127221, 9.822316496865824e-05, 8.694376447238028e-05, 0.0001012831853586249, 8.017077925615013e-05, 8.161509322235361e-05, 7.715643005212769e-05, 5.498476457432844e-05, 5.1107363105984405e-05, 4.651223571272567e-05, 3.530558751663193e-05, 5.909781521040713e-06, 3.172128799633356e-07, 0]]}