{"alpha": 0.75, "beta": 0.5, "gamma": 1.0, "num_samples": 100, "node_count": 10, "density": 0.0, "startup_delay": 2.0, "forward_prob": 0, "epochs": [[0, 1, 2, 3, 4, 5, 6, 7, 8, 9, 10, 11, 12, 13, 14, 15, 16, 17, 18, 19, 20], [0, 1, 2, 3, 4, 5, 6, 7, 8, 9, 10, 11, 12, 13, 14, 15, 16, 17, 18, 19, 20], [0, 1, 2, 3, 4, 5, 6, 7, 8, 9, 10, 11, 12, 13, 14, 15, 16, 17, 18, 19, 20], [0, 1, 2, 3, 4, 5, 6, 7, 8, 9, 10, 11, 12, 13, 14, 15, 16, 17, 18, 19, 20], [0, 1, 2, 3, 4, 5, 6, 7, 8, 9, 10, 11, 12, 13, 14, 15, 16, 17, 18, 19, 20], [0, 1, 2, 3, 4, 5, 6, 7, 8, 9, 10, 11, 12, 13, 14, 15, 16, 17, 18, 19, 20], [0, 1, 2, 3, 4, 5, 6, 7, 8, 9, 10, 11, 12, 13, 14, 15, 16, 17, 18, 19, 20], [0, 1, 2, 3, 4, 5, 6, 7, 8, 9, 10, 11, 12, 13, 14, 15, 16, 17, 18, 19, 20], [0, 1, 2, 3, 4, 5, 6, 7, 8, 9, 10, 11, 12, 13, 14, 15, 16, 17, 18, 19, 20], [0, 1, 2, 3, 4, 5, 6, 7, 8, 9, 10, 11, 12, 13, 14, 15, 16, 17, 18, 19, 20]], "accuracies": [[17.13, 27.9, 27.94, 28.0, 17.98, 36.61, 33.04, 37.13, 37.98, 40.87, 38.51, 39.05, 49.5, 41.84, 46.63, 45.74, 54.22, 52.91, 50.24, 49.21, 57.09], [15.21, 23.22, 27.26, 27.28, 27.35, 28.32, 28.18, 28.77, 36.93, 32.66, 40.85, 38.21, 39.6, 44.21, 33.81, 44.93, 46.02, 52.62, 48.13, 48.36, 44.92], [14.36, 19.12, 27.2, 28.0, 21.12, 33.65, 39.5, 53.27, 43.94, 36.12, 42.36, 41.48, 48.35, 35.29, 51.03, 51.96, 54.25, 49.5, 50.11, 27.6, 46.35], [10.04, 25.93, 25.81, 25.26, 21.04, 24.66, 27.93, 26.66, 25.42, 26.09, 26.75, 26.13, 27.35, 26.08, 25.86, 36.83, 39.97, 25.15, 28.21, 36.94, 36.11], [1.32, 10.0, 28.58, 29.74, 34.31, 27.67, 38.32, 29.12, 29.36, 29.29, 38.3, 35.59, 42.74, 44.95, 41.47, 50.83, 44.01, 48.48, 29.71, 40.35, 42.31], [8.0, 27.3, 22.37, 26.61, 26.75, 27.19, 33.92, 29.31, 31.1, 27.74, 37.06, 43.36, 44.1, 35.72, 38.9, 28.54, 50.6, 45.28, 51.36, 50.36, 45.79], [5.73, 27.53, 34.62, 37.86, 37.98, 38.24, 37.86, 38.26, 37.95, 38.82, 38.8, 37.74, 38.38, 39.98, 42.7, 38.15, 42.08, 27.13, 28.66, 27.81, 35.07], [10.24, 21.91, 22.38, 23.79, 22.96, 19.8, 19.93, 19.13, 23.37, 19.12, 23.79, 23.6, 23.07, 21.55, 21.16, 21.8, 23.4, 24.31, 25.8, 24.44, 26.39], [20.63, 28.36, 28.6, 28.29, 29.35, 29.36, 31.35, 32.81, 29.5, 29.37, 30.88, 38.68, 40.54, 44.66, 46.89, 48.79, 48.97, 48.5, 51.93, 30.49, 31.08], [15.84, 19.07, 20.27, 27.11, 30.01, 35.83, 35.72, 27.09, 36.71, 35.3, 33.41, 32.22, 34.71, 34.09, 40.96, 40.14, 26.19, 39.79, 38.19, 43.62, 40.53]], "msds": [[0, 0.0006756561924703419, 0.0002892853517550975, 0.00015440747665707022, 0.00010452391870785505, 9.690585284261033e-05, 8.162396989064291e-05, 6.627231050515547e-05, 4.5844633859815076e-05, 5.718897227779962e-05, 4.604085552273318e-05, 7.496757461922243e-05, 6.112937262514606e-05, 4.761075979331508e-05, 4.882744178758003e-05, 4.456741226022132e-05, 3.950394966523163e-05, 4.4677355617750436e-05, 2.4861152269295417e-05, 4.51032210548874e-05, 2.5803818061831407e-05], [0, 0.0006756561924703419, 0.0002892853517550975, 0.00015440747665707022, 7.060712232487276e-05, 8.065695874392986e-05, 8.162396989064291e-05, 6.627231050515547e-05, 4.5844633859815076e-05, 5.718897227779962e-05, 4.604085552273318e-05, 3.968140663346276e-05, 5.435512139229104e-05, 4.567839641822502e-05, 5.4264812206383795e-05, 5.326449536369182e-05, 4.260225250618532e-05, 4.8681304178899154e-05, 2.4861152269295417e-05, 4.555211489787325e-05, 2.636283534229733e-05], [0, 0.000605415494646877, 0.00023841341317165643, 0.0001384407514706254, 0.00010702863073674962, 7.932705921120942e-05, 0.0001044046221068129, 0.00011481057299533859, 0.00011241659376537427, 0.00013058952754363418, 0.00011025376443285495, 6.790365296183154e-05, 4.761075979331508e-05, 4.882744178758003e-05, 3.587028550100513e-05, 6.189198757056147e-05, 4.4262746087042615e-05, 2.9619202905450948e-05, 4.465438541956246e-05, 8.456669456791133e-05, 5.558501652558334e-05], [0, 0.0006720329984091222, 0.00023056563804857433, 0.00027799123199656606, 0.00011219240695936605, 9.789396426640451e-05, 4.269654891686514e-05, 7.640510011697188e-05, 9.007426706375554e-05, 0.00011328272375976667, 9.444828174309805e-05, 9.993997809942812e-05, 7.28842569515109e-05, 7.321085286093876e-05, 6.070669405744411e-05, 2.5134093448286876e-05, 1.636699198570568e-05, 5.311875793267973e-05, 4.6774766815360636e-05, 9.207569382851943e-05, 7.755063415970653e-05], [0, 0.0006440159631893039, 0.0002806449483614415, 0.00010639098763931543, 0.00010412301344331354, 9.789396426640451e-05, 0.00010744693281594664, 9.815908560995013e-05, 0.00016558566130697727, 0.00012139366299379617, 0.00012005514872726053, 0.00011101344716735184, 0.00010837115405593067, 8.737843745620921e-05, 5.427939322544262e-05, 2.79560645140009e-05, 5.567335756495595e-05, 8.456669456791133e-05, 5.558501652558334e-05, 9.582428174326196e-05, 8.002001413842663e-05], [0, 0.0006695816409774125, 0.0002222165057901293, 0.000283692788798362, 7.024863589322194e-05, 0.00016148122085724026, 0.0001448833936592564, 9.82682395260781e-05, 0.00011844967229990289, 0.00012542243348434567, 0.00011073824134655297, 0.00012030153447994962, 0.00011244775669183582, 0.00010669088078429922, 0.00010356720304116607, 7.883777288952842e-05, 8.098414400592446e-05, 6.092197872931138e-05, 8.675450226292014e-05, 7.80899717938155e-05, 0.00013452715938910842], [0, 0.0006328328745439649, 0.00012629051343537867, 9.11954848561436e-05, 7.068214472383261e-05, 6.833182123955339e-05, 7.490444113500416e-05, 6.617559120059013e-05, 7.138498040148988e-05, 6.602502253372222e-05, 5.513048017746769e-05, 8.115476521197706e-05, 6.88725194777362e-05, 8.415040792897344e-05, 6.266406126087531e-05, 7.95250671217218e-05, 6.0182625020388514e-05, 7.34025816200301e-05, 5.0294052925892174e-05, 0.00010098520579049364, 0.00010114261385751888], [0, 0.0006921289023011923, 0.0003660045622382313, 0.0001683571026660502, 0.00010991059389198199, 9.311549365520477e-05, 7.363900658674538e-05, 8.028742740862072e-05, 7.722432928858325e-05, 6.627426773775369e-05, 6.135663716122508e-05, 5.741235872847028e-05, 8.042738772928715e-05, 8.420230005867779e-05, 8.066684677032754e-05, 8.637023711344227e-05, 8.21041758172214e-05, 7.34025816200301e-05, 5.0294052925892174e-05, 0.00010098520579049364, 0.00010114261385751888], [0, 0.0005528229521587491, 0.0001908659323817119, 0.00010090261639561504, 7.556676428066567e-05, 9.182639041682705e-05, 0.00013789958029519767, 5.985200186842121e-05, 0.00011610697401920334, 0.0001314828114118427, 9.22366016311571e-05, 7.0196547312662e-05, 6.813547952333465e-05, 8.007456199266016e-05, 7.50261897337623e-05, 6.631921860389411e-05, 4.5387718273559585e-05, 6.33181698503904e-05, 6.824332376709208e-05, 9.207725815940648e-05, 0], [0, 0.0005871037719771266, 0.00032442749943584204, 0.0001226936437888071, 0.00013752262748312205, 0.00010704997112043202, 0.00011292453564237803, 0.00011898132652277127, 0.00014358384942170233, 0.00010186032159253955, 0.00011284366337349638, 8.659838931635022e-05, 9.887501801131293e-05, 7.561042002635077e-05, 5.9348221839172766e-05, 4.427141175256111e-05, 7.696542161284015e-05, 5.883754784008488e-05, 9.957288420991972e-05, 8.248925587395206e-05, 0]]}