{"alpha": 0.9, "beta": 0.5, "gamma": 1.0, "num_samples": 100, "node_count": 10, "density": 0.0, "startup_delay": 0.0, "forward_prob": 0, "epochs": [[0, 1, 2, 3, 4, 5, 6, 7, 8, 9, 10, 11, 12, 13, 14, 15, 16, 17, 18, 19, 20], [0, 1, 2, 3, 4, 5, 6, 7, 8, 9, 10, 11, 12, 13, 14, 15, 16, 17, 18, 19, 20], [0, 1, 2, 3, 4, 5, 6, 7, 8, 9, 10, 11, 12, 13, 14, 15, 16, 17, 18, 19, 20], [0, 1, 2, 3, 4, 5, 6, 7, 8, 9, 10, 11, 12, 13, 14, 15, 16, 17, 18, 19, 20], [0, 1, 2, 3, 4, 5, 6, 7, 8, 9, 10, 11, 12, 13, 14, 15, 16, 17, 18, 19, 20], [0, 1, 2, 3, 4, 5, 6, 7, 8, 9, 10, 11, 12, 13, 14, 15, 16, 17, 18, 19, 20], [0, 1, 2, 3, 4, 5, 6, 7, 8, 9, 10, 11, 12, 13, 14, 15, 16, 17, 18, 19, 20], [0, 1, 2, 3, 4, 5, 6, 7, 8, 9, 10, 11, 12, 13, 14, 15, 16, 17, 18, 19, 20], [0, 1, 2, 3, 4, 5, 6, 7, 8, 9, 10, 11, 12, 13, 14, 15, 16, 17, 18, 19, 20], [0, 1, 2, 3, 4, 5, 6, 7, 8, 9, 10, 11, 12, 13, 14, 15, 16, 17, 18, 19, 20]], "accuracies": [[11.79, 68.78, 70.81, 69.03, 67.51, 71.87, 67.33, 72.07, 71.29, 72.53, 72.58, 72.58, 68.47, 72.4, 71.95, 73.4, 72.52, 72.86, 72.88, 74.34, 73.66], [14.22, 66.76, 64.88, 66.7, 68.6, 67.69, 75.85, 73.66, 75.29, 74.85, 76.15, 73.01, 74.69, 73.34, 76.42, 74.56, 75.05, 73.79, 75.52, 75.0, 75.09], [10.2, 63.58, 63.74, 65.59, 66.06, 68.87, 73.93, 71.45, 69.26, 74.58, 74.73, 74.0, 74.54, 72.68, 74.0, 73.95, 74.8, 73.9, 74.25, 73.62, 75.31], [10.1, 27.78, 11.17, 70.86, 66.99, 71.88, 67.22, 72.22, 71.68, 72.51, 75.96, 74.08, 68.42, 72.77, 72.17, 73.49, 73.32, 73.17, 73.05, 74.26, 73.49], [11.5, 28.01, 36.4, 68.43, 68.82, 68.56, 72.61, 74.96, 73.29, 75.67, 71.86, 74.31, 72.07, 74.74, 73.68, 75.86, 75.44, 73.27, 73.03, 74.33, 73.46], [5.78, 57.7, 56.43, 65.78, 43.83, 67.24, 64.98, 72.48, 74.27, 73.37, 73.0, 73.49, 74.62, 73.85, 74.93, 72.95, 75.42, 74.96, 75.04, 75.4, 74.78], [11.92, 10.05, 72.71, 64.14, 70.31, 68.68, 71.28, 73.44, 65.11, 72.48, 75.42, 75.49, 71.77, 75.3, 70.31, 77.35, 72.9, 72.63, 75.81, 76.23, 74.97], [9.16, 65.53, 66.54, 66.25, 68.47, 68.51, 73.56, 72.22, 74.29, 72.81, 72.63, 72.33, 74.42, 73.2, 74.47, 72.52, 75.16, 74.69, 75.5, 74.67, 74.17], [10.71, 62.07, 62.79, 71.07, 68.34, 71.23, 68.13, 65.99, 69.38, 71.34, 73.22, 73.08, 73.23, 74.49, 73.36, 74.16, 75.51, 71.54, 72.04, 75.8, 75.61], [10.86, 60.13, 63.54, 70.86, 67.76, 70.59, 66.7, 66.18, 69.11, 71.34, 72.43, 72.42, 72.68, 73.66, 72.38, 73.5, 74.88, 71.29, 71.0, 75.17, 75.05]], "msds": [[0, 0.000719946576282382, 0.0005641462048515677, 0.0004280766297597438, 0.0003640544891823083, 0.00029134872602298856, 0.00026567617896944284, 0.00019601642270572484, 0.0001475066674174741, 0.00012427082401700318, 9.218633204000071e-05, 7.350018131546676e-05, 0.0001111375167965889, 7.337212446145713e-05, 6.72404930810444e-05, 3.596579335862771e-05, 2.3776945454301313e-05, 6.995926378294826e-05, 3.5080607631243765e-05, 3.4405486076138914e-05, 2.3613118173670955e-05], [0, 0.000719946576282382, 0.0005329790874384344, 0.0003900937153957784, 0.0003300856042187661, 0.0003072194231208414, 0.0002565966278780252, 0.000190097518498078, 0.00014741662016604096, 0.00012186077219666913, 9.477369167143479e-05, 8.560191054129973e-05, 7.891796121839434e-05, 4.5506614696932957e-05, 5.376402259571478e-05, 4.3287880544085056e-05, 5.9528876590775326e-05, 3.6207908124197274e-05, 2.9109796741977334e-05, 2.833115286193788e-05, 2.3613118173670955e-05], [0, 0.0007251055794768035, 0.0004607536247931421, 0.0003049347724299878, 0.00024468277115374804, 0.00037285793223418295, 0.0002650182577781379, 0.00023251347010955215, 0.0001840728655224666, 0.00014480251411441714, 0.00012384026194922626, 0.00010932063742075115, 6.188591214595363e-05, 0.00011331301357131451, 8.585069008404389e-05, 6.991076952544972e-05, 5.132483784109354e-05, 5.6103686802089214e-05, 5.3544856200460345e-05, 7.57715170038864e-05, 4.5213819248601794e-05], [0, 0.0007216521771624684, 0.0004968663561157882, 0.0002988058258779347, 0.0003756715450435877, 0.0002970481291413307, 0.00026195147074759007, 0.00020177045371383429, 0.00015199766494333744, 0.0001349491794826463, 0.00010990523878717795, 0.00010244672012049705, 0.00011413496395107359, 9.503735782345757e-05, 5.897953451494686e-05, 4.7100464144023135e-05, 5.9528876590775326e-05, 3.6207908124197274e-05, 2.7282640076009557e-05, 3.554477370926179e-05, 1.725920992612373e-05], [0, 0.0007327194325625896, 0.000509083503857255, 0.0003900937153957784, 0.00038453948218375444, 0.0003015815163962543, 0.00023903988767415285, 0.00018467493646312505, 0.0001399442699039355, 0.00010343193571316078, 8.050426549743861e-05, 7.36663059797138e-05, 4.156147042522207e-05, 3.728490264620632e-05, 2.840060187736526e-05, 5.515163138625212e-05, 3.97981857531704e-05, 5.586453335126862e-05, 3.0936960683902726e-05, 2.111753201461397e-05, 1.895878631330561e-05], [0, 0.00073747563874349, 0.0004753790854010731, 0.0003285645798314363, 0.00036463417927734554, 0.0002774495806079358, 0.0002920400002039969, 0.00021573752746917307, 0.00017644587205722928, 0.00012842811702284962, 0.00010903787915594876, 9.303012484451756e-05, 9.064267214853317e-05, 5.9102832892676815e-05, 6.877723353682086e-05, 7.68408426665701e-05, 4.363438711152412e-05, 3.898375143762678e-05, 7.38303642719984e-05, 7.217797974590212e-05, 4.7823923523537815e-05], [0, 0.0007351712556555867, 0.00044455769238993526, 0.000350742950104177, 0.00031953019788488746, 0.0002390340087004006, 0.0002408938598819077, 0.00020156010577920824, 0.0003230526053812355, 0.0002191304520238191, 0.00021506847406271845, 0.00016264079022221267, 0.00014860788360238075, 8.70203148224391e-05, 8.497620729031041e-05, 9.408584446646273e-05, 8.872991747921333e-05, 8.422592509305105e-05, 0.00010398461017757654, 5.8815738157136366e-05, 0.00010369600204285234], [0, 0.0007305271574296057, 0.00044783492921851575, 0.0003634273598436266, 0.00038453948218375444, 0.0003015815163962543, 0.00023056261125020683, 0.00018517118587624282, 0.0001325619814451784, 0.0001005013327812776, 8.050426549743861e-05, 6.173080328153446e-05, 4.156147042522207e-05, 2.906322515627835e-05, 2.172928179788869e-05, 3.800405829679221e-05, 4.861838897340931e-05, 1.6890495317056775e-05, 5.0425122026354074e-05, 5.0834980356739834e-05, 1.802371298254002e-05], [0, 0.0007419938337989151, 0.0004494758031796664, 0.000350742950104177, 0.00029472901951521635, 0.0002557785774115473, 0.0002132234803866595, 0.00022173636534716934, 0.00016463699284940958, 0.00034182090894319117, 0.0002644103660713881, 0.00015873555094003677, 0.00015009364869911224, 0.00014771783025935292, 0.00011416463530622423, 9.828015754465014e-05, 6.514232518384233e-05, 0.0001065186588675715, 0.00010808535444084555, 6.52176167932339e-05, 5.5923468607943505e-05], [0, 0.0007260427228175104, 0.00044379595783539116, 0.0003405321331229061, 0.00032309695961885154, 0.0002390340087004006, 0.00020362308714538813, 0.00021103722974658012, 0.0001639444672036916, 0.0003359847469255328, 0.0002735164307523519, 0.0001690355275059119, 0.00013612759357783943, 0.00012786482693627477, 0.00010970799485221505, 0.00010621904220897704, 6.807602767366916e-05, 0.00011615711264312267, 0.00011753625585697591, 6.35208998573944e-05, 3.620435745688155e-05]]}