{"alpha": 0.75, "beta": 0.5, "gamma": 8.0, "num_samples": 1000, "node_count": 10, "density": 1.0, "startup_delay": 0.0, "forward_prob": 0, "epochs": [[0, 1, 2, 3, 4, 5, 6, 7, 8, 9, 10, 11, 12, 13, 14, 15, 16, 17, 18, 19, 20], [0, 1, 2, 3, 4, 5, 6, 7, 8, 9, 10, 11, 12, 13, 14, 15, 16, 17, 18, 19, 20], [0, 1, 2, 3, 4, 5, 6, 7, 8, 9, 10, 11, 12, 13, 14, 15, 16, 17, 18, 19, 20], [0, 1, 2, 3, 4, 5, 6, 7, 8, 9, 10, 11, 12, 13, 14, 15, 16, 17, 18, 19, 20], [0, 1, 2, 3, 4, 5, 6, 7, 8, 9, 10, 11, 12, 13, 14, 15, 16, 17, 18, 19, 20], [0, 1, 2, 3, 4, 5, 6, 7, 8, 9, 10, 11, 12, 13, 14, 15, 16, 17, 18, 19, 20], [0, 1, 2, 3, 4, 5, 6, 7, 8, 9, 10, 11, 12, 13, 14, 15, 16, 17, 18, 19, 20], [0, 1, 2, 3, 4, 5, 6, 7, 8, 9, 10, 11, 12, 13, 14, 15, 16, 17, 18, 19, 20], [0, 1, 2, 3, 4, 5, 6, 7, 8, 9, 10, 11, 12, 13, 14, 15, 16, 17, 18, 19, 20], [0, 1, 2, 3, 4, 5, 6, 7, 8, 9, 10, 11, 12, 13, 14, 15, 16, 17, 18, 19, 20]], "accuracies": [[14.91, 20.31, 65.27, 77.26, 80.1, 81.62, 82.98, 84.02, 84.39, 84.87, 85.22, 85.66, 85.78, 85.69, 86.06, 86.22, 86.07, 86.15, 86.27, 86.21, 86.25], [7.89, 19.63, 66.77, 76.54, 80.09, 81.85, 83.14, 83.9, 84.82, 84.93, 85.14, 85.69, 85.92, 85.85, 86.22, 86.13, 86.1, 86.18, 86.24, 85.96, 86.21], [3.72, 20.19, 62.76, 77.52, 80.06, 81.8, 83.05, 83.97, 84.47, 84.61, 85.2, 85.42, 85.89, 85.72, 85.89, 86.33, 86.07, 86.08, 85.99, 86.04, 86.3], [11.52, 19.24, 66.57, 76.56, 79.79, 82.17, 83.23, 84.03, 84.56, 84.87, 85.16, 85.42, 85.87, 85.79, 85.98, 86.16, 86.19, 86.0, 85.95, 86.03, 86.23], [12.52, 10.02, 65.34, 77.04, 79.79, 81.85, 83.3, 84.02, 84.72, 84.72, 85.29, 85.73, 86.01, 85.93, 86.24, 86.25, 86.3, 85.97, 86.15, 86.0, 86.26], [6.09, 10.61, 65.1, 76.24, 80.03, 81.59, 82.98, 84.0, 84.62, 84.82, 85.21, 85.69, 85.84, 85.74, 85.99, 86.14, 86.0, 86.05, 86.1, 85.98, 86.32], [10.25, 10.25, 66.56, 76.61, 79.75, 81.51, 82.81, 83.89, 84.34, 84.85, 85.2, 85.61, 85.83, 85.95, 85.88, 86.2, 86.05, 86.12, 86.05, 86.06, 86.35], [8.27, 31.43, 66.15, 77.28, 80.48, 81.74, 83.13, 83.97, 84.62, 84.64, 85.32, 85.74, 85.93, 85.94, 86.08, 86.46, 86.08, 86.09, 86.23, 86.28, 86.26], [7.38, 22.3, 65.48, 76.54, 79.9, 81.97, 83.43, 84.14, 84.43, 84.92, 85.22, 85.47, 85.71, 85.86, 85.9, 86.05, 86.05, 85.95, 86.1, 85.86, 86.22], [7.99, 10.07, 62.85, 76.28, 79.77, 81.7, 82.94, 84.15, 84.67, 84.81, 85.16, 85.65, 85.81, 85.91, 86.02, 86.16, 86.1, 86.06, 86.21, 86.26, 86.36]], "msds": [[0, 0.0008640123414807022, 0.0002994423557538539, 0.00016632526239845902, 0.00011028422886738554, 0.00010351614764658734, 0.00011723074567271397, 0.00012176107702543959, 0.00012657270417548716, 0.00013094130554236472, 0.00014067678421270102, 0.00011355085734976456, 0.00010696164099499583, 0.00010489367559785023, 0.00010070359712699428, 9.284615953220055e-05, 9.636517643230036e-05, 0.00010684241715352982, 0.00010022406786447391, 6.531958206323907e-05, 8.0862533650361e-05], [0, 0.0008436776115559042, 0.0002886802249122411, 0.00015112917753867805, 9.828944166656584e-05, 9.442288865102455e-05, 0.00010585558629827574, 0.0001074990359484218, 0.00012747934670187533, 0.00012539482850115746, 0.0001293362583965063, 0.00011519083636812866, 0.00011603534949244931, 9.275091724703088e-05, 0.00011360981443431228, 9.456478437641636e-05, 9.326804865850136e-05, 7.598110096296296e-05, 8.962578431237489e-05, 8.514637011103332e-05, 9.021242294693366e-05], [0, 0.0008650299278087914, 0.000311564770527184, 0.00014834200555924326, 9.193148434860632e-05, 9.836703247856349e-05, 0.00010667940659914166, 0.00011313862341921777, 0.00012234023597557098, 0.00013219732500147074, 0.00010835155990207568, 0.00014922489935997874, 9.816339297685772e-05, 0.00011188942153239623, 0.00010426359222037718, 8.526536112185568e-05, 0.00010162474791286513, 8.149491623044014e-05, 9.372480417368934e-05, 9.439595305593684e-05, 8.698907913640141e-05], [0, 0.0008655934361740947, 0.00028305177693255246, 0.00014976997044868767, 0.00010121687955688685, 9.547291847411543e-05, 0.0001128342337324284, 0.0001149867894127965, 0.00012333928316365927, 0.00012756013893522322, 0.00011273589916527271, 0.00012473449169192463, 0.0001123482288676314, 9.829144983086735e-05, 0.00011252098192926496, 9.767278243089095e-05, 0.00010526520054554567, 0.00011856046330649406, 0.00012151582632213831, 6.609094270970672e-05, 0.00011825560795841739], [0, 0.000869142240844667, 0.00032074828050099313, 0.00015939564036671072, 9.39063320402056e-05, 9.63447309914045e-05, 0.00011366587568772957, 0.00011509254545671865, 0.0001156845610239543, 0.00012327198055572808, 0.00011880110105266795, 0.00012001168943243101, 0.00010400489554740489, 0.0001017161994241178, 9.833283547777683e-05, 9.613238944439217e-05, 8.892929326975718e-05, 0.00011873220501001924, 8.640126907266676e-05, 6.488895451184362e-05, 9.69172760960646e-05], [0, 0.0008802010561339557, 0.00033815682400017977, 0.00015811594494152814, 0.00010681609273888171, 9.574816795065999e-05, 0.00011273026029812172, 0.0001133902624133043, 0.00012821271957363933, 0.00012509291991591454, 0.00012010331556666642, 0.00012953142868354917, 0.00010491148714208975, 0.0001084141040337272, 9.768555901246145e-05, 0.00011270875984337181, 0.00010020822810474783, 9.659129864303395e-05, 0.00010825808567460626, 7.410202670143917e-05, 6.96392817189917e-05], [0, 0.0008472512126900256, 0.000285409769276157, 0.00015023068408481777, 9.53452181420289e-05, 9.029480133904144e-05, 0.00010285156895406544, 0.00011353357695043087, 0.00011472603364381939, 0.00011719785834429786, 0.00011780748900491744, 0.0001171460680780001, 0.0001142184337368235, 0.00010294079402228817, 0.00012002527364529669, 0.00012055184197379276, 8.588288619648665e-05, 0.00010216559894615784, 9.431404032511637e-05, 8.690628601470962e-05, 8.182118472177535e-05], [0, 0.0008591135847382247, 0.00029393911245279014, 0.00015884704771451652, 9.784126450540498e-05, 9.921856690198183e-05, 0.00011553677177289501, 0.00011905634892173111, 0.00012489681830629706, 0.0001231647765962407, 0.00011813717719633132, 0.0001248507178388536, 0.00011189287033630535, 0.00010101007501361892, 0.0001146916183643043, 9.873740782495588e-05, 8.68056231411174e-05, 9.972924453904852e-05, 0.00010437802120577544, 6.732284236932173e-05, 9.920107549987733e-05], [0, 0.0008633616380393505, 0.0002885379653889686, 0.00015301532403100282, 0.00010075631143990904, 0.00010210685286438093, 0.00011931535846088082, 0.00011500676919240505, 0.00012459585559554398, 0.00012191992573207244, 0.00011473294580355287, 0.00012112926197005436, 0.0001097110434784554, 0.00010952293814625591, 0.00011732376151485369, 9.82920901151374e-05, 8.680509927216917e-05, 8.714275463717058e-05, 9.660621435614303e-05, 7.417084270855412e-05, 7.977143832249567e-05], [0, 0.0008472005720250309, 0.00029648104100488126, 0.0001450361160095781, 0.00010047041723737493, 9.30387104745023e-05, 0.00010779362492030486, 0.0001101962843677029, 0.00012382218847051263, 0.00012257872731424868, 0.00011239728337386623, 0.00014654590631835163, 0.00010285258758813143, 9.591114212526008e-05, 9.402156138094142e-05, 9.702830720925704e-05, 8.197725401259959e-05, 8.948790491558611e-05, 9.671302541391924e-05, 7.193515193648636e-05, 0.00011563806037884206]]}