{"alpha": 0.75, "beta": 0.5, "gamma": 8.0, "num_samples": 1000, "node_count": 10, "density": 1.0, "startup_delay": 0.0, "forward_prob": 0, "epochs": [[0, 1, 2, 3, 4, 5, 6, 7, 8, 9, 10, 11, 12, 13, 14, 15, 16, 17, 18, 19, 20], [0, 1, 2, 3, 4, 5, 6, 7, 8, 9, 10, 11, 12, 13, 14, 15, 16, 17, 18, 19, 20], [0, 1, 2, 3, 4, 5, 6, 7, 8, 9, 10, 11, 12, 13, 14, 15, 16, 17, 18, 19, 20], [0, 1, 2, 3, 4, 5, 6, 7, 8, 9, 10, 11, 12, 13, 14, 15, 16, 17, 18, 19, 20], [0, 1, 2, 3, 4, 5, 6, 7, 8, 9, 10, 11, 12, 13, 14, 15, 16, 17, 18, 19, 20], [0, 1, 2, 3, 4, 5, 6, 7, 8, 9, 10, 11, 12, 13, 14, 15, 16, 17, 18, 19, 20], [0, 1, 2, 3, 4, 5, 6, 7, 8, 9, 10, 11, 12, 13, 14, 15, 16, 17, 18, 19, 20], [0, 1, 2, 3, 4, 5, 6, 7, 8, 9, 10, 11, 12, 13, 14, 15, 16, 17, 18, 19, 20], [0, 1, 2, 3, 4, 5, 6, 7, 8, 9, 10, 11, 12, 13, 14, 15, 16, 17, 18, 19, 20], [0, 1, 2, 3, 4, 5, 6, 7, 8, 9, 10, 11, 12, 13, 14, 15, 16, 17, 18, 19, 20]], "accuracies": [[7.13, 19.15, 26.7, 42.87, 51.41, 51.33, 49.79, 59.09, 45.23, 60.14, 39.0, 57.0, 49.98, 59.82, 63.9, 61.85, 60.08, 60.46, 57.68, 60.01, 53.94], [8.15, 25.69, 26.46, 32.57, 45.28, 48.97, 53.12, 58.08, 54.89, 57.19, 41.47, 45.76, 55.04, 49.74, 64.75, 60.18, 60.92, 54.0, 56.73, 46.89, 48.04], [9.34, 19.95, 28.35, 28.35, 33.18, 33.07, 39.72, 51.15, 41.07, 67.94, 41.87, 69.81, 40.14, 75.89, 45.31, 76.19, 47.38, 74.81, 42.3, 70.18, 42.21], [10.33, 10.0, 23.96, 24.67, 33.22, 40.48, 37.76, 50.43, 38.85, 71.52, 35.3, 67.57, 34.05, 73.28, 41.0, 76.27, 41.91, 74.05, 36.45, 61.61, 34.39], [11.48, 10.0, 20.07, 24.12, 37.83, 48.32, 41.45, 55.28, 42.31, 68.05, 34.41, 58.97, 33.61, 68.71, 41.77, 71.76, 44.18, 69.56, 38.25, 66.15, 35.33], [7.74, 19.58, 19.45, 45.53, 51.71, 53.03, 54.84, 57.44, 46.49, 58.01, 39.66, 52.31, 48.8, 53.47, 60.54, 61.29, 71.89, 52.49, 53.22, 50.25, 50.63], [2.5, 19.3, 25.18, 36.78, 49.79, 50.12, 49.97, 51.31, 67.1, 53.29, 53.7, 54.28, 58.93, 59.58, 62.12, 63.31, 62.7, 60.98, 57.94, 58.44, 54.33], [14.57, 10.01, 18.84, 35.15, 44.7, 53.64, 54.83, 58.54, 48.91, 64.99, 46.35, 64.06, 47.6, 64.56, 60.6, 67.61, 60.49, 63.21, 56.83, 62.04, 52.07], [13.23, 10.0, 20.12, 32.93, 49.74, 48.6, 55.24, 50.53, 62.09, 51.75, 46.83, 43.12, 56.11, 53.29, 63.63, 58.4, 61.1, 53.11, 58.04, 52.75, 52.71], [9.24, 20.05, 28.75, 28.88, 41.32, 45.04, 53.93, 49.31, 51.06, 58.19, 46.11, 58.35, 45.98, 58.45, 49.27, 67.95, 46.57, 63.91, 46.51, 61.94, 42.51]], "msds": [[0, 0.000758105015847832, 0.0002073910873150453, 0.00015932095993775874, 0.00010070646385429427, 8.989851630758494e-05, 8.581813744967803e-05, 8.628005889477208e-05, 8.09349658084102e-05, 8.884395356290042e-05, 9.417351975571364e-05, 9.973827400244772e-05, 8.874819468474016e-05, 9.597643656888977e-05, 9.119026799453422e-05, 0.0001123600741266273, 7.349101360887289e-05, 8.651319512864575e-05, 7.853557326598093e-05, 0.00011081323464168236, 8.475905633531511e-05], [0, 0.0007359498413279653, 0.0002340517530683428, 0.00017764557560440153, 0.00010872737038880587, 8.48223062348552e-05, 7.277464465005323e-05, 6.990088877500966e-05, 7.464450027327985e-05, 7.552478200523183e-05, 6.753610068699345e-05, 0.00012661883374676108, 7.511898002121598e-05, 9.70912296907045e-05, 8.386683475691825e-05, 8.073097706073895e-05, 6.140866025816649e-05, 8.918235107557848e-05, 5.3565221605822444e-05, 0.00014182146696839482, 6.019711872795597e-05], [0, 0.0007614267524331808, 0.00023708492517471313, 0.00018058341811411083, 0.0001102519963751547, 9.833842341322452e-05, 9.069972293218598e-05, 8.088338654488325e-05, 7.88035977166146e-05, 8.587971387896687e-05, 0.00010797282448038459, 8.619071013526991e-05, 0.00011527864990057424, 7.777806604281068e-05, 0.00010566597484285012, 6.892163946758956e-05, 0.00010236913658445701, 5.932338535785675e-05, 0.00010594992636470124, 7.168873707996681e-05, 0.00011963854922214523], [0, 0.0007758106803521514, 0.00025129737332463264, 0.00017694472626317292, 0.00011047486623283476, 9.592642163624987e-05, 0.00010055216262117028, 8.659915329189971e-05, 9.206926915794611e-05, 9.83669378911145e-05, 0.000124236466945149, 0.0001077250053640455, 0.0001326379569945857, 0.00010461878991918638, 0.0001247152395080775, 9.129179670708254e-05, 9.25848216866143e-05, 8.39117492432706e-05, 9.998182213166729e-05, 9.461001172894612e-05, 0.00012158068420831114], [0, 0.0007727008196525276, 0.00026075655478052795, 0.00020411379227880388, 0.0001406273222528398, 0.00010834820568561554, 0.00010291783110005781, 9.544606291456148e-05, 9.240225335815921e-05, 0.00010051894059870392, 0.00012573970889206976, 0.00010518651833990589, 0.0001442098873667419, 9.015187242766842e-05, 0.00013956791372038424, 7.777760038152337e-05, 9.33682604227215e-05, 6.12925214227289e-05, 0.00010025783558376133, 7.050421845633537e-05, 0.00011454665946075693], [0, 0.0007630816544406116, 0.00021507457131519914, 0.00017413380555808544, 0.00010516187467146665, 0.00010971047595376149, 8.93727847142145e-05, 8.617559797130525e-05, 8.171580702764913e-05, 8.552031795261428e-05, 8.760007040109485e-05, 0.00010174990893574432, 0.00010502738587092608, 0.00010536958870943636, 8.818588685244322e-05, 8.366331167053431e-05, 8.358272316399962e-05, 7.22705663065426e-05, 6.746120197931305e-05, 9.860281716100872e-05, 6.757956725778058e-05], [0, 0.0007563145481981337, 0.00022751757933292538, 0.00018670700956135988, 0.00011606968473643064, 9.995916479965672e-05, 0.00011019877274520695, 8.178659481927752e-05, 7.896946772234514e-05, 9.336848597740754e-05, 9.714733459986746e-05, 0.00010401823237771168, 8.357990736840293e-05, 9.562091145198792e-05, 9.33116243686527e-05, 8.888392039807513e-05, 6.676604971289635e-05, 7.321479642996565e-05, 7.993324106791988e-05, 9.685057011665776e-05, 7.629749597981572e-05], [0, 0.0007801736937835813, 0.00022490583069156855, 0.00019443505152594298, 0.0001246522879227996, 0.00010252741049043834, 9.941114694811404e-05, 9.946314094122499e-05, 0.00010549752187216654, 0.00012724968837574124, 0.00012153555871918797, 0.00012364766735117882, 0.00010857407323783264, 0.00011156860273331404, 0.00010482058860361576, 9.969445818569511e-05, 8.068977331276983e-05, 8.838882058626041e-05, 8.337287727044895e-05, 9.564630454406142e-05, 9.137221786659211e-05], [0, 0.0007503642118535936, 0.00020708398369606584, 0.00015370961045846343, 9.442729060538113e-05, 9.530195529805496e-05, 8.89117072802037e-05, 7.965432450873777e-05, 7.726740295765921e-05, 0.0001127631330746226, 8.451092435279861e-05, 0.00011711404658854008, 8.666882058605552e-05, 0.00011586373148020357, 7.687846664339304e-05, 7.68557219998911e-05, 7.781986641930416e-05, 7.313054811675102e-05, 6.446051702369004e-05, 8.830446313368157e-05, 6.341341213556007e-05], [0, 0.0007643569842912257, 0.00022666131553705782, 0.0001754208788042888, 0.00011947756865993142, 9.447352931601927e-05, 0.00010033092257799581, 9.291073365602642e-05, 8.79337458172813e-05, 9.464521281188354e-05, 0.00010889057739404961, 9.641661745263264e-05, 0.00011054477363359183, 9.768176823854446e-05, 0.0001093284590751864, 8.038042869884521e-05, 9.163017966784537e-05, 6.477857823483646e-05, 9.619211050448939e-05, 7.138399087125435e-05, 9.28779918467626e-05]]}