{"alpha": 0.75, "beta": 0.5, "gamma": 5.0, "num_samples": 100, "node_count": 10, "density": 1.0, "startup_delay": 2.0, "forward_prob": 0, "epochs": [[0, 1, 2, 3, 4, 5, 6, 7, 8, 9, 10, 11, 12, 13, 14, 15, 16, 17, 18, 19, 20], [0, 1, 2, 3, 4, 5, 6, 7, 8, 9, 10, 11, 12, 13, 14, 15, 16, 17, 18, 19, 20], [0, 1, 2, 3, 4, 5, 6, 7, 8, 9, 10, 11, 12, 13, 14, 15, 16, 17, 18, 19, 20], [0, 1, 2, 3, 4, 5, 6, 7, 8, 9, 10, 11, 12, 13, 14, 15, 16, 17, 18, 19, 20], [0, 1, 2, 3, 4, 5, 6, 7, 8, 9, 10, 11, 12, 13, 14, 15, 16, 17, 18, 19, 20], [0, 1, 2, 3, 4, 5, 6, 7, 8, 9, 10, 11, 12, 13, 14, 15, 16, 17, 18, 19, 20], [0, 1, 2, 3, 4, 5, 6, 7, 8, 9, 10, 11, 12, 13, 14, 15, 16, 17, 18, 19, 20], [0, 1, 2, 3, 4, 5, 6, 7, 8, 9, 10, 11, 12, 13, 14, 15, 16, 17, 18, 19, 20], [0, 1, 2, 3, 4, 5, 6, 7, 8, 9, 10, 11, 12, 13, 14, 15, 16, 17, 18, 19, 20], [0, 1, 2, 3, 4, 5, 6, 7, 8, 9, 10, 11, 12, 13, 14, 15, 16, 17, 18, 19, 20]], "accuracies": [[8.71, 10.0, 19.08, 29.01, 25.75, 53.88, 24.44, 49.13, 25.78, 48.14, 25.24, 59.18, 36.33, 57.8, 33.53, 71.25, 34.22, 49.74, 37.51, 59.4, 45.2], [13.19, 10.0, 25.0, 27.34, 35.29, 32.94, 29.01, 43.65, 36.72, 51.9, 41.5, 63.21, 44.8, 58.87, 42.41, 56.53, 26.3, 61.07, 39.23, 67.23, 51.1], [5.98, 10.01, 19.48, 27.71, 32.1, 40.97, 33.05, 56.23, 33.85, 46.51, 30.73, 57.48, 40.15, 61.09, 40.6, 71.05, 26.32, 55.44, 43.65, 47.72, 56.14], [6.01, 29.6, 21.59, 28.8, 41.71, 38.76, 37.91, 43.31, 40.64, 46.08, 37.35, 57.77, 48.14, 48.54, 50.48, 59.79, 36.5, 54.82, 47.99, 45.64, 59.86], [7.65, 12.01, 20.03, 37.04, 39.35, 43.93, 37.73, 53.08, 43.51, 49.44, 50.95, 56.32, 40.77, 54.07, 44.82, 59.83, 47.95, 58.94, 48.67, 46.82, 56.88], [11.24, 10.05, 32.86, 38.83, 32.41, 38.9, 49.62, 37.29, 20.47, 50.51, 52.93, 65.62, 44.73, 56.06, 48.03, 56.0, 47.78, 65.93, 49.86, 59.06, 58.45], [11.3, 19.87, 22.63, 20.01, 42.43, 19.95, 27.49, 20.23, 51.76, 23.82, 59.61, 39.86, 54.13, 32.23, 60.84, 20.19, 65.2, 37.98, 67.77, 42.17, 40.81], [9.99, 17.26, 27.54, 46.58, 55.58, 39.59, 54.56, 45.7, 51.53, 52.75, 63.83, 47.11, 57.05, 44.55, 60.08, 43.63, 51.23, 47.25, 50.46, 52.58, 40.81], [8.63, 19.39, 30.01, 33.16, 41.28, 41.61, 44.64, 28.26, 51.77, 53.14, 47.23, 50.77, 48.79, 52.12, 49.79, 57.94, 52.38, 66.81, 51.38, 63.13, 40.81], [11.64, 24.12, 41.54, 46.39, 40.55, 59.3, 25.73, 49.6, 52.08, 58.6, 48.44, 62.77, 36.38, 61.19, 39.77, 48.58, 60.15, 47.87, 54.18, 40.81, 34.82]], "msds": [[0, 0.0006730126915499568, 8.687772060511634e-05, 5.88176553719677e-05, 3.759639730560593e-05, 3.3923886803677306e-05, 4.2431325709912926e-05, 2.7250745915807784e-05, 3.878978895954788e-05, 4.1051494918065146e-05, 5.1704941142816097e-05, 2.383912396908272e-05, 2.1394942450569943e-05, 2.127228435711004e-05, 3.061753886868246e-05, 2.551642683101818e-05, 3.844212187686935e-05, 3.354072759975679e-05, 3.651540100690909e-05, 2.1640911654685624e-05, 2.941068305517547e-05], [0, 0.0006769096944481134, 8.696082659298554e-05, 5.8256722695659846e-05, 3.533169365255162e-05, 3.4078988392138854e-05, 2.6427556804264896e-05, 3.3513217204017565e-05, 2.4389160898863338e-05, 4.088322748430073e-05, 3.091213875450194e-05, 2.3264876290340908e-05, 1.7776386812329292e-05, 2.3050419258652255e-05, 2.8394108085194603e-05, 3.254186231060885e-05, 3.4679305827012286e-05, 3.645778997451998e-05, 3.400634159334004e-05, 3.347632446093485e-05, 2.5202562028425746e-05], [0, 0.000678206910379231, 8.665379573358223e-05, 6.904036126798019e-05, 3.4895023418357596e-05, 3.210395516362041e-05, 2.8481737899710424e-05, 2.6314930437365547e-05, 3.45331100106705e-05, 3.4574281016830355e-05, 3.5764875065069646e-05, 2.9022958187852055e-05, 1.7746035155141726e-05, 2.0677902284660377e-05, 3.155254671582952e-05, 2.430307176837232e-05, 3.1508734537055716e-05, 4.2319497879361734e-05, 2.921608574979473e-05, 3.0755931220483035e-05, 2.223188494099304e-05], [0, 0.000677666103001684, 8.537272515241057e-05, 6.406457396224141e-05, 3.171877688146196e-05, 3.4023858461296186e-05, 2.345851498830598e-05, 2.993527778016869e-05, 2.0430697986739688e-05, 4.007749157608487e-05, 2.545206189097371e-05, 3.41538579959888e-05, 1.429866642865818e-05, 2.7862362912856042e-05, 2.0379986381158233e-05, 2.7180676624993794e-05, 2.0018847862957045e-05, 4.0570412238594145e-05, 2.2114449166110717e-05, 2.832160498655867e-05, 2.0719588064821437e-05], [0, 0.0006713343318551779, 8.801989315543324e-05, 5.551095455302857e-05, 3.6974695831304416e-05, 2.917803794844076e-05, 2.6361913114669733e-05, 3.098445449722931e-05, 2.434978523524478e-05, 3.25285000144504e-05, 2.140654032700695e-05, 2.2280755729298107e-05, 1.3755467080045491e-05, 2.08219626074424e-05, 1.9392809917917475e-05, 3.0266894100350328e-05, 1.9983954189228825e-05, 2.7585989300860092e-05, 2.5083849322982132e-05, 2.2339014321914874e-05, 2.8201398890814744e-05], [0, 0.0006745379650965333, 8.22506844997406e-05, 5.784655149909668e-05, 4.018222170998342e-05, 4.175256617600098e-05, 3.0418645110330544e-05, 2.8464721253840253e-05, 2.5987261324189603e-05, 4.750286097987555e-05, 2.6055406124214642e-05, 2.443219091219362e-05, 2.0589030100381933e-05, 2.5727498723426834e-05, 2.459421375533566e-05, 2.850334203685634e-05, 2.2365162294590846e-05, 2.7634294383460656e-05, 2.555930223024916e-05, 2.7881733331014402e-05, 3.079096495639533e-05], [0, 0.0004676234966609627, 7.642338459845632e-05, 3.203385494998656e-05, 3.6899542465107515e-05, 2.8718093744828366e-05, 2.826925447152462e-05, 3.07522714138031e-05, 3.4392236557323486e-05, 2.814839899656363e-05, 2.1130303139216267e-05, 2.1832238417118788e-05, 1.948845419974532e-05, 2.6837025870918296e-05, 2.6386542231193744e-05, 3.265266423113644e-05, 3.035583722521551e-05, 3.202854350092821e-05, 2.338487138331402e-05, 2.5110775823122822e-05, 2.671573201951105e-05], [0, 0.00047285077744163573, 9.823412983678281e-05, 4.5156666601542383e-05, 3.8737667637178674e-05, 3.127873787889257e-05, 3.364432632224634e-05, 2.5592828023945913e-05, 4.680815618485212e-05, 2.5346664187964052e-05, 2.4521976229152642e-05, 1.7793025108403526e-05, 1.807808985176962e-05, 3.1110612326301634e-05, 3.1738563848193735e-05, 2.095783202094026e-05, 3.444171306909993e-05, 3.1056897569214925e-05, 2.5762628865777515e-05, 3.608241968322545e-05, 2.8173852115287445e-05], [0, 0.0004380117170512676, 8.807871927274391e-05, 3.7899539165664464e-05, 3.211807779734954e-05, 2.809016586979851e-05, 3.249690780648962e-05, 2.432705878163688e-05, 4.6186454710550606e-05, 2.4834003852447495e-05, 2.351817056478467e-05, 1.4954146536183544e-05, 2.8675165594904684e-05, 1.9575063561205752e-05, 3.7008245271863416e-05, 1.804896237445064e-05, 2.8010963433189318e-05, 1.9190301827620715e-05, 2.3344951841863804e-05, 1.7221764210262336e-05, 2.854573722288478e-05], [0, 0.00046806325553916395, 9.292706090491265e-05, 4.7087978600757197e-05, 3.33041934936773e-05, 3.054565240745433e-05, 2.7478232368594036e-05, 6.148764077806845e-05, 2.614282311697025e-05, 1.9158826034981757e-05, 1.457895359635586e-05, 1.798106859496329e-05, 2.2069316401029937e-05, 3.3686043025227264e-05, 2.931024573626928e-05, 4.758321665576659e-05, 2.6315492505091242e-05, 3.473566903267056e-05, 2.1460164134623483e-05, 3.074403139180504e-05, 0]]}