{"alpha": 0.9, "beta": 0.5, "gamma": 1.0, "num_samples": 1000, "node_count": 10, "density": 0.0, "startup_delay": 0.0, "forward_prob": 0, "epochs": [[0, 1, 2, 3, 4, 5, 6, 7, 8, 9, 10, 11, 12, 13, 14, 15, 16, 17, 18, 19, 20], [0, 1, 2, 3, 4, 5, 6, 7, 8, 9, 10, 11, 12, 13, 14, 15, 16, 17, 18, 19, 20], [0, 1, 2, 3, 4, 5, 6, 7, 8, 9, 10, 11, 12, 13, 14, 15, 16, 17, 18, 19, 20], [0, 1, 2, 3, 4, 5, 6, 7, 8, 9, 10, 11, 12, 13, 14, 15, 16, 17, 18, 19, 20], [0, 1, 2, 3, 4, 5, 6, 7, 8, 9, 10, 11, 12, 13, 14, 15, 16, 17, 18, 19, 20], [0, 1, 2, 3, 4, 5, 6, 7, 8, 9, 10, 11, 12, 13, 14, 15, 16, 17, 18, 19, 20], [0, 1, 2, 3, 4, 5, 6, 7, 8, 9, 10, 11, 12, 13, 14, 15, 16, 17, 18, 19, 20], [0, 1, 2, 3, 4, 5, 6, 7, 8, 9, 10, 11, 12, 13, 14, 15, 16, 17, 18, 19, 20], [0, 1, 2, 3, 4, 5, 6, 7, 8, 9, 10, 11, 12, 13, 14, 15, 16, 17, 18, 19, 20], [0, 1, 2, 3, 4, 5, 6, 7, 8, 9, 10, 11, 12, 13, 14, 15, 16, 17, 18, 19, 20]], "accuracies": [[9.31, 78.7, 76.44, 80.06, 75.54, 81.43, 78.75, 82.7, 82.07, 82.83, 82.83, 83.48, 83.58, 84.12, 82.96, 83.56, 84.18, 84.61, 84.47, 84.25, 84.09], [12.5, 32.08, 80.71, 79.62, 81.47, 81.45, 82.13, 82.64, 83.81, 84.04, 84.1, 84.77, 83.2, 84.14, 83.71, 84.04, 84.26, 84.41, 84.3, 83.93, 84.0], [9.63, 26.93, 73.51, 30.8, 50.41, 33.84, 80.8, 81.64, 81.84, 81.97, 83.06, 84.07, 84.76, 82.66, 83.81, 83.45, 84.84, 84.49, 81.96, 83.06, 84.9], [6.92, 32.21, 76.77, 78.41, 79.79, 81.56, 81.26, 82.44, 82.16, 83.03, 82.73, 83.17, 84.71, 85.4, 83.26, 83.72, 84.11, 84.87, 84.56, 84.32, 84.24], [10.05, 78.53, 78.34, 80.55, 81.17, 82.79, 84.04, 83.63, 84.1, 83.68, 84.27, 82.57, 83.5, 82.65, 83.66, 83.51, 84.65, 84.68, 81.72, 83.28, 83.84], [6.94, 79.35, 79.59, 80.39, 81.47, 81.67, 82.12, 82.59, 82.41, 81.66, 82.6, 82.81, 83.15, 83.38, 82.84, 82.6, 83.43, 84.06, 83.89, 82.61, 83.48], [12.81, 78.03, 77.56, 80.41, 80.88, 79.98, 81.45, 81.57, 81.85, 81.83, 83.01, 82.2, 83.38, 82.53, 83.75, 83.25, 83.49, 83.76, 81.74, 83.05, 84.1], [9.49, 10.31, 69.97, 81.0, 79.31, 80.95, 83.56, 83.34, 81.02, 68.18, 83.47, 82.69, 83.8, 85.6, 85.92, 84.16, 83.84, 84.59, 84.52, 85.88, 86.03], [13.11, 77.51, 78.84, 80.47, 79.24, 83.38, 83.74, 82.38, 83.43, 83.84, 83.57, 83.89, 84.65, 83.12, 85.32, 85.43, 85.38, 85.24, 85.37, 85.46, 85.25], [12.74, 43.03, 78.69, 80.27, 80.29, 81.59, 81.66, 82.92, 81.79, 78.63, 83.08, 83.64, 83.55, 85.45, 85.53, 85.87, 84.38, 84.6, 84.83, 84.57, 84.9]], "msds": [[0, 0.0008442113758064806, 0.0006875774706713855, 0.0005086339078843594, 0.0005663727642968297, 0.000574544770643115, 0.0006368126487359405, 0.0007677358225919306, 0.0006417377153411508, 0.0005567750777117908, 0.00044382837950251997, 0.00043774399091489613, 0.00036815108614973724, 0.0003320385585539043, 0.00043412664672359824, 0.0003540486504789442, 0.000293209363007918, 0.00020822281658183783, 0.00018139040912501514, 0.0002673413837328553, 0.00024316155759152025], [0, 0.0008551981300115585, 0.0008181433659046888, 0.0008079633116722107, 0.0007114399923011661, 0.0006688771536573768, 0.0005628865910694003, 0.0005269608809612691, 0.0005306174862198532, 0.00042403870611451566, 0.00038830950506962836, 0.00033835411886684597, 0.0003746600996237248, 0.0003979179891757667, 0.000316073012072593, 0.0002561185974627733, 0.00022259767865762115, 0.00016807980136945844, 0.0002294862933922559, 0.00026684816111810505, 0.00019789612269960344], [0, 0.0008535736706107855, 0.0006191168795339763, 0.0007171588367782533, 0.0006523934425786138, 0.0007752107339911163, 0.0007324856705963612, 0.0005811819573864341, 0.0005601319717243314, 0.0004185662546660751, 0.000400854303734377, 0.00038908293936401606, 0.00033813618938438594, 0.0004185879952274263, 0.0003204283711966127, 0.0002604865876492113, 0.00026467410498298705, 0.00018815140356309712, 0.0002294862933922559, 0.00022041819465812296, 0.00021309407020453364], [0, 0.0008710379479452968, 0.0006847989861853421, 0.0006245035910978913, 0.0006211897707544267, 0.0005805154796689749, 0.0006520145107060671, 0.0009775253711268306, 0.0007180709508247674, 0.000572662684135139, 0.00046183710219338536, 0.0004438240430317819, 0.0004277149273548275, 0.00034200173104181886, 0.0004476248868741095, 0.0003715841448865831, 0.00030917045660316944, 0.0002631923998706043, 0.0002480449038557708, 0.00029358844039961696, 0.0002613583055790514], [0, 0.0008360138745047152, 0.0008181433659046888, 0.0008079633116722107, 0.0007114399923011661, 0.000665782019495964, 0.0005663810879923403, 0.0005248049274086952, 0.0004755183181259781, 0.0004019306506961584, 0.0003757677332032472, 0.0003305473946966231, 0.0003746600996237248, 0.00037724789581261575, 0.00031171782757155597, 0.0002517507818993181, 0.00023373658768832684, 0.0001774285192368552, 0.00024257387849502265, 0.00031327802571468055, 0.00021276566258165985], [0, 0.0008360138745047152, 0.0008254643180407584, 0.0007966143894009292, 0.000763620890211314, 0.0006626862450502813, 0.0005698754102922976, 0.0005226487410254776, 0.00047869898844510317, 0.00040729649481363595, 0.0003920776362065226, 0.0003305473946966231, 0.000338524958351627, 0.0003684856928884983, 0.00035878620110452175, 0.0003319027309771627, 0.00025841649039648473, 0.00019397668074816465, 0.00015022789011709392, 0.0003281496465206146, 0.0003211117291357368], [0, 0.0008625432965345681, 0.000764508091378957, 0.0009683638345450163, 0.0007966816192492843, 0.0006774305948056281, 0.0006574493017978966, 0.0005570615758188069, 0.0005593825480900705, 0.0004515126929618418, 0.0004046159447170794, 0.0003569326363503933, 0.00031321041751652956, 0.0004312803503125906, 0.0003394921077415347, 0.0003099077148362994, 0.00028813022072426975, 0.00024583941558375955, 0.00030312599847093225, 0.0002917622623499483, 0.0002511157072149217], [0, 0.0008676714496687055, 0.0006976513541303575, 0.0006245035910978913, 0.0006211897707544267, 0.0005805154796689749, 0.0005774409510195255, 0.0005395644693635404, 0.0011342273792251945, 0.0010343554895371199, 0.0007839798927307129, 0.000517401029355824, 0.0005038238596171141, 0.0004542236856650561, 0.00033667730167508125, 0.0004949914291501045, 0.00040561117930337787, 0.0003461505111772567, 0.00031552385189570487, 0.00032507412834092975, 0.00031231477623805404], [0, 0.0008353641023859382, 0.0007786037749610841, 0.0006709674489684403, 0.0005996336694806814, 0.0007823461201041937, 0.0006616497994400561, 0.0005767482216469944, 0.0005310525884851813, 0.00047601471305824816, 0.000506753392983228, 0.00036287668626755476, 0.0010802894830703735, 0.000747480895370245, 0.00046112455311231315, 0.00032504554837942123, 0.0002711002598516643, 0.0005036036018282175, 0.00042157815187238157, 0.00038616900565102696, 0.0002809592115227133], [0, 0.0008441517711617053, 0.0007445538649335504, 0.0006333011551760137, 0.0007384438067674637, 0.000627965375315398, 0.0005774409510195255, 0.0005186130874790251, 0.0004584070120472461, 0.0008424365078099072, 0.0005243027117103338, 0.0010473260190337896, 0.0006281516398303211, 0.0006460819859057665, 0.0004084085812792182, 0.0003200028440915048, 0.0005028316518291831, 0.00041658899863250554, 0.0003642217197921127, 0.00038616900565102696, 0.0002809592115227133]]}