{"alpha": 0.75, "beta": 0.5, "gamma": 7.0, "num_samples": 100, "node_count": 10, "density": 0.75, "startup_delay": 0.0, "forward_prob": 0, "epochs": [[0, 1, 2, 3, 4, 5, 6, 7, 8, 9, 10, 11, 12, 13, 14, 15, 16, 17, 18, 19, 20], [0, 1, 2, 3, 4, 5, 6, 7, 8, 9, 10, 11, 12, 13, 14, 15, 16, 17, 18, 19, 20], [0, 1, 2, 3, 4, 5, 6, 7, 8, 9, 10, 11, 12, 13, 14, 15, 16, 17, 18, 19, 20], [0, 1, 2, 3, 4, 5, 6, 7, 8, 9, 10, 11, 12, 13, 14, 15, 16, 17, 18, 19, 20], [0, 1, 2, 3, 4, 5, 6, 7, 8, 9, 10, 11, 12, 13, 14, 15, 16, 17, 18, 19, 20], [0, 1, 2, 3, 4, 5, 6, 7, 8, 9, 10, 11, 12, 13, 14, 15, 16, 17, 18, 19, 20], [0, 1, 2, 3, 4, 5, 6, 7, 8, 9, 10, 11, 12, 13, 14, 15, 16, 17, 18, 19, 20], [0, 1, 2, 3, 4, 5, 6, 7, 8, 9, 10, 11, 12, 13, 14, 15, 16, 17, 18, 19, 20], [0, 1, 2, 3, 4, 5, 6, 7, 8, 9, 10, 11, 12, 13, 14, 15, 16, 17, 18, 19, 20], [0, 1, 2, 3, 4, 5, 6, 7, 8, 9, 10, 11, 12, 13, 14, 15, 16, 17, 18, 19, 20]], "accuracies": [[12.77, 17.59, 54.86, 65.53, 69.29, 70.84, 72.8, 74.02, 74.1, 74.84, 74.2, 75.76, 76.08, 77.35, 76.93, 77.44, 77.59, 78.08, 78.15, 77.87, 78.06], [9.54, 10.08, 57.19, 65.54, 67.51, 71.18, 73.63, 73.66, 74.31, 75.22, 75.12, 76.49, 77.14, 77.27, 77.11, 78.15, 76.07, 78.04, 78.35, 77.75, 78.12], [8.09, 10.0, 55.14, 65.22, 68.84, 72.04, 73.1, 73.26, 73.87, 75.2, 75.81, 76.55, 77.52, 77.91, 78.05, 77.18, 77.91, 78.09, 78.08, 78.5, 78.27], [5.93, 11.29, 53.25, 64.14, 68.22, 71.88, 73.68, 73.72, 74.37, 74.66, 75.49, 76.28, 77.55, 77.11, 77.32, 78.01, 77.55, 78.21, 78.47, 77.71, 77.39], [9.49, 10.73, 54.93, 63.92, 68.86, 71.62, 73.74, 73.46, 75.78, 76.54, 77.74, 77.04, 76.79, 77.0, 78.01, 78.48, 78.67, 77.59, 78.1, 78.06, 78.81], [9.71, 10.0, 58.67, 67.13, 71.46, 72.31, 74.28, 74.72, 75.38, 77.28, 77.68, 76.43, 78.18, 77.99, 78.85, 78.59, 78.37, 77.8, 79.09, 79.08, 76.13], [9.09, 24.98, 58.94, 68.0, 71.87, 73.17, 74.16, 74.64, 75.02, 76.67, 77.81, 77.08, 77.72, 78.37, 77.82, 77.78, 77.88, 79.32, 78.35, 72.39, 76.07], [5.95, 10.0, 60.82, 68.45, 72.24, 73.92, 73.93, 75.72, 77.1, 77.42, 77.85, 77.65, 78.58, 78.27, 78.06, 77.93, 78.26, 77.29, 76.4, 77.14, 77.2], [11.68, 29.91, 68.21, 71.07, 73.41, 73.68, 75.8, 76.1, 76.79, 77.15, 77.77, 78.18, 78.2, 78.2, 77.55, 78.18, 78.26, 78.14, 77.4, 77.32, 76.54], [13.5, 41.2, 66.4, 71.71, 73.14, 72.41, 75.28, 76.16, 75.95, 76.07, 77.68, 78.32, 78.56, 77.39, 76.21, 77.53, 77.81, 76.25, 76.89, 77.47, 72.55]], "msds": [[0, 0.0006969586247578263, 9.378537652082741e-05, 5.4939508117968217e-05, 3.22134219459258e-05, 2.5451514375163242e-05, 2.4266191758215427e-05, 2.102122198266443e-05, 2.3488255465053953e-05, 2.2304617232293822e-05, 2.1676698452210985e-05, 2.1602167180390097e-05, 1.89145102922339e-05, 2.3267997676157393e-05, 2.1275782273733057e-05, 2.4936658519436605e-05, 1.9760705981752835e-05, 1.8152421034756117e-05, 2.598683931864798e-05, 1.7791255231713876e-05, 1.9852141122100875e-05], [0, 0.0007056758040562272, 8.994356903713197e-05, 5.412068639998324e-05, 3.065893179154955e-05, 2.6440939109306782e-05, 2.187349491578061e-05, 1.77757756318897e-05, 1.975459417735692e-05, 1.85725002666004e-05, 2.0869103536824696e-05, 1.987507494050078e-05, 1.9387278371141292e-05, 1.7510781617602333e-05, 2.424421109026298e-05, 1.4851906598778442e-05, 3.1183739338302985e-05, 1.930177131725941e-05, 1.3961773220216855e-05, 2.1524154362850823e-05, 1.730691292323172e-05], [0, 0.0007005679071880877, 9.638990013627335e-05, 5.516354212886654e-05, 3.271723835496232e-05, 2.6230005460092798e-05, 2.7877276806975715e-05, 2.588807365100365e-05, 2.6909705411526375e-05, 2.0287525330786593e-05, 1.9728178813238628e-05, 2.0142380890320055e-05, 1.721803710097447e-05, 2.053678508673329e-05, 1.9790575606748462e-05, 2.7839496397064067e-05, 1.948438693943899e-05, 1.6077703548944555e-05, 1.6202529877773486e-05, 1.2914004400954582e-05, 1.4535208720189985e-05], [0, 0.0006982896011322737, 8.286552474601194e-05, 5.359060742193833e-05, 3.456742342677899e-05, 2.9633611120516434e-05, 2.7312678867019713e-05, 2.459089046169538e-05, 2.7070755095337518e-05, 2.4834147552610375e-05, 3.102857226622291e-05, 2.546487667132169e-05, 1.9755334506044164e-05, 2.081489219563082e-05, 2.2087297111283988e-05, 1.576976865180768e-05, 2.5375491532031447e-05, 1.591728869243525e-05, 1.2364204849291127e-05, 1.7414929970982485e-05, 2.237275111838244e-05], [0, 0.000695219321642071, 8.789031562628224e-05, 4.966805499861948e-05, 3.2023432140704244e-05, 2.720808333833702e-05, 2.1510983060579747e-05, 2.0949853933416307e-05, 2.41288507822901e-05, 1.87775931408396e-05, 1.969672302948311e-05, 2.4995462808874436e-05, 2.4789700546534732e-05, 2.3417847842210904e-05, 2.0019659132231027e-05, 1.4604570424125995e-05, 1.2871650142187718e-05, 2.1551637473748997e-05, 1.4904200725140981e-05, 3.102522168774158e-05, 8.127503861032892e-06], [0, 0.0006963936029933393, 8.343267109012231e-05, 3.867221312248148e-05, 2.7478079573484138e-05, 2.2828695364296436e-05, 2.2477521270047873e-05, 2.268711796205025e-05, 2.2242378690862097e-05, 1.9585000700317323e-05, 2.201699862780515e-05, 2.0221790691721253e-05, 2.0751740521518514e-05, 1.7837735867942683e-05, 1.5174664440564811e-05, 1.4223778634914197e-05, 2.520265661587473e-05, 2.3530436010332778e-05, 1.129420616052812e-05, 7.208144779724535e-06, 2.2127504053059965e-05], [0, 0.0006932307151146233, 8.840062218951061e-05, 4.350908784545027e-05, 3.361659764777869e-05, 2.7252526706433855e-05, 2.2667369194095954e-05, 2.16578282561386e-05, 2.2063702999730594e-05, 2.051594310614746e-05, 2.807124656101223e-05, 2.2220863684196956e-05, 1.9304370653117076e-05, 2.090822636091616e-05, 1.772494761098642e-05, 1.9715469534276053e-05, 3.17905614792835e-05, 1.1396743502700701e-05, 6.1711689340882e-06, 0, 3.3663913200143725e-05], [0, 0.0006938179139979184, 8.458527008770034e-05, 3.4213746403111145e-05, 2.4216824385803193e-05, 2.3357186364592053e-05, 1.9720164345926605e-05, 2.007570947171189e-05, 1.8779632227960974e-05, 2.0085086362087168e-05, 2.5076556994463317e-05, 2.060022779915016e-05, 1.8127431758330204e-05, 1.84828295459738e-05, 1.919548049045261e-05, 2.3646323825232685e-05, 8.114320735330693e-06, 6.025013135513291e-06, 0, 4.692667062045075e-06, 5.320451236912049e-06], [0, 0.0004335204139351845, 6.472493259934708e-05, 2.954298906843178e-05, 3.0337794669321738e-05, 2.4833891075104475e-05, 2.22844973905012e-05, 1.8719678337220103e-05, 2.830982703017071e-05, 1.9920491467928514e-05, 2.346017754462082e-05, 1.9494475054671057e-05, 1.5271554730134085e-05, 1.5833493307582103e-05, 1.8756880308501422e-05, 1.1038299817300867e-05, 7.308978183573345e-06, 4.296834049455356e-06, 4.474880370253231e-06, 5.989725650579203e-06, 2.610026058391668e-05], [0, 0.0004448477702680975, 6.892920646350831e-05, 2.9529068342526443e-05, 2.7943986424361356e-05, 2.3744423742755316e-05, 2.1066138288006186e-05, 1.7717111404635943e-05, 2.898774437198881e-05, 2.6441946829436347e-05, 2.4680266506038606e-05, 2.1751722670160234e-05, 1.5687839550082572e-05, 1.5119682757358532e-05, 2.6006377083831467e-05, 1.557211908220779e-05, 8.921559128793888e-06, 1.604405406396836e-05, 1.505031468695961e-05, 8.45652994030388e-06, 2.610026058391668e-05]]}