{"alpha": 0.75, "beta": 0.5, "gamma": 1.0, "num_samples": 100, "node_count": 10, "density": 0.0, "startup_delay": 0.0, "forward_prob": 0, "epochs": [[0, 1, 2, 3, 4, 5, 6, 7, 8, 9, 10, 11, 12, 13, 14, 15, 16, 17, 18, 19, 20], [0, 1, 2, 3, 4, 5, 6, 7, 8, 9, 10, 11, 12, 13, 14, 15, 16, 17, 18, 19, 20], [0, 1, 2, 3, 4, 5, 6, 7, 8, 9, 10, 11, 12, 13, 14, 15, 16, 17, 18, 19, 20], [0, 1, 2, 3, 4, 5, 6, 7, 8, 9, 10, 11, 12, 13, 14, 15, 16, 17, 18, 19, 20], [0, 1, 2, 3, 4, 5, 6, 7, 8, 9, 10, 11, 12, 13, 14, 15, 16, 17, 18, 19, 20], [0, 1, 2, 3, 4, 5, 6, 7, 8, 9, 10, 11, 12, 13, 14, 15, 16, 17, 18, 19, 20], [0, 1, 2, 3, 4, 5, 6, 7, 8, 9, 10, 11, 12, 13, 14, 15, 16, 17, 18, 19, 20], [0, 1, 2, 3, 4, 5, 6, 7, 8, 9, 10, 11, 12, 13, 14, 15, 16, 17, 18, 19, 20], [0, 1, 2, 3, 4, 5, 6, 7, 8, 9, 10, 11, 12, 13, 14, 15, 16, 17, 18, 19, 20], [0, 1, 2, 3, 4, 5, 6, 7, 8, 9, 10, 11, 12, 13, 14, 15, 16, 17, 18, 19, 20]], "accuracies": [[9.37, 50.48, 50.47, 68.62, 69.48, 68.78, 61.73, 68.52, 71.25, 70.56, 70.99, 72.21, 72.18, 70.92, 68.36, 73.91, 72.18, 73.18, 72.93, 71.51, 73.24], [15.12, 61.25, 62.9, 68.72, 71.13, 72.4, 71.12, 71.16, 70.76, 71.57, 72.15, 73.29, 73.42, 74.77, 73.27, 73.36, 75.32, 71.88, 75.34, 72.69, 74.62], [9.64, 10.0, 45.91, 57.2, 67.74, 71.05, 69.83, 67.84, 72.55, 72.13, 73.64, 71.12, 75.24, 75.04, 68.11, 71.99, 71.6, 72.91, 71.5, 74.71, 74.19], [4.66, 31.23, 44.03, 66.93, 70.62, 71.02, 69.18, 68.21, 73.08, 69.32, 67.89, 71.4, 71.66, 73.78, 70.32, 68.6, 70.74, 73.09, 72.23, 72.3, 72.79], [10.19, 18.61, 55.47, 65.2, 70.29, 71.76, 72.21, 68.24, 69.59, 70.51, 69.72, 72.53, 73.16, 71.65, 74.12, 74.74, 72.95, 74.6, 73.7, 73.16, 73.43], [7.69, 19.55, 54.31, 61.87, 71.06, 71.72, 70.74, 68.99, 69.21, 70.96, 68.21, 71.68, 72.58, 72.46, 73.29, 69.45, 71.03, 72.74, 72.95, 73.16, 75.44], [8.96, 12.58, 43.3, 64.24, 67.56, 71.7, 71.86, 72.04, 72.79, 73.37, 73.58, 72.59, 73.72, 70.97, 73.32, 75.94, 76.29, 73.24, 75.06, 74.08, 76.42], [3.93, 18.59, 52.04, 62.3, 71.24, 73.58, 73.52, 74.24, 69.84, 74.78, 75.84, 73.02, 72.25, 66.17, 73.19, 72.39, 76.26, 76.06, 74.16, 72.82, 75.87], [11.71, 59.76, 64.45, 68.72, 70.57, 72.71, 73.35, 72.81, 70.97, 73.66, 73.75, 71.83, 73.55, 74.14, 74.38, 73.68, 73.06, 74.49, 73.67, 73.75, 72.64], [9.17, 10.0, 58.04, 67.3, 72.53, 72.86, 74.14, 72.19, 74.2, 74.94, 72.82, 74.56, 74.59, 74.64, 73.67, 75.44, 76.82, 76.72, 75.55, 75.33, 76.09]], "msds": [[0, 0.0007051097927615047, 0.00020876848429907113, 7.001031917752698e-05, 3.9234124415088445e-05, 2.8664597266470082e-05, 2.9664595786016434e-05, 2.443367338855751e-05, 8.715958392713219e-05, 6.301195389823988e-05, 4.592247205437161e-05, 4.32061824540142e-05, 3.880324948113412e-05, 3.5405955713940784e-05, 2.556823346822057e-05, 1.8680075299926102e-05, 2.195086381107103e-05, 2.134681199095212e-05, 1.5888999769231305e-05, 2.902475716837216e-05, 2.8685482902801596e-05], [0, 0.0006973759736865759, 0.0002135826216544956, 6.275422492763028e-05, 3.684577677631751e-05, 2.9597131288028322e-05, 2.5801518859225325e-05, 2.2445987269748002e-05, 7.607299630763009e-05, 6.083469634177163e-05, 4.9454622057965025e-05, 4.006589369964786e-05, 2.6617191906552762e-05, 3.834217932308093e-05, 5.535449236049317e-05, 2.9767557862214744e-05, 3.905675112036988e-05, 4.476371032069437e-05, 3.3693857403704897e-05, 3.6481767892837524e-05, 3.1415042030857876e-05], [0, 0.0006924004410393536, 0.00017360813217237592, 0.00010347821080358699, 7.052719593048096e-05, 5.5931450333446264e-05, 5.426364077720791e-05, 2.6498903025640175e-05, 4.362603431218304e-05, 2.6590225388645194e-05, 2.5811588784563355e-05, 2.47869647864718e-05, 2.1865744201932102e-05, 1.778205478331074e-05, 1.7062528058886528e-05, 1.2330069694144186e-05, 1.269923996005673e-05, 7.457902484020451e-06, 9.95850314211566e-06, 1.953118589881342e-05, 1.2497802345023956e-05], [0, 0.0006989772664383054, 0.00018975726561620831, 8.954692020779476e-05, 5.490900366567075e-05, 4.2001403926406056e-05, 4.22531011281535e-05, 8.955849625635892e-05, 4.663943764171563e-05, 2.8942922654096037e-05, 2.589031464594882e-05, 2.47869647864718e-05, 1.2949000847584102e-05, 2.6633815650711767e-05, 2.1315383492037654e-05, 1.2330069694144186e-05, 1.269923996005673e-05, 7.457902484020451e-06, 9.95850314211566e-06, 1.0983731044689193e-05, 2.8685482902801596e-05], [0, 0.0006947348592802882, 0.00018101310706697404, 9.251457231584936e-05, 6.719423981849104e-05, 5.4491636547027156e-05, 4.978146534995176e-05, 2.6498903025640175e-05, 1.641001654206775e-05, 3.139573891530745e-05, 2.7228525141254067e-05, 2.55537324846955e-05, 2.6519808670855127e-05, 3.1120307539822534e-05, 2.0078068700968288e-05, 2.8356223992886953e-05, 4.0038779843598604e-05, 2.8366828701109625e-05, 3.911845851689577e-05, 2.91486630885629e-05, 1.45842586789513e-05], [0, 0.0006959134479984641, 0.00019285615417174995, 8.468382293358445e-05, 5.1143615564797074e-05, 4.1673542000353336e-05, 3.983924398198724e-05, 8.2445825682953e-05, 4.061259824084118e-05, 2.4237560865003616e-05, 2.5732870199135505e-05, 1.7956652300199494e-05, 2.6128482204512693e-05, 1.6846379367052577e-05, 3.482342071947642e-05, 2.4511706214980222e-05, 2.3885470000095665e-05, 2.2124506358522922e-05, 2.599687286419794e-05, 1.846117083914578e-05, 2.3136879462981597e-05], [0, 0.0007032467401586473, 0.0001824794162530452, 9.51901965891011e-05, 6.208063859958202e-05, 4.997068754164502e-05, 4.59665316157043e-05, 4.6695397031726316e-05, 5.8980283938581124e-05, 6.928242510184646e-05, 9.229288843926042e-05, 4.2163923353655264e-05, 4.2880223190877587e-05, 4.360248567536473e-05, 2.035723446169868e-05, 3.6207933590048924e-05, 2.59536591329379e-05, 5.217301441007294e-05, 5.680808681063354e-05, 6.604902591789141e-05, 5.3837578889215365e-05], [0, 0.000704972306266427, 0.00018591384286992252, 0.00010296232358086854, 6.37748307781294e-05, 4.7580499085597694e-05, 4.337216159910895e-05, 3.9756851037964225e-05, 3.130438562948257e-05, 5.139669156051241e-05, 4.073949094163254e-05, 8.729744877200574e-05, 0.00010742875747382641, 0.00013796646089758724, 6.535778084071353e-05, 5.049550236435607e-05, 5.1334376621525735e-05, 2.5719040422700346e-05, 5.9396756114438176e-05, 2.941633647424169e-05, 3.085900243604556e-05], [0, 0.000698153511621058, 0.00021581050532404333, 7.454417209373787e-05, 3.7347777833929285e-05, 2.795997352222912e-05, 2.6413656087242998e-05, 2.127513289451599e-05, 5.235240678302944e-05, 3.897585338563658e-05, 2.4842653147061355e-05, 2.0072971892659552e-05, 1.3370778106036596e-05, 1.844136022555176e-05, 6.328828021651134e-05, 0.00013914189185015857, 0.00012847554171457887, 3.999472755822353e-05, 6.700349331367761e-05, 6.743636186001822e-05, 5.978600529488176e-05], [0, 0.0007005843799561262, 0.00020337849855422974, 9.018999844556674e-05, 4.97842556796968e-05, 3.672842285595834e-05, 3.326208388898522e-05, 3.575986920623109e-05, 4.182841439615004e-05, 3.1428917282028124e-05, 2.4842653147061355e-05, 2.0072971892659552e-05, 4.052089207107201e-05, 5.437180516310036e-05, 0.00014001042291056365, 8.94113109097816e-05, 0.00010379889863543212, 3.6384986742632464e-05, 5.9396756114438176e-05, 2.941633647424169e-05, 1.2465659892768599e-05]]}