{"alpha": 0.9, "beta": 0.5, "gamma": 7.0, "num_samples": 100, "node_count": 10, "density": 0.75, "startup_delay": 0.0, "forward_prob": 0, "epochs": [[0, 1, 2, 3, 4, 5, 6, 7, 8, 9, 10, 11, 12, 13, 14, 15, 16, 17, 18, 19, 20], [0, 1, 2, 3, 4, 5, 6, 7, 8, 9, 10, 11, 12, 13, 14, 15, 16, 17, 18, 19, 20], [0, 1, 2, 3, 4, 5, 6, 7, 8, 9, 10, 11, 12, 13, 14, 15, 16, 17, 18, 19, 20], [0, 1, 2, 3, 4, 5, 6, 7, 8, 9, 10, 11, 12, 13, 14, 15, 16, 17, 18, 19, 20], [0, 1, 2, 3, 4, 5, 6, 7, 8, 9, 10, 11, 12, 13, 14, 15, 16, 17, 18, 19, 20], [0, 1, 2, 3, 4, 5, 6, 7, 8, 9, 10, 11, 12, 13, 14, 15, 16, 17, 18, 19, 20], [0, 1, 2, 3, 4, 5, 6, 7, 8, 9, 10, 11, 12, 13, 14, 15, 16, 17, 18, 19, 20], [0, 1, 2, 3, 4, 5, 6, 7, 8, 9, 10, 11, 12, 13, 14, 15, 16, 17, 18, 19, 20], [0, 1, 2, 3, 4, 5, 6, 7, 8, 9, 10, 11, 12, 13, 14, 15, 16, 17, 18, 19, 20], [0, 1, 2, 3, 4, 5, 6, 7, 8, 9, 10, 11, 12, 13, 14, 15, 16, 17, 18, 19, 20]], "accuracies": [[10.14, 13.65, 58.53, 68.71, 71.53, 72.36, 74.19, 74.18, 75.49, 75.21, 74.28, 76.68, 77.01, 76.94, 77.71, 76.54, 78.02, 77.88, 78.15, 78.2, 77.83], [10.24, 19.28, 58.7, 68.6, 71.46, 72.37, 74.07, 74.28, 75.49, 75.17, 74.54, 76.95, 77.13, 77.17, 77.72, 76.47, 78.1, 77.98, 78.19, 78.23, 77.81], [11.08, 14.66, 59.97, 68.18, 71.39, 72.23, 74.22, 74.15, 74.81, 73.85, 76.47, 76.96, 77.15, 77.54, 77.49, 78.06, 77.81, 78.03, 77.94, 77.82, 77.77], [11.44, 20.3, 55.53, 67.93, 71.02, 72.29, 74.52, 75.41, 75.39, 74.58, 77.17, 76.71, 76.38, 77.35, 77.9, 78.0, 77.8, 77.84, 77.64, 78.04, 77.74], [5.22, 18.58, 54.5, 67.97, 71.05, 72.36, 74.58, 75.43, 75.32, 74.33, 77.04, 76.87, 76.54, 77.37, 77.84, 78.02, 77.88, 77.91, 77.74, 77.78, 77.83], [8.36, 19.85, 63.88, 67.99, 71.9, 74.39, 74.18, 75.44, 74.9, 76.5, 77.0, 76.97, 77.67, 77.81, 77.83, 77.85, 78.02, 77.71, 77.38, 76.12, 74.29], [13.79, 21.27, 62.93, 68.67, 70.78, 73.61, 74.37, 74.63, 74.61, 76.95, 76.53, 76.67, 77.5, 77.34, 77.8, 78.15, 77.64, 77.33, 76.57, 75.6, 76.3], [3.29, 52.67, 69.76, 74.1, 73.76, 75.24, 75.46, 76.53, 76.23, 77.09, 77.08, 77.42, 77.4, 77.52, 76.69, 73.4, 75.64, 74.26, 74.23, 74.05, 74.12], [10.02, 62.71, 71.09, 74.38, 74.62, 74.6, 76.76, 77.03, 77.13, 77.85, 77.89, 78.23, 77.78, 77.77, 75.35, 69.61, 72.75, 72.77, 72.95, 72.88, 72.91], [5.93, 52.35, 68.43, 72.56, 74.02, 74.37, 76.64, 76.2, 76.78, 77.32, 77.54, 78.14, 77.22, 77.43, 76.39, 76.09, 75.02, 75.23, 75.04, 75.18, 75.13]], "msds": [[0, 0.0007362634059973061, 0.0001269762869924307, 5.6732787925284356e-05, 3.772359195863828e-05, 2.577623672550544e-05, 2.3720373064861633e-05, 2.4733555619604886e-05, 1.944798896147404e-05, 2.9756416552118026e-05, 2.7224892619415186e-05, 2.392574242549017e-05, 2.396668969595339e-05, 1.898819209600333e-05, 1.6395932107116096e-05, 2.067544664896559e-05, 1.7600641513126902e-05, 2.750727981037926e-05, 2.242850860056933e-05, 1.1226099559280556e-05, 1.1351571629347745e-05], [0, 0.0007314224494621158, 0.00011439194349804893, 6.18136182310991e-05, 3.837962867692113e-05, 3.206971814506687e-05, 2.4569526431150734e-05, 2.4410930564044975e-05, 2.022282023972366e-05, 2.4974320695037022e-05, 2.7998199584544636e-05, 2.4076298359432258e-05, 2.1226380340522155e-05, 2.280010812683031e-05, 1.426237213308923e-05, 2.1198637114139274e-05, 1.7509632016299292e-05, 1.5381929188151844e-05, 1.3639599274029024e-05, 1.6351312297047116e-05, 1.2992298252356704e-05], [0, 0.0007308071362785995, 0.0001207984023494646, 6.015162944095209e-05, 3.637724876170978e-05, 3.1989933631848544e-05, 2.292698081873823e-05, 1.9865434296661988e-05, 2.5275638108723797e-05, 2.4634251531097107e-05, 2.430360109428875e-05, 1.9072242139372975e-05, 1.6948119082371704e-05, 1.387356678606011e-05, 2.0604338715202175e-05, 1.5463747331523336e-05, 1.4123683286015876e-05, 8.722888196643908e-06, 1.1180248293385375e-05, 1.2097301805624738e-05, 1.834758404584136e-05], [0, 0.00072881841333583, 0.00011790485586971045, 6.330222095130011e-05, 3.2881085644476116e-05, 2.5089138944167644e-05, 2.3369051632471383e-05, 2.362921259191353e-05, 3.7596943002427e-05, 3.393148654140532e-05, 2.1844241928192787e-05, 2.1178733732085675e-05, 1.738334321998991e-05, 1.9718650946742855e-05, 2.691512599994894e-05, 1.2396480087772943e-05, 1.9703333236975595e-05, 1.0324236427550204e-05, 1.2308575605857186e-05, 3.799451587838121e-05, 1.7585498426342383e-05], [0, 0.0007363685290329158, 0.00012520930613391101, 5.812937888549641e-05, 3.683432805701159e-05, 3.418575943214819e-05, 2.7268872145214118e-05, 2.616491838125512e-05, 2.6099080059793778e-05, 2.831725578289479e-05, 2.3294580387300812e-05, 1.9956103642471135e-05, 1.7785812815418467e-05, 1.658907967794221e-05, 2.9835462555638514e-05, 1.1197036656085402e-05, 1.4307009223557543e-05, 9.615823728381656e-06, 1.0928871233772952e-05, 1.398164386046119e-05, 2.619167025841307e-05], [0, 0.0007446696399711072, 0.00012511821114458144, 5.689913814421743e-05, 3.2916548661887646e-05, 2.4278158889501356e-05, 2.4564991690567695e-05, 2.6055580747197382e-05, 2.5033845304278657e-05, 3.226681292289868e-05, 1.990949567698408e-05, 1.6333808162016794e-05, 1.5668076230213046e-05, 2.3968466848600656e-05, 1.6731262803659774e-05, 2.3538497771369293e-05, 9.379664334119298e-06, 1.5031592738523614e-05, 1.5995419744285755e-05, 1.090922796720406e-05, 4.080501457792707e-05], [0, 0.0007360698073171079, 0.0001352074759779498, 5.945056182099506e-05, 3.846580511890352e-05, 2.9544782591983676e-05, 2.4333150577149354e-05, 2.1991449102642946e-05, 2.2326123144011945e-05, 2.503346695448272e-05, 2.063234023808036e-05, 2.4637498427182436e-05, 1.5103306395758409e-05, 1.8562916011433117e-05, 1.8870554413297214e-05, 1.1187090422026813e-05, 1.8300022929906845e-05, 1.2983937267563306e-05, 2.3596938262926415e-05, 1.5894182070042007e-05, 2.7256276098341914e-06], [0, 0.00038709401269443333, 5.698349195881747e-05, 3.391404607100412e-05, 2.5510191335342824e-05, 1.9848637748509645e-05, 2.4900462449295446e-05, 2.8187980205984786e-05, 2.003199369937647e-05, 1.6722427972126752e-05, 3.80650999431964e-05, 2.4465234673698433e-05, 1.3184002455091104e-05, 1.033078024192946e-05, 2.44392613240052e-05, 2.7823305572383106e-05, 1.1922740668524057e-05, 0, 0, 0, 0], [0, 0.00039110807119868696, 5.526133827515878e-05, 2.8666285288636573e-05, 2.7661748390528373e-05, 2.7608342861640267e-05, 2.767741898423992e-05, 1.8220884157926776e-05, 1.8058515706798062e-05, 2.4147680960595608e-05, 1.819753015297465e-05, 9.548252819513436e-06, 2.1622177882818505e-05, 1.3807351024297532e-05, 6.908245723025175e-06, 4.740346048492938e-05, 0, 0, 0, 0, 0], [0, 0.00039592807297594845, 6.531710823765025e-05, 4.628646274795756e-05, 3.237471901229583e-05, 2.9947570510557853e-05, 2.9390062991296872e-05, 2.818903340084944e-05, 2.5050294425454922e-05, 3.312668559374288e-05, 2.0790714188478887e-05, 2.5573444872861728e-05, 2.5628067305660807e-05, 2.637855322973337e-05, 8.044878995860927e-06, 8.376435289392248e-06, 0, 0, 0, 0, 0]]}