{"alpha": 0.75, "beta": 0.5, "gamma": 5.0, "num_samples": 100, "node_count": 10, "density": 1.0, "startup_delay": 2.0, "forward_prob": 0, "epochs": [[0, 1, 2, 3, 4, 5, 6, 7, 8, 9, 10, 11, 12, 13, 14, 15, 16, 17, 18, 19, 20], [0, 1, 2, 3, 4, 5, 6, 7, 8, 9, 10, 11, 12, 13, 14, 15, 16, 17, 18, 19, 20], [0, 1, 2, 3, 4, 5, 6, 7, 8, 9, 10, 11, 12, 13, 14, 15, 16, 17, 18, 19, 20], [0, 1, 2, 3, 4, 5, 6, 7, 8, 9, 10, 11, 12, 13, 14, 15, 16, 17, 18, 19, 20], [0, 1, 2, 3, 4, 5, 6, 7, 8, 9, 10, 11, 12, 13, 14, 15, 16, 17, 18, 19, 20], [0, 1, 2, 3, 4, 5, 6, 7, 8, 9, 10, 11, 12, 13, 14, 15, 16, 17, 18, 19, 20], [0, 1, 2, 3, 4, 5, 6, 7, 8, 9, 10, 11, 12, 13, 14, 15, 16, 17, 18, 19, 20], [0, 1, 2, 3, 4, 5, 6, 7, 8, 9, 10, 11, 12, 13, 14, 15, 16, 17, 18, 19, 20], [0, 1, 2, 3, 4, 5, 6, 7, 8, 9, 10, 11, 12, 13, 14, 15, 16, 17, 18, 19, 20], [0, 1, 2, 3, 4, 5, 6, 7, 8, 9, 10, 11, 12, 13, 14, 15, 16, 17, 18, 19, 20]], "accuracies": [[10.2, 16.99, 10.9, 37.23, 49.04, 35.79, 29.9, 39.53, 42.01, 48.83, 39.66, 45.05, 44.01, 49.41, 52.64, 59.23, 51.83, 46.98, 41.38, 62.75, 44.03], [5.87, 9.71, 10.0, 28.6, 49.42, 28.76, 32.83, 28.82, 48.31, 30.98, 49.52, 32.76, 41.67, 37.2, 55.08, 43.18, 47.12, 34.73, 49.17, 44.3, 51.47], [8.47, 10.0, 17.0, 43.08, 28.99, 29.01, 29.9, 39.77, 45.33, 49.31, 40.12, 53.15, 53.39, 46.34, 55.98, 62.64, 61.03, 67.67, 51.37, 63.08, 53.13], [10.86, 10.0, 27.3, 34.04, 27.7, 36.6, 28.13, 51.43, 28.87, 37.87, 38.57, 44.88, 43.15, 54.2, 47.41, 59.65, 47.82, 63.17, 40.75, 67.87, 48.29], [9.27, 10.0, 21.37, 45.25, 32.73, 50.47, 44.28, 43.32, 51.15, 52.13, 48.27, 58.26, 49.99, 48.98, 49.13, 49.46, 58.73, 56.47, 42.55, 62.79, 44.36], [10.72, 10.0, 24.84, 31.65, 30.79, 36.8, 30.07, 42.72, 41.32, 56.25, 39.41, 52.22, 30.94, 53.87, 32.63, 66.18, 40.7, 56.47, 44.86, 62.82, 38.34], [9.72, 19.65, 25.07, 38.74, 42.82, 41.67, 38.05, 51.97, 52.54, 51.58, 51.89, 48.14, 57.52, 52.51, 59.8, 69.31, 47.05, 60.61, 54.06, 57.97, 44.94], [11.29, 10.0, 26.55, 45.18, 34.79, 39.46, 29.58, 47.48, 39.4, 50.65, 50.92, 43.16, 50.76, 47.22, 47.99, 71.26, 49.15, 60.8, 42.64, 62.26, 44.94], [12.23, 21.2, 21.04, 34.66, 33.65, 31.12, 35.35, 32.64, 58.76, 36.64, 58.98, 35.82, 53.17, 42.1, 55.55, 48.5, 56.14, 40.97, 68.32, 38.62, 44.94], [9.66, 18.85, 23.32, 31.51, 40.55, 34.15, 47.83, 41.21, 51.8, 47.38, 51.07, 51.3, 53.65, 57.76, 66.33, 48.79, 46.98, 48.22, 64.41, 53.29, 44.94]], "msds": [[0, 0.0006756598013453186, 8.844453986966982e-05, 6.942549225641415e-05, 3.9827176806284115e-05, 3.364414442330599e-05, 4.48363643954508e-05, 3.655712862382643e-05, 3.4291966585442424e-05, 2.687220330699347e-05, 2.1412144633359276e-05, 4.6274908527266234e-05, 2.1321226086001843e-05, 3.796348028117791e-05, 1.985296512430068e-05, 2.086144741042517e-05, 2.1111327441758476e-05, 1.9295412130304612e-05, 2.482352647348307e-05, 3.046789970539976e-05, 2.6214358513243496e-05], [0, 0.000674462120514363, 0.0001062223018379882, 7.701005233684555e-05, 3.110267061856575e-05, 3.771081901504658e-05, 2.7877467800863087e-05, 5.871941175428219e-05, 3.102547998423688e-05, 3.9682461647316813e-05, 1.8912138330051675e-05, 5.366553523344919e-05, 2.3336537196883e-05, 5.0903679948532954e-05, 2.0325804143794812e-05, 2.8728389224852435e-05, 1.659116787777748e-05, 3.511565591907129e-05, 1.727429662423674e-05, 4.3291609472362325e-05, 1.8740085579338484e-05], [0, 0.0006752210319973528, 8.072862692642957e-05, 5.7335360907018185e-05, 3.3947915653698146e-05, 3.305835707578808e-05, 4.917208570986986e-05, 3.13810960506089e-05, 4.012510908069089e-05, 3.0444311050814576e-05, 2.4247241526609287e-05, 3.251075395382941e-05, 2.1014662706875242e-05, 3.431544246268459e-05, 2.3949825845193118e-05, 2.0030560335726477e-05, 1.908347985590808e-05, 1.9871034965035506e-05, 2.174897599616088e-05, 2.7308933567837812e-05, 2.086386302835308e-05], [0, 0.0006789292674511671, 9.321375546278432e-05, 6.194872548803687e-05, 3.850800567306578e-05, 3.8032620068406686e-05, 4.1110499296337366e-05, 3.1411465897690505e-05, 4.450778942555189e-05, 2.7912179575650953e-05, 3.0242721550166607e-05, 3.1516152375843376e-05, 2.7467218387755565e-05, 2.2472700948128477e-05, 2.4657847461639903e-05, 2.5299053959315643e-05, 2.3224225515150465e-05, 1.5033047020551749e-05, 2.90502721327357e-05, 2.0465198758756742e-05, 1.9655968571896665e-05], [0, 0.0006712425383739173, 8.429340232396498e-05, 6.804797885706648e-05, 3.359619586262852e-05, 3.8278587453532964e-05, 3.238285717088729e-05, 3.353268402861431e-05, 2.780322938633617e-05, 3.12481279252097e-05, 2.2544814783032052e-05, 2.3309978132601827e-05, 2.1238285626168363e-05, 2.4041230062721297e-05, 2.6015892217401415e-05, 1.8207691027782857e-05, 2.2486807210952975e-05, 1.3463009054248687e-05, 1.7790052879718132e-05, 3.0618808523286134e-05, 2.1936213670414872e-05], [0, 0.0006745028658770025, 9.372881322633475e-05, 6.246163684409112e-05, 3.5330063838046044e-05, 3.382084832992405e-05, 3.620026109274477e-05, 4.977888602297753e-05, 4.149232336203568e-05, 2.6954889108310454e-05, 3.6808578443014994e-05, 3.241484591853805e-05, 4.0585324313724414e-05, 2.9289227313711308e-05, 3.5602246498456225e-05, 2.1608193492284045e-05, 2.9761942641925998e-05, 1.465899549657479e-05, 3.363031646586023e-05, 2.6482015528017655e-05, 3.174243101966567e-05], [0, 0.0004942028317600489, 9.366602898808196e-05, 4.790671664522961e-05, 3.664363612188026e-05, 4.5190201490186155e-05, 4.69183360110037e-05, 4.80648668599315e-05, 2.603333086881321e-05, 2.3500420866184868e-05, 3.05873436445836e-05, 2.3203801902127452e-05, 3.1885581847745925e-05, 2.596704325696919e-05, 2.1417228708742186e-05, 1.69109771377407e-05, 1.684706330706831e-05, 2.104660597979091e-05, 2.843677248165477e-05, 1.799985511752311e-05, 3.8751913962187245e-05], [0, 0.0004456227470654994, 9.371378837386146e-05, 3.514538911986165e-05, 3.3481919672340155e-05, 3.2015337637858465e-05, 3.7609930586768314e-05, 3.2826410460984334e-05, 2.7336247512721457e-05, 3.442571687628515e-05, 2.7421434424468316e-05, 1.8678729247767478e-05, 2.945337473647669e-05, 2.3559558030683547e-05, 3.0812370823696256e-05, 1.4024017218616791e-05, 1.4884139091009274e-05, 1.707084447843954e-05, 2.5025368813658133e-05, 1.7268626834265888e-05, 3.241850572521798e-05], [0, 0.00046649668365716934, 9.418536501470953e-05, 4.119599543628283e-05, 3.407073745620437e-05, 3.737347651622258e-05, 3.5392095014685765e-05, 4.732399247586727e-05, 2.3779439288773574e-05, 2.716647577472031e-05, 2.855931597878225e-05, 2.9184713639551774e-05, 3.304711208329536e-05, 2.5955328965210356e-05, 2.432905421301257e-05, 2.410098386462778e-05, 1.5812129277037457e-05, 2.9169541448936798e-05, 2.0807858163607307e-05, 2.114279050147161e-05, 2.792866507661529e-05], [0, 0.00046915357233956456, 0.00010581096285022795, 4.088994683115743e-05, 3.442565866862424e-05, 3.96049945265986e-05, 3.3931140933418646e-05, 3.655415275716223e-05, 2.1070112779852934e-05, 2.109775050485041e-05, 3.0649018299300224e-05, 2.1381132683018222e-05, 3.0581817554775625e-05, 1.784172491170466e-05, 2.5222543627023697e-05, 1.7285376088693738e-05, 1.4853174434392713e-05, 2.9062826797598973e-05, 2.2073121726862155e-05, 2.7170213797944598e-05, 2.8749171178787947e-05]]}