{"alpha": 0.75, "beta": 0.5, "gamma": 8.0, "num_samples": 100, "node_count": 10, "density": 1.0, "startup_delay": 0.0, "forward_prob": 0, "epochs": [[0, 1, 2, 3, 4, 5, 6, 7, 8, 9, 10, 11, 12, 13, 14, 15, 16, 17, 18, 19, 20], [0, 1, 2, 3, 4, 5, 6, 7, 8, 9, 10, 11, 12, 13, 14, 15, 16, 17, 18, 19, 20], [0, 1, 2, 3, 4, 5, 6, 7, 8, 9, 10, 11, 12, 13, 14, 15, 16, 17, 18, 19, 20], [0, 1, 2, 3, 4, 5, 6, 7, 8, 9, 10, 11, 12, 13, 14, 15, 16, 17, 18, 19, 20], [0, 1, 2, 3, 4, 5, 6, 7, 8, 9, 10, 11, 12, 13, 14, 15, 16, 17, 18, 19, 20], [0, 1, 2, 3, 4, 5, 6, 7, 8, 9, 10, 11, 12, 13, 14, 15, 16, 17, 18, 19, 20], [0, 1, 2, 3, 4, 5, 6, 7, 8, 9, 10, 11, 12, 13, 14, 15, 16, 17, 18, 19, 20], [0, 1, 2, 3, 4, 5, 6, 7, 8, 9, 10, 11, 12, 13, 14, 15, 16, 17, 18, 19, 20], [0, 1, 2, 3, 4, 5, 6, 7, 8, 9, 10, 11, 12, 13, 14, 15, 16, 17, 18, 19, 20], [0, 1, 2, 3, 4, 5, 6, 7, 8, 9, 10, 11, 12, 13, 14, 15, 16, 17, 18, 19, 20]], "accuracies": [[9.84, 14.53, 47.64, 60.32, 67.95, 71.85, 70.88, 72.72, 72.49, 75.32, 75.8, 74.79, 75.67, 76.95, 77.35, 77.62, 76.8, 77.49, 78.01, 78.33, 77.99], [5.32, 10.0, 55.34, 61.65, 68.51, 72.78, 71.15, 72.99, 74.11, 75.38, 75.7, 75.54, 73.55, 75.52, 76.72, 77.69, 77.79, 77.7, 78.24, 77.95, 76.85], [7.34, 10.01, 54.96, 61.36, 67.89, 72.0, 71.31, 74.02, 73.17, 75.42, 75.73, 75.09, 75.3, 76.38, 76.92, 77.86, 77.44, 78.26, 77.9, 78.51, 77.89], [10.33, 10.0, 51.51, 60.48, 68.13, 71.51, 69.82, 71.83, 72.86, 74.55, 75.63, 75.39, 74.99, 76.57, 76.49, 77.21, 77.29, 78.06, 77.53, 78.43, 77.66], [4.16, 10.04, 52.56, 61.19, 68.6, 71.0, 69.72, 73.48, 72.37, 74.72, 75.1, 74.67, 74.14, 76.05, 75.27, 76.9, 77.27, 77.63, 77.38, 77.25, 75.72], [12.25, 17.09, 52.43, 60.54, 67.28, 71.76, 71.43, 72.24, 72.57, 74.68, 75.03, 75.17, 74.71, 75.87, 76.25, 77.44, 76.77, 77.35, 77.47, 78.12, 77.0], [4.46, 10.08, 51.83, 61.6, 68.24, 71.22, 71.27, 73.53, 73.36, 75.19, 75.88, 75.89, 75.27, 76.29, 77.8, 77.96, 77.49, 78.11, 78.25, 78.26, 77.54], [8.43, 10.0, 57.08, 61.49, 70.13, 72.18, 72.56, 74.18, 73.69, 75.02, 75.47, 74.59, 75.11, 76.15, 77.24, 77.54, 77.45, 78.12, 78.06, 77.96, 77.02], [6.9, 17.12, 55.56, 60.89, 68.38, 71.49, 70.15, 73.44, 72.71, 74.81, 73.77, 73.96, 74.64, 75.71, 77.08, 75.96, 76.77, 77.21, 77.72, 77.96, 77.14], [8.92, 19.2, 55.1, 63.03, 67.99, 71.93, 70.9, 73.1, 73.32, 75.14, 75.53, 74.53, 75.24, 75.11, 77.32, 77.8, 77.93, 78.09, 76.79, 78.34, 77.82]], "msds": [[0, 0.0006995649309828877, 8.531803905498236e-05, 5.237290315562859e-05, 3.240700243622996e-05, 2.618334474391304e-05, 2.4956536435638554e-05, 2.223872252216097e-05, 2.3968317691469565e-05, 2.1126259525772184e-05, 2.401689562248066e-05, 2.1346198991523124e-05, 1.9798872017418034e-05, 1.942010385391768e-05, 2.0562703866744414e-05, 1.7985616068472154e-05, 3.8356352888513356e-05, 2.061917257378809e-05, 1.5478208297281526e-05, 1.4454808479058556e-05, 1.4476810974883847e-05], [0, 0.0006956790457479656, 8.93307151272893e-05, 5.400366353569552e-05, 3.548708627931774e-05, 2.9790864573442377e-05, 2.8883659979328513e-05, 2.334609962417744e-05, 2.2288912077783607e-05, 1.8929011275758967e-05, 2.2810509108239785e-05, 2.136915281880647e-05, 3.460239531705156e-05, 2.4681532522663474e-05, 2.192469582951162e-05, 1.9384007828193717e-05, 2.2629150407738052e-05, 2.8602993552340195e-05, 1.3163998119125608e-05, 3.2769392419140786e-05, 1.744049950502813e-05], [0, 0.0007064150995574892, 8.732092101126909e-05, 4.789109880221076e-05, 3.2656564144417644e-05, 2.2981092115514912e-05, 2.2688074750476517e-05, 1.9049521142733283e-05, 2.2223601263249293e-05, 2.127746120095253e-05, 1.739537219691556e-05, 2.0866993509116583e-05, 1.8696573533816263e-05, 2.363167004659772e-05, 1.7551867131260224e-05, 1.7587895854376256e-05, 2.6040888769784942e-05, 1.9585715563152917e-05, 2.16687039937824e-05, 1.6337706256308593e-05, 1.3587765351985581e-05], [0, 0.0006924113258719444, 9.329152089776471e-05, 5.260285979602486e-05, 3.1301035051001236e-05, 2.3293796402867883e-05, 2.6015850380645134e-05, 2.191080420743674e-05, 1.7224718249053694e-05, 1.6750593204051256e-05, 2.124266939063091e-05, 1.9697745301527902e-05, 1.6306659745168872e-05, 1.8131422621081583e-05, 2.0921344912494533e-05, 2.377384589635767e-05, 2.342845436942298e-05, 1.6578924260102212e-05, 1.2897437045467086e-05, 1.4298847418103833e-05, 1.3596476492239162e-05], [0, 0.0006969925598241389, 8.84587352629751e-05, 5.2832980145467445e-05, 3.39194193657022e-05, 2.7325397240929306e-05, 2.8410002414602786e-05, 2.329931521671824e-05, 2.0688668882939965e-05, 1.977409192477353e-05, 1.953600803972222e-05, 3.1020885217003524e-05, 2.0583645891747437e-05, 1.9020593754248694e-05, 2.9702976462431252e-05, 1.705098111415282e-05, 3.162563007208519e-05, 2.2895152142154984e-05, 1.4521294360747561e-05, 2.4058434064500034e-05, 3.083408228121698e-05], [0, 0.0007034448208287358, 8.657289436087012e-05, 5.3384901548270136e-05, 3.876633127219975e-05, 2.6462887035449967e-05, 2.6651132429833524e-05, 2.499110451026354e-05, 2.1291683879098855e-05, 2.0962968847015873e-05, 2.595469413790852e-05, 2.261514418933075e-05, 2.162864439014811e-05, 1.8749606169876643e-05, 2.2730959244654514e-05, 1.985373455681838e-05, 3.387463220860809e-05, 2.202837640652433e-05, 1.9184304619557224e-05, 1.5137914488150273e-05, 1.8714505131356418e-05], [0, 0.0006959757884033024, 8.382328815059736e-05, 4.828604869544506e-05, 3.408951670280658e-05, 2.5370323783135973e-05, 2.741902972047683e-05, 2.516492168069817e-05, 2.2141117369756103e-05, 1.802650876925327e-05, 2.1016401660745032e-05, 2.6185254682786763e-05, 2.097340620821342e-05, 2.0975958250346594e-05, 1.704861097096e-05, 2.05978358280845e-05, 3.3715336030581966e-05, 1.870292726380285e-05, 1.4182333870849106e-05, 1.6405687347287312e-05, 2.3966100343386643e-05], [0, 0.0007027661777101457, 9.173619037028402e-05, 4.82641116832383e-05, 3.361124618095346e-05, 2.3482214601244777e-05, 2.172439417336136e-05, 1.8392054698779248e-05, 2.0256960851838812e-05, 1.427469942427706e-05, 1.6317047993652523e-05, 1.8483933672541752e-05, 1.4977806131355464e-05, 1.6447167581645772e-05, 1.792251532606315e-05, 1.905652607092634e-05, 2.2422282199840993e-05, 1.508655805082526e-05, 1.481216440879507e-05, 2.4384547941735946e-05, 1.9135837646899745e-05], [0, 0.0006991407717578113, 8.810195868136361e-05, 5.089418846182525e-05, 3.368001853232272e-05, 2.802175731630996e-05, 3.227102570235729e-05, 2.143623169104103e-05, 2.1086098058731295e-05, 1.9388167856959626e-05, 2.2120471840025857e-05, 2.901608604588546e-05, 1.7901125829666853e-05, 2.8103917429689318e-05, 1.9431607142905705e-05, 1.9290971977170557e-05, 2.3606567992828786e-05, 1.929973586811684e-05, 1.3590102753369138e-05, 1.4080616892897524e-05, 1.4129253031569533e-05], [0, 0.0007000971236266196, 8.554722444387153e-05, 5.022568802814931e-05, 3.246451888117008e-05, 3.076991197303869e-05, 2.2399506633519195e-05, 1.9371993403183296e-05, 1.700503344181925e-05, 1.5917066775728017e-05, 1.6995461919577792e-05, 1.987060568353627e-05, 1.468009031668771e-05, 2.3464477635570802e-05, 1.563767364132218e-05, 1.9108727428829297e-05, 1.8441967768012546e-05, 1.3960220712760929e-05, 1.4352882317325566e-05, 1.3244710316939745e-05, 1.7119718904723413e-05]]}