{"alpha": 0.75, "beta": 0.5, "gamma": 3.0, "num_samples": 1000, "node_count": 10, "density": 0.5, "startup_delay": 0.0, "forward_prob": 0, "epochs": [[0, 1, 2, 3, 4, 5, 6, 7, 8, 9, 10, 11, 12, 13, 14, 15, 16, 17, 18, 19, 20], [0, 1, 2, 3, 4, 5, 6, 7, 8, 9, 10, 11, 12, 13, 14, 15, 16, 17, 18, 19, 20], [0, 1, 2, 3, 4, 5, 6, 7, 8, 9, 10, 11, 12, 13, 14, 15, 16, 17, 18, 19, 20], [0, 1, 2, 3, 4, 5, 6, 7, 8, 9, 10, 11, 12, 13, 14, 15, 16, 17, 18, 19, 20], [0, 1, 2, 3, 4, 5, 6, 7, 8, 9, 10, 11, 12, 13, 14, 15, 16, 17, 18, 19, 20], [0, 1, 2, 3, 4, 5, 6, 7, 8, 9, 10, 11, 12, 13, 14, 15, 16, 17, 18, 19, 20], [0, 1, 2, 3, 4, 5, 6, 7, 8, 9, 10, 11, 12, 13, 14, 15, 16, 17, 18, 19, 20], [0, 1, 2, 3, 4, 5, 6, 7, 8, 9, 10, 11, 12, 13, 14, 15, 16, 17, 18, 19, 20], [0, 1, 2, 3, 4, 5, 6, 7, 8, 9, 10, 11, 12, 13, 14, 15, 16, 17, 18, 19, 20], [0, 1, 2, 3, 4, 5, 6, 7, 8, 9, 10, 11, 12, 13, 14, 15, 16, 17, 18, 19, 20]], "accuracies": [[5.97, 10.0, 47.5, 77.13, 80.07, 82.69, 83.94, 84.22, 84.09, 85.59, 85.64, 85.4, 86.14, 86.22, 86.0, 86.43, 86.3, 86.47, 86.7, 86.42, 86.52], [7.26, 28.68, 55.05, 76.08, 80.74, 82.23, 83.63, 83.81, 84.22, 85.5, 85.39, 85.53, 85.87, 85.98, 85.73, 86.13, 86.41, 86.1, 86.5, 86.45, 86.31], [10.67, 27.64, 55.05, 78.09, 81.37, 82.86, 83.32, 84.23, 84.9, 85.32, 85.78, 85.44, 85.98, 86.23, 85.81, 86.26, 86.27, 86.42, 86.63, 86.61, 86.54], [13.62, 33.24, 63.42, 74.45, 79.75, 82.07, 83.67, 84.09, 84.75, 85.57, 85.59, 85.87, 86.19, 86.16, 86.31, 86.67, 86.49, 86.39, 86.64, 86.45, 86.25], [7.64, 16.08, 48.4, 76.27, 80.99, 82.17, 81.82, 84.07, 84.88, 85.03, 85.83, 85.14, 86.3, 86.36, 86.43, 86.37, 86.54, 86.56, 86.93, 86.59, 86.86], [10.27, 10.62, 50.98, 75.55, 79.75, 82.67, 83.78, 83.62, 85.07, 85.33, 85.82, 85.38, 86.35, 86.3, 86.37, 86.59, 86.08, 86.6, 86.79, 86.47, 86.62], [10.11, 18.6, 67.49, 78.02, 81.17, 82.25, 83.53, 84.23, 84.61, 85.39, 85.82, 84.56, 85.9, 86.32, 86.26, 86.31, 86.25, 86.45, 86.55, 86.43, 86.48], [4.57, 10.0, 53.64, 78.3, 80.33, 82.4, 83.02, 84.25, 85.02, 85.17, 85.46, 85.18, 86.0, 86.21, 86.01, 86.43, 86.25, 86.43, 86.64, 86.47, 86.84], [9.79, 10.43, 45.56, 73.4, 79.44, 81.75, 83.85, 84.11, 84.78, 85.33, 84.62, 85.68, 86.25, 86.13, 86.11, 86.61, 86.23, 86.17, 86.89, 86.86, 86.78], [6.36, 12.37, 63.27, 75.71, 80.45, 82.31, 83.33, 84.02, 84.54, 84.73, 85.35, 85.04, 85.87, 86.34, 85.95, 86.26, 86.12, 86.37, 86.73, 86.3, 86.67]], "msds": [[0, 0.0008627235074527562, 0.00040521068149246275, 0.00016771275841165334, 0.00011492751946207136, 0.00011676273425109684, 0.00013787236821372062, 0.00015034603711683303, 0.00014978536637499928, 0.00013522359950002283, 0.00010880133049795404, 0.0001234114170074463, 0.00010459529585205019, 9.596637391950935e-05, 0.00011062880366807804, 7.091795851010829e-05, 7.789620576659217e-05, 0.00010262336581945419, 9.738875087350607e-05, 8.481259283144027e-05, 5.787353802588768e-05], [0, 0.0008435264462605119, 0.0003704070986714214, 0.00017941195983439684, 0.00011149734200444072, 0.00013266103633213788, 0.000118275624117814, 0.0001402919733664021, 0.00014755995653104037, 0.00014128693146631122, 0.00012310378951951861, 0.00012442686420399696, 0.00011022170656360686, 0.000101854806416668, 0.00013289488560985774, 0.00010471104906173423, 9.349502943223342e-05, 0.00013975299953017384, 0.00012836209498345852, 0.00010835294960997999, 8.01389614935033e-05], [0, 0.0008777196635492146, 0.0003399259876459837, 0.00017375800234731287, 0.00011878995428560302, 0.00013598853547591716, 0.0001270531356567517, 0.00015468880883418024, 0.00013790967932436615, 0.00014449853915721178, 0.00011571803770493716, 0.00010700176062528044, 0.00010891356214415282, 0.00010608822049107403, 9.994491847464815e-05, 0.00010148729052161798, 0.0001078523782780394, 0.00012713517935480922, 9.823777509154752e-05, 7.226849993458018e-05, 7.829883543308824e-05], [0, 0.0008497501839883626, 0.0003162378561682999, 0.0002567044284660369, 0.00014575105160474777, 0.00013376123388297856, 0.00013287168985698372, 0.00015617607277818024, 0.0001534163748146966, 0.00014699363964609802, 0.00015647296095266938, 0.00013655389193445444, 0.00013053545262664557, 0.00011429614824010059, 0.00012353631609585136, 0.00010210239270236343, 0.00010407931404188275, 0.00013392811524681747, 0.00011045842984458432, 0.00011980540148215368, 8.983259613160044e-05], [0, 0.0008648086804896593, 0.00031985618988983333, 0.00019493165018502623, 0.00012105607311241329, 0.0001290579530177638, 0.00013108563143759966, 0.00014780554920434952, 0.0001366175274597481, 0.000116180774057284, 0.00011579662532312796, 0.00011528364120749757, 0.00010667985043255612, 9.650409629102796e-05, 0.00010867440141737461, 8.89576185727492e-05, 7.914249727036804e-05, 0.00014604222087655216, 6.738131196470931e-05, 0.00011852459283545613, 5.820469596073963e-05], [0, 0.0008503253920935094, 0.0003506903303787112, 0.00017840332293417305, 0.00011635685950750485, 0.00013668244355358183, 0.00012391591735649854, 0.0001540700759505853, 0.00015565313515253365, 0.00012761341349687427, 0.0001240401470568031, 0.00012627227988559753, 0.00012165695079602301, 0.00010447596287121996, 0.00011038994125556201, 8.687441004440188e-05, 8.915947546483949e-05, 0.0001170211035059765, 9.561373008182272e-05, 9.218153718393296e-05, 6.40299913357012e-05], [0, 0.0008694690768606961, 0.00031885012867860496, 0.00019966815307270736, 0.00012889341451227665, 0.00013146686251275241, 0.0001409491669619456, 0.00014302069030236453, 0.00015856583195272833, 0.00013933211448602378, 0.0001189840622828342, 0.000102708421763964, 0.00011982436990365386, 0.00010364101035520434, 0.00012759605306200683, 9.808957838686183e-05, 9.980457980418578e-05, 0.00011378082126611844, 7.558082870673388e-05, 0.0001515545736765489, 7.954334432724863e-05], [0, 0.0008556458633393049, 0.00036604973138310015, 0.00017775494779925793, 0.00012176294694654644, 0.00013005014625377953, 0.00014053142513148487, 0.00014766064123250544, 0.0001404248469043523, 0.00016273034270852804, 0.00012164440704509616, 0.0001334695698460564, 0.00011298304161755368, 0.0001018186449073255, 0.00013355599367059767, 7.944557728478685e-05, 8.235757559305057e-05, 0.00010219807154498994, 6.643626693403348e-05, 0.00011753739818232134, 5.254620919004083e-05], [0, 0.0008511498454026878, 0.00043882173486053944, 0.0002116411051247269, 0.00014087431191001087, 0.00013793926336802542, 0.00015058131248224527, 0.00015373347559943795, 0.00016581332602072507, 0.00014674161502625793, 0.00014225486665964127, 0.00015506248746532947, 0.00012420107668731362, 0.00011270047252764925, 0.0001203516949317418, 8.547019388061017e-05, 8.399462967645377e-05, 9.744469571160153e-05, 9.040781151270494e-05, 7.975746120791882e-05, 6.481923628598452e-05], [0, 0.0008883869159035385, 0.0003163290675729513, 0.00020917515212204307, 0.0001487270201323554, 0.0001398859021719545, 0.00014186024782247841, 0.00017110105545725673, 0.00015867668844293803, 0.00012946694914717227, 0.00014703972556162626, 0.00011763225484173745, 0.0001386955991620198, 0.0001143425251939334, 0.00012396243982948363, 0.00010146229760721326, 0.00011853619798785076, 0.00010470837878528982, 0.00012286152923479676, 0.00011548260226845741, 8.126199099933729e-05]]}