{"alpha": 0.75, "beta": 0.5, "gamma": 1.0, "num_samples": 25, "node_count": 10, "density": 0.0, "startup_delay": 2.0, "forward_prob": 0, "epochs": [[0, 1, 2, 3, 4, 5, 6, 7, 8, 9, 10, 11, 12, 13, 14, 15, 16, 17, 18, 19, 20], [0, 1, 2, 3, 4, 5, 6, 7, 8, 9, 10, 11, 12, 13, 14, 15, 16, 17, 18, 19, 20], [0, 1, 2, 3, 4, 5, 6, 7, 8, 9, 10, 11, 12, 13, 14, 15, 16, 17, 18, 19, 20], [0, 1, 2, 3, 4, 5, 6, 7, 8, 9, 10, 11, 12, 13, 14, 15, 16, 17, 18, 19, 20], [0, 1, 2, 3, 4, 5, 6, 7, 8, 9, 10, 11, 12, 13, 14, 15, 16, 17, 18, 19, 20], [0, 1, 2, 3, 4, 5, 6, 7, 8, 9, 10, 11, 12, 13, 14, 15, 16, 17, 18, 19, 20], [0, 1, 2, 3, 4, 5, 6, 7, 8, 9, 10, 11, 12, 13, 14, 15, 16, 17, 18, 19, 20], [0, 1, 2, 3, 4, 5, 6, 7, 8, 9, 10, 11, 12, 13, 14, 15, 16, 17, 18, 19, 20], [0, 1, 2, 3, 4, 5, 6, 7, 8, 9, 10, 11, 12, 13, 14, 15, 16, 17, 18, 19, 20], [0, 1, 2, 3, 4, 5, 6, 7, 8, 9, 10, 11, 12, 13, 14, 15, 16, 17, 18, 19, 20]], "accuracies": [[9.6, 27.14, 27.55, 27.84, 31.63, 29.01, 36.68, 33.94, 37.36, 42.65, 45.16, 46.52, 49.38, 49.3, 51.05, 29.27, 38.06, 38.77, 44.9, 40.91, 30.65], [8.69, 27.5, 26.85, 27.47, 27.74, 27.9, 27.09, 33.13, 32.29, 59.29, 57.54, 58.16, 57.05, 60.1, 54.94, 53.67, 27.56, 42.72, 31.97, 43.07, 39.48], [2.02, 27.91, 28.25, 28.75, 29.14, 29.28, 44.74, 46.13, 33.69, 34.39, 29.85, 38.49, 25.59, 28.75, 51.12, 25.15, 33.14, 27.66, 33.4, 56.5, 57.46], [7.6, 10.0, 23.37, 27.99, 27.71, 36.79, 32.2, 31.3, 38.03, 31.23, 47.17, 35.34, 43.4, 35.9, 43.98, 68.3, 34.4, 45.44, 35.62, 41.1, 46.15], [8.92, 22.2, 24.67, 27.12, 26.48, 26.9, 24.01, 26.78, 27.09, 25.95, 32.29, 27.4, 27.23, 27.42, 28.54, 38.39, 29.02, 34.78, 41.29, 49.62, 35.93], [3.44, 19.99, 19.96, 12.61, 10.6, 19.48, 21.26, 24.39, 27.73, 28.41, 43.58, 37.91, 41.99, 48.66, 28.11, 37.83, 50.01, 42.84, 47.93, 45.08, 55.68], [13.52, 22.32, 27.92, 13.24, 16.2, 18.63, 29.65, 36.0, 35.35, 34.21, 34.48, 36.57, 35.16, 38.47, 34.5, 37.13, 42.13, 35.12, 37.65, 44.1, 33.06], [6.8, 12.75, 24.76, 22.14, 23.46, 23.58, 33.18, 30.02, 32.81, 33.74, 29.62, 25.75, 35.19, 32.78, 38.71, 33.93, 34.84, 41.68, 38.0, 37.07, 30.45], [5.59, 36.78, 28.24, 29.69, 34.25, 27.68, 44.08, 43.84, 49.87, 32.36, 52.3, 28.99, 28.7, 33.66, 45.11, 43.62, 35.26, 29.72, 29.29, 29.13, 29.11], [10.15, 10.41, 27.76, 28.0, 28.19, 31.54, 29.05, 29.92, 28.25, 34.44, 30.8, 27.07, 27.64, 28.18, 35.65, 32.79, 27.76, 23.37, 23.46, 23.42, 23.4]], "msds": [[0, 0.0006461996235884726, 0.00021885371825192124, 7.169603486545384e-05, 3.7633748434018344e-05, 6.473762186942622e-05, 5.1218466978752986e-05, 3.5525390558177605e-05, 3.086461219936609e-05, 2.1995459974277765e-05, 3.088517041760497e-05, 2.8454014682210982e-05, 4.161744436714798e-05, 3.1214985938277096e-05, 5.196607526158914e-05, 6.807360477978364e-05, 8.235419227275997e-05, 7.14785055606626e-05, 6.381646380759776e-05, 9.686592238722369e-05, 8.297293970827013e-05], [0, 0.0006461996235884726, 0.00021885371825192124, 7.169603486545384e-05, 3.7633748434018344e-05, 2.0400379071361385e-05, 5.698850509361364e-05, 3.258936703787185e-05, 3.53984723915346e-05, 5.333757871994749e-05, 4.318918945500627e-05, 3.3998618164332584e-05, 3.1028466764837503e-05, 3.15717225021217e-05, 4.178825838607736e-05, 3.5321983887115493e-05, 0.00011485999129945412, 9.510962991043925e-05, 0.00010992180614266545, 0.00011274874123046175, 6.416298128897324e-05], [0, 0.00064412213396281, 0.0001671097124926746, 0.00017326732631772757, 6.199278868734837e-05, 3.9505070162704214e-05, 4.112673195777461e-05, 3.3700987842166796e-05, 4.59747388958931e-05, 2.9927410650998354e-05, 2.4246815883088857e-05, 2.0273071640986018e-05, 2.1173795175855048e-05, 5.0694139645202085e-05, 3.4261818655068055e-05, 4.707273546955548e-05, 2.4656530513311736e-05, 3.272285539424047e-05, 1.9732897271751426e-05, 4.0689610614208505e-05, 3.373119398020208e-05], [0, 0.000601050618570298, 0.0001965063129318878, 6.473762186942622e-05, 4.5448388846125454e-05, 3.8983231206657365e-05, 2.4205837689805776e-05, 1.9975161194452085e-05, 1.79747130459873e-05, 3.293659392511472e-05, 5.198533472139388e-05, 3.347884921822697e-05, 3.7949848774587736e-05, 4.1895902541000396e-05, 6.334384670481086e-05, 4.514908869168721e-05, 5.083867290522903e-05, 5.150689685251564e-05, 6.110904359957203e-05, 5.8686120610218495e-05, 4.0268943848786876e-05], [0, 0.0006583129288628697, 0.0002807590353768319, 0.00011189086217200384, 0.00012306190910749137, 0.00011189970246050507, 6.960811879253015e-05, 4.9856498662848026e-05, 4.2444935388630256e-05, 3.757130980375223e-05, 3.911250314558856e-05, 3.879148789565079e-05, 8.688183879712597e-05, 4.2565912735881284e-05, 4.6606208343291655e-05, 6.26998080406338e-05, 3.542759077390656e-05, 3.264586121076718e-05, 2.5035567887243815e-05, 1.4599662790715229e-05, 1.6853395209182054e-05], [0, 0.0005582314915955067, 0.00010247313184663653, 0.0001345688506262377, 9.610637061996385e-05, 5.479345782077871e-05, 4.069535862072371e-05, 4.05126775149256e-05, 1.8014332454185933e-05, 1.64579032571055e-05, 2.955442869279068e-05, 4.4169330067234114e-05, 7.584695413243026e-05, 4.8486512241652235e-05, 4.707273546955548e-05, 6.26998080406338e-05, 3.542759077390656e-05, 3.317777736810967e-05, 2.0544386643450707e-05, 1.4599662790715229e-05, 1.6853395209182054e-05], [0, 0.0005504422588273883, 0.00010348244541091844, 0.00012775935465469956, 8.12185971881263e-05, 6.017255145707168e-05, 4.44406941824127e-05, 5.143682938069105e-05, 4.1840488847810775e-05, 3.2035728509072214e-05, 3.0049957786104642e-05, 2.360970938752871e-05, 4.449626067071222e-05, 3.479018050711602e-05, 3.787014429690316e-05, 7.351916428888217e-05, 4.5291650167200714e-05, 6.036054401192814e-05, 5.072424028185196e-05, 4.475205059861764e-05, 0], [0, 0.0005112412618473172, 0.00010095170000568032, 0.00013081173528917134, 0.0001235223317053169, 7.917780021671206e-05, 6.022934758220799e-05, 5.207176582189277e-05, 5.088598481961526e-05, 4.8612666432745755e-05, 4.4169330067234114e-05, 8.376698679057881e-05, 5.440712266135961e-05, 5.4425614507636055e-05, 8.171793160727248e-05, 6.32737428531982e-05, 4.7154542698990554e-05, 2.3939155653351918e-05, 2.853393198165577e-05, 0, 0], [0, 0.0005689328536391258, 8.45787362777628e-05, 5.874719499843195e-05, 7.967329293023795e-05, 4.765684570884332e-05, 3.504336200421676e-05, 2.823301838361658e-05, 3.0347899155458435e-05, 2.6941777832689695e-05, 3.179632039973512e-05, 2.335692261112854e-05, 0.00014771080168429762, 0.00010992180614266545, 6.926642527105287e-05, 9.890297224046662e-05, 0, 0, 0, 0, 0], [0, 0.0005316840833984315, 7.632459164597094e-05, 4.193836866761558e-05, 3.262507016188465e-05, 3.892636959790252e-05, 3.3300599170615897e-05, 2.8316238967818208e-05, 3.543251659721136e-05, 3.471846866887063e-05, 3.503477273625322e-05, 9.910521475831047e-05, 6.739646050846204e-05, 4.832513150176965e-05, 5.6892517022788525e-05, 6.122567720012739e-05, 0, 0, 0, 0, 0]]}