{"alpha": 0.75, "beta": 0.5, "gamma": 8.0, "num_samples": 6000, "node_count": 10, "density": 1.0, "startup_delay": 0.0, "forward_prob": 0, "epochs": [[0, 1, 2, 3, 4, 5, 6, 7, 8, 9, 10, 11, 12, 13, 14, 15, 16, 17, 18, 19, 20], [0, 1, 2, 3, 4, 5, 6, 7, 8, 9, 10, 11, 12, 13, 14, 15, 16, 17, 18, 19, 20], [0, 1, 2, 3, 4, 5, 6, 7, 8, 9, 10, 11, 12, 13, 14, 15, 16, 17, 18, 19, 20], [0, 1, 2, 3, 4, 5, 6, 7, 8, 9, 10, 11, 12, 13, 14, 15, 16, 17, 18, 19, 20], [0, 1, 2, 3, 4, 5, 6, 7, 8, 9, 10, 11, 12, 13, 14, 15, 16, 17, 18, 19, 20], [0, 1, 2, 3, 4, 5, 6, 7, 8, 9, 10, 11, 12, 13, 14, 15, 16, 17, 18, 19, 20], [0, 1, 2, 3, 4, 5, 6, 7, 8, 9, 10, 11, 12, 13, 14, 15, 16, 17, 18, 19, 20], [0, 1, 2, 3, 4, 5, 6, 7, 8, 9, 10, 11, 12, 13, 14, 15, 16, 17, 18, 19, 20], [0, 1, 2, 3, 4, 5, 6, 7, 8, 9, 10, 11, 12, 13, 14, 15, 16, 17, 18, 19, 20], [0, 1, 2, 3, 4, 5, 6, 7, 8, 9, 10, 11, 12, 13, 14, 15, 16, 17, 18, 19, 20]], "accuracies": [[3.96, 10.73, 59.35, 80.29, 84.98, 86.92, 88.4, 88.46, 89.01, 89.32, 89.49, 89.78, 89.86, 90.24, 90.4, 90.35, 90.4, 90.42, 90.4, 90.54, 90.34], [10.59, 13.86, 64.89, 80.76, 85.14, 86.87, 88.32, 88.69, 89.18, 89.29, 89.63, 89.92, 89.72, 90.27, 90.56, 90.43, 90.17, 90.25, 90.45, 90.55, 90.49], [10.39, 17.46, 63.26, 80.54, 85.18, 87.25, 88.29, 88.59, 89.03, 89.21, 89.51, 89.74, 89.9, 90.28, 90.4, 90.28, 90.16, 90.42, 90.54, 90.51, 90.38], [10.2, 10.0, 59.13, 80.52, 84.69, 87.15, 88.32, 88.49, 89.05, 89.3, 89.66, 89.72, 90.08, 90.24, 90.43, 90.32, 90.26, 90.47, 90.34, 90.5, 90.43], [11.48, 10.0, 59.59, 81.33, 84.99, 86.94, 88.35, 88.56, 89.07, 89.41, 89.59, 89.77, 90.15, 90.53, 90.44, 90.42, 90.31, 90.44, 90.34, 90.41, 90.59], [10.59, 20.22, 61.04, 80.13, 84.97, 87.13, 88.38, 88.72, 89.14, 89.48, 89.63, 89.91, 89.87, 90.26, 90.57, 90.4, 90.01, 90.45, 90.51, 90.59, 90.47], [7.6, 12.88, 53.27, 80.54, 85.15, 87.08, 88.28, 88.54, 89.21, 89.26, 89.69, 89.73, 89.97, 90.34, 90.33, 90.19, 90.09, 90.49, 90.37, 90.47, 90.43], [9.13, 20.02, 58.0, 80.58, 85.12, 87.16, 88.35, 88.71, 89.2, 89.15, 89.59, 89.91, 89.87, 90.23, 90.34, 90.31, 90.3, 90.38, 90.39, 90.36, 90.49], [11.51, 12.03, 53.4, 80.67, 84.85, 86.93, 88.11, 88.7, 89.11, 89.26, 89.66, 89.78, 89.93, 90.38, 90.38, 90.21, 90.52, 90.46, 90.51, 90.55, 90.63], [8.58, 34.51, 65.37, 80.72, 85.08, 87.02, 88.34, 88.81, 89.19, 89.36, 89.54, 89.62, 89.99, 90.34, 90.35, 90.32, 90.04, 90.41, 90.59, 90.54, 90.6]], "msds": [[0, 0.0010637124069035053, 0.0005156695260666311, 0.00037148850969970226, 0.00019603972032200545, 0.00017062225379049778, 0.00017314142314717174, 0.00018841710698325187, 0.00018196928431279957, 0.00020409819262567908, 0.0002128106279997155, 0.0002452961925882846, 0.0002527209580875933, 0.00025117167388089, 0.0002568234922364354, 0.00026661407900974154, 0.0002651431714184582, 0.00023339300241786987, 0.00025369462673552334, 0.00023282828624360263, 0.0002398757787887007], [0, 0.001053109997883439, 0.0005131220095790923, 0.0003450497752055526, 0.00018130286480300128, 0.00017679300799500197, 0.00018449444905854762, 0.0001863243232946843, 0.00018607023230288178, 0.00020390268764458597, 0.00022643525153398514, 0.0002481777628418058, 0.00026339539908804, 0.0002530370547901839, 0.00026592225185595453, 0.0002646547800395638, 0.0002464372373651713, 0.00026817937032319605, 0.00023470568703487515, 0.0002487250021658838, 0.0002305893722223118], [0, 0.0010564452968537807, 0.0004897014587186277, 0.0003260395606048405, 0.00018230998830404133, 0.00017280189786106348, 0.00017937732627615333, 0.00019204977434128523, 0.00019044100190512836, 0.0002108441840391606, 0.00021882417786400765, 0.00023759221949148923, 0.00024137800210155547, 0.0002564060559961945, 0.0002647745714057237, 0.00024881435092538595, 0.0002487881574779749, 0.0002488450554665178, 0.0002579214924480766, 0.0002478949900250882, 0.00023102345585357398], [0, 0.0010465061059221625, 0.0005351366708055139, 0.0003472755488473922, 0.00018883883603848517, 0.00016719703853596002, 0.0001839494361774996, 0.0001837813906604424, 0.00019607291324064136, 0.0002040284452959895, 0.00023420692014042288, 0.0002378079225309193, 0.00024454036611132324, 0.00028003129409626126, 0.00025349645875394344, 0.00025125511456280947, 0.00026992251514457166, 0.00024803110864013433, 0.00026657123817130923, 0.0002337805344723165, 0.0002654788549989462], [0, 0.00110463029704988, 0.0005243706982582808, 0.0003361876297276467, 0.00018837126845028251, 0.00017724197823554277, 0.00017527981253806502, 0.00018828971951734275, 0.00019929750123992562, 0.00020529338507913053, 0.00022046055528335273, 0.0002401249948889017, 0.0002601671149022877, 0.00025446093059144914, 0.00025101020582951605, 0.00025852752150967717, 0.00025445641949772835, 0.00024389139434788376, 0.00022967053519096226, 0.0002557474945206195, 0.00026036956114694476], [0, 0.0010585394920781255, 0.00048635739949531853, 0.00029986415756866336, 0.0001743650936987251, 0.00015659219934605062, 0.0001759022707119584, 0.00017738838505465537, 0.00018226870452053845, 0.0001999584783334285, 0.00022290107153821737, 0.00024247363035101444, 0.00025770318461582065, 0.00024067530466709286, 0.0002581862499937415, 0.0002389201254118234, 0.0002858392836060375, 0.00023305442300625145, 0.00024706017575226724, 0.0002466422156430781, 0.00024252555158454925], [0, 0.0011041895486414433, 0.0005910606705583632, 0.00035395773011259735, 0.0002039036335190758, 0.00019366190826985985, 0.00019259647524449974, 0.00019398760923650116, 0.0002022330736508593, 0.00022243348939809948, 0.00022655678912997246, 0.0002532202051952481, 0.0002627348876558244, 0.00026162760332226753, 0.0002649090893100947, 0.00025816881679929793, 0.0002554269740357995, 0.00025315937818959355, 0.00024818224483169615, 0.00023641050211153924, 0.0002320153289474547], [0, 0.0010279406560584903, 0.0004923937958665192, 0.0003673819883260876, 0.00019172053725924343, 0.00017772319552022964, 0.00018081354210153222, 0.00018231132708024234, 0.00018960380111820996, 0.00021413750073406845, 0.00021553179249167442, 0.00022548495326191187, 0.00027197113377042115, 0.00023809053527656943, 0.00026512055774219334, 0.00026134500512853265, 0.0002580491709522903, 0.00025490851840004325, 0.00022983149392530322, 0.000254137470619753, 0.00023879340733401477], [0, 0.0010377903236076236, 0.0005384318064898252, 0.00038143829442560673, 0.00021344551350921392, 0.00017925897554960102, 0.0001940184592967853, 0.00019802107999566942, 0.000199186586542055, 0.00021118228323757648, 0.00022677694505546242, 0.0002322261716471985, 0.0002617324935272336, 0.0002605613262858242, 0.00026405364042147994, 0.00024988717632368207, 0.0002396255440544337, 0.0002594746765680611, 0.0002568055351730436, 0.00025581009685993195, 0.00025784524041227996], [0, 0.0010453789727762341, 0.0005041877739131451, 0.0003446251212153584, 0.0001931705919560045, 0.00016986808623187244, 0.00018619824550114572, 0.0001848495885496959, 0.00020164158195257187, 0.00020300909818615764, 0.00022559858916793019, 0.0002363759558647871, 0.000249570410232991, 0.0002638183068484068, 0.0002647544606588781, 0.00027266418328508735, 0.00025712791830301285, 0.00022813813120592386, 0.0002730313572101295, 0.00022290964261628687, 0.00021583995840046555]]}