{"alpha": 0.75, "beta": 0.5, "gamma": 5.0, "num_samples": 100, "node_count": 10, "density": 0.5, "startup_delay": 0.0, "forward_prob": 0, "epochs": [[0, 1, 2, 3, 4, 5, 6, 7, 8, 9, 10, 11, 12, 13, 14, 15, 16, 17, 18, 19, 20], [0, 1, 2, 3, 4, 5, 6, 7, 8, 9, 10, 11, 12, 13, 14, 15, 16, 17, 18, 19, 20], [0, 1, 2, 3, 4, 5, 6, 7, 8, 9, 10, 11, 12, 13, 14, 15, 16, 17, 18, 19, 20], [0, 1, 2, 3, 4, 5, 6, 7, 8, 9, 10, 11, 12, 13, 14, 15, 16, 17, 18, 19, 20], [0, 1, 2, 3, 4, 5, 6, 7, 8, 9, 10, 11, 12, 13, 14, 15, 16, 17, 18, 19, 20], [0, 1, 2, 3, 4, 5, 6, 7, 8, 9, 10, 11, 12, 13, 14, 15, 16, 17, 18, 19, 20], [0, 1, 2, 3, 4, 5, 6, 7, 8, 9, 10, 11, 12, 13, 14, 15, 16, 17, 18, 19, 20], [0, 1, 2, 3, 4, 5, 6, 7, 8, 9, 10, 11, 12, 13, 14, 15, 16, 17, 18, 19, 20], [0, 1, 2, 3, 4, 5, 6, 7, 8, 9, 10, 11, 12, 13, 14, 15, 16, 17, 18, 19, 20], [0, 1, 2, 3, 4, 5, 6, 7, 8, 9, 10, 11, 12, 13, 14, 15, 16, 17, 18, 19, 20]], "accuracies": [[8.92, 13.77, 55.28, 64.02, 66.56, 70.66, 72.87, 74.31, 74.49, 74.59, 76.12, 76.07, 76.35, 76.74, 77.21, 76.47, 77.33, 77.8, 78.56, 77.8, 78.01], [12.24, 10.17, 51.84, 63.26, 68.24, 71.18, 73.48, 73.69, 74.16, 75.33, 75.37, 76.54, 75.87, 76.41, 77.56, 76.61, 77.44, 78.07, 78.79, 77.94, 78.3], [5.71, 17.07, 50.46, 62.4, 66.24, 69.63, 71.76, 74.28, 75.61, 75.95, 76.15, 76.23, 77.8, 77.32, 76.51, 77.38, 77.2, 77.87, 78.17, 78.17, 78.19], [9.98, 12.88, 54.41, 62.72, 67.71, 69.38, 73.08, 73.23, 74.58, 74.1, 76.06, 76.29, 76.85, 76.89, 76.75, 76.38, 77.92, 78.49, 77.62, 78.29, 78.55], [9.71, 9.98, 51.3, 62.71, 68.12, 70.39, 72.42, 74.42, 75.11, 74.17, 75.57, 76.64, 76.65, 76.34, 77.42, 77.71, 77.88, 78.1, 78.13, 78.19, 78.02], [9.46, 19.2, 48.22, 64.32, 69.16, 73.49, 74.65, 74.93, 73.78, 76.05, 76.38, 76.92, 77.2, 77.56, 77.74, 78.31, 77.85, 78.08, 77.78, 78.28, 75.54], [9.49, 18.38, 48.3, 65.57, 67.17, 73.55, 73.68, 74.68, 73.43, 75.53, 77.12, 76.14, 77.18, 77.04, 77.88, 78.12, 78.09, 78.3, 78.24, 78.28, 75.45], [17.83, 11.6, 57.73, 65.37, 69.14, 72.46, 73.45, 74.3, 74.64, 75.75, 76.62, 76.02, 76.3, 76.24, 77.58, 77.75, 77.62, 77.6, 78.15, 77.33, 75.12], [7.38, 10.0, 62.19, 69.82, 72.23, 72.98, 74.52, 73.32, 76.95, 77.78, 78.16, 77.5, 78.1, 78.0, 78.44, 78.16, 78.38, 76.68, 77.25, 76.22, 72.51], [9.04, 27.05, 65.1, 70.2, 71.85, 74.18, 75.4, 76.05, 77.08, 77.58, 77.95, 78.18, 78.15, 77.13, 74.95, 76.33, 75.1, 74.54, 76.1, 76.24, 76.28]], "msds": [[0, 0.0006941628525964916, 9.197824692819268e-05, 5.4808653658255935e-05, 3.83471415261738e-05, 2.747338112385478e-05, 2.3484224584535696e-05, 2.8898788514197804e-05, 1.9771036022575572e-05, 2.6472109311725944e-05, 2.0678440705523826e-05, 1.956689629878383e-05, 2.037065314652864e-05, 2.423542355245445e-05, 2.080276499327738e-05, 2.556561230449006e-05, 2.239861169073265e-05, 1.3066965038888156e-05, 7.936268048069905e-06, 7.5154734986426774e-06, 1.0186739018536173e-05], [0, 0.0006942719337530434, 0.00010237724200123921, 5.029634849051945e-05, 3.176598693244159e-05, 2.4733601094339974e-05, 2.207106263085734e-05, 2.2030266336514615e-05, 2.2756634280085564e-05, 1.8967972209793516e-05, 2.4553535695304163e-05, 2.0801227947231382e-05, 1.805504143703729e-05, 1.903694101201836e-05, 1.991162571357563e-05, 2.3584205337101594e-05, 1.8533361071604304e-05, 1.0356350685469806e-05, 8.773786248639226e-06, 1.7759326510713436e-05, 1.1336044735799078e-05], [0, 0.0007002315833233297, 0.00011285796063020825, 6.64707476971671e-05, 4.122558675589971e-05, 2.980868703161832e-05, 2.5494839064776897e-05, 2.4083679818431847e-05, 2.0650913938879967e-05, 2.207665966125205e-05, 1.877832255559042e-05, 1.9402068573981524e-05, 3.457475031609647e-05, 1.9367114873602986e-05, 2.5416700736968778e-05, 1.903844349726569e-05, 1.5082871868798975e-05, 1.7517102605779655e-05, 9.884203791443724e-06, 1.4789107808610424e-05, 1.627395067771431e-05], [0, 0.0006945745553821325, 0.00011364887177478522, 6.547912926180288e-05, 3.48533721989952e-05, 2.4744704205659218e-05, 2.2409385564969853e-05, 2.2965474272496067e-05, 2.0374089217511937e-05, 2.621171370265074e-05, 1.8480355720384978e-05, 2.2291491404757835e-05, 2.256487641716376e-05, 2.6860103389481083e-05, 2.0890756786684506e-05, 2.6326706574764103e-05, 1.319312650593929e-05, 1.1328639629937243e-05, 9.613946531317197e-06, 9.343096280645113e-06, 1.4393917808774859e-05], [0, 0.0006975657888688147, 0.00011265518696745858, 6.156949530122802e-05, 3.628325430327095e-05, 2.8100273993914016e-05, 2.323110129509587e-05, 2.6327134037273936e-05, 2.0935473003191873e-05, 3.339935574331321e-05, 2.26869378820993e-05, 1.8637709217728116e-05, 1.896548201330006e-05, 3.7093159335199744e-05, 1.760857048793696e-05, 1.2644698472286109e-05, 1.3730617865803652e-05, 1.8250600987812504e-05, 1.3062902326055337e-05, 1.076668286259519e-05, 1.062917090166593e-05], [0, 0.0007043880759738386, 0.00010553251195233315, 5.6147779105231166e-05, 3.507950168568641e-05, 2.7252906875219196e-05, 2.5195753551088274e-05, 2.3373131625703536e-05, 2.7089399736723863e-05, 2.2206088033271953e-05, 2.1545358322327957e-05, 2.6029110813396983e-05, 2.086150379909668e-05, 1.7830159777076915e-05, 1.50807818499743e-05, 1.3903190847486258e-05, 1.4073321835894603e-05, 2.8353630113997497e-05, 1.3105004654789809e-05, 6.59259012536495e-06, 1.0714564268710092e-05], [0, 0.0006934529519639909, 9.304605919169262e-05, 5.480209438246675e-05, 3.468358772806823e-05, 2.8745564122800715e-05, 2.3501246687374078e-05, 2.337838122912217e-05, 3.136758823529817e-05, 2.148143721569795e-05, 1.7879217921290547e-05, 2.183964170399122e-05, 2.031180883932393e-05, 2.0446903363335878e-05, 1.075387353921542e-05, 8.62447723193327e-06, 9.697928362584207e-06, 1.2488602806115523e-05, 9.294263691117521e-06, 7.969847501954064e-06, 1.0697006473492365e-05], [0, 0.0006960881873965263, 0.00011257213918725029, 5.703038550564088e-05, 3.7492543924599886e-05, 2.4474722522427328e-05, 2.454236164339818e-05, 2.324771776329726e-05, 3.0459534173132852e-05, 2.2549653294845484e-05, 2.0365823729662225e-05, 2.210288221249357e-05, 2.457065784255974e-05, 1.701364089967683e-05, 1.2444240383047145e-05, 8.739873919694219e-06, 2.0024383047712035e-05, 1.3211447367211804e-05, 7.492956683563534e-06, 7.933126653369982e-06, 1.6426040019723587e-05], [0, 0.0007018339238129556, 9.88805404631421e-05, 4.43567696493119e-05, 2.91805208689766e-05, 2.6629411877365783e-05, 2.051058800134342e-05, 2.560991379141342e-05, 2.3150287233875133e-05, 2.3618749764864333e-05, 2.6802566935657524e-05, 3.2052328606368974e-05, 1.7329652109765448e-05, 1.4208965694706421e-05, 1.401531608280493e-05, 1.532509850221686e-05, 2.093768307531718e-05, 1.6193407645914704e-05, 2.7761973342421697e-06, 4.894159246759955e-06, 0], [0, 0.0003600378113333136, 9.199746273225173e-05, 3.5523302358342335e-05, 2.6570342015475035e-05, 2.5760493372217752e-05, 3.1269824830815196e-05, 2.5839222871582024e-05, 3.089676465606317e-05, 2.0588568077073433e-05, 1.810207868402358e-05, 1.7579948689672165e-05, 1.2477953532652464e-05, 2.0306177248130552e-05, 3.915595880243927e-05, 9.254914402845316e-06, 3.451414613664383e-06, 6.112543815106619e-06, 0, 0, 0]]}