{"alpha": 0.75, "beta": 0.5, "gamma": 1.0, "num_samples": 100, "node_count": 10, "density": 0.0, "startup_delay": 0.0, "forward_prob": 0, "epochs": [[0, 1, 2, 3, 4, 5, 6, 7, 8, 9, 10, 11, 12, 13, 14, 15, 16, 17, 18, 19, 20], [0, 1, 2, 3, 4, 5, 6, 7, 8, 9, 10, 11, 12, 13, 14, 15, 16, 17, 18, 19, 20], [0, 1, 2, 3, 4, 5, 6, 7, 8, 9, 10, 11, 12, 13, 14, 15, 16, 17, 18, 19, 20], [0, 1, 2, 3, 4, 5, 6, 7, 8, 9, 10, 11, 12, 13, 14, 15, 16, 17, 18, 19, 20], [0, 1, 2, 3, 4, 5, 6, 7, 8, 9, 10, 11, 12, 13, 14, 15, 16, 17, 18, 19, 20], [0, 1, 2, 3, 4, 5, 6, 7, 8, 9, 10, 11, 12, 13, 14, 15, 16, 17, 18, 19, 20], [0, 1, 2, 3, 4, 5, 6, 7, 8, 9, 10, 11, 12, 13, 14, 15, 16, 17, 18, 19, 20], [0, 1, 2, 3, 4, 5, 6, 7, 8, 9, 10, 11, 12, 13, 14, 15, 16, 17, 18, 19, 20], [0, 1, 2, 3, 4, 5, 6, 7, 8, 9, 10, 11, 12, 13, 14, 15, 16, 17, 18, 19, 20], [0, 1, 2, 3, 4, 5, 6, 7, 8, 9, 10, 11, 12, 13, 14, 15, 16, 17, 18, 19, 20]], "accuracies": [[8.1, 18.49, 51.53, 70.34, 68.58, 70.63, 68.36, 75.05, 76.01, 75.81, 76.86, 75.29, 75.67, 76.49, 76.78, 77.49, 77.3, 77.16, 76.93, 77.09, 76.65], [9.15, 49.42, 58.24, 68.71, 68.64, 70.49, 67.89, 74.29, 75.42, 74.38, 76.32, 76.08, 76.6, 76.44, 76.58, 77.59, 77.57, 76.8, 77.07, 76.43, 76.07], [10.19, 10.0, 48.41, 61.24, 66.76, 67.36, 73.65, 75.06, 75.73, 76.73, 75.0, 75.21, 76.79, 77.04, 77.27, 76.86, 76.43, 76.93, 76.4, 76.68, 76.69], [13.83, 25.69, 51.49, 66.13, 69.36, 70.52, 67.05, 75.66, 75.02, 74.14, 76.07, 76.01, 75.81, 76.0, 76.26, 77.51, 77.45, 77.37, 76.84, 76.4, 76.42], [9.76, 10.0, 63.17, 69.51, 69.9, 68.8, 74.26, 68.52, 75.03, 72.98, 74.86, 74.96, 74.88, 75.4, 75.72, 73.98, 75.04, 76.26, 75.27, 75.81, 73.49], [14.63, 54.12, 56.11, 68.69, 68.72, 71.74, 67.38, 75.76, 75.68, 74.6, 75.53, 76.03, 76.19, 76.85, 76.68, 77.7, 78.19, 77.5, 77.52, 76.57, 76.79], [3.18, 25.38, 61.03, 62.93, 69.02, 71.53, 72.26, 73.14, 73.93, 75.56, 75.64, 77.23, 76.3, 76.09, 77.83, 76.93, 76.51, 77.5, 77.58, 77.76, 77.76], [9.55, 39.26, 57.16, 68.89, 70.74, 71.52, 69.11, 71.2, 71.84, 74.39, 75.59, 74.31, 75.64, 75.08, 74.22, 74.91, 74.14, 73.52, 75.65, 76.03, 74.4], [7.74, 57.08, 60.36, 72.31, 69.46, 71.96, 69.17, 75.93, 75.46, 75.18, 76.93, 75.93, 75.7, 76.25, 76.78, 76.98, 78.15, 77.73, 77.51, 76.62, 76.62], [12.74, 58.78, 56.46, 68.59, 55.27, 70.47, 68.85, 71.36, 74.52, 74.35, 75.16, 75.05, 76.53, 74.87, 76.65, 77.07, 76.53, 76.98, 77.75, 78.32, 77.85]], "msds": [[0, 0.0006971659022383392, 0.00023265669005922973, 0.00011598059791140258, 0.00014895034837536514, 5.880670505575836e-05, 3.796496821451001e-05, 3.367598765180446e-05, 2.7919541025767103e-05, 2.214290725532919e-05, 2.7787327780970372e-05, 2.651348040672019e-05, 2.672293339855969e-05, 1.1786129107349552e-05, 1.0656629456207156e-05, 1.2774796232406516e-05, 8.340718522958923e-06, 1.272370991500793e-05, 1.3759814464719966e-05, 7.5366210694483016e-06, 7.304735390789574e-06], [0, 0.0006947583751752973, 0.00028943357756361365, 0.00010252142965327948, 7.31299223843962e-05, 4.29566644015722e-05, 3.2444222597405314e-05, 3.233703682781197e-05, 2.672983282536734e-05, 2.1276144252624363e-05, 2.3832391889300197e-05, 3.139633554383181e-05, 2.1862661014893092e-05, 2.3532107661594637e-05, 2.382127604505513e-05, 9.125777978624683e-06, 6.322480658127461e-06, 1.961089992619236e-06, 9.93243338598404e-06, 6.097287496231729e-06, 7.798598744557239e-06], [0, 0.0006950513343326747, 0.00027823098935186863, 0.0001272471999982372, 5.429055818240158e-05, 3.223258681828156e-05, 2.4902159566408955e-05, 1.8031363651971333e-05, 1.5148827515076846e-05, 9.502949978923425e-06, 1.2819371477235109e-05, 8.083726243057754e-06, 1.4323919458547607e-05, 8.282519047497772e-06, 1.7238959117094055e-05, 1.0950284377031494e-05, 6.322480658127461e-06, 8.344565685547423e-06, 1.987128825930995e-06, 4.719212256532046e-07, 7.551662747573573e-06], [0, 0.0006969040259718895, 0.00025354023091495037, 0.0001272471999982372, 5.429055818240158e-05, 3.223258681828156e-05, 1.593277556821704e-05, 1.545679879200179e-05, 1.1258481208642479e-05, 7.574465143989073e-06, 1.2819371477235109e-05, 8.083726243057754e-06, 2.5467747946095187e-06, 3.319177949379082e-06, 1.3095817621433525e-06, 7.114848813216668e-06, 3.8774505810579285e-06, 8.344565685547423e-06, 1.987128825930995e-06, 4.719212256532046e-07, 1.5457709423571941e-07], [0, 0.0006976079312153161, 0.0002045244473265484, 9.620387572795153e-05, 5.517189492820762e-05, 0.00018489849753677845, 6.999840115895495e-05, 3.8809655961813405e-05, 4.011762939626351e-05, 2.897361082432326e-05, 3.191609721397981e-05, 3.041410309378989e-05, 3.117699452559464e-05, 2.9563079806393944e-05, 2.5775971153052524e-05, 2.5403731342521496e-05, 3.383341390872374e-05, 3.113791171927005e-05, 2.2786727640777826e-05, 1.99749647435965e-05, 4.597544466378167e-05], [0, 0.0006957052391953766, 0.000214386687730439, 0.00011723559146048501, 7.283841114258394e-05, 4.5752705773338675e-05, 3.3871561754494905e-05, 2.060590668406803e-05, 1.903917836898472e-05, 1.1431432540121023e-05, 1.0802546967170201e-05, 1.672998769208789e-05, 1.3702059732167982e-05, 9.742259862832725e-06, 1.3983315511723049e-05, 1.5427651305799372e-05, 9.175894774671178e-06, 9.049579603015445e-06, 7.436008218064671e-06, 2.9483124308171682e-05, 6.361351097439183e-06], [0, 0.0006965346401557326, 0.00019731448264792562, 0.00022841001919005066, 0.00011974019435001537, 7.351649401243776e-05, 5.5576969316462055e-05, 2.808684075716883e-05, 3.200920400558971e-05, 2.5890270990203135e-05, 2.6203579182038084e-05, 2.9860491849831305e-05, 3.274053960922174e-05, 2.465398756612558e-05, 2.695401963137556e-05, 3.102227492490783e-05, 3.41590384778101e-05, 3.006213955814019e-05, 3.448831557761878e-05, 3.0909668566891924e-05, 2.135614340659231e-05], [0, 0.0007005050429143012, 0.00021076393022667617, 8.144241292029619e-05, 4.409966277307831e-05, 3.059994924115017e-05, 0.0001663121656747535, 8.756262832321227e-05, 5.946156306890771e-05, 5.0213056965731084e-05, 4.8704408982302994e-05, 4.5475720980903134e-05, 3.682787428260781e-05, 4.3970747356070206e-05, 3.5601158742792904e-05, 4.620886466000229e-05, 4.667677785619162e-05, 3.5943216062150896e-05, 3.8049245631555095e-05, 5.072505518910475e-05, 6.644619134021923e-05], [0, 0.0006943977205082774, 0.0002107192703988403, 0.00011483814887469634, 6.964115164009854e-05, 4.651515337172896e-05, 2.9883438401157036e-05, 2.84535108221462e-05, 2.641470382513944e-05, 2.663104714883957e-05, 2.672164009709377e-05, 3.108246164629236e-05, 2.6422001610626467e-05, 3.082771218032576e-05, 2.5697689125081524e-05, 3.612854561652057e-05, 2.9648950658156537e-05, 2.849974225682672e-05, 2.548683187342249e-05, 2.7329517251928337e-05, 3.220869621145539e-05], [0, 0.0006959756719879806, 0.00021294363250490278, 7.577271753689274e-05, 0.00019790470832958817, 0.00011106971214758232, 2.6343945137341507e-05, 5.209288065088913e-05, 3.6799683584831655e-05, 3.4249620512127876e-05, 3.1980551284505054e-05, 3.411159559618682e-05, 1.783908919605892e-05, 2.053884782071691e-05, 2.6255349439452402e-05, 1.2142374544055201e-05, 2.4744758775341325e-05, 3.174442463205196e-05, 2.457726077409461e-05, 3.246061896788888e-05, 2.1584410205832683e-05]]}