{"alpha": 0.75, "beta": 0.5, "gamma": 1.0, "num_samples": 25, "node_count": 10, "density": 0.0, "startup_delay": 0.0, "forward_prob": 0, "epochs": [[0, 1, 2, 3, 4, 5, 6, 7, 8, 9, 10, 11, 12, 13, 14, 15, 16, 17, 18, 19, 20], [0, 1, 2, 3, 4, 5, 6, 7, 8, 9, 10, 11, 12, 13, 14, 15, 16, 17, 18, 19, 20], [0, 1, 2, 3, 4, 5, 6, 7, 8, 9, 10, 11, 12, 13, 14, 15, 16, 17, 18, 19, 20], [0, 1, 2, 3, 4, 5, 6, 7, 8, 9, 10, 11, 12, 13, 14, 15, 16, 17, 18, 19, 20], [0, 1, 2, 3, 4, 5, 6, 7, 8, 9, 10, 11, 12, 13, 14, 15, 16, 17, 18, 19, 20], [0, 1, 2, 3, 4, 5, 6, 7, 8, 9, 10, 11, 12, 13, 14, 15, 16, 17, 18, 19, 20], [0, 1, 2, 3, 4, 5, 6, 7, 8, 9, 10, 11, 12, 13, 14, 15, 16, 17, 18, 19, 20], [0, 1, 2, 3, 4, 5, 6, 7, 8, 9, 10, 11, 12, 13, 14, 15, 16, 17, 18, 19, 20], [0, 1, 2, 3, 4, 5, 6, 7, 8, 9, 10, 11, 12, 13, 14, 15, 16, 17, 18, 19, 20], [0, 1, 2, 3, 4, 5, 6, 7, 8, 9, 10, 11, 12, 13, 14, 15, 16, 17, 18, 19, 20]], "accuracies": [[10.1, 44.09, 46.17, 61.73, 63.4, 65.79, 67.22, 65.5, 67.07, 67.54, 67.7, 67.76, 68.71, 68.03, 67.96, 68.0, 67.43, 69.04, 68.57, 67.69, 68.76], [9.49, 38.05, 59.64, 57.46, 65.78, 56.79, 58.25, 62.38, 61.15, 67.64, 62.98, 65.07, 60.71, 67.47, 66.2, 62.3, 66.42, 69.16, 69.06, 68.96, 68.91], [10.78, 17.34, 43.65, 54.01, 59.84, 62.53, 56.79, 60.68, 63.08, 64.08, 64.7, 61.41, 66.0, 64.58, 62.51, 64.2, 67.67, 68.07, 67.28, 68.7, 67.55], [15.79, 14.93, 62.23, 46.95, 64.2, 63.29, 64.79, 63.98, 65.24, 66.13, 66.77, 66.78, 67.37, 65.73, 64.48, 67.2, 64.2, 67.73, 67.56, 66.21, 67.6], [14.61, 16.1, 47.54, 51.01, 57.06, 55.9, 60.49, 62.15, 65.07, 65.51, 63.19, 65.7, 66.48, 66.49, 67.19, 66.59, 66.34, 67.09, 62.71, 68.05, 68.54], [11.24, 48.17, 46.44, 58.46, 51.05, 63.6, 59.94, 65.14, 61.64, 65.02, 65.24, 60.99, 65.15, 65.01, 63.92, 64.8, 65.39, 64.85, 65.37, 67.62, 68.02], [9.55, 46.87, 51.47, 56.01, 62.04, 61.66, 61.76, 63.31, 62.28, 64.66, 64.43, 63.29, 63.29, 62.81, 63.26, 61.95, 60.89, 63.74, 63.66, 64.48, 64.36], [11.16, 45.0, 39.92, 63.89, 62.15, 67.36, 65.38, 66.73, 67.28, 66.9, 67.48, 67.81, 67.87, 68.66, 66.76, 69.33, 67.3, 69.23, 67.72, 68.24, 68.21], [12.74, 36.88, 40.03, 52.41, 49.79, 59.72, 61.48, 61.42, 62.6, 66.27, 65.3, 62.7, 65.61, 65.71, 64.44, 65.06, 65.61, 66.24, 65.67, 67.93, 67.77], [7.2, 43.94, 48.59, 56.54, 61.6, 60.5, 61.85, 62.47, 61.76, 63.16, 62.26, 62.4, 62.84, 62.38, 62.62, 62.07, 60.05, 63.08, 61.48, 61.96, 63.37]], "msds": [[0, 0.000682825455442071, 0.0003383158182259649, 0.00010629199096001685, 7.038211333565414e-05, 2.5568473574821837e-05, 3.721086250152439e-05, 1.9844981579808518e-05, 1.586865801073145e-05, 1.5454839740414172e-05, 8.559083653381094e-06, 1.546918247186113e-05, 1.5178994544839952e-05, 1.7325284716207534e-05, 1.732603232085239e-05, 1.7094595023081638e-05, 1.5200684174487833e-05, 1.417953990312526e-05, 7.76111482991837e-06, 3.1858091915637488e-06, 2.1592220491584158e-06], [0, 0.0006936615682207048, 0.0003399945853743702, 0.0001841951598180458, 6.059809311409481e-05, 5.814031101181172e-05, 2.064119507849682e-05, 1.6733672964619473e-05, 9.292668437410612e-06, 1.5305095075746067e-05, 1.4308660865935963e-05, 9.972286534321029e-06, 1.0138671314052772e-05, 1.1845680091937538e-05, 1.2124573913752101e-05, 1.0890269550145604e-05, 9.747726835485082e-06, 1.417953990312526e-05, 7.76111482991837e-06, 3.1858091915637488e-06, 2.1592220491584158e-06], [0, 0.0006800103583373129, 0.0003250587615184486, 0.0001437925675418228, 0.00010040602501248941, 3.1938252504915e-05, 1.3111399312037975e-05, 4.451331733434927e-06, 9.879234312393237e-06, 3.84992927138228e-06, 3.5598777685663663e-06, 4.148263542447239e-06, 4.013435500382911e-06, 1.7397793499185354e-06, 2.971980620714021e-06, 2.5002013899211306e-06, 5.946912096987944e-06, 6.6638867792789824e-06, 1.4495712093776092e-05, 8.32437854114687e-06, 8.558575245842803e-06], [0, 0.0006880227010697126, 0.00017210746591445059, 0.0002245978103019297, 6.0061873227823526e-05, 2.4233817384811118e-05, 3.933455082005821e-05, 2.334712007723283e-05, 1.8212798750028014e-05, 1.56509195221588e-05, 1.620750299480278e-05, 1.6664536815369502e-05, 1.533624526928179e-05, 1.4093643585511018e-05, 1.2161943232058547e-05, 1.4455341442953795e-05, 1.5666291801608168e-05, 1.5460289432667196e-05, 2.257443338748999e-05, 1.752475327521097e-05, 1.4744781765330117e-05], [0, 0.0006789542967453599, 0.00016978576604742557, 0.0002575860999058932, 0.00010040602501248941, 3.1938252504915e-05, 1.3111399312037975e-05, 1.4869182450638618e-05, 8.168201929947827e-06, 4.351786174083827e-06, 3.577124971343437e-06, 1.496151867286244e-06, 3.5658522392623127e-06, 1.4359613942360738e-06, 2.589530595287215e-06, 2.414495384073234e-06, 1.7428126284357859e-06, 1.9132087345496984e-06, 7.616801212861901e-06, 7.31358750272193e-06, 3.5263692552689463e-06], [0, 0.0006782601703889668, 0.00017749665130395442, 4.529330908553675e-05, 0.00017209994257427752, 9.065137419383973e-05, 2.1801653929287568e-05, 1.4869182450638618e-05, 6.457167273765663e-06, 4.853642167290673e-06, 3.577124971343437e-06, 1.496151867286244e-06, 3.118268068647012e-06, 1.1321432111799368e-06, 2.207080115113058e-06, 2.3287886961043114e-06, 1.3395289215623052e-06, 1.196970401906583e-06, 1.6976592860373785e-06, 5.918835540796863e-06, 3.002994617418153e-06], [0, 0.0006816448294557631, 0.00017422471137251705, 4.929324859404005e-05, 0.00013928409316577017, 2.8134434614912607e-05, 2.224072886747308e-05, 3.312025364721194e-05, 2.2809303118265234e-05, 2.0292631234042346e-05, 1.6201396647375077e-05, 1.63325803441694e-05, 1.9904029613826424e-05, 1.6513884474989027e-05, 1.7821499568526633e-05, 1.7275926438742317e-05, 1.8144552086596377e-05, 1.8474695025361143e-05, 1.577624789206311e-05, 1.8739236111287028e-05, 1.770836388459429e-05], [0, 0.0006926064961589873, 0.0003416734398342669, 0.00011139362322865054, 7.618412200827152e-05, 3.0000763217685744e-05, 4.3674222979461774e-05, 2.451585532980971e-05, 2.26737538469024e-05, 1.9670922483783215e-05, 1.845823135226965e-05, 2.104668783431407e-05, 1.7643189494265243e-05, 1.9096998585155234e-05, 2.1501775336218998e-05, 2.0381030481075868e-05, 1.910710852826014e-05, 1.8610397091833875e-05, 2.4283091988763772e-05, 1.8589615137898363e-05, 1.8433214791002683e-05], [0, 0.0006853780359961092, 0.00017232721438631415, 4.113757313461974e-05, 0.00016775986296124756, 8.955170051194727e-05, 2.250764191558119e-05, 1.7968210158869624e-05, 2.288037649122998e-05, 1.481370873079868e-05, 1.144683119491674e-05, 1.579574563947972e-05, 1.5482435628655367e-05, 1.3332443813851569e-05, 1.5108535990293603e-05, 1.3882124221709091e-05, 1.4679799278383143e-05, 1.6212405171245337e-05, 1.4730656403116882e-05, 1.8735257981461473e-05, 1.612895357538946e-05], [0, 0.0006887604249641299, 0.0001705337199382484, 4.868805262958631e-05, 0.00014411484880838543, 2.665284955583047e-05, 2.5486302547506057e-05, 3.3827618608484045e-05, 2.406070416327566e-05, 1.9808747310889885e-05, 1.615160726942122e-05, 1.5234251804940868e-05, 1.795995376596693e-05, 1.44040959639824e-05, 1.582591539772693e-05, 1.463728585804347e-05, 1.472305302741006e-05, 1.568768493598327e-05, 1.3167232282285113e-05, 1.546920248074457e-05, 1.2943085494043771e-05]]}