{"alpha": 0.75, "beta": 0.5, "gamma": 3.0, "num_samples": 100, "node_count": 10, "density": 0.5, "startup_delay": 0.0, "forward_prob": 0, "epochs": [[0, 1, 2, 3, 4, 5, 6, 7, 8, 9, 10, 11, 12, 13, 14, 15, 16, 17, 18, 19, 20], [0, 1, 2, 3, 4, 5, 6, 7, 8, 9, 10, 11, 12, 13, 14, 15, 16, 17, 18, 19, 20], [0, 1, 2, 3, 4, 5, 6, 7, 8, 9, 10, 11, 12, 13, 14, 15, 16, 17, 18, 19, 20], [0, 1, 2, 3, 4, 5, 6, 7, 8, 9, 10, 11, 12, 13, 14, 15, 16, 17, 18, 19, 20], [0, 1, 2, 3, 4, 5, 6, 7, 8, 9, 10, 11, 12, 13, 14, 15, 16, 17, 18, 19, 20], [0, 1, 2, 3, 4, 5, 6, 7, 8, 9, 10, 11, 12, 13, 14, 15, 16, 17, 18, 19, 20], [0, 1, 2, 3, 4, 5, 6, 7, 8, 9, 10, 11, 12, 13, 14, 15, 16, 17, 18, 19, 20], [0, 1, 2, 3, 4, 5, 6, 7, 8, 9, 10, 11, 12, 13, 14, 15, 16, 17, 18, 19, 20], [0, 1, 2, 3, 4, 5, 6, 7, 8, 9, 10, 11, 12, 13, 14, 15, 16, 17, 18, 19, 20], [0, 1, 2, 3, 4, 5, 6, 7, 8, 9, 10, 11, 12, 13, 14, 15, 16, 17, 18, 19, 20]], "accuracies": [[17.32, 17.99, 59.8, 59.11, 67.23, 73.49, 74.12, 74.51, 76.03, 74.99, 77.03, 75.0, 77.15, 75.61, 77.38, 76.86, 77.35, 77.22, 77.33, 77.28, 77.35], [5.9, 27.01, 55.91, 57.25, 68.76, 72.75, 73.54, 74.84, 74.03, 75.31, 76.52, 75.23, 76.72, 76.57, 76.26, 77.53, 77.55, 78.24, 77.71, 77.92, 77.02], [15.26, 17.12, 50.83, 64.98, 69.69, 73.54, 72.69, 74.91, 75.44, 75.58, 76.41, 75.37, 76.85, 76.69, 76.65, 76.45, 78.14, 76.95, 77.8, 77.0, 76.49], [3.64, 25.85, 60.39, 61.96, 68.34, 72.92, 73.86, 74.4, 75.49, 75.08, 76.62, 75.78, 76.73, 74.94, 75.5, 77.15, 77.66, 77.85, 77.44, 77.12, 77.42], [16.64, 10.0, 56.63, 59.17, 69.05, 72.76, 75.03, 75.53, 74.99, 76.43, 76.55, 75.79, 77.15, 77.01, 77.0, 77.7, 78.57, 77.62, 77.49, 78.55, 77.26], [10.0, 9.99, 57.93, 57.57, 68.89, 72.78, 73.36, 74.45, 74.98, 75.13, 76.51, 75.69, 76.26, 77.48, 77.38, 77.58, 78.04, 78.43, 77.59, 78.63, 77.46], [9.48, 10.0, 55.13, 59.66, 70.06, 73.58, 73.69, 74.9, 75.53, 73.76, 76.82, 75.09, 76.88, 75.96, 77.08, 77.75, 77.9, 78.19, 77.8, 77.61, 77.5], [10.83, 10.0, 48.61, 58.19, 69.09, 72.93, 73.89, 75.11, 76.08, 76.43, 77.07, 75.3, 77.62, 77.49, 77.32, 77.19, 77.48, 77.96, 78.05, 77.8, 77.46], [11.22, 13.03, 56.64, 63.44, 67.91, 73.63, 75.22, 75.31, 76.22, 75.59, 76.43, 75.86, 77.13, 75.81, 77.11, 76.8, 78.32, 77.23, 77.54, 77.58, 77.03], [9.85, 10.0, 48.57, 62.43, 70.26, 73.21, 73.5, 75.38, 75.97, 76.76, 76.64, 76.0, 77.62, 77.15, 76.65, 76.89, 78.35, 78.18, 76.28, 77.62, 77.49]], "msds": [[0, 0.0006987554952502251, 8.548758341930807e-05, 6.455444963648915e-05, 4.3824580643558875e-05, 3.5773231502389535e-05, 2.4958084395620972e-05, 2.6718109438661486e-05, 1.822257945605088e-05, 2.2828475266578607e-05, 1.7639238649280742e-05, 1.8069496945827268e-05, 2.0482779291342013e-05, 2.1191081032156944e-05, 1.8752107280306518e-05, 1.6202578990487382e-05, 1.5095772141648922e-05, 1.7341197235509753e-05, 1.4725722394359764e-05, 1.9251312551205046e-05, 2.6842113584280014e-05], [0, 0.0006989101530052722, 0.00010684965673135594, 6.33917807135731e-05, 3.563416612450965e-05, 3.0555012926924974e-05, 3.0039787816349417e-05, 2.9593327781185508e-05, 2.1253763407003134e-05, 2.558782580308616e-05, 2.0391375073813833e-05, 2.280052831338253e-05, 1.9190205421182327e-05, 2.73263176495675e-05, 2.0653264073189348e-05, 1.3716368812310975e-05, 1.0400083738204557e-05, 1.312605309067294e-05, 2.276613849971909e-05, 1.4075152648729272e-05, 1.2929713193443604e-05], [0, 0.0006969504756852984, 0.00016175757627934217, 7.981465751072392e-05, 3.958329034503549e-05, 3.02880143863149e-05, 2.8854379706899635e-05, 2.8216609280207194e-05, 2.1494854081538506e-05, 1.771610914147459e-05, 2.236959153378848e-05, 2.35955449170433e-05, 2.571767799963709e-05, 2.1125853891135193e-05, 2.4449615011690184e-05, 1.7685715647530742e-05, 1.810100002330728e-05, 2.278835017932579e-05, 1.2990362847631332e-05, 2.7332982426742092e-05, 1.623689240659587e-05], [0, 0.0007007848471403122, 0.00013138374197296798, 4.7964625991880894e-05, 3.351797931827605e-05, 3.271633249823935e-05, 2.637791658344213e-05, 2.18509685510071e-05, 2.1737863789894618e-05, 1.8755095879896544e-05, 1.9555705875973217e-05, 1.6428573871962726e-05, 1.978795262402855e-05, 2.4277353077195585e-05, 2.0359022528282367e-05, 1.816382064134814e-05, 1.343802796327509e-05, 1.4555812413163949e-05, 2.0574314476107247e-05, 1.3672174645762425e-05, 2.3264907213160768e-05], [0, 0.0007047547260299325, 0.00012761905963998288, 6.95407361490652e-05, 3.899403236573562e-05, 3.0471530408249237e-05, 2.7586955184233375e-05, 2.7589059754973277e-05, 2.742417564149946e-05, 2.4336486603715457e-05, 2.128186861227732e-05, 3.3484971936559305e-05, 2.362875238759443e-05, 2.1579344320343807e-05, 2.2789647118770517e-05, 1.996406354010105e-05, 2.9093551347614266e-05, 2.532600956328679e-05, 1.2684447938227095e-05, 1.2246221558598336e-05, 4.040376370539889e-05], [0, 0.0006968520465306938, 0.0001252678775927052, 5.766297908849083e-05, 3.315338472020812e-05, 3.005929283972364e-05, 2.7199354008189403e-05, 2.478384703863412e-05, 2.2487498426926322e-05, 1.7953087080968544e-05, 2.0366327589727007e-05, 2.3782231437508017e-05, 1.600664654688444e-05, 2.1096921045682393e-05, 1.6438038073829375e-05, 1.4217949683370534e-05, 1.3489261618815362e-05, 1.9558845451683737e-05, 2.1231275241007097e-05, 1.2289613550819922e-05, 3.006231963809114e-05], [0, 0.000692298635840416, 9.726818825583905e-05, 6.982764170970768e-05, 4.00646822527051e-05, 3.611115243984386e-05, 2.849131305993069e-05, 3.031847700185608e-05, 2.164063334930688e-05, 2.7184318241779692e-05, 2.2734144295100123e-05, 2.466305704729166e-05, 3.0327269996632822e-05, 2.1649526388500817e-05, 1.601338772161398e-05, 1.5939258446451277e-05, 1.6856487491168082e-05, 2.257288360851817e-05, 1.4910615391272586e-05, 1.342326413578121e-05, 2.6050825908896513e-05], [0, 0.0006930855452083051, 0.00012108596274629235, 6.533916166517884e-05, 4.06638573622331e-05, 3.895613917848095e-05, 2.7359572413843125e-05, 2.371479604335036e-05, 2.0690131350420415e-05, 2.1096264390507713e-05, 2.087031680275686e-05, 2.5791758162085898e-05, 2.177411806769669e-05, 1.8033601008937694e-05, 2.3118929675547406e-05, 1.78856571437791e-05, 1.7478541849413887e-05, 1.5939940567477606e-05, 1.1011535207217094e-05, 1.2542268450488336e-05, 2.2393069230020046e-05], [0, 0.0007059620111249387, 0.00014171334623824805, 6.603264773730189e-05, 4.014075602754019e-05, 3.0740033253096044e-05, 2.654417767189443e-05, 2.2786465706303716e-05, 1.984053415071685e-05, 1.9524146409821697e-05, 2.169820618291851e-05, 2.9189506676630117e-05, 2.1021482098149136e-05, 1.992649595194962e-05, 2.4206023226724938e-05, 2.1598771127173677e-05, 2.324221895833034e-05, 1.7352991562802345e-05, 1.210017580888234e-05, 1.7964046492124908e-05, 2.3824264644645154e-05], [0, 0.00070715241599828, 0.00016748986672610044, 6.116599251981825e-05, 3.461346932454035e-05, 2.7012785722035915e-05, 2.3010272343526594e-05, 2.0349849364720285e-05, 2.0064104319317266e-05, 1.7132992070401087e-05, 2.028868766501546e-05, 2.5382927560713142e-05, 1.972337304323446e-05, 1.9846920622512698e-05, 3.509506132104434e-05, 1.6667287127347663e-05, 1.4396758160728496e-05, 1.3209059034124948e-05, 1.3790670891467016e-05, 2.3884904294391163e-05, 2.0225219486746937e-05]]}