{"alpha": 0.75, "beta": 0.5, "gamma": 7.0, "num_samples": 25, "node_count": 10, "density": 0.75, "startup_delay": 0.0, "forward_prob": 0, "epochs": [[0, 1, 2, 3, 4, 5, 6, 7, 8, 9, 10, 11, 12, 13, 14, 15, 16, 17, 18, 19, 20], [0, 1, 2, 3, 4, 5, 6, 7, 8, 9, 10, 11, 12, 13, 14, 15, 16, 17, 18, 19, 20], [0, 1, 2, 3, 4, 5, 6, 7, 8, 9, 10, 11, 12, 13, 14, 15, 16, 17, 18, 19, 20], [0, 1, 2, 3, 4, 5, 6, 7, 8, 9, 10, 11, 12, 13, 14, 15, 16, 17, 18, 19, 20], [0, 1, 2, 3, 4, 5, 6, 7, 8, 9, 10, 11, 12, 13, 14, 15, 16, 17, 18, 19, 20], [0, 1, 2, 3, 4, 5, 6, 7, 8, 9, 10, 11, 12, 13, 14, 15, 16, 17, 18, 19, 20], [0, 1, 2, 3, 4, 5, 6, 7, 8, 9, 10, 11, 12, 13, 14, 15, 16, 17, 18, 19, 20], [0, 1, 2, 3, 4, 5, 6, 7, 8, 9, 10, 11, 12, 13, 14, 15, 16, 17, 18, 19, 20], [0, 1, 2, 3, 4, 5, 6, 7, 8, 9, 10, 11, 12, 13, 14, 15, 16, 17, 18, 19, 20], [0, 1, 2, 3, 4, 5, 6, 7, 8, 9, 10, 11, 12, 13, 14, 15, 16, 17, 18, 19, 20]], "accuracies": [[12.35, 19.06, 47.71, 62.8, 66.86, 69.06, 69.0, 68.07, 69.81, 68.56, 68.91, 68.79, 70.12, 69.45, 69.9, 70.83, 69.89, 67.79, 67.53, 69.81, 68.88], [10.11, 22.86, 51.88, 63.76, 67.61, 68.79, 68.17, 66.64, 69.61, 66.97, 67.92, 67.63, 69.27, 68.4, 70.07, 70.05, 70.27, 68.54, 66.68, 69.14, 69.32], [10.11, 11.06, 48.27, 61.29, 67.65, 66.66, 68.61, 68.76, 70.89, 67.05, 67.92, 66.82, 69.96, 68.82, 69.52, 69.93, 69.56, 67.28, 69.18, 67.97, 65.42], [11.16, 25.98, 43.44, 65.02, 70.01, 69.33, 67.97, 68.53, 71.1, 67.19, 68.42, 67.0, 69.5, 67.89, 69.13, 70.04, 70.1, 65.09, 68.36, 70.02, 64.64], [10.54, 11.88, 47.37, 62.27, 66.14, 66.63, 64.5, 67.94, 68.69, 64.02, 68.37, 68.16, 68.28, 68.92, 67.59, 69.09, 69.54, 67.86, 66.86, 69.5, 64.51], [9.56, 22.0, 57.43, 64.38, 69.64, 67.75, 70.47, 69.72, 68.33, 69.93, 71.83, 70.46, 71.28, 71.5, 69.07, 70.71, 71.36, 67.18, 67.0, 69.52, 70.32], [7.56, 9.98, 46.06, 59.73, 60.17, 62.12, 57.17, 63.9, 56.31, 64.54, 61.43, 63.72, 65.75, 63.73, 65.38, 67.26, 60.06, 65.13, 67.2, 55.95, 57.59], [7.38, 24.81, 52.47, 63.63, 65.1, 66.12, 61.53, 66.76, 63.66, 68.96, 65.63, 69.17, 66.06, 68.0, 67.04, 67.97, 64.21, 67.46, 67.71, 56.23, 55.38], [11.28, 38.77, 57.35, 63.77, 65.81, 68.49, 65.69, 68.34, 70.25, 70.59, 68.25, 69.14, 67.63, 67.86, 70.56, 63.31, 61.1, 55.27, 57.32, 59.17, 62.25], [10.7, 40.05, 54.35, 61.35, 59.4, 65.34, 59.25, 66.11, 65.79, 64.84, 65.64, 65.88, 64.65, 61.64, 65.01, 60.95, 66.12, 65.34, 65.06, 62.2, 59.49]], "msds": [[0, 0.0006554684368893504, 9.365434380015358e-05, 3.943154661101289e-05, 2.355198739678599e-05, 1.681499088590499e-05, 1.4123106666374952e-05, 1.0857404049602337e-05, 1.3781437701254617e-05, 1.2379030522424728e-05, 8.897091902326792e-06, 7.201073003670899e-06, 1.5184781659627333e-05, 8.684079148224555e-06, 8.509554390911944e-06, 7.495990303141298e-06, 4.3484837988216896e-06, 5.572545887844171e-06, 1.2519977644842584e-05, 9.415090062248055e-06, 7.068417289701756e-06], [0, 0.0006520954775623977, 0.00010311423102393746, 4.378922676551156e-05, 2.344982567592524e-05, 1.4468341760220937e-05, 1.3018255231145304e-05, 1.4730050679645501e-05, 1.0573212421149947e-05, 1.334628996119136e-05, 8.834223081066739e-06, 7.176613053161418e-06, 1.0936389116977807e-05, 8.228244951169472e-06, 1.0577969987934921e-05, 8.173561582225375e-06, 3.370513923073304e-06, 7.220082352432655e-06, 1.0131464478035923e-05, 1.2999327736906707e-05, 4.971286216459703e-06], [0, 0.000656146090477705, 0.00010205906437477097, 4.520513175521046e-05, 2.492956082278397e-05, 1.437898026779294e-05, 1.3008112546231132e-05, 8.940454790717922e-06, 1.0148515684704762e-05, 1.1259713573963381e-05, 8.23114260128932e-06, 8.701370461494662e-06, 1.01237064882298e-05, 1.1596631338761654e-05, 7.912582987046335e-06, 6.667425623163581e-06, 2.9791829092573607e-06, 6.6614475144888274e-06, 9.13887288334081e-06, 8.259306923719123e-06, 3.43020610671374e-06], [0, 0.0006375572411343455, 9.330056491307914e-05, 3.912775355274789e-05, 2.3041535314405337e-05, 1.4799064047110733e-05, 1.1393593922548462e-05, 9.878011042019352e-06, 9.876679541775957e-06, 1.4153566553432029e-05, 7.241955700010294e-06, 6.667658453807235e-06, 9.508229595667217e-06, 1.008053823170485e-05, 6.9961433837306686e-06, 6.918854978721356e-06, 2.8331596695352346e-06, 4.4438784243538976e-06, 9.414409760211129e-06, 8.487649211019743e-06, 3.3595335935387993e-06], [0, 0.0006503299227915704, 7.943207310745493e-05, 3.5020089853787795e-05, 1.9330400391481817e-05, 1.4468839253822807e-05, 1.4253914741857443e-05, 1.2987016816623509e-05, 1.0799492883961648e-05, 1.616796726011671e-05, 1.0769792424980551e-05, 8.326405804837123e-06, 1.0407893569208682e-05, 5.089623755338835e-06, 2.003409099415876e-05, 1.0248989383399021e-05, 5.130753379489761e-06, 4.602057742886245e-06, 1.6846035578055307e-05, 4.831089427170809e-06, 3.325560101075098e-06], [0, 0.000680376891978085, 8.13702936284244e-05, 3.3600303140701726e-05, 1.8864737285184674e-05, 1.3878505342290737e-05, 1.3346219020604622e-05, 1.0567209756118245e-05, 9.994075298891403e-06, 1.0731773727457039e-05, 1.0711573850130662e-05, 7.520536655647447e-06, 9.374459295941051e-06, 5.0611383812793065e-06, 1.026663539960282e-05, 7.0438909460790455e-06, 5.5890991461637896e-06, 4.414894647197798e-06, 3.1012703402666375e-05, 8.17564159660833e-06, 2.9985712899360806e-06], [0, 0.0006848126067779958, 8.832097228150815e-05, 3.7657075154129416e-05, 2.0832490918110125e-05, 1.4723638741998002e-05, 1.3515408681996632e-05, 1.234908813785296e-05, 1.3832513104716782e-05, 7.78621051722439e-06, 1.0758962162071839e-05, 1.95425127458293e-05, 1.357111796096433e-05, 8.916821570892353e-06, 4.742592409456847e-06, 4.382310180517379e-06, 9.047920684679411e-06, 1.0142564860871062e-05, 4.09154245062382e-06, 1.0607816875563003e-05, 1.992731267819181e-05], [0, 0.0006409434136003256, 8.295901352539659e-05, 3.6514629755401984e-05, 1.880790114228148e-05, 1.599365714355372e-05, 1.6007876183721237e-05, 1.2336157851677854e-05, 1.3239201507531106e-05, 7.951422958285548e-06, 1.1437716239015572e-05, 9.582265192875639e-06, 1.0302195732947439e-05, 5.398895609687315e-06, 5.477665581565816e-06, 5.623094239126658e-06, 8.00986890681088e-06, 1.1994314263574779e-05, 5.41754525329452e-06, 7.225979970826302e-06, 2.5622124667279422e-05], [0, 0.0004414027207531035, 5.4948141041677445e-05, 2.683254388102796e-05, 1.757617610564921e-05, 1.7113590729422867e-05, 1.2560723007482011e-05, 1.6282765500363894e-05, 1.1331917448842432e-05, 9.949570994649548e-06, 1.164021796284942e-05, 1.1862591236422304e-05, 1.0453065442561638e-05, 1.7634289179113694e-05, 8.406951565120835e-06, 7.356413334491663e-06, 1.748257636791095e-05, 1.536758463771548e-05, 7.718044798821211e-06, 6.1083806031092536e-06, 4.718176569440402e-06], [0, 0.00041696903645060956, 6.0573504015337676e-05, 2.705876249819994e-05, 1.6526248145964928e-05, 1.1437103239586577e-05, 1.5827426977921277e-05, 1.0779782314784825e-05, 1.197533947561169e-05, 1.090467776521109e-05, 1.1627985259110574e-05, 7.56569670556928e-06, 1.638896355871111e-05, 8.872093530953862e-06, 4.461528533283854e-06, 2.2384061594493687e-05, 1.754788900143467e-05, 1.884871380752884e-05, 7.728481250524055e-06, 4.830860234505963e-06, 0]]}