{"alpha": 0.75, "beta": 0.5, "gamma": 5.0, "num_samples": 25, "node_count": 10, "density": 0.5, "startup_delay": 0.0, "forward_prob": 0, "epochs": [[0, 1, 2, 3, 4, 5, 6, 7, 8, 9, 10, 11, 12, 13, 14, 15, 16, 17, 18, 19, 20], [0, 1, 2, 3, 4, 5, 6, 7, 8, 9, 10, 11, 12, 13, 14, 15, 16, 17, 18, 19, 20], [0, 1, 2, 3, 4, 5, 6, 7, 8, 9, 10, 11, 12, 13, 14, 15, 16, 17, 18, 19, 20], [0, 1, 2, 3, 4, 5, 6, 7, 8, 9, 10, 11, 12, 13, 14, 15, 16, 17, 18, 19, 20], [0, 1, 2, 3, 4, 5, 6, 7, 8, 9, 10, 11, 12, 13, 14, 15, 16, 17, 18, 19, 20], [0, 1, 2, 3, 4, 5, 6, 7, 8, 9, 10, 11, 12, 13, 14, 15, 16, 17, 18, 19, 20], [0, 1, 2, 3, 4, 5, 6, 7, 8, 9, 10, 11, 12, 13, 14, 15, 16, 17, 18, 19, 20], [0, 1, 2, 3, 4, 5, 6, 7, 8, 9, 10, 11, 12, 13, 14, 15, 16, 17, 18, 19, 20], [0, 1, 2, 3, 4, 5, 6, 7, 8, 9, 10, 11, 12, 13, 14, 15, 16, 17, 18, 19, 20], [0, 1, 2, 3, 4, 5, 6, 7, 8, 9, 10, 11, 12, 13, 14, 15, 16, 17, 18, 19, 20]], "accuracies": [[9.92, 19.89, 40.2, 61.79, 67.83, 68.43, 67.0, 67.26, 67.97, 70.11, 70.1, 69.77, 67.43, 69.84, 68.92, 69.45, 67.95, 70.87, 69.87, 69.55, 71.19], [7.31, 19.88, 35.43, 56.81, 58.41, 64.79, 62.09, 66.64, 63.97, 68.27, 67.51, 69.84, 66.19, 69.11, 68.55, 68.36, 67.98, 70.7, 67.86, 70.99, 68.6], [11.19, 19.0, 36.39, 56.51, 66.01, 66.91, 62.85, 66.86, 65.89, 69.53, 66.27, 67.35, 68.04, 68.29, 68.99, 68.49, 69.05, 70.49, 68.97, 71.87, 71.05], [12.7, 26.98, 34.11, 51.7, 55.93, 61.09, 57.95, 66.81, 58.16, 69.24, 60.4, 67.69, 68.09, 69.59, 63.75, 65.63, 70.4, 68.47, 71.26, 67.03, 69.81], [11.2, 17.45, 36.06, 58.03, 63.13, 62.65, 64.49, 67.65, 69.57, 67.43, 69.59, 66.46, 67.17, 71.1, 68.64, 68.5, 69.62, 70.25, 65.74, 67.65, 70.37], [10.27, 24.72, 40.53, 56.91, 64.14, 65.75, 64.84, 66.79, 69.88, 69.84, 70.97, 67.52, 70.95, 71.24, 69.11, 71.89, 69.36, 69.67, 65.54, 68.89, 68.82], [8.2, 24.83, 51.14, 64.48, 64.61, 69.49, 70.67, 69.96, 69.87, 70.9, 68.3, 65.28, 71.35, 69.88, 71.91, 69.73, 70.99, 69.4, 60.44, 70.25, 70.3], [19.67, 12.05, 53.63, 65.31, 66.87, 64.39, 66.68, 67.92, 63.28, 67.21, 68.76, 69.46, 69.22, 70.76, 68.95, 65.26, 63.65, 69.23, 68.72, 53.84, 52.53], [9.82, 37.23, 61.81, 65.73, 66.07, 66.71, 64.32, 66.75, 69.17, 65.61, 68.51, 69.75, 59.29, 57.21, 61.22, 59.78, 64.77, 59.35, 49.16, 49.61, 50.31], [12.11, 35.82, 53.7, 62.05, 60.03, 68.65, 63.63, 68.15, 66.35, 62.76, 65.93, 69.05, 69.31, 63.04, 62.53, 64.12, 57.3, 57.96, 57.57, 57.55, 57.54]], "msds": [[0, 0.0006817540852352977, 9.701584349386394e-05, 4.945509499520995e-05, 3.4357926779193804e-05, 2.2145371985970996e-05, 1.6548054190934636e-05, 1.7410517102689482e-05, 1.4645542250946164e-05, 1.1296774573565926e-05, 1.0193762136623263e-05, 1.182136566058034e-05, 1.3801357454212848e-05, 1.0526699043111876e-05, 6.680038495687768e-06, 5.3669564294978045e-06, 1.1751297279261053e-05, 7.992060091055464e-06, 6.978191322559724e-06, 6.2788312789052725e-06, 6.611404387513176e-06], [0, 0.0006907749339006841, 0.00010587012366158888, 4.634593642549589e-05, 2.9123135391273536e-05, 2.203968688263558e-05, 1.9512868675519712e-05, 1.7285579815506935e-05, 1.7622120140003972e-05, 1.1450300917204004e-05, 1.287219492951408e-05, 1.3020473488722928e-05, 1.2938320651301183e-05, 8.98467897059163e-06, 1.1353617992426734e-05, 8.77557340572821e-06, 1.141455868491903e-05, 7.995631676749326e-06, 6.636932539549889e-06, 6.919227416801732e-06, 7.857055607018992e-06], [0, 0.0006822627619840205, 0.00011731924314517528, 5.598674761131406e-05, 2.681655496417079e-05, 2.594732904981356e-05, 1.6123820387292653e-05, 2.113204391207546e-05, 1.2777497431670781e-05, 9.813887118070852e-06, 9.883686288958415e-06, 1.7616990589885972e-05, 9.47932403505547e-06, 1.0235970876237843e-05, 6.173007477627834e-06, 9.857693839876447e-06, 1.0832261978066526e-05, 1.227579286933178e-05, 5.495383447851054e-06, 6.83923053657054e-06, 6.784655397495953e-06], [0, 0.0006907197530381382, 0.00010754857066785917, 5.419787339633331e-05, 3.48661960742902e-05, 2.5384379114257172e-05, 2.3147998945205472e-05, 1.7949727407540195e-05, 2.1022888176958077e-05, 1.1006015483872034e-05, 1.6490484995301813e-05, 1.3040937119512819e-05, 1.015617363009369e-05, 6.4384148572571576e-06, 9.576413503964432e-06, 1.8960789020638913e-05, 1.0981845662172418e-05, 8.28360589366639e-06, 7.1313552325591445e-06, 1.0917636245721951e-05, 6.010681318002753e-06], [0, 0.0006796835223212838, 0.00010366765491198748, 3.679173823911697e-05, 2.313878394488711e-05, 1.8006525351665914e-05, 1.6213121853070334e-05, 1.2053972568537574e-05, 1.3274861885292921e-05, 1.5524330592597835e-05, 5.678663455910282e-06, 1.2186592357465997e-05, 1.4041366739547811e-05, 8.37921652419027e-06, 1.0340600056224503e-05, 6.5492063185956795e-06, 8.178346433851402e-06, 9.582482562109362e-06, 1.5052462003950495e-05, 1.4008349353389349e-05, 6.216470410436159e-06], [0, 0.000675009039696306, 0.00010895368905039504, 4.579260348691605e-05, 2.7911735742236488e-05, 1.7804832168621942e-05, 1.562036050017923e-05, 1.2519912161224056e-05, 1.063251056621084e-05, 9.651410437072627e-06, 6.559972916875267e-06, 9.144480827671941e-06, 1.0991970157192554e-05, 6.776635018468369e-06, 1.2850530765717849e-05, 7.610258307977347e-06, 5.512729330803268e-06, 4.4014541344949976e-06, 1.8894048480433412e-05, 1.5236194485623855e-05, 5.55682709091343e-06], [0, 0.0006824589218012989, 8.193778194254264e-05, 3.9843911508796737e-05, 2.2809688744018786e-05, 1.7018128346535377e-05, 1.3149085134500638e-05, 1.0894982551690191e-05, 1.4553153050655965e-05, 1.046476245392114e-05, 8.514674846082926e-06, 1.9938097466365434e-05, 1.7813539670896716e-05, 7.173152880568523e-06, 7.58652913646074e-06, 6.055433914298192e-06, 9.706754099170212e-06, 5.177552338864189e-06, 1.5141156836762093e-05, 1.642355891817715e-05, 7.740629371255636e-06], [0, 0.0006728405714966357, 7.66885859775357e-05, 3.0487513868138194e-05, 1.9955725292675197e-05, 1.548464751977008e-05, 1.4255818314268254e-05, 1.122838966693962e-05, 1.062854516931111e-05, 1.0838562047865707e-05, 5.3982780627848115e-06, 7.722032933088485e-06, 7.158802418416599e-06, 1.416383202013094e-05, 7.241602816066006e-06, 1.0700401617214084e-05, 1.881208663689904e-05, 7.766284397803247e-06, 5.2684895308630075e-06, 3.420534540055087e-06, 9.39906203711871e-06], [0, 0.0003451202064752579, 6.058131839381531e-05, 2.4426270101685077e-05, 1.646397686272394e-05, 1.6089035852928646e-05, 1.3962846423964947e-05, 1.0790462511067744e-05, 8.654039447719697e-06, 8.348235496669076e-06, 9.36386004468659e-06, 8.638201506983023e-06, 1.022885408019647e-05, 2.8713502615573816e-05, 9.913723260979168e-06, 6.888817551953252e-06, 4.739461019198643e-06, 1.688653173914645e-05, 0, 0, 0], [0, 0.0003524120256770402, 7.886529783718288e-05, 2.852197394531686e-05, 2.172264976252336e-05, 1.8456188627169468e-05, 9.185463568428531e-06, 7.260483471327461e-06, 1.757405698299408e-05, 1.6589179722359404e-05, 7.207956059573917e-06, 8.606074516137596e-06, 4.841353074880317e-06, 1.5557603546767496e-05, 2.799047615553718e-05, 1.289697775064269e-05, 0, 0, 0, 0, 0]]}