{"alpha": 0.75, "beta": 0.5, "gamma": 8.0, "num_samples": 25, "node_count": 10, "density": 1.0, "startup_delay": 0.0, "forward_prob": 0, "epochs": [[0, 1, 2, 3, 4, 5, 6, 7, 8, 9, 10, 11, 12, 13, 14, 15, 16, 17, 18, 19, 20], [0, 1, 2, 3, 4, 5, 6, 7, 8, 9, 10, 11, 12, 13, 14, 15, 16, 17, 18, 19, 20], [0, 1, 2, 3, 4, 5, 6, 7, 8, 9, 10, 11, 12, 13, 14, 15, 16, 17, 18, 19, 20], [0, 1, 2, 3, 4, 5, 6, 7, 8, 9, 10, 11, 12, 13, 14, 15, 16, 17, 18, 19, 20], [0, 1, 2, 3, 4, 5, 6, 7, 8, 9, 10, 11, 12, 13, 14, 15, 16, 17, 18, 19, 20], [0, 1, 2, 3, 4, 5, 6, 7, 8, 9, 10, 11, 12, 13, 14, 15, 16, 17, 18, 19, 20], [0, 1, 2, 3, 4, 5, 6, 7, 8, 9, 10, 11, 12, 13, 14, 15, 16, 17, 18, 19, 20], [0, 1, 2, 3, 4, 5, 6, 7, 8, 9, 10, 11, 12, 13, 14, 15, 16, 17, 18, 19, 20], [0, 1, 2, 3, 4, 5, 6, 7, 8, 9, 10, 11, 12, 13, 14, 15, 16, 17, 18, 19, 20], [0, 1, 2, 3, 4, 5, 6, 7, 8, 9, 10, 11, 12, 13, 14, 15, 16, 17, 18, 19, 20]], "accuracies": [[7.95, 10.63, 36.56, 61.55, 64.71, 66.43, 67.88, 67.32, 68.55, 68.27, 68.92, 69.25, 68.23, 70.57, 71.08, 69.91, 71.24, 70.65, 71.22, 69.67, 71.5], [14.62, 10.0, 42.87, 61.42, 65.79, 67.13, 68.8, 68.8, 69.29, 69.37, 69.27, 69.43, 69.59, 71.34, 71.23, 70.12, 71.49, 71.23, 71.39, 70.28, 70.67], [7.93, 27.81, 40.49, 60.26, 65.27, 66.79, 67.52, 67.16, 67.76, 68.12, 69.05, 67.35, 68.98, 69.71, 70.62, 67.72, 71.02, 68.65, 70.65, 67.61, 71.46], [12.57, 15.02, 38.92, 61.7, 63.31, 64.96, 65.39, 65.44, 66.48, 66.57, 67.32, 67.51, 67.04, 69.42, 70.3, 67.36, 70.45, 69.44, 69.56, 68.55, 70.15], [11.5, 17.97, 39.8, 62.9, 64.72, 67.29, 67.59, 67.65, 68.78, 67.69, 70.11, 69.21, 69.74, 71.11, 71.59, 70.03, 71.04, 70.44, 71.36, 69.95, 71.74], [7.84, 21.3, 38.34, 59.13, 63.15, 65.83, 66.67, 65.41, 67.23, 66.72, 68.17, 66.67, 68.94, 69.05, 70.28, 68.87, 68.88, 69.55, 69.97, 69.23, 70.4], [11.78, 12.0, 40.25, 56.33, 64.35, 63.34, 67.84, 66.55, 68.66, 67.09, 70.35, 65.39, 70.49, 70.83, 71.97, 69.14, 72.31, 70.54, 71.86, 68.78, 71.52], [4.5, 15.31, 35.82, 62.24, 65.14, 66.84, 68.13, 67.91, 68.78, 68.54, 69.96, 69.01, 69.95, 70.94, 70.94, 70.05, 70.94, 69.99, 70.58, 70.14, 70.97], [15.99, 19.92, 36.74, 55.21, 62.9, 65.88, 67.76, 67.87, 68.86, 68.43, 69.78, 69.11, 70.5, 71.34, 71.89, 70.91, 71.44, 71.38, 71.51, 69.97, 71.54], [15.76, 9.97, 40.96, 60.7, 65.65, 67.38, 67.97, 68.15, 68.76, 68.4, 68.94, 68.82, 69.94, 71.06, 71.13, 70.65, 71.35, 70.98, 70.44, 69.64, 70.91]], "msds": [[0, 0.0006928139482624829, 9.926515485858545e-05, 4.377664299681783e-05, 2.561914334364701e-05, 1.902063740999438e-05, 1.4790902241657022e-05, 1.2358284038782585e-05, 1.0055066013592295e-05, 1.0011852282332256e-05, 1.0629457392496988e-05, 9.020648576552048e-06, 2.749972918536514e-05, 1.3258960279927123e-05, 5.210930794419255e-06, 4.941429324389901e-06, 5.149113349034451e-06, 4.536836513580056e-06, 6.469391337304842e-06, 6.889811174914939e-06, 5.5062491810531355e-06], [0, 0.000686759827658534, 0.00010277343244524673, 3.904871118720621e-05, 2.1397057935246266e-05, 1.6157957361429e-05, 1.2703689208137803e-05, 1.0932212717307266e-05, 1.1308935427223332e-05, 9.737597792991437e-06, 1.8077693312079646e-05, 1.2849692211602814e-05, 1.2114660421502776e-05, 6.486448455689242e-06, 5.837639037054032e-06, 5.427720680017956e-06, 6.709445642627543e-06, 4.659315436583711e-06, 7.022336376394378e-06, 9.052335371961817e-06, 1.8146978618460707e-05], [0, 0.0006927027716301382, 9.50400935835205e-05, 3.728187584783882e-05, 1.9346722183399834e-05, 1.579489435243886e-05, 1.2514073205238674e-05, 1.2407664144120645e-05, 1.0426424523757305e-05, 1.0746741281764116e-05, 8.637160135549493e-06, 1.118570889957482e-05, 9.987244084186386e-06, 9.958271220966708e-06, 5.187820534047205e-06, 8.54115751280915e-06, 7.852662747609429e-06, 6.936502359167207e-06, 7.761158485664055e-06, 1.1124056982225738e-05, 6.847646091046045e-06], [0, 0.0006788563332520425, 9.233014134224504e-05, 3.906247002305463e-05, 2.2654086933471262e-05, 1.8113883925252594e-05, 1.5681362128816545e-05, 1.500225334893912e-05, 1.3030342415731866e-05, 1.247722866537515e-05, 1.1271600669715554e-05, 9.88991632766556e-06, 1.2560079994727857e-05, 9.374606634082738e-06, 7.328262654482387e-06, 1.165476624009898e-05, 8.197635906981304e-06, 6.826195203757379e-06, 1.1398617061786354e-05, 1.3843971828464419e-05, 8.878159860614687e-06], [0, 0.0006763396668247879, 9.705828415462747e-05, 3.9799993828637525e-05, 2.485851655364968e-05, 1.955740481207613e-05, 1.519077704870142e-05, 1.4214439943316393e-05, 1.1875738891831134e-05, 1.3050347661192063e-05, 1.0638817911967635e-05, 8.531278581358492e-06, 1.0943707820842974e-05, 8.53832625580253e-06, 5.632871307170717e-06, 5.252104983810568e-06, 1.114877886720933e-05, 5.705212061002385e-06, 8.310293196700513e-06, 8.038794476306066e-06, 8.245754543168005e-06], [0, 0.0006834608502686024, 0.00010218755778623745, 4.2290052078897133e-05, 2.4391169063164853e-05, 2.071167909889482e-05, 1.6327068806276657e-05, 1.3842759472026955e-05, 1.1141053619212471e-05, 1.3478658729582094e-05, 1.0959727660520002e-05, 1.2113489901821595e-05, 1.0957939593936317e-05, 9.806552952795755e-06, 5.966197022644337e-06, 8.070646799751557e-06, 8.816547051537782e-06, 6.889649739605375e-06, 9.557961675454862e-06, 9.815591511141974e-06, 7.253442163346335e-06], [0, 0.000689102744217962, 9.905305341817439e-05, 4.170627653365955e-05, 2.5004414055729285e-05, 2.3496162611991167e-05, 1.837229501688853e-05, 1.92324114323128e-05, 1.5128774975892156e-05, 1.782092840585392e-05, 1.230954694619868e-05, 1.685163442743942e-05, 1.270879693038296e-05, 1.2043827155139297e-05, 7.214296147139976e-06, 1.3095374015392736e-05, 7.5904968070972245e-06, 7.584876129840268e-06, 7.657504283997696e-06, 1.4485557585430797e-05, 7.531629307777621e-06], [0, 0.0006887508207000792, 9.933225373970345e-05, 3.908180588041432e-05, 2.3470925953006372e-05, 2.0056824723724276e-05, 1.5052068192744628e-05, 1.4672875295218546e-05, 1.1513730896695051e-05, 1.1574818927329034e-05, 1.089387933461694e-05, 1.0343090252717957e-05, 1.0640343134582508e-05, 9.421483810001519e-06, 5.837888693349669e-06, 6.650131126662018e-06, 7.986329364939593e-06, 5.966621301922714e-06, 9.61793375608977e-06, 7.853768693166785e-06, 7.697569344600197e-06], [0, 0.0006961195613257587, 9.68522290349938e-05, 3.844132152153179e-05, 2.250817669846583e-05, 1.8356477085035294e-05, 1.5365991202997975e-05, 1.4497502888843883e-05, 1.209923630085541e-05, 1.3817227227264084e-05, 9.919030162564013e-06, 1.1995422028121538e-05, 1.1222232387808617e-05, 1.0362075045122765e-05, 6.106096861913102e-06, 8.831582817947492e-06, 8.491209882777184e-06, 9.578273420629557e-06, 9.988044439523946e-06, 9.911654160532635e-06, 6.449422926380066e-06], [0, 0.0006839801790192723, 0.0001039555500028655, 3.738295708899386e-05, 1.8326538338442333e-05, 1.4845650184724946e-05, 1.2325614989094902e-05, 1.2359492757241242e-05, 9.314017006545328e-06, 1.4079439097258728e-05, 8.507349775754847e-06, 1.036130834108917e-05, 1.0399347956990823e-05, 6.5817735048767645e-06, 4.927389454678632e-06, 4.910119514534017e-06, 6.0855745687149465e-06, 4.240659563947702e-06, 1.9831606550724246e-05, 1.5907837223494425e-05, 5.962830073258374e-06]]}