{"alpha": 0.75, "beta": 0.5, "gamma": 1.0, "num_samples": 25, "node_count": 10, "density": 0.0, "startup_delay": 0.0, "forward_prob": 0, "epochs": [[0, 1, 2, 3, 4, 5, 6, 7, 8, 9, 10, 11, 12, 13, 14, 15, 16, 17, 18, 19, 20], [0, 1, 2, 3, 4, 5, 6, 7, 8, 9, 10, 11, 12, 13, 14, 15, 16, 17, 18, 19, 20], [0, 1, 2, 3, 4, 5, 6, 7, 8, 9, 10, 11, 12, 13, 14, 15, 16, 17, 18, 19, 20], [0, 1, 2, 3, 4, 5, 6, 7, 8, 9, 10, 11, 12, 13, 14, 15, 16, 17, 18, 19, 20], [0, 1, 2, 3, 4, 5, 6, 7, 8, 9, 10, 11, 12, 13, 14, 15, 16, 17, 18, 19, 20], [0, 1, 2, 3, 4, 5, 6, 7, 8, 9, 10, 11, 12, 13, 14, 15, 16, 17, 18, 19, 20], [0, 1, 2, 3, 4, 5, 6, 7, 8, 9, 10, 11, 12, 13, 14, 15, 16, 17, 18, 19, 20], [0, 1, 2, 3, 4, 5, 6, 7, 8, 9, 10, 11, 12, 13, 14, 15, 16, 17, 18, 19, 20], [0, 1, 2, 3, 4, 5, 6, 7, 8, 9, 10, 11, 12, 13, 14, 15, 16, 17, 18, 19, 20], [0, 1, 2, 3, 4, 5, 6, 7, 8, 9, 10, 11, 12, 13, 14, 15, 16, 17, 18, 19, 20]], "accuracies": [[10.02, 20.43, 58.79, 39.57, 58.13, 57.92, 64.53, 61.04, 65.94, 65.69, 63.91, 65.36, 66.38, 67.64, 66.65, 67.59, 65.22, 67.68, 66.2, 66.99, 67.55], [11.19, 51.55, 56.88, 57.88, 53.71, 58.41, 58.34, 60.05, 58.92, 62.42, 60.84, 65.01, 65.85, 62.41, 65.61, 65.14, 66.36, 65.53, 65.4, 62.56, 66.47], [10.0, 49.37, 58.92, 63.38, 54.61, 61.28, 61.44, 65.17, 62.81, 66.02, 64.5, 66.27, 66.77, 62.97, 67.77, 66.91, 66.64, 67.84, 65.83, 65.12, 68.78], [6.78, 43.8, 51.02, 53.17, 60.01, 57.59, 58.84, 63.6, 65.09, 66.7, 65.72, 67.15, 66.98, 64.69, 65.05, 66.16, 67.32, 68.03, 66.47, 63.25, 68.61], [6.54, 52.64, 56.18, 63.76, 58.81, 62.18, 61.14, 65.41, 63.69, 64.35, 64.46, 66.98, 67.05, 62.86, 67.41, 66.82, 66.6, 66.8, 65.63, 64.5, 67.42], [12.97, 24.46, 48.36, 53.52, 54.87, 60.46, 60.8, 65.54, 63.57, 66.8, 65.3, 66.38, 67.58, 62.48, 67.89, 67.57, 68.28, 67.64, 67.61, 65.38, 69.66], [20.73, 27.86, 45.45, 60.26, 57.22, 63.59, 58.05, 61.01, 65.75, 61.99, 64.74, 64.63, 62.94, 62.78, 60.61, 60.87, 63.47, 61.78, 62.87, 61.11, 61.22], [7.57, 25.58, 35.39, 58.21, 57.76, 63.21, 61.61, 62.32, 62.57, 63.9, 65.0, 64.58, 65.61, 68.96, 66.04, 68.23, 63.99, 68.44, 64.89, 67.79, 67.79], [10.68, 47.47, 47.25, 52.09, 51.26, 55.2, 54.12, 52.48, 63.13, 59.86, 63.47, 65.63, 65.13, 66.37, 63.28, 60.38, 65.77, 64.27, 63.38, 64.43, 65.29], [11.5, 44.86, 33.67, 58.75, 53.4, 61.33, 64.14, 63.25, 64.08, 65.28, 65.73, 65.13, 66.31, 69.57, 65.41, 67.31, 66.09, 68.99, 64.83, 65.95, 67.33]], "msds": [[0, 0.0006882993038743734, 0.00017328809190075845, 0.00023851555306464434, 0.00010753079550340772, 3.815347372437827e-05, 3.061162351514213e-05, 2.1157886294531636e-05, 1.761092062224634e-05, 1.1865465239679907e-05, 8.99489714356605e-06, 4.787661055161152e-06, 3.029659183084732e-06, 4.195907877146965e-06, 4.2749061321956106e-06, 1.9869382867909735e-06, 1.263873855350539e-06, 1.5701228903708397e-06, 2.6908039671980077e-06, 2.617229938550736e-06, 4.044327852170682e-06], [0, 0.0006874320679344237, 0.00017164161545224488, 3.818968980340287e-05, 0.00015253471792675555, 2.9747860025963746e-05, 1.6133300960063934e-05, 1.4478667253570165e-05, 7.833909876353573e-06, 1.3904890693083871e-05, 1.1398109563742764e-05, 5.068847713118885e-06, 2.0564023088809336e-06, 5.119905836181715e-06, 3.3582230116735445e-06, 4.715484010375803e-06, 2.084077323161182e-06, 2.148797193513019e-06, 1.4040045925867162e-06, 6.071816642361227e-06, 2.675440555321984e-06], [0, 0.0006856881664134562, 0.0001773153489921242, 4.480733332457021e-05, 0.00015592924319207668, 3.8271555240498856e-05, 2.883397610276006e-05, 2.1743326215073466e-05, 1.878977673186455e-05, 2.519880399631802e-05, 2.0513765775831416e-05, 1.8001073840423487e-05, 1.7916876458912157e-05, 1.6941270587267354e-05, 2.023076194745954e-05, 1.643717405386269e-05, 1.5218248336168472e-05, 1.4650830053142272e-05, 1.539938421046827e-05, 1.5560948668280616e-05, 1.7056992874131538e-05], [0, 0.0006869987118989229, 0.0003463349712546915, 0.00018640674534253776, 6.567968375748023e-05, 3.1400893931277096e-05, 1.5287052519852296e-05, 1.9477705791359767e-05, 1.128319217968965e-05, 2.328916707483586e-05, 9.123181371251121e-06, 3.83299038730911e-06, 4.536395408649696e-06, 3.473283868515864e-06, 1.1794880265370011e-05, 4.187707418168429e-06, 2.2278306914813584e-06, 2.116602900059661e-06, 5.854519258718938e-06, 1.4634609897257178e-06, 3.00329566016444e-06], [0, 0.0006898279534652829, 0.00018031983927357942, 4.577939034788869e-05, 0.0001595813810126856, 3.616839603637345e-05, 2.866327849915251e-05, 1.4645525880041532e-05, 1.761092062224634e-05, 1.1865465239679907e-05, 6.463411409640685e-06, 4.5064780351822264e-06, 1.5229205700961757e-06, 3.994527560280403e-06, 4.2749061321956106e-06, 1.9869382867909735e-06, 4.4366979068399814e-07, 4.44968492274711e-07, 8.138868565765733e-07, 3.7710005926783197e-06, 5.085357770440169e-06], [0, 0.0006861516740173101, 0.00017124526493716985, 9.384599252371117e-05, 0.00011670708045130596, 8.293807331938297e-05, 3.81980134989135e-05, 2.7767584469984286e-05, 2.2753889425075613e-05, 2.5025728973560035e-05, 2.421921271889005e-05, 1.7432223103241995e-05, 1.890218300104607e-05, 1.4739537618879694e-05, 1.9188886653864756e-05, 1.8290502339368686e-05, 1.4653836842626333e-05, 1.5610512491548434e-05, 1.7323012798442505e-05, 1.4814152564213146e-05, 1.7673586626187898e-05], [0, 0.0006786587182432413, 0.0001772766117937863, 6.095993740018457e-05, 3.780524275498465e-05, 3.4355885873083025e-05, 0.00011608724889811128, 5.549302659346722e-05, 2.926605702668894e-05, 2.3147717001847923e-05, 2.7291456717648543e-05, 2.3104399588191882e-05, 1.965904448297806e-05, 2.038169259321876e-05, 2.3869090000516735e-05, 2.1555586499744095e-05, 1.8510114387026988e-05, 1.595795401954092e-05, 1.591978798387572e-05, 1.463968146708794e-05, 1.8903734599007294e-05], [0, 0.000674265087582171, 0.0003413335944060236, 0.00013429780665319413, 6.883264723001048e-05, 3.1400893931277096e-05, 1.5287052519852296e-05, 1.1118295333290007e-05, 1.1926992556254845e-05, 7.82779898145236e-06, 2.439275340293534e-05, 2.479022805346176e-05, 1.560991586302407e-05, 2.4557804863434285e-05, 2.1123447368154302e-05, 3.4091433917637914e-05, 1.7067020962713286e-05, 1.7867843780550174e-05, 2.2428304873756133e-05, 2.4490327632520348e-05, 1.3593011317425407e-05], [0, 0.0006765637081116438, 0.00017866730922833085, 5.03424926137086e-05, 2.5276094675064087e-05, 1.8654061932465993e-05, 1.4746920896868687e-05, 0.00010085829126182944, 6.565524381585419e-05, 3.8213351217564195e-05, 2.7949750801781192e-05, 2.4381624825764447e-05, 2.0680870875366963e-05, 2.0888457584078424e-05, 1.6475230950163677e-05, 1.9415136193856597e-05, 1.9073890143772587e-05, 1.535574847366661e-05, 1.5461200746358372e-05, 1.4211789675755426e-05, 1.4277030459197704e-05], [0, 0.0006760162068530917, 0.0003463349712546915, 0.00011319377517793328, 8.185459591913968e-05, 3.572329296730459e-05, 2.9408325644908473e-05, 2.399332333880011e-05, 2.145593134628143e-05, 1.8953463950310834e-05, 3.0221573979360983e-05, 2.7299845896777697e-05, 2.2718564650858752e-05, 2.4209588445955887e-05, 2.7132537070428953e-05, 3.0285596949397586e-05, 2.1417221432784572e-05, 2.1256917534628883e-05, 2.3188133127405308e-05, 2.467482045176439e-05, 1.8897933841799386e-05]]}