{"alpha": 0.75, "beta": 0.5, "gamma": 2.0, "num_samples": 25, "node_count": 10, "density": 0.25, "startup_delay": 2.0, "forward_prob": 0, "epochs": [[0, 1, 2, 3, 4, 5, 6, 7, 8, 9, 10, 11, 12, 13, 14, 15, 16, 17, 18, 19, 20], [0, 1, 2, 3, 4, 5, 6, 7, 8, 9, 10, 11, 12, 13, 14, 15, 16, 17, 18, 19, 20], [0, 1, 2, 3, 4, 5, 6, 7, 8, 9, 10, 11, 12, 13, 14, 15, 16, 17, 18, 19, 20], [0, 1, 2, 3, 4, 5, 6, 7, 8, 9, 10, 11, 12, 13, 14, 15, 16, 17, 18, 19, 20], [0, 1, 2, 3, 4, 5, 6, 7, 8, 9, 10, 11, 12, 13, 14, 15, 16, 17, 18, 19, 20], [0, 1, 2, 3, 4, 5, 6, 7, 8, 9, 10, 11, 12, 13, 14, 15, 16, 17, 18, 19, 20], [0, 1, 2, 3, 4, 5, 6, 7, 8, 9, 10, 11, 12, 13, 14, 15, 16, 17, 18, 19, 20], [0, 1, 2, 3, 4, 5, 6, 7, 8, 9, 10, 11, 12, 13, 14, 15, 16, 17, 18, 19, 20], [0, 1, 2, 3, 4, 5, 6, 7, 8, 9, 10, 11, 12, 13, 14, 15, 16, 17, 18, 19, 20], [0, 1, 2, 3, 4, 5, 6, 7, 8, 9, 10, 11, 12, 13, 14, 15, 16, 17, 18, 19, 20]], "accuracies": [[8.92, 16.13, 18.29, 23.35, 17.12, 33.74, 25.0, 37.68, 39.58, 48.56, 42.2, 39.4, 39.97, 41.43, 40.26, 43.36, 39.4, 33.32, 43.77, 47.73, 44.22], [5.72, 26.49, 17.54, 40.56, 17.12, 26.75, 22.18, 28.4, 44.71, 47.41, 45.92, 44.34, 54.06, 51.3, 51.53, 51.44, 28.37, 44.95, 54.67, 48.29, 47.01], [8.89, 10.21, 10.4, 27.43, 21.21, 34.14, 22.18, 28.14, 40.02, 43.94, 45.12, 53.49, 36.4, 51.3, 33.55, 35.81, 28.37, 44.95, 46.05, 46.55, 47.4], [10.55, 10.1, 17.04, 29.0, 22.11, 34.08, 28.36, 27.94, 28.19, 40.27, 33.19, 30.51, 37.71, 24.19, 34.89, 36.48, 26.16, 32.58, 29.19, 41.95, 43.65], [10.0, 17.64, 15.69, 35.57, 22.87, 35.08, 28.62, 37.21, 35.26, 37.6, 38.08, 37.71, 48.21, 36.79, 43.94, 47.51, 44.42, 32.4, 41.52, 44.8, 45.44], [17.48, 10.0, 10.0, 16.27, 39.73, 30.79, 31.19, 30.35, 31.65, 39.68, 35.29, 39.92, 31.16, 37.9, 34.86, 39.68, 39.53, 47.37, 30.09, 38.14, 44.65], [12.7, 22.7, 11.61, 20.94, 10.0, 25.76, 33.66, 33.71, 38.3, 47.14, 40.18, 47.72, 38.67, 46.69, 46.5, 53.45, 35.78, 49.93, 46.9, 47.76, 48.26], [12.35, 13.19, 17.7, 18.22, 20.76, 26.98, 29.01, 30.55, 28.97, 26.98, 28.86, 31.71, 29.56, 33.41, 32.32, 33.01, 28.84, 29.59, 30.3, 31.95, 30.83], [9.55, 19.57, 16.29, 24.87, 44.28, 31.35, 29.18, 35.51, 38.33, 39.15, 44.7, 42.77, 44.12, 39.26, 49.55, 44.32, 44.78, 47.04, 48.99, 45.22, 39.85], [9.92, 10.0, 21.75, 25.41, 35.75, 25.42, 39.42, 36.47, 30.58, 36.23, 36.15, 30.06, 32.3, 25.01, 29.03, 37.87, 35.48, 37.83, 38.54, 30.88, 23.44]], "msds": [[0, 0.0006591568817384541, 0.00013997600763104856, 4.119992445339449e-05, 2.1412961359601468e-05, 1.5820680346223526e-05, 2.871644937840756e-05, 1.840214099502191e-05, 1.3907292668591253e-05, 7.67369601817336e-06, 9.16209592105588e-06, 5.662606781697832e-06, 7.821472536306828e-06, 7.481809007003903e-06, 7.97283610154409e-06, 7.736862244200893e-06, 9.47981152421562e-06, 2.352856427023653e-05, 1.5524268746958114e-05, 5.044561930844793e-06, 2.6201978471362963e-06], [0, 0.0005768358241766691, 0.00013034269795753062, 5.278124081087299e-05, 1.695564787951298e-05, 2.872738696169108e-05, 3.739527892321348e-05, 2.8951128115295433e-05, 2.1852265490451828e-05, 1.1030450878024567e-05, 8.186128980014473e-06, 9.141158443526365e-06, 6.0906654653081205e-06, 9.354625944979489e-06, 8.049986718106084e-06, 1.1217261999263428e-05, 1.4009446203999687e-05, 3.894251130986959e-05, 1.4791123248869553e-05, 8.128115041472483e-06, 3.0971007163316244e-06], [0, 0.0006544722709804773, 0.0001394137943862006, 4.9998739996226504e-05, 2.207743818871677e-05, 2.095020499837119e-05, 2.4122080503730103e-05, 2.1022888176958077e-05, 1.6009116734494455e-05, 1.021447496896144e-05, 1.3236205631983466e-05, 7.722967893641908e-06, 8.407428140344564e-06, 6.658476650045486e-06, 1.0403335181763396e-05, 8.301486559503246e-06, 1.4635560546594206e-05, 2.0810150090255775e-05, 1.6941414287430234e-05, 9.676495210442226e-06, 4.3689110498235095e-06], [0, 0.0004326486960053444, 8.60837462823838e-05, 5.9114390751346946e-05, 2.1452280634548515e-05, 2.568599666119553e-05, 3.0214512662496418e-05, 3.005082362506073e-05, 2.1396142983576283e-05, 1.4479919627774507e-05, 1.1545985216798726e-05, 1.390802481182618e-05, 9.116012734011747e-06, 1.1689086932165083e-05, 1.3922484868089668e-05, 8.595176041126251e-06, 2.1786217985209078e-05, 2.425187631160952e-05, 1.7273376215598546e-05, 8.36277558846632e-06, 3.548718041201937e-06], [0, 0.0004327428468968719, 8.664697816129774e-05, 5.118357148603536e-05, 1.452998913009651e-05, 1.2523719306045678e-05, 1.8506136257201433e-05, 1.3451585800794419e-05, 1.6247899111476727e-05, 7.4334002420073375e-06, 5.158858584763948e-06, 3.8066975776018808e-06, 1.0961316547764e-05, 1.4722500054631382e-05, 6.57897544442676e-06, 9.792718628887087e-06, 1.2181883903394919e-05, 2.1047151676611975e-05, 1.3398581359069794e-05, 3.0265036912169307e-06, 2.056122411886463e-06], [0, 0.000564532179851085, 0.00018081279995385557, 9.661165677243844e-05, 5.256441727397032e-05, 5.254321149550378e-05, 3.3630800317041576e-05, 2.969523484352976e-05, 3.3442440326325595e-05, 4.711936344392598e-05, 3.089665187872015e-05, 3.162689972668886e-05, 2.3196007532533258e-05, 3.281764657003805e-05, 3.0817838705843315e-05, 3.420438224566169e-05, 2.4418512111878954e-05, 3.087279401370324e-05, 2.4555834897910245e-05, 2.6048102881759405e-05, 2.9848544727428816e-05], [0, 0.0006638072081841528, 0.0002625214692670852, 7.143723632907495e-05, 5.1689192332560197e-05, 4.7139405069174245e-05, 4.995552444597706e-05, 3.9808601286495104e-05, 3.4216471249237657e-05, 3.225052205380052e-05, 2.6874766263063066e-05, 2.907313682953827e-05, 2.6262798201059923e-05, 3.0974537367001176e-05, 2.018890700128395e-05, 2.7275969841866754e-05, 3.787224704865366e-05, 3.094431303907186e-05, 2.0332088752184063e-05, 2.5607110728742555e-05, 3.574260699679144e-05], [0, 0.0005713118589483202, 0.0001426533272024244, 0.00011809788702521473, 7.802803884260356e-05, 5.1562514272518456e-05, 4.940332655678503e-05, 4.1775718273129314e-05, 3.98073680116795e-05, 3.753544297069311e-05, 4.100358273717575e-05, 3.5621909773908556e-05, 3.606255995691754e-05, 4.000128683401272e-05, 4.215793524053879e-05, 3.246691994718276e-05, 3.87140826205723e-05, 3.188984555890784e-05, 3.0732539016753435e-05, 3.0733590392628685e-05, 3.395508247194812e-05], [0, 0.0004995963536202908, 8.207692735595629e-05, 5.0490343710407615e-05, 3.55983866029419e-05, 3.7254474591463804e-05, 3.325563739053905e-05, 3.2128871680470183e-05, 3.310661850264296e-05, 2.026710717473179e-05, 3.0422554118558764e-05, 1.7729895262164064e-05, 2.8725235097226687e-05, 1.7558371837367304e-05, 2.6787232854985632e-05, 1.5718702343292534e-05, 2.2002743207849562e-05, 1.800285099307075e-05, 2.4313139874720946e-05, 3.105764335487038e-05, 0], [0, 0.0004949998110532761, 0.00012034544488415122, 5.529764894163236e-05, 3.228476271033287e-05, 3.5995341022498906e-05, 2.8378659408190288e-05, 2.122755722666625e-05, 2.6319208700442687e-05, 2.507292083464563e-05, 2.0368366676848382e-05, 2.5960607672459446e-05, 2.2101618014858104e-05, 2.8803222448914312e-05, 2.6665818950277753e-05, 2.4656006644363515e-05, 2.3825081370887347e-05, 1.9608936781878583e-05, 1.7543101421324536e-05, 2.5667062800494023e-05, 0]]}