{"alpha": 0.75, "beta": 0.5, "gamma": 8.0, "num_samples": 1000, "node_count": 10, "density": 1.0, "startup_delay": 0.0, "forward_prob": 0, "epochs": [[0, 1, 2, 3, 4, 5, 6, 7, 8, 9, 10, 11, 12, 13, 14, 15, 16, 17, 18, 19, 20], [0, 1, 2, 3, 4, 5, 6, 7, 8, 9, 10, 11, 12, 13, 14, 15, 16, 17, 18, 19, 20], [0, 1, 2, 3, 4, 5, 6, 7, 8, 9, 10, 11, 12, 13, 14, 15, 16, 17, 18, 19, 20], [0, 1, 2, 3, 4, 5, 6, 7, 8, 9, 10, 11, 12, 13, 14, 15, 16, 17, 18, 19, 20], [0, 1, 2, 3, 4, 5, 6, 7, 8, 9, 10, 11, 12, 13, 14, 15, 16, 17, 18, 19, 20], [0, 1, 2, 3, 4, 5, 6, 7, 8, 9, 10, 11, 12, 13, 14, 15, 16, 17, 18, 19, 20], [0, 1, 2, 3, 4, 5, 6, 7, 8, 9, 10, 11, 12, 13, 14, 15, 16, 17, 18, 19, 20], [0, 1, 2, 3, 4, 5, 6, 7, 8, 9, 10, 11, 12, 13, 14, 15, 16, 17, 18, 19, 20], [0, 1, 2, 3, 4, 5, 6, 7, 8, 9, 10, 11, 12, 13, 14, 15, 16, 17, 18, 19, 20], [0, 1, 2, 3, 4, 5, 6, 7, 8, 9, 10, 11, 12, 13, 14, 15, 16, 17, 18, 19, 20]], "accuracies": [[12.95, 27.6, 29.05, 29.0, 32.92, 50.42, 52.19, 56.39, 51.53, 48.76, 48.38, 48.56, 44.78, 49.83, 57.86, 55.63, 57.02, 52.14, 54.25, 55.15, 59.18], [9.34, 10.0, 20.17, 31.31, 32.32, 42.83, 40.23, 50.35, 45.02, 56.3, 35.07, 59.66, 37.94, 69.68, 44.69, 74.2, 45.3, 69.09, 40.0, 70.42, 34.41], [9.77, 13.0, 26.94, 31.09, 38.92, 48.51, 46.83, 53.09, 53.16, 58.02, 46.43, 62.79, 45.15, 66.44, 51.53, 75.92, 44.45, 70.11, 39.19, 64.9, 43.24], [12.53, 10.12, 19.95, 25.49, 31.12, 38.37, 36.87, 47.69, 41.6, 57.42, 33.5, 61.99, 35.07, 61.67, 40.05, 59.66, 47.79, 53.33, 45.23, 65.12, 42.95], [8.13, 28.76, 28.93, 33.35, 40.23, 47.36, 51.44, 60.31, 50.04, 58.91, 44.2, 56.87, 44.61, 60.08, 56.35, 64.52, 54.45, 60.48, 52.1, 56.88, 61.1], [11.41, 25.88, 26.66, 27.76, 29.22, 37.46, 41.89, 50.56, 49.38, 56.14, 48.28, 59.86, 46.13, 62.1, 44.97, 56.78, 62.19, 57.7, 59.19, 65.51, 57.08], [11.47, 18.06, 28.11, 37.13, 41.24, 54.32, 50.39, 57.27, 56.01, 55.22, 44.28, 52.69, 43.34, 60.17, 61.82, 65.65, 54.76, 54.66, 55.26, 55.6, 59.52], [10.97, 10.0, 18.38, 28.49, 38.42, 52.07, 55.59, 48.14, 60.01, 50.37, 53.13, 48.83, 51.83, 59.76, 66.53, 66.45, 62.72, 60.54, 62.05, 65.01, 59.0], [6.0, 10.93, 26.23, 27.87, 42.93, 46.39, 54.43, 59.27, 55.26, 62.17, 48.4, 60.5, 50.32, 67.71, 56.59, 74.26, 52.24, 69.84, 50.33, 64.76, 58.05], [5.53, 11.13, 24.37, 38.61, 40.76, 52.31, 49.9, 48.28, 63.99, 48.49, 49.83, 47.41, 48.24, 59.89, 64.97, 72.26, 66.28, 59.58, 59.14, 61.4, 60.29]], "msds": [[0, 0.0007576144998893142, 0.00021903023298364133, 0.00018098109285347164, 0.00012014706589980051, 9.388531179865822e-05, 8.126586180878803e-05, 7.137545617297292e-05, 6.749532622052357e-05, 0.0001010242776828818, 8.225009514717385e-05, 0.00010087675764225423, 8.432561298832297e-05, 0.00010082730295835063, 9.286942076869309e-05, 8.422325481660664e-05, 7.396062574116513e-05, 8.450813038507476e-05, 5.963068178971298e-05, 8.6183164967224e-05, 0.00010107852722285315], [0, 0.0007574575720354915, 0.00024416044470854104, 0.00019778194837272167, 0.00013161376409698278, 0.00010021264461101964, 0.00010024465882452205, 8.768063707975671e-05, 9.603912621969357e-05, 7.933437154861167e-05, 0.00010056426253868267, 8.83271568454802e-05, 0.00013450700498651713, 7.720630674157292e-05, 0.0001015652233036235, 7.153068872867152e-05, 9.424307063454762e-05, 5.9302750742062926e-05, 0.0001028288243105635, 5.123877781443298e-05, 0.00013421646144706756], [0, 0.0007795272977091372, 0.00021640026534441859, 0.00018416901002638042, 0.00012286684068385512, 9.520033927401528e-05, 9.735493222251534e-05, 8.096428064163774e-05, 8.257340232376009e-05, 8.677781443111598e-05, 9.020020661409944e-05, 8.653665281599388e-05, 9.25317726796493e-05, 8.130342030199245e-05, 8.683591295266524e-05, 7.039721822366118e-05, 9.255177428713068e-05, 5.4978037951514125e-05, 9.241617954103276e-05, 4.9798018153524026e-05, 0.0001649393525440246], [0, 0.000797549553681165, 0.0002412938920315355, 0.00020015789777971804, 0.00013602137914858758, 0.00010491318244021386, 0.00011683039338095114, 9.356276132166386e-05, 9.112047700909898e-05, 9.682172822067514e-05, 0.00011401817755540833, 9.650608262745664e-05, 0.00013562184176407754, 8.96121418918483e-05, 0.00010314653627574444, 8.537562825949863e-05, 8.672883996041492e-05, 8.517520473105833e-05, 8.212708053179085e-05, 8.552811777917668e-05, 9.625720122130588e-05], [0, 0.0007461487548425794, 0.00019528700795490295, 0.00017718067101668566, 0.00010617867519613355, 9.126033546635881e-05, 7.782956527080387e-05, 7.399927562801167e-05, 7.224841829156503e-05, 8.669147791806608e-05, 7.324766193050891e-05, 9.804179717320949e-05, 8.147385960910469e-05, 9.32501134229824e-05, 7.163521513575688e-05, 7.092316809576005e-05, 6.542457413161173e-05, 6.210188439581543e-05, 7.074158929754049e-05, 8.213190449168906e-05, 7.054695015540347e-05], [0, 0.0007657307432964444, 0.00020103456336073577, 0.00018474215175956488, 0.00011555889068404213, 7.565600390080363e-05, 7.438052125507966e-05, 6.694795592920855e-05, 7.26575090084225e-05, 7.343108882196248e-05, 0.0001065230680978857, 8.785599493421614e-05, 0.00011819083010777831, 7.712559454375878e-05, 8.146269829012454e-05, 8.086218440439552e-05, 8.093483484117314e-05, 8.272223931271583e-05, 6.173956353450194e-05, 7.535389886470512e-05, 7.84991352702491e-05], [0, 0.0007688527111895382, 0.00021429457410704345, 0.0002089174959110096, 0.0001344641495961696, 9.945725469151512e-05, 9.314881026512012e-05, 0.00010065040260087699, 8.34609309094958e-05, 8.825094846542925e-05, 7.816745346644893e-05, 0.00010463567014085129, 9.657492773840204e-05, 9.63182101259008e-05, 7.997181819519028e-05, 7.936266774777323e-05, 8.507476013619453e-05, 8.184148464351892e-05, 6.851879152236506e-05, 7.876202289480716e-05, 8.14251834526658e-05], [0, 0.0007817372679710388, 0.00022028533567208797, 0.00019230345787946135, 0.00013570324517786503, 0.00010370268864789978, 0.00010271270002704114, 0.0001024122757371515, 0.00011319233453832567, 0.00011287764209555462, 0.00011589844507398084, 0.00012005963071715087, 0.00010584508709143847, 0.00010783065954456106, 9.339804819319397e-05, 8.689457172295079e-05, 9.160361514659598e-05, 8.010384772205725e-05, 8.668113150633872e-05, 7.688512414461002e-05, 9.556661825627089e-05], [0, 0.0007679648115299642, 0.00021783655392937362, 0.00019034076831303537, 0.00012606798554770648, 0.00010701868450269103, 0.00010977800411637872, 9.428205521544442e-05, 8.686909131938592e-05, 9.449780191062018e-05, 9.549289825372398e-05, 0.00010664248839020729, 0.0001002511489787139, 8.781650831224397e-05, 9.435652464162558e-05, 9.221561049344018e-05, 8.605672337580472e-05, 6.411528011085466e-05, 7.425094372592866e-05, 6.503707118099555e-05, 8.034040365600958e-05], [0, 0.0007564605330117047, 0.0002113843074766919, 0.00017121723794844002, 0.00011630248627625406, 8.812250598566607e-05, 8.684975910000503e-05, 7.506072870455682e-05, 7.439188630087301e-05, 7.92245555203408e-05, 8.071872434811667e-05, 9.550029062665999e-05, 8.812650048639625e-05, 8.976203389465809e-05, 8.354187593795359e-05, 6.689321890007704e-05, 9.543320629745722e-05, 6.680422666249797e-05, 6.582521018572152e-05, 7.54343273001723e-05, 9.9793411209248e-05]]}