{"alpha": 0.95, "beta": 0.5, "gamma": 5.0, "num_samples": 1000, "node_count": 10, "density": 1.0, "startup_delay": 0.0, "forward_prob": 0, "epochs": [[0, 1, 2, 3, 4, 5, 6, 7, 8, 9, 10, 11, 12, 13, 14, 15, 16, 17, 18, 19, 20], [0, 1, 2, 3, 4, 5, 6, 7, 8, 9, 10, 11, 12, 13, 14, 15, 16, 17, 18, 19, 20], [0, 1, 2, 3, 4, 5, 6, 7, 8, 9, 10, 11, 12, 13, 14, 15, 16, 17, 18, 19, 20], [0, 1, 2, 3, 4, 5, 6, 7, 8, 9, 10, 11, 12, 13, 14, 15, 16, 17, 18, 19, 20], [0, 1, 2, 3, 4, 5, 6, 7, 8, 9, 10, 11, 12, 13, 14, 15, 16, 17, 18, 19, 20], [0, 1, 2, 3, 4, 5, 6, 7, 8, 9, 10, 11, 12, 13, 14, 15, 16, 17, 18, 19, 20], [0, 1, 2, 3, 4, 5, 6, 7, 8, 9, 10, 11, 12, 13, 14, 15, 16, 17, 18, 19, 20], [0, 1, 2, 3, 4, 5, 6, 7, 8, 9, 10, 11, 12, 13, 14, 15, 16, 17, 18, 19, 20], [0, 1, 2, 3, 4, 5, 6, 7, 8, 9, 10, 11, 12, 13, 14, 15, 16, 17, 18, 19, 20], [0, 1, 2, 3, 4, 5, 6, 7, 8, 9, 10, 11, 12, 13, 14, 15, 16, 17, 18, 19, 20]], "accuracies": [[6.24, 18.31, 72.88, 81.32, 83.88, 84.42, 85.49, 85.7, 85.79, 86.27, 86.11, 85.93, 86.51, 86.39, 86.69, 86.57, 86.73, 86.65, 86.7, 86.81, 86.8], [10.44, 10.0, 71.39, 81.37, 84.16, 84.86, 85.1, 85.55, 86.18, 86.07, 86.18, 86.03, 86.37, 86.24, 86.29, 86.61, 86.59, 86.38, 86.55, 86.81, 86.92], [10.92, 10.0, 73.29, 81.12, 84.13, 84.5, 84.99, 85.44, 86.09, 86.21, 86.25, 86.47, 86.34, 86.34, 86.67, 86.59, 86.6, 86.71, 86.71, 86.87, 86.99], [8.75, 16.73, 72.41, 81.99, 84.16, 84.82, 84.93, 85.85, 85.91, 85.98, 86.37, 86.18, 86.47, 86.22, 86.66, 86.68, 86.66, 86.7, 86.58, 86.76, 87.05], [7.65, 16.56, 72.59, 81.75, 83.85, 84.6, 85.59, 85.6, 86.01, 86.04, 86.23, 86.47, 86.38, 86.24, 86.65, 86.47, 86.71, 86.59, 86.85, 86.64, 87.05], [4.26, 10.0, 74.34, 81.34, 84.17, 84.76, 85.54, 85.54, 86.17, 86.02, 86.22, 86.4, 86.41, 86.29, 86.66, 86.68, 86.54, 86.73, 86.85, 86.83, 87.08], [9.53, 16.51, 73.31, 81.58, 84.1, 84.88, 85.55, 85.51, 86.11, 86.22, 86.18, 86.53, 86.45, 86.4, 86.52, 86.67, 86.73, 86.73, 86.77, 86.85, 86.95], [12.5, 15.08, 72.26, 81.23, 84.18, 84.45, 85.58, 85.86, 85.8, 86.27, 86.13, 86.47, 86.35, 86.21, 86.65, 86.68, 86.74, 86.64, 86.57, 86.62, 87.0], [11.18, 16.08, 73.23, 81.22, 84.01, 84.79, 85.44, 85.82, 85.94, 86.13, 86.21, 86.35, 86.46, 86.4, 86.69, 86.64, 86.64, 86.53, 86.55, 86.79, 87.01], [13.97, 15.41, 72.61, 81.31, 83.89, 84.86, 85.29, 85.77, 86.14, 86.36, 86.26, 86.52, 86.47, 86.37, 86.61, 86.72, 86.57, 86.7, 86.63, 86.81, 87.05]], "msds": [[0, 0.001100639346987009, 0.000621142506133765, 0.00034618659992702305, 0.000263109861407429, 0.00021883223962504417, 0.00019807972421403974, 0.00017781805945560336, 0.00019370796508155763, 0.00018331705359742045, 0.00014815747272223234, 0.00013792677782475948, 0.0001916564506245777, 0.00015025440370664, 0.00017030096205417067, 0.00017566620954312384, 0.00021492505038622767, 0.0001306421763729304, 0.00015092955436557531, 0.00015830529446247965, 0.0002257636224385351], [0, 0.0010663429275155067, 0.000645147985778749, 0.0003683456452563405, 0.000274358520982787, 0.000234924751566723, 0.00022196417558006942, 0.00019664436695165932, 0.000196149165276438, 0.0001673618971835822, 0.00016993375902529806, 0.0001684610906522721, 0.00018878828268498182, 0.0001567587023600936, 0.0001686160103417933, 0.00017905456479638815, 0.00016587675781920552, 0.0002000587701331824, 0.00017748455866239965, 0.0001656323584029451, 0.00013809517258778214], [0, 0.001045792130753398, 0.0006472266977652907, 0.0003432390803936869, 0.00026404717937111855, 0.0002264904760522768, 0.00021697534248232841, 0.00020333880092948675, 0.00017268036026507616, 0.00017465084965806454, 0.00016764247266110033, 0.0001558268559165299, 0.00019661251280922443, 0.00016241904813796282, 0.0001712025114102289, 0.0001661581773078069, 0.0001849286927608773, 0.00017132282664533705, 0.00014785866369493306, 0.00013017939636483788, 0.00015240513312164694], [0, 0.0010633367346599698, 0.0006302378606051207, 0.0003413315862417221, 0.00028902554186061025, 0.00022986078693065792, 0.00023225019685924053, 0.00019659045210573822, 0.00015894918760750443, 0.0001810098037822172, 0.00015927042113617063, 0.00015995815920177847, 0.00019980188517365605, 0.0001471120776841417, 0.00013770218356512487, 0.00015212556172627956, 0.0001750600931700319, 0.00020968136959709227, 0.00012143699859734625, 0.00010306672629667446, 0.00030443185823969543], [0, 0.0010474950540810823, 0.0006314493948593736, 0.00033727247500792146, 0.0002724704099819064, 0.00023991111083887517, 0.00021183605713304132, 0.0001882255746750161, 0.00017628273053560406, 0.00017539365217089653, 0.00017614950775168836, 0.00014828486018814147, 0.00015319579688366503, 0.00015746147255413234, 0.00017769538681022823, 0.00013522391964215785, 0.00019908067770302296, 0.00013627221051137894, 0.000164340905030258, 0.00010323792230337858, 0.00011978212569374591], [0, 0.0010410139802843332, 0.0006334682111628354, 0.00037368389894254506, 0.000275019439868629, 0.00024209906405303627, 0.00022214814089238644, 0.00018701232329476625, 0.00018102789181284606, 0.0001877396134659648, 0.00016502691141795367, 0.00017436577763874084, 0.00020814265008084476, 0.00015969661762937903, 0.00015306346176657826, 0.00017051862960215658, 0.00019070006965193897, 0.0001667310862103477, 0.00014368182746693492, 0.00017038658552337438, 0.0001585488353157416], [0, 0.0010901081841439009, 0.000733565422706306, 0.0003263776015955955, 0.0002677223819773644, 0.00023408727429341525, 0.00020129546464886516, 0.0001979606313398108, 0.00018802600970957428, 0.00016829415108077228, 0.00015475535474251956, 0.00014841857773717493, 0.0001965384290087968, 0.00016849565145093948, 0.0001486632536398247, 0.00015996958245523274, 0.00017502183618489653, 0.00015447373152710497, 0.00023101635451894253, 0.00013727688929066062, 0.00018254388123750687], [0, 0.0010349262738600373, 0.0006675880867987871, 0.00035541411489248276, 0.00029131723567843437, 0.0002473806671332568, 0.00025022306363098323, 0.0002048604510491714, 0.00019068022083956748, 0.0001924006501212716, 0.00017319571634288877, 0.00016009027604013681, 0.00017664191545918584, 0.00018579786410555243, 0.0001554227201268077, 0.00015407656610477716, 0.00015121314208954573, 0.0001631942723179236, 0.00020335738372523338, 0.0001587673177709803, 0.00015907759370747954], [0, 0.0010556704364717007, 0.0006556977168656886, 0.000338706246111542, 0.00025044387439265847, 0.00023781195341143757, 0.00020685532945208251, 0.0001874728041002527, 0.00018864523735828698, 0.00017366740212310106, 0.0001577633956912905, 0.00014715136785525829, 0.00017053046030923724, 0.0001743894099490717, 0.00017055640637408942, 0.00014830923464614898, 0.00021916178229730576, 0.00015367715968750417, 0.00017984825535677373, 0.00015781991533003747, 0.0001428898103768006], [0, 0.001066975062713027, 0.0005994490347802639, 0.0003423716116230935, 0.0002688302774913609, 0.0002436361974105239, 0.00022007821826264262, 0.00019251805497333407, 0.00018443574663251638, 0.00016737820988055319, 0.00015680628712289035, 0.00018026809266302735, 0.00018460997671354562, 0.00014830286090727895, 0.00022061383060645312, 0.00016833098197821528, 0.0002022629778366536, 0.0001498316414654255, 0.0001615756336832419, 0.00014502023987006396, 0.00015424255980178714]]}