{"alpha": 0.75, "beta": 0.5, "gamma": 1.0, "num_samples": 1000, "node_count": 10, "density": 0.0, "startup_delay": 0.0, "forward_prob": 0, "epochs": [[0, 1, 2, 3, 4, 5, 6, 7, 8, 9, 10, 11, 12, 13, 14, 15, 16, 17, 18, 19, 20], [0, 1, 2, 3, 4, 5, 6, 7, 8, 9, 10, 11, 12, 13, 14, 15, 16, 17, 18, 19, 20], [0, 1, 2, 3, 4, 5, 6, 7, 8, 9, 10, 11, 12, 13, 14, 15, 16, 17, 18, 19, 20], [0, 1, 2, 3, 4, 5, 6, 7, 8, 9, 10, 11, 12, 13, 14, 15, 16, 17, 18, 19, 20], [0, 1, 2, 3, 4, 5, 6, 7, 8, 9, 10, 11, 12, 13, 14, 15, 16, 17, 18, 19, 20], [0, 1, 2, 3, 4, 5, 6, 7, 8, 9, 10, 11, 12, 13, 14, 15, 16, 17, 18, 19, 20], [0, 1, 2, 3, 4, 5, 6, 7, 8, 9, 10, 11, 12, 13, 14, 15, 16, 17, 18, 19, 20], [0, 1, 2, 3, 4, 5, 6, 7, 8, 9, 10, 11, 12, 13, 14, 15, 16, 17, 18, 19, 20], [0, 1, 2, 3, 4, 5, 6, 7, 8, 9, 10, 11, 12, 13, 14, 15, 16, 17, 18, 19, 20], [0, 1, 2, 3, 4, 5, 6, 7, 8, 9, 10, 11, 12, 13, 14, 15, 16, 17, 18, 19, 20]], "accuracies": [[5.96, 47.0, 77.22, 79.23, 80.04, 82.39, 82.56, 83.56, 83.61, 83.44, 84.35, 84.5, 84.64, 84.64, 84.86, 85.66, 85.61, 85.69, 85.0, 85.55, 85.78], [9.01, 70.56, 80.72, 80.95, 80.24, 82.08, 84.0, 84.42, 82.84, 84.96, 83.22, 84.16, 84.39, 84.25, 85.31, 85.39, 85.25, 85.33, 85.2, 85.47, 85.63], [8.22, 10.92, 55.08, 57.85, 77.65, 83.46, 82.34, 82.34, 83.33, 83.28, 84.08, 84.84, 85.09, 84.89, 85.18, 85.38, 85.48, 84.88, 85.33, 85.44, 85.62], [12.14, 76.57, 80.34, 82.25, 81.79, 81.47, 83.73, 83.78, 83.86, 84.15, 84.72, 84.67, 84.9, 84.45, 85.04, 85.29, 85.23, 84.9, 85.31, 85.49, 85.27], [12.43, 20.32, 75.92, 81.74, 83.53, 81.04, 82.54, 82.97, 83.61, 83.91, 84.66, 84.62, 84.56, 84.51, 83.92, 84.19, 85.2, 85.32, 85.87, 85.8, 84.63], [8.11, 56.16, 78.7, 81.08, 81.76, 82.62, 83.69, 82.68, 83.87, 83.71, 84.33, 83.94, 84.02, 84.13, 83.77, 84.29, 84.64, 84.88, 84.35, 84.41, 83.46], [6.71, 19.49, 54.1, 77.83, 81.54, 81.27, 82.73, 82.04, 83.64, 83.65, 84.03, 84.24, 84.37, 84.5, 84.29, 84.35, 84.93, 85.12, 84.88, 85.65, 84.27], [14.86, 31.23, 71.04, 80.91, 81.29, 80.37, 83.67, 83.31, 82.53, 83.78, 83.81, 84.13, 84.58, 85.5, 84.5, 85.05, 84.83, 85.25, 84.59, 85.7, 85.47], [12.96, 75.55, 74.56, 78.49, 81.19, 80.94, 82.75, 83.28, 83.49, 83.11, 82.16, 83.89, 84.65, 84.76, 85.31, 85.01, 84.88, 85.4, 85.72, 85.29, 85.52], [3.95, 33.32, 65.2, 81.03, 82.12, 83.87, 81.69, 81.92, 83.78, 83.52, 84.74, 84.73, 84.19, 83.82, 83.9, 84.85, 84.87, 84.63, 84.75, 84.78, 84.52]], "msds": [[0, 0.0008722859201952815, 0.0004943428211845458, 0.000439823284978047, 0.0005659759044647217, 0.0002257283340441063, 0.0002057648525806144, 0.00012975944264326245, 0.0002834415645338595, 0.00016116490587592125, 0.00013224189751781523, 7.712915248703212e-05, 8.904978312784806e-05, 6.563214265042916e-05, 0.0002429717715131119, 0.0002719924377743155, 0.00025694508804008365, 0.00020681209571193904, 0.00019016361329704523, 9.610174311092123e-05, 0.000119378040835727], [0, 0.000848336610943079, 0.0005156343104317784, 0.0002926234737969935, 0.000476900051580742, 0.00025619566440582275, 0.0001992396282730624, 0.0001914836175274104, 0.00025036928127519786, 0.000247513031354174, 0.00033455537050031126, 0.00026295852148905396, 0.00030949278152547777, 0.0001578421361045912, 0.00010917351755779237, 4.573772457661107e-05, 1.4057306543691084e-05, 5.65535192436073e-05, 5.50445583940018e-05, 2.536424835852813e-05, 7.182398348959396e-06], [0, 0.000848178518936038, 0.0007029148982837796, 0.0005210140952840447, 0.0005214379634708166, 0.00024096196284517646, 0.00016040238551795483, 0.00011287509551038966, 8.456491195829585e-05, 0.00023807647812645882, 0.0001847913663368672, 0.00017261688481085002, 0.00012126677756896242, 0.00020639061403926462, 0.00014234181435313076, 5.5703610996715724e-05, 1.4057306543691084e-05, 4.8406243877252564e-05, 5.86996648053173e-05, 1.8479744539945386e-05, 6.357890379149467e-05], [0, 0.000848336610943079, 0.0005156343104317784, 0.0002926234737969935, 0.00020010265870951116, 0.00039542786544188857, 0.0002479838440194726, 0.0001237679534824565, 0.00010682307765819132, 0.00028302514692768455, 0.00013727668556384742, 0.0003222540835849941, 0.00030949278152547777, 0.0001578421361045912, 7.600515527883545e-05, 3.577185270842165e-05, 1.9977447664132342e-05, 6.470082007581368e-05, 5.138941196491942e-05, 3.224874672014266e-05, 6.5850376813614275e-06], [0, 0.0008714380674064159, 0.00048791992594487965, 0.00037203371175564826, 0.00024639294133521616, 0.0004791293467860669, 0.00025112711591646075, 0.00032377263414673507, 0.0001804892235668376, 0.00012105886708013713, 7.381131581496447e-05, 7.150062447180972e-05, 7.118691428331658e-05, 0.00016402437177021056, 0.00017920241225510836, 0.00010152210597880185, 0.0001629503967706114, 7.754706894047558e-05, 0.00020342707284726202, 0.00029412395088002086, 0.00036423825076781213], [0, 0.0008620030130259693, 0.0006088634836487472, 0.00030991004314273596, 0.00018549952073954046, 0.00014447460125666112, 9.952007530955598e-05, 0.00040314794750884175, 0.0003768872411455959, 0.00018260645447298884, 0.00016610555758234113, 0.0001013284272630699, 8.396097837248817e-05, 9.461063018534333e-05, 6.160815246403217e-05, 0.00013352170935831964, 6.303491682047024e-05, 1.424807032890385e-05, 6.3946126829250716e-06, 2.338329613849055e-05, 0.00021795090287923813], [0, 0.0008317043539136648, 0.00048762658843770623, 0.0003177975886501372, 0.0002350799913983792, 0.00018721653032116592, 0.0002577181439846754, 0.000551427248865366, 0.000383364618755877, 0.00022108069970272481, 0.00018882512813434005, 0.00017762387869879603, 0.00014287889644037932, 0.00021095424017403275, 0.0001740369334584102, 0.0002226162323495373, 0.0001346265635220334, 0.00011504808935569599, 0.00013898013276048005, 0.00014728543465025723, 0.0002977353287860751], [0, 0.0008370688301511109, 0.00048038651584647596, 0.00028868913068436086, 0.0002440341340843588, 0.00013309660425875336, 0.00017179946007672697, 0.00013135762128513306, 0.0005754083977080882, 0.0004943045205436647, 0.00047409982653334737, 0.00026498668012209237, 0.00021454809757415205, 0.00024385542201343924, 0.00024514272809028625, 0.0002199966984335333, 0.00023246975615620613, 0.000204532960196957, 0.00017309171380475163, 0.00019349573994986713, 9.66059451457113e-05], [0, 0.000848958792630583, 0.0004723583406303078, 0.00041920304647646844, 0.00028590872534550726, 0.00013309660425875336, 9.071645035874099e-05, 0.00010655879304977134, 8.920315303839743e-05, 0.0005073589854873717, 0.000188276608241722, 0.0004940871149301529, 0.0003584882360883057, 0.000285873917164281, 0.0001472355070291087, 0.00024356800713576376, 0.0002628674264997244, 0.00024378957459703088, 0.00012183297076262534, 0.00021111610112711787, 0.00011519656982272863], [0, 0.0008544099982827902, 0.0005305500817485154, 0.00032035348704084754, 0.00024040047719608992, 0.00016609519661869854, 0.00046399389975704253, 0.00032377263414673507, 0.0001804892235668376, 8.095284283626825e-05, 0.00011701778566930443, 8.617333514848724e-05, 8.396097837248817e-05, 9.461063018534333e-05, 0.00017920241225510836, 0.00011752184946089983, 5.139093627803959e-05, 1.424807032890385e-05, 6.3946126829250716e-06, 0.0001748288341332227, 0.0002541897410992533]]}