{"alpha": 0.75, "beta": 0.5, "gamma": 5.0, "num_samples": 1000, "node_count": 10, "density": 1.0, "startup_delay": 2.0, "forward_prob": 0, "epochs": [[0, 1, 2, 3, 4, 5, 6, 7, 8, 9, 10, 11, 12, 13, 14, 15, 16, 17, 18, 19, 20], [0, 1, 2, 3, 4, 5, 6, 7, 8, 9, 10, 11, 12, 13, 14, 15, 16, 17, 18, 19, 20], [0, 1, 2, 3, 4, 5, 6, 7, 8, 9, 10, 11, 12, 13, 14, 15, 16, 17, 18, 19, 20], [0, 1, 2, 3, 4, 5, 6, 7, 8, 9, 10, 11, 12, 13, 14, 15, 16, 17, 18, 19, 20], [0, 1, 2, 3, 4, 5, 6, 7, 8, 9, 10, 11, 12, 13, 14, 15, 16, 17, 18, 19, 20], [0, 1, 2, 3, 4, 5, 6, 7, 8, 9, 10, 11, 12, 13, 14, 15, 16, 17, 18, 19, 20], [0, 1, 2, 3, 4, 5, 6, 7, 8, 9, 10, 11, 12, 13, 14, 15, 16, 17, 18, 19, 20], [0, 1, 2, 3, 4, 5, 6, 7, 8, 9, 10, 11, 12, 13, 14, 15, 16, 17, 18, 19, 20], [0, 1, 2, 3, 4, 5, 6, 7, 8, 9, 10, 11, 12, 13, 14, 15, 16, 17, 18, 19, 20], [0, 1, 2, 3, 4, 5, 6, 7, 8, 9, 10, 11, 12, 13, 14, 15, 16, 17, 18, 19, 20]], "accuracies": [[8.04, 20.67, 28.47, 46.8, 38.2, 50.41, 47.15, 61.01, 56.42, 50.44, 52.83, 56.89, 51.81, 53.98, 61.5, 61.07, 66.99, 55.9, 48.63, 50.64, 61.98], [14.27, 10.4, 26.93, 42.46, 27.07, 47.63, 48.88, 47.94, 59.68, 43.48, 68.42, 27.57, 57.07, 32.24, 67.96, 54.57, 67.26, 46.33, 58.68, 43.0, 61.64], [10.59, 10.01, 25.39, 36.48, 39.9, 35.89, 51.54, 52.64, 70.2, 47.68, 64.2, 31.72, 53.8, 35.15, 74.21, 48.9, 75.14, 43.18, 61.13, 34.87, 72.42], [15.05, 10.0, 20.58, 35.98, 36.7, 38.19, 52.3, 60.09, 50.76, 67.5, 62.56, 61.78, 51.04, 46.95, 63.26, 59.09, 68.65, 60.04, 59.34, 58.78, 65.54], [5.68, 11.85, 32.54, 29.16, 47.7, 30.06, 48.89, 48.93, 55.95, 63.08, 57.54, 58.22, 48.03, 51.95, 50.4, 66.27, 55.88, 48.57, 47.05, 38.73, 48.63], [8.34, 10.84, 29.07, 29.92, 37.12, 55.87, 50.25, 62.95, 62.62, 57.43, 56.09, 57.74, 58.46, 54.02, 72.87, 56.04, 69.19, 51.75, 65.91, 52.37, 70.8], [11.72, 13.21, 41.38, 40.27, 48.87, 42.62, 66.08, 52.64, 54.73, 59.19, 56.15, 54.24, 55.68, 44.8, 63.26, 64.02, 57.1, 53.72, 47.82, 57.91, 48.71], [3.68, 20.95, 29.65, 38.52, 41.45, 44.4, 48.69, 55.87, 53.48, 57.31, 48.42, 42.93, 49.83, 57.82, 59.77, 57.73, 48.29, 56.28, 44.41, 55.49, 48.71], [8.4, 27.93, 34.94, 50.3, 47.53, 67.0, 48.75, 59.62, 45.59, 60.97, 43.78, 59.13, 49.34, 64.79, 51.0, 58.39, 47.98, 63.68, 54.71, 73.89, 48.71], [11.61, 32.09, 50.9, 55.32, 57.23, 59.56, 66.68, 48.79, 64.32, 52.97, 50.41, 47.33, 76.19, 55.27, 77.53, 53.97, 50.29, 46.99, 77.11, 48.71, 30.97]], "msds": [[0, 0.000758002046495676, 0.00022859839373268187, 0.00015877789701335132, 0.00012937310384586453, 0.00011514561629155651, 0.00011724983778549358, 0.00010644453868735582, 0.00010896672029048204, 8.82571330294013e-05, 0.00011415019980631769, 9.414217493031174e-05, 0.00010684219159884378, 9.779835090739653e-05, 0.00010511525761103258, 8.703981438884512e-05, 9.58188102231361e-05, 7.000753248576075e-05, 0.00013627985026687384, 8.095341036096215e-05, 0.00010883606591960415], [0, 0.0007543109823018312, 0.0002353106247028336, 0.00015979039017111063, 0.00012627932301256806, 0.00011048836313420907, 9.534821583656594e-05, 9.600888733984903e-05, 0.00010800808377098292, 0.0001156965154223144, 8.073436765698716e-05, 0.00012207648251205683, 9.065625636139885e-05, 0.00013884043437428772, 9.778648382052779e-05, 0.00010015612497227266, 6.984036735957488e-05, 0.00010555425978964195, 7.018203177722171e-05, 0.00013018603203818202, 0.00010083156666951254], [0, 0.0007663726573809981, 0.00020848354324698448, 0.00014424095570575446, 0.00011650682426989079, 0.00011973245273111388, 9.888493514154106e-05, 8.605131733929738e-05, 9.85397127806209e-05, 7.969601574586704e-05, 8.116085518850014e-05, 0.00011387779522920027, 7.2131646447815e-05, 0.0001089187862817198, 7.797058060532436e-05, 0.00010897586616920307, 5.374004103941843e-05, 8.568765770178288e-05, 6.694265903206542e-05, 0.0001330239319941029, 6.781789124943316e-05], [0, 0.0007711354992352426, 0.00021261164511088282, 0.0001548918371554464, 0.00011820788495242596, 0.0001143283152487129, 0.00011331520363455638, 0.00010866595403058454, 0.0001168200105894357, 0.00010336818377254531, 0.00010573057807050645, 0.00011030414316337556, 0.00011340194032527506, 0.00010883765935432166, 0.00011561486462596804, 9.408053301740438e-05, 9.14532138267532e-05, 7.874671427998692e-05, 9.908759966492653e-05, 9.812406642595306e-05, 0.00010330572695238516], [0, 0.0007629501633346081, 0.00021836029191035777, 0.00016347139899153262, 0.00010211445624008775, 0.00010635556100169197, 8.928702300181612e-05, 9.529476665193215e-05, 9.197850886266679e-05, 9.46207219385542e-05, 9.4480776169803e-05, 9.74163631326519e-05, 0.00012928400246892124, 9.041244629770517e-05, 0.0001479668717365712, 8.315779268741608e-05, 8.146239997586235e-05, 8.272185368696228e-05, 0.00014082534471526742, 9.934671834344044e-05, 0.00016655243234708905], [0, 0.0007495965110138059, 0.00021648961410392076, 0.00015526307106483728, 8.93183532753028e-05, 8.560997230233625e-05, 7.685422315262258e-05, 7.970751903485507e-05, 7.994880434125662e-05, 7.705575262662023e-05, 8.985988824861124e-05, 7.95064406702295e-05, 9.109464008361101e-05, 8.881246321834624e-05, 8.248798258136958e-05, 0.00010174515773542225, 5.757186227128841e-05, 7.169260788941756e-05, 7.46941877878271e-05, 0.00010277488036081195, 7.645253936061636e-05], [0, 0.0005962824798189104, 0.00019684738072101027, 0.00011238875595154241, 0.00010879385808948427, 0.00010674578516045585, 9.475629485677928e-05, 0.00010191404726356268, 8.986335160443559e-05, 0.00011468349839560688, 0.00010518119961488992, 0.0001066211043507792, 9.586026862962171e-05, 0.00013079956988804042, 9.765486174728721e-05, 8.828815043671057e-05, 8.359904313692823e-05, 0.00010156703501706943, 0.00011199589062016457, 0.00010350735828978941, 7.303145685000345e-05], [0, 0.0006049753283150494, 0.00020921915711369365, 0.00013297625991981477, 0.0001278189884033054, 0.00012095526471966878, 0.00011853694741148502, 0.0001178934471681714, 0.00010977637430187315, 0.0001273549278266728, 0.00011761522182496265, 0.00012558324669953436, 0.000116624309157487, 0.0001329376973444596, 9.598541510058567e-05, 9.622148354537785e-05, 8.643077308079228e-05, 8.909429016057402e-05, 0.00010948043927783147, 0.000138709248858504, 8.585311297792941e-05], [0, 0.0005583840538747609, 0.00018202864157501608, 0.00012107451766496524, 0.00011343159712851048, 0.00010365546040702611, 9.907249477691948e-05, 0.00011030581663362682, 8.497678209096193e-05, 0.00010901316272793338, 8.054250793065876e-05, 0.00011102556891273707, 0.00010421359183965251, 9.514005068922415e-05, 0.00012390222400426865, 6.577222666237503e-05, 7.37766022211872e-05, 7.932757580420002e-05, 8.298472675960511e-05, 6.915157428011298e-05, 6.557669985340908e-05], [0, 0.0005793978343717754, 0.000193934072740376, 0.00013983178359922022, 0.00010947223199764267, 0.0001111554229282774, 0.00010534621105762199, 0.00010893605212913826, 0.00010480647324584424, 0.0001227815664606169, 0.00010821130126714706, 0.00013548599963542074, 9.08271613297984e-05, 9.20323800528422e-05, 6.631825090153143e-05, 7.297972479136661e-05, 7.90087942732498e-05, 0.00015171928680501878, 8.089052425930277e-05, 7.848801760701463e-05, 0]]}