{"alpha": 0.75, "beta": 0.5, "gamma": 8.0, "num_samples": 25, "node_count": 10, "density": 1.0, "startup_delay": 0.0, "forward_prob": 0, "epochs": [[0, 1, 2, 3, 4, 5, 6, 7, 8, 9, 10, 11, 12, 13, 14, 15, 16, 17, 18, 19, 20], [0, 1, 2, 3, 4, 5, 6, 7, 8, 9, 10, 11, 12, 13, 14, 15, 16, 17, 18, 19, 20], [0, 1, 2, 3, 4, 5, 6, 7, 8, 9, 10, 11, 12, 13, 14, 15, 16, 17, 18, 19, 20], [0, 1, 2, 3, 4, 5, 6, 7, 8, 9, 10, 11, 12, 13, 14, 15, 16, 17, 18, 19, 20], [0, 1, 2, 3, 4, 5, 6, 7, 8, 9, 10, 11, 12, 13, 14, 15, 16, 17, 18, 19, 20], [0, 1, 2, 3, 4, 5, 6, 7, 8, 9, 10, 11, 12, 13, 14, 15, 16, 17, 18, 19, 20], [0, 1, 2, 3, 4, 5, 6, 7, 8, 9, 10, 11, 12, 13, 14, 15, 16, 17, 18, 19, 20], [0, 1, 2, 3, 4, 5, 6, 7, 8, 9, 10, 11, 12, 13, 14, 15, 16, 17, 18, 19, 20], [0, 1, 2, 3, 4, 5, 6, 7, 8, 9, 10, 11, 12, 13, 14, 15, 16, 17, 18, 19, 20], [0, 1, 2, 3, 4, 5, 6, 7, 8, 9, 10, 11, 12, 13, 14, 15, 16, 17, 18, 19, 20]], "accuracies": [[20.37, 10.01, 51.36, 62.8, 67.13, 68.03, 70.11, 70.21, 70.18, 71.05, 70.64, 68.98, 71.02, 69.91, 71.68, 70.64, 72.05, 70.91, 71.55, 70.41, 72.82], [10.84, 18.75, 47.56, 64.13, 67.71, 67.72, 68.06, 68.6, 68.19, 69.73, 69.15, 68.21, 70.74, 68.18, 69.5, 69.56, 70.11, 69.36, 70.33, 68.75, 71.03], [5.21, 18.51, 36.22, 66.96, 68.38, 70.41, 68.91, 70.49, 70.64, 70.45, 70.14, 68.84, 68.97, 69.67, 70.83, 69.86, 71.51, 70.42, 71.34, 69.06, 71.78], [13.2, 10.0, 50.45, 64.02, 68.52, 69.14, 68.39, 70.63, 70.09, 71.02, 70.19, 69.27, 70.23, 69.66, 71.6, 70.57, 71.13, 71.15, 70.84, 70.5, 71.5], [16.42, 23.51, 43.24, 61.08, 67.32, 66.42, 67.61, 68.71, 69.41, 70.17, 68.4, 68.8, 70.25, 69.61, 70.01, 70.37, 69.76, 70.21, 69.51, 70.15, 69.87], [9.0, 10.0, 41.84, 59.96, 65.49, 68.52, 67.46, 69.28, 69.51, 69.82, 69.58, 69.51, 70.35, 69.81, 71.28, 70.42, 71.84, 71.09, 71.63, 70.51, 71.75], [12.55, 12.97, 40.41, 55.9, 63.39, 66.08, 68.85, 69.1, 70.66, 70.4, 70.54, 68.67, 71.59, 70.23, 71.97, 71.08, 70.39, 71.2, 68.34, 70.81, 66.68], [9.44, 23.55, 43.67, 59.74, 67.05, 68.58, 67.89, 69.76, 69.49, 69.91, 69.69, 68.59, 70.77, 69.13, 70.47, 70.13, 70.52, 70.21, 69.91, 69.63, 70.31], [14.87, 10.0, 51.2, 64.12, 68.75, 69.8, 68.85, 69.71, 69.45, 70.51, 70.12, 68.51, 70.91, 68.3, 70.86, 70.38, 71.5, 70.64, 71.66, 70.61, 72.21], [6.67, 10.27, 48.33, 64.28, 66.93, 68.69, 68.14, 69.25, 68.88, 69.54, 69.92, 66.73, 70.2, 69.29, 69.97, 69.22, 69.9, 69.72, 70.27, 68.82, 70.93]], "msds": [[0, 0.0006950757815502584, 0.00010788680810946971, 5.461155160446651e-05, 3.2844534871401265e-05, 2.7387341106077656e-05, 2.0891728127026e-05, 1.964721013791859e-05, 1.6415020581916906e-05, 1.4474957424681634e-05, 1.845111728471238e-05, 1.5748082660138607e-05, 1.2360881555650849e-05, 1.702148983895313e-05, 1.123054971685633e-05, 7.410776106553385e-06, 6.761337772331899e-06, 8.204347068385687e-06, 9.853665687842295e-06, 1.1071848348365165e-05, 8.790729225438554e-06], [0, 0.0006890097865834832, 0.00010460735211381689, 4.2599273001542315e-05, 2.308395050931722e-05, 1.8383918359177187e-05, 1.3997679161548149e-05, 1.0948010640277062e-05, 1.2983839042135514e-05, 1.1989509403065313e-05, 1.1728297067747917e-05, 1.0918510270130355e-05, 8.732515198062174e-06, 1.647874159971252e-05, 9.007442713482305e-06, 4.341396561358124e-06, 4.35863603343023e-06, 3.465811687419773e-06, 4.7561616156599484e-06, 5.690298166882712e-06, 4.853235168411629e-06], [0, 0.0006863026064820588, 9.534665150567889e-05, 4.327834540163167e-05, 2.5222536351066083e-05, 2.0905545170535333e-05, 1.5008438822405878e-05, 1.4772206668567378e-05, 1.3288957234180998e-05, 1.2000700735370629e-05, 1.5089600310602691e-05, 1.1467393960629124e-05, 9.687067176855635e-06, 1.1117917892988771e-05, 8.573667400924023e-06, 4.663808340410469e-06, 3.6019569051859435e-06, 4.518591140367789e-06, 4.951039045408834e-06, 8.766340215515811e-06, 4.889571755484212e-06], [0, 0.0006843399605713785, 0.00010409853712189943, 4.3646788981277496e-05, 2.4543809558963403e-05, 1.953440369106829e-05, 1.570559288666118e-05, 1.2917181265947875e-05, 1.356906068394892e-05, 1.1826860827568453e-05, 1.0660241059667896e-05, 8.554247870051768e-06, 1.9296268874313682e-05, 1.133454770751996e-05, 9.267795576306526e-06, 3.70650241166004e-06, 4.556090061669238e-06, 5.682710707333172e-06, 5.9203352975600865e-06, 8.902775334718172e-06, 7.5479561019164976e-06], [0, 0.0006963030318729579, 0.0001058403795468621, 4.3061769247287884e-05, 2.235662759630941e-05, 2.0078216039109975e-05, 1.5054894902277738e-05, 1.2522810720838606e-05, 1.1487081792438403e-05, 1.6461641280329786e-05, 1.8374579667579383e-05, 1.0168037078983616e-05, 1.0961382031382527e-05, 1.2180290468677413e-05, 8.707304004929028e-06, 4.5036981646262575e-06, 1.0242849384667352e-05, 5.2121827138762455e-06, 1.0334671969758347e-05, 5.647501438943436e-06, 9.762195986695588e-06], [0, 0.0007014598231762648, 0.00010387049405835569, 4.297742998460308e-05, 2.580121326900553e-05, 2.1448937332024798e-05, 1.4547854334523436e-05, 1.381351648888085e-05, 1.3271513125800993e-05, 1.3112021406413987e-05, 1.2685778528975789e-05, 1.2034046449116431e-05, 8.390183211304247e-06, 1.552808316773735e-05, 1.0269692211295478e-05, 7.3043088377744425e-06, 3.9041860873112455e-06, 4.69310043627047e-06, 6.048580416972982e-06, 5.5323603191936854e-06, 5.623385732178576e-06], [0, 0.000704197387676686, 0.00011352617002557963, 4.7198547690641135e-05, 2.4682067305548117e-05, 2.1734404072049074e-05, 1.2876639630121645e-05, 1.2893961866211612e-05, 1.137106755777495e-05, 1.5799894754309207e-05, 1.3726124961976893e-05, 1.3030814443482086e-05, 1.1300827281957027e-05, 1.5199332665360998e-05, 8.292058737424668e-06, 5.215738383412827e-06, 4.313488716434222e-06, 3.3186715882038698e-06, 1.4608167475671507e-05, 5.741712357121287e-06, 1.6552963643334806e-05], [0, 0.0006849259370937943, 9.517482249066234e-05, 4.093367897439748e-05, 2.488913742126897e-05, 1.9803310351562686e-05, 1.7906091670738533e-05, 1.3659250726050232e-05, 1.1979785085713957e-05, 1.1942688615818042e-05, 1.235004765476333e-05, 1.1539075785549358e-05, 9.273788236896507e-06, 1.2962851542397402e-05, 6.634322289755801e-06, 3.869664851663401e-06, 6.112722985562868e-06, 3.886154900101246e-06, 7.182402441685554e-06, 5.258718829281861e-06, 6.142239271866856e-06], [0, 0.0006948833470232785, 0.00010625499999150634, 4.560311572276987e-05, 2.1914551325608045e-05, 1.7948337699635886e-05, 1.4352403923112433e-05, 1.0259529517497867e-05, 1.0138309335161466e-05, 8.311555575346574e-06, 2.166646663681604e-05, 1.2895117833977565e-05, 8.918262210499961e-06, 3.147727329633199e-05, 1.3017120181757491e-05, 4.447641003935132e-06, 3.1836143534746952e-06, 4.096037628187332e-06, 4.4298440116108395e-06, 5.374476586439414e-06, 4.803180672752205e-06], [0, 0.0006976878503337502, 0.00010893570288317278, 4.463389632292092e-05, 2.3098244128050283e-05, 1.5793908460182138e-05, 1.719238207442686e-05, 1.0850866601685993e-05, 2.008747833315283e-05, 1.1126818208140321e-05, 1.1762701433326583e-05, 1.5843170331208967e-05, 9.12697214516811e-06, 1.0949432180495933e-05, 7.344615823967615e-06, 3.6202927731210366e-06, 5.634547051158734e-06, 3.5646276046463754e-06, 5.231261638982687e-06, 5.473637429531664e-06, 4.568134045257466e-06]]}