{"alpha": 0.75, "beta": 0.5, "gamma": 4.0, "num_samples": 100, "node_count": 10, "density": 0.75, "startup_delay": 2.0, "forward_prob": 0, "epochs": [[0, 1, 2, 3, 4, 5, 6, 7, 8, 9, 10, 11, 12, 13, 14, 15, 16, 17, 18, 19, 20], [0, 1, 2, 3, 4, 5, 6, 7, 8, 9, 10, 11, 12, 13, 14, 15, 16, 17, 18, 19, 20], [0, 1, 2, 3, 4, 5, 6, 7, 8, 9, 10, 11, 12, 13, 14, 15, 16, 17, 18, 19, 20], [0, 1, 2, 3, 4, 5, 6, 7, 8, 9, 10, 11, 12, 13, 14, 15, 16, 17, 18, 19, 20], [0, 1, 2, 3, 4, 5, 6, 7, 8, 9, 10, 11, 12, 13, 14, 15, 16, 17, 18, 19, 20], [0, 1, 2, 3, 4, 5, 6, 7, 8, 9, 10, 11, 12, 13, 14, 15, 16, 17, 18, 19, 20], [0, 1, 2, 3, 4, 5, 6, 7, 8, 9, 10, 11, 12, 13, 14, 15, 16, 17, 18, 19, 20], [0, 1, 2, 3, 4, 5, 6, 7, 8, 9, 10, 11, 12, 13, 14, 15, 16, 17, 18, 19, 20], [0, 1, 2, 3, 4, 5, 6, 7, 8, 9, 10, 11, 12, 13, 14, 15, 16, 17, 18, 19, 20], [0, 1, 2, 3, 4, 5, 6, 7, 8, 9, 10, 11, 12, 13, 14, 15, 16, 17, 18, 19, 20]], "accuracies": [[8.53, 19.61, 28.46, 38.51, 27.46, 41.71, 32.06, 42.87, 48.59, 43.63, 54.67, 48.08, 60.65, 50.93, 57.85, 47.81, 56.74, 45.64, 56.78, 43.67, 55.0], [8.96, 10.0, 37.73, 34.98, 34.68, 38.47, 40.78, 46.02, 40.55, 43.43, 46.0, 45.39, 62.43, 48.53, 46.45, 42.51, 37.2, 44.4, 56.85, 50.24, 56.1], [12.35, 11.42, 28.74, 37.99, 27.94, 42.89, 32.05, 45.83, 31.07, 50.08, 43.83, 42.95, 54.93, 33.52, 46.7, 39.5, 51.83, 44.79, 54.97, 43.54, 68.42], [8.34, 10.0, 25.21, 36.46, 41.64, 33.57, 56.57, 35.07, 42.77, 52.06, 39.43, 56.07, 49.07, 61.2, 49.04, 59.06, 43.55, 61.83, 38.26, 71.47, 48.16], [10.5, 36.66, 30.5, 46.88, 52.25, 30.57, 48.88, 38.35, 50.21, 42.63, 65.2, 52.07, 63.46, 47.94, 58.11, 52.04, 48.84, 59.08, 62.73, 64.61, 53.04], [11.12, 10.12, 30.55, 20.76, 42.26, 25.51, 45.11, 25.86, 39.48, 31.51, 26.96, 45.62, 41.58, 41.21, 41.85, 52.8, 38.75, 62.48, 31.44, 59.69, 32.76], [8.61, 24.84, 34.3, 41.0, 44.16, 41.56, 44.98, 46.15, 43.0, 53.15, 49.04, 62.55, 59.5, 54.55, 51.88, 59.61, 50.51, 58.77, 52.42, 56.72, 34.81], [14.14, 10.06, 19.38, 37.59, 41.98, 50.24, 39.72, 56.65, 52.55, 38.28, 51.38, 57.48, 61.66, 57.32, 58.13, 52.4, 63.82, 46.01, 60.69, 51.69, 43.25], [6.76, 19.34, 25.38, 32.23, 40.86, 26.74, 38.28, 34.56, 40.78, 37.63, 35.18, 49.6, 39.55, 54.59, 36.47, 60.78, 30.11, 55.48, 38.96, 52.16, 34.62], [11.54, 28.49, 28.97, 47.7, 35.73, 43.14, 43.01, 35.68, 39.08, 35.84, 53.99, 41.08, 56.17, 54.82, 53.78, 48.27, 44.32, 39.26, 59.87, 47.06, 53.68]], "msds": [[0, 0.0005025515565648675, 0.00010104999091709033, 6.55102267046459e-05, 3.97778203478083e-05, 3.386231037438847e-05, 3.085171920247376e-05, 5.111364953336306e-05, 3.3182626793859527e-05, 3.4404132748022676e-05, 2.552722071413882e-05, 3.275043491157703e-05, 2.16566477320157e-05, 2.0265837520128116e-05, 1.9118997443001717e-05, 3.129242395516485e-05, 2.364865031267982e-05, 2.8049149477737956e-05, 3.1346367904916406e-05, 4.094745236216113e-05, 2.0656110791605897e-05], [0, 0.0006713259499520063, 0.00010855007712962106, 5.441359826363623e-05, 3.8262460293481126e-05, 3.618599657784216e-05, 2.920286715379916e-05, 4.830564284930006e-05, 3.316286893095821e-05, 2.429580854368396e-05, 2.2618938601226546e-05, 3.078251029364765e-05, 1.8548740627011284e-05, 1.5171541235758923e-05, 3.343171192682348e-05, 2.2802163584856316e-05, 2.580415821284987e-05, 3.879569339915179e-05, 3.3749962312867865e-05, 2.451030377415009e-05, 2.858113293768838e-05], [0, 0.0005030346219427884, 9.851760842138901e-05, 6.406372995115817e-05, 4.218093818053603e-05, 3.12506417685654e-05, 3.99203272536397e-05, 3.315961657790467e-05, 3.949082747567445e-05, 3.0319290090119466e-05, 2.911357114498969e-05, 3.3900345442816615e-05, 2.3466171114705503e-05, 2.0487606889219023e-05, 2.827137359417975e-05, 2.1740948795923032e-05, 2.146171755157411e-05, 2.0927835066686384e-05, 2.205752389272675e-05, 3.0303395760711282e-05, 1.7955171642825007e-05], [0, 0.0006883265450596809, 8.903019624995068e-05, 4.8851725296117365e-05, 4.669233021559194e-05, 3.093595660175197e-05, 3.075552740483545e-05, 3.9200287574203685e-05, 2.520370253478177e-05, 2.420875898678787e-05, 2.5189003281411715e-05, 3.1236988434102386e-05, 2.1929559807176702e-05, 1.181538391392678e-05, 1.5411227650474757e-05, 1.4644162547483575e-05, 2.7208865503780544e-05, 2.055042023130227e-05, 3.7733767385361716e-05, 1.9544075257726945e-05, 2.2676182197756134e-05], [0, 0.0004974071634933352, 0.00011220172746106982, 5.365133620216511e-05, 3.369830665178597e-05, 3.696108251460828e-05, 4.360366074251942e-05, 3.630837454693392e-05, 1.809350032999646e-05, 3.433250094531104e-05, 3.070821912842803e-05, 2.378553654125426e-05, 1.4408655260922387e-05, 1.629481448617298e-05, 1.742633139656391e-05, 3.14871285809204e-05, 2.049788599833846e-05, 3.218503115931526e-05, 2.0641817172872834e-05, 1.9080014681094326e-05, 1.9605204215622507e-05], [0, 0.000620582839474082, 8.18463449832052e-05, 4.772414467879571e-05, 3.65355663234368e-05, 4.3137773900525644e-05, 3.6854573409073055e-05, 5.4877316870260984e-05, 3.561458652256988e-05, 3.9075599488569424e-05, 3.287407525931485e-05, 2.2985248506302014e-05, 2.2628648366662674e-05, 3.58187171514146e-05, 2.4922977900132537e-05, 2.2703939976054244e-05, 2.505265365471132e-05, 2.0469808077905327e-05, 3.835915049421601e-05, 1.8291168089490384e-05, 4.1931631130864844e-05], [0, 0.0004542795941233635, 7.810090755810961e-05, 3.361708877491765e-05, 3.58389770553913e-05, 2.842827780114021e-05, 4.190559411654249e-05, 3.261668825871311e-05, 2.8484399081207812e-05, 3.6535406252369285e-05, 2.5039960746653378e-05, 1.9804330804618075e-05, 1.8285240003024228e-05, 2.1657004253938794e-05, 1.964755392691586e-05, 2.237809712823946e-05, 2.1068019123049453e-05, 2.9268479920574464e-05, 2.819274777721148e-05, 2.2729442207491957e-05, 3.166525129927322e-05], [0, 0.00040712617919780314, 9.435091487830505e-05, 5.333668377716094e-05, 3.954779822379351e-05, 3.776327139348723e-05, 3.264510814915411e-05, 3.5510765883373097e-05, 1.878052717074752e-05, 3.0571860406780615e-05, 3.038730392290745e-05, 2.112356924044434e-05, 1.7638974895817228e-05, 2.179953662562184e-05, 2.1139279851922765e-05, 2.8091964850318618e-05, 2.7518128263182007e-05, 3.3559350413270295e-05, 3.0048779080971144e-05, 2.2459948013420217e-05, 2.9215925678727217e-05], [0, 0.0004578089574351907, 7.553382602054626e-05, 3.995821680291556e-05, 3.6033743526786566e-05, 3.015081529156305e-05, 3.740881584235467e-05, 3.3505722967674956e-05, 2.234870225947816e-05, 3.245139305363409e-05, 4.8301491915481165e-05, 2.204254997195676e-05, 1.9664390492835082e-05, 2.0606035832315683e-05, 2.8160753572592512e-05, 2.077609497064259e-05, 2.588160350569524e-05, 2.696034607652109e-05, 3.360507980687544e-05, 1.8646620446816087e-05, 2.1579455278697424e-05], [0, 0.0005142700392752886, 8.812789747025818e-05, 4.789128070115112e-05, 3.4815242543118075e-05, 2.556603249104228e-05, 3.809569898294285e-05, 3.19141436193604e-05, 2.1050378563813865e-05, 3.62072023563087e-05, 2.6345154765294865e-05, 2.1388214008766226e-05, 1.2793519090337213e-05, 1.3241072338132653e-05, 1.3322411177796312e-05, 2.9949787858640775e-05, 1.6721787687856704e-05, 4.047408219776116e-05, 2.2062806237954646e-05, 2.0065381249878556e-05, 1.3535122889152262e-05]]}