{"alpha": 0.75, "beta": 0.5, "gamma": 5.0, "num_samples": 25, "node_count": 10, "density": 1.0, "startup_delay": 2.0, "forward_prob": 0, "epochs": [[0, 1, 2, 3, 4, 5, 6, 7, 8, 9, 10, 11, 12, 13, 14, 15, 16, 17, 18, 19, 20], [0, 1, 2, 3, 4, 5, 6, 7, 8, 9, 10, 11, 12, 13, 14, 15, 16, 17, 18, 19, 20], [0, 1, 2, 3, 4, 5, 6, 7, 8, 9, 10, 11, 12, 13, 14, 15, 16, 17, 18, 19, 20], [0, 1, 2, 3, 4, 5, 6, 7, 8, 9, 10, 11, 12, 13, 14, 15, 16, 17, 18, 19, 20], [0, 1, 2, 3, 4, 5, 6, 7, 8, 9, 10, 11, 12, 13, 14, 15, 16, 17, 18, 19, 20], [0, 1, 2, 3, 4, 5, 6, 7, 8, 9, 10, 11, 12, 13, 14, 15, 16, 17, 18, 19, 20], [0, 1, 2, 3, 4, 5, 6, 7, 8, 9, 10, 11, 12, 13, 14, 15, 16, 17, 18, 19, 20], [0, 1, 2, 3, 4, 5, 6, 7, 8, 9, 10, 11, 12, 13, 14, 15, 16, 17, 18, 19, 20], [0, 1, 2, 3, 4, 5, 6, 7, 8, 9, 10, 11, 12, 13, 14, 15, 16, 17, 18, 19, 20], [0, 1, 2, 3, 4, 5, 6, 7, 8, 9, 10, 11, 12, 13, 14, 15, 16, 17, 18, 19, 20]], "accuracies": [[12.16, 10.0, 19.38, 26.25, 31.74, 22.91, 28.1, 25.77, 45.23, 33.37, 59.89, 26.77, 45.11, 33.99, 41.91, 30.17, 63.28, 44.78, 65.59, 34.2, 50.19], [8.49, 10.0, 18.42, 31.63, 36.28, 46.22, 37.25, 48.92, 39.25, 45.35, 35.95, 48.48, 45.84, 54.37, 51.68, 55.64, 57.51, 61.28, 49.59, 56.57, 41.34], [5.55, 10.12, 12.18, 26.84, 20.33, 38.18, 22.58, 31.07, 31.62, 37.6, 54.17, 35.07, 53.65, 47.04, 47.23, 43.31, 61.68, 58.67, 62.98, 48.0, 59.02], [16.46, 10.0, 23.75, 18.51, 34.16, 24.88, 35.66, 25.26, 51.14, 23.73, 52.67, 26.21, 49.84, 24.84, 35.11, 53.11, 29.06, 50.8, 54.61, 38.03, 54.62], [10.42, 10.0, 19.75, 31.23, 35.77, 31.77, 45.17, 32.57, 49.67, 38.75, 49.14, 42.93, 51.37, 30.36, 51.13, 49.52, 48.24, 50.79, 53.09, 56.7, 54.01], [9.25, 10.0, 19.98, 28.58, 26.37, 45.16, 28.69, 26.09, 39.13, 44.07, 43.12, 38.87, 48.09, 45.12, 49.92, 45.1, 60.17, 61.97, 50.92, 53.06, 43.14], [6.4, 10.0, 27.33, 21.53, 35.48, 26.47, 30.9, 34.91, 45.03, 46.85, 43.64, 51.95, 43.0, 54.99, 43.15, 58.2, 52.18, 56.3, 50.64, 49.68, 52.28], [8.84, 13.07, 20.68, 28.9, 20.03, 23.31, 22.72, 38.69, 31.68, 53.67, 27.06, 45.9, 35.5, 41.52, 42.59, 62.85, 51.7, 56.4, 40.81, 53.54, 52.28], [15.67, 19.77, 26.92, 39.78, 41.42, 33.18, 35.07, 48.57, 50.98, 39.48, 51.45, 50.95, 54.22, 55.03, 60.04, 54.18, 65.47, 53.05, 49.84, 46.21, 52.28], [5.64, 10.18, 25.98, 36.15, 42.47, 32.17, 53.26, 48.28, 45.67, 54.56, 53.74, 54.49, 54.43, 62.33, 53.59, 61.78, 55.09, 48.51, 44.87, 52.28, 35.73]], "msds": [[0, 0.0006652275915257633, 7.724067836534232e-05, 4.574482227326371e-05, 2.260396649944596e-05, 2.155858419428114e-05, 2.7666996174957603e-05, 2.4927136109909043e-05, 3.112798003712669e-05, 1.6582151147304103e-05, 1.4071656551095657e-05, 2.0970628611394204e-05, 1.2461467122193426e-05, 1.5126625839911867e-05, 1.2556974070321303e-05, 1.7100201148423366e-05, 1.0701191058615223e-05, 9.869733730738517e-06, 6.502645192085765e-06, 1.9738461560336873e-05, 1.973962389456574e-05], [0, 0.0006574817816726863, 7.650569023098797e-05, 4.667699977289885e-05, 2.0588440747815184e-05, 1.7811724319471978e-05, 2.1467598344315775e-05, 2.6888012143899687e-05, 2.092226714012213e-05, 1.1780299246311188e-05, 2.2473715944215655e-05, 1.2663147572311573e-05, 1.8230055502499454e-05, 1.272679310204694e-05, 1.6074785889941268e-05, 1.656325548538007e-05, 1.079363028111402e-05, 5.25252153238398e-06, 1.1970776540692896e-05, 8.262177288997918e-06, 2.7281224902253598e-05], [0, 0.0006522552575916052, 6.771395419491455e-05, 3.58404140570201e-05, 2.5237142835976556e-05, 1.7792284779716283e-05, 2.6165545932599343e-05, 2.18362456507748e-05, 2.4458007828798145e-05, 1.3845051398675423e-05, 1.9313156371936202e-05, 1.5346708096330985e-05, 1.4156800716591533e-05, 2.0740615582326427e-05, 1.4375983482750598e-05, 1.6258569303317927e-05, 1.0080940228363033e-05, 6.113556992204394e-06, 6.974287316552363e-06, 7.937713235151023e-06, 1.65870224009268e-05], [0, 0.0006646059919148684, 7.255851232912391e-05, 4.645672015612945e-05, 2.5238810849259607e-05, 2.714577567530796e-05, 2.07678422157187e-05, 3.81237332476303e-05, 2.2080897906562313e-05, 1.9546778275980614e-05, 1.816263647924643e-05, 2.322107320651412e-05, 1.3604361811303534e-05, 2.4050401407293975e-05, 2.2696773157804273e-05, 1.6134825273184106e-05, 2.3162698198575526e-05, 7.802965228620451e-06, 8.537378562323283e-06, 1.966775016626343e-05, 1.8170332623412833e-05], [0, 0.0006660743383690715, 7.136986823752522e-05, 4.023536530439742e-05, 2.2855763745610602e-05, 2.4342733013327233e-05, 1.9981998775620013e-05, 2.582637534942478e-05, 2.0186578694847412e-05, 2.0000832591904327e-05, 1.361008526146179e-05, 1.4083653695706744e-05, 1.5014121345302556e-05, 1.9266024537500925e-05, 2.5086215828196146e-05, 1.4180918697093148e-05, 1.4076657862460706e-05, 4.854522103414638e-06, 6.466128525062231e-06, 8.402109415328596e-06, 1.6798710930743255e-05], [0, 0.0006616624887101352, 7.132000609999523e-05, 4.4002696085954085e-05, 2.0791452698176727e-05, 1.7254435078939423e-05, 2.7625603252090514e-05, 2.55590675806161e-05, 2.5912868295563385e-05, 1.16852997962269e-05, 1.8768256268231198e-05, 1.5599971447954886e-05, 1.3452699022309389e-05, 1.3654615941049997e-05, 1.3844189197698142e-05, 1.354641790385358e-05, 9.642241820984054e-06, 6.141539870441193e-06, 9.403275726072025e-06, 7.102386462065624e-06, 2.3953230993356556e-05], [0, 0.0004628366441465914, 8.278940367745236e-05, 2.783804666250944e-05, 1.7677082723821513e-05, 3.614263914641924e-05, 2.3874741600593552e-05, 2.984069215017371e-05, 1.2434499694791157e-05, 2.035494071606081e-05, 1.2250759027665481e-05, 1.1076479495386593e-05, 1.4096529412199743e-05, 1.4458123587246519e-05, 1.8217917386209592e-05, 1.1711914339684881e-05, 6.942386335140327e-06, 7.666036253795028e-06, 8.769259693508502e-06, 2.77249619102804e-05, 1.9069446352659725e-05], [0, 0.0004402940103318542, 6.436188414227217e-05, 2.523558578104712e-05, 2.1247016775305383e-05, 2.4962737370515242e-05, 2.7847851015394554e-05, 2.1739811927545816e-05, 1.4508090316667221e-05, 1.4937371815904044e-05, 1.782935214578174e-05, 1.306236026721308e-05, 1.8455093595548533e-05, 1.588198938407004e-05, 1.9692535715876147e-05, 1.0871285667235497e-05, 8.941758096625563e-06, 9.135967047768645e-06, 1.226322456204798e-05, 1.768190850270912e-05, 3.7697056541219354e-05], [0, 0.00042386873974464834, 6.226814730325714e-05, 2.5274217477999628e-05, 2.3084990971256047e-05, 1.8959319277200848e-05, 2.9123682907084003e-05, 2.456198853906244e-05, 1.0399036000308115e-05, 1.661649366724305e-05, 1.2333061022218317e-05, 1.7047948858817108e-05, 1.3908605069445912e-05, 2.5925080990418792e-05, 1.355891436105594e-05, 1.1936467672057915e-05, 5.168439656699775e-06, 1.84077271114802e-05, 7.664521945116576e-06, 2.5704564905026928e-05, 1.542480822536163e-05], [0, 0.00044708710629493, 7.004722283454612e-05, 3.0592687835451216e-05, 2.4938475689850748e-05, 2.9919568987679668e-05, 2.1771873434772715e-05, 1.3884089639759623e-05, 2.4218419639510103e-05, 1.324650838796515e-05, 1.4172535884426907e-05, 1.3350156223168597e-05, 2.3790807972545736e-05, 1.3515350474335719e-05, 1.514688028692035e-05, 7.99211466073757e-06, 9.928371582645923e-06, 7.633489985892083e-06, 2.5677558369352482e-05, 1.6465088265249506e-05, 0]]}