{"alpha": 0.9, "beta": 0.5, "gamma": 1.0, "num_samples": 6000, "node_count": 10, "density": 0.0, "startup_delay": 0.0, "forward_prob": 0, "epochs": [[0, 1, 2, 3, 4, 5, 6, 7, 8, 9, 10, 11, 12, 13, 14, 15, 16, 17, 18, 19, 20], [0, 1, 2, 3, 4, 5, 6, 7, 8, 9, 10, 11, 12, 13, 14, 15, 16, 17, 18, 19, 20], [0, 1, 2, 3, 4, 5, 6, 7, 8, 9, 10, 11, 12, 13, 14, 15, 16, 17, 18, 19, 20], [0, 1, 2, 3, 4, 5, 6, 7, 8, 9, 10, 11, 12, 13, 14, 15, 16, 17, 18, 19, 20], [0, 1, 2, 3, 4, 5, 6, 7, 8, 9, 10, 11, 12, 13, 14, 15, 16, 17, 18, 19, 20], [0, 1, 2, 3, 4, 5, 6, 7, 8, 9, 10, 11, 12, 13, 14, 15, 16, 17, 18, 19, 20], [0, 1, 2, 3, 4, 5, 6, 7, 8, 9, 10, 11, 12, 13, 14, 15, 16, 17, 18, 19, 20], [0, 1, 2, 3, 4, 5, 6, 7, 8, 9, 10, 11, 12, 13, 14, 15, 16, 17, 18, 19, 20], [0, 1, 2, 3, 4, 5, 6, 7, 8, 9, 10, 11, 12, 13, 14, 15, 16, 17, 18, 19, 20], [0, 1, 2, 3, 4, 5, 6, 7, 8, 9, 10, 11, 12, 13, 14, 15, 16, 17, 18, 19, 20]], "accuracies": [[9.47, 58.99, 84.61, 85.87, 86.73, 86.02, 87.31, 86.79, 87.28, 86.82, 89.2, 87.32, 88.58, 88.1, 88.41, 89.0, 87.76, 87.69, 88.65, 88.74, 89.25], [7.93, 53.5, 84.15, 86.07, 87.15, 86.27, 87.33, 86.81, 87.41, 87.02, 88.83, 88.55, 88.08, 86.8, 89.28, 88.38, 87.69, 88.07, 88.6, 89.22, 89.19], [7.53, 83.07, 85.05, 86.63, 86.62, 86.91, 86.7, 88.53, 88.2, 88.66, 88.5, 87.77, 87.78, 88.62, 88.35, 88.41, 88.17, 87.83, 88.82, 89.02, 89.18], [8.56, 82.83, 85.03, 86.43, 86.54, 86.93, 86.95, 87.5, 87.23, 86.93, 87.67, 87.95, 87.98, 88.59, 88.35, 88.45, 88.09, 87.84, 87.75, 88.71, 87.99], [7.23, 13.17, 85.46, 85.06, 87.97, 88.06, 86.72, 88.26, 88.01, 89.31, 87.89, 88.64, 89.48, 89.24, 89.11, 90.16, 89.28, 89.96, 88.27, 88.93, 88.86], [9.9, 20.04, 84.07, 83.21, 86.81, 86.37, 87.74, 89.04, 87.43, 88.0, 87.62, 89.26, 89.29, 87.72, 88.11, 88.45, 88.55, 88.44, 88.69, 88.47, 89.63], [12.1, 82.53, 82.72, 85.01, 86.97, 85.65, 87.73, 87.41, 88.05, 88.34, 88.07, 89.17, 88.84, 89.26, 88.84, 89.24, 89.25, 89.4, 88.71, 89.04, 89.33], [6.52, 43.06, 83.05, 86.75, 87.5, 88.02, 87.37, 87.84, 87.58, 87.17, 88.89, 88.2, 88.38, 88.55, 89.89, 89.15, 88.68, 88.96, 87.75, 89.22, 88.69], [11.26, 81.4, 83.06, 86.21, 86.3, 87.14, 86.93, 87.84, 87.44, 87.22, 88.97, 88.5, 88.38, 88.57, 89.06, 88.35, 88.93, 89.16, 87.73, 89.14, 88.86], [9.85, 32.85, 72.71, 86.25, 85.24, 87.53, 87.8, 87.56, 88.16, 87.27, 88.34, 87.94, 88.11, 89.56, 89.72, 89.0, 90.0, 90.0, 89.21, 88.75, 89.14]], "msds": [[0, 0.0010913651203736663, 0.0014018433867022395, 0.0015054986579343677, 0.0014441629173234105, 0.0014114780351519585, 0.0014052047627046704, 0.0014131079660728574, 0.0013441258342936635, 0.0012643156806007028, 0.0012916001724079251, 0.0011712370906025171, 0.0013165377313271165, 0.0013054852606728673, 0.0012312611797824502, 0.0011915311915799975, 0.0010451660491526127, 0.0010443159844726324, 0.0010545514523983002, 0.0010182883124798536, 0.0008348277769982815], [0, 0.0011015385389328003, 0.0013075603637844324, 0.001445783069357276, 0.0015997079899534583, 0.0013840101892128587, 0.001464039203710854, 0.001396465115249157, 0.0013490477576851845, 0.0012809844920411706, 0.0013690373161807656, 0.001218711375258863, 0.001258116913959384, 0.001315655536018312, 0.0014858715003356338, 0.0012858767295256257, 0.0013272051000967622, 0.0011194819817319512, 0.0011245051864534616, 0.0011503504356369376, 0.0009114248678088188], [0, 0.001123546389862895, 0.0014018433867022395, 0.0015054986579343677, 0.0014441629173234105, 0.0014114780351519585, 0.0014052047627046704, 0.0014047878794372082, 0.0013465869706124067, 0.0012726500863209367, 0.001272831461392343, 0.0011712370906025171, 0.0011592054506763816, 0.001373437698930502, 0.0013038008473813534, 0.001225259737111628, 0.0010451660491526127, 0.0010443159844726324, 0.0010895286686718464, 0.0009918032446876168, 0.000768846832215786], [0, 0.001052262494340539, 0.0013549530413001776, 0.0016788799548521638, 0.0015786525327712297, 0.0014188357163220644, 0.0014458168298006058, 0.0014117616228759289, 0.0014797600451856852, 0.0013367137871682644, 0.001340031041763723, 0.0011681930627673864, 0.0013165377313271165, 0.0013054852606728673, 0.0012312611797824502, 0.0011578032281249762, 0.0009713678737170994, 0.0011551197385415435, 0.0012286195997148752, 0.001100254012271762, 0.0009254370233975351], [0, 0.0010618233354762197, 0.0013084985548630357, 0.0012602608185261488, 0.0014099914114922285, 0.001235299976542592, 0.0023145186714828014, 0.0020388660486787558, 0.0015372545458376408, 0.001464839093387127, 0.0015543969348073006, 0.0015052205417305231, 0.001538170618005097, 0.0013560523511841893, 0.001308586448431015, 0.0012537229340523481, 0.0011910921894013882, 0.0012967379298061132, 0.0011033652117475867, 0.0017111888155341148, 0.00149848114233464], [0, 0.0011145115131512284, 0.0012277852511033416, 0.001346100470982492, 0.0016913797007873654, 0.0016547477571293712, 0.0014262424083426595, 0.0014553244691342115, 0.0014282547635957599, 0.0013813389232382178, 0.0014355797320604324, 0.0013692324282601476, 0.0013003932544961572, 0.0014088053721934557, 0.0014890810707584023, 0.0012788615422323346, 0.00142385542858392, 0.0014364398084580898, 0.0012875114334747195, 0.0012534168781712651, 0.0011736397864297032], [0, 0.0010889334371313453, 0.0012542090844362974, 0.0015724766999483109, 0.0014079788234084845, 0.001327156089246273, 0.0012768554734066129, 0.0012398709077388048, 0.0026606074534356594, 0.0024421538691967726, 0.0016909574624150991, 0.0013735442189499736, 0.0016232068883255124, 0.0015719812363386154, 0.001406709081493318, 0.001234034658409655, 0.0011892553884536028, 0.0011851616436615586, 0.0012814076617360115, 0.0012753834016621113, 0.0014077299274504185], [0, 0.0010633989004418254, 0.001299869385547936, 0.0014163681771606207, 0.001383050112053752, 0.0013120906660333276, 0.0012326437281444669, 0.0025232364423573017, 0.002235974417999387, 0.0015865395544096828, 0.0013147881254553795, 0.0015997134614735842, 0.001542837591841817, 0.0013560523511841893, 0.0013576475903391838, 0.001234034658409655, 0.0011910921894013882, 0.0011965906014665961, 0.0011471019824966788, 0.0012860649731010199, 0.001847925828769803], [0, 0.0010193873895332217, 0.0013171278405934572, 0.0012058663414791226, 0.0014048106968402863, 0.0012449350906535983, 0.0012249263236299157, 0.0024511537048965693, 0.002282519591972232, 0.0015913915121927857, 0.001357703353278339, 0.0015733791515231133, 0.0015416265232488513, 0.0013669583713635802, 0.0013779794098809361, 0.0013179536908864975, 0.001118647400289774, 0.0013087550178170204, 0.001200133585371077, 0.0012573867570608854, 0.001755913021042943], [0, 0.0011268759844824672, 0.0012607582611963153, 0.0012111832620576024, 0.001477302866987884, 0.0019431945402175188, 0.00180969072971493, 0.0014867426361888647, 0.001277074683457613, 0.0014656148850917816, 0.0014459060039371252, 0.001492020906880498, 0.0013140634400770068, 0.00133002910297364, 0.0014323776122182608, 0.0014253061963245273, 0.0013208077289164066, 0.0014841494848951697, 0.0016037923051044345, 0.001369219971820712, 0.0013179057277739048]]}