{"alpha": 0.75, "beta": 0.5, "gamma": 5.0, "num_samples": 100, "node_count": 10, "density": 1.0, "startup_delay": 2.0, "forward_prob": 0, "epochs": [[0, 1, 2, 3, 4, 5, 6, 7, 8, 9, 10, 11, 12, 13, 14, 15, 16, 17, 18, 19, 20], [0, 1, 2, 3, 4, 5, 6, 7, 8, 9, 10, 11, 12, 13, 14, 15, 16, 17, 18, 19, 20], [0, 1, 2, 3, 4, 5, 6, 7, 8, 9, 10, 11, 12, 13, 14, 15, 16, 17, 18, 19, 20], [0, 1, 2, 3, 4, 5, 6, 7, 8, 9, 10, 11, 12, 13, 14, 15, 16, 17, 18, 19, 20], [0, 1, 2, 3, 4, 5, 6, 7, 8, 9, 10, 11, 12, 13, 14, 15, 16, 17, 18, 19, 20], [0, 1, 2, 3, 4, 5, 6, 7, 8, 9, 10, 11, 12, 13, 14, 15, 16, 17, 18, 19, 20], [0, 1, 2, 3, 4, 5, 6, 7, 8, 9, 10, 11, 12, 13, 14, 15, 16, 17, 18, 19, 20], [0, 1, 2, 3, 4, 5, 6, 7, 8, 9, 10, 11, 12, 13, 14, 15, 16, 17, 18, 19, 20], [0, 1, 2, 3, 4, 5, 6, 7, 8, 9, 10, 11, 12, 13, 14, 15, 16, 17, 18, 19, 20], [0, 1, 2, 3, 4, 5, 6, 7, 8, 9, 10, 11, 12, 13, 14, 15, 16, 17, 18, 19, 20]], "accuracies": [[9.16, 10.0, 24.42, 28.24, 24.81, 52.01, 24.66, 48.34, 41.27, 43.47, 59.27, 35.73, 61.95, 37.08, 43.26, 39.38, 56.75, 45.73, 59.11, 49.65, 65.9], [11.77, 12.32, 32.46, 28.9, 33.66, 28.52, 42.11, 36.08, 44.95, 34.1, 50.53, 60.29, 55.54, 50.58, 47.43, 53.43, 39.2, 62.9, 45.6, 61.73, 52.08], [14.02, 10.0, 18.46, 23.52, 27.14, 43.59, 28.91, 60.06, 33.0, 60.54, 55.21, 36.81, 48.73, 39.46, 63.29, 42.19, 65.37, 33.69, 61.96, 57.63, 65.47], [9.4, 10.0, 21.15, 34.54, 31.84, 49.66, 47.49, 47.36, 52.82, 30.48, 58.71, 52.52, 59.41, 43.12, 53.79, 46.79, 55.18, 44.13, 60.54, 46.77, 71.1], [11.58, 10.0, 15.32, 27.87, 31.6, 41.03, 30.13, 55.73, 38.66, 55.95, 33.17, 51.16, 56.22, 44.4, 48.56, 48.72, 49.17, 46.34, 69.54, 60.71, 71.17], [6.41, 12.05, 26.67, 28.86, 34.21, 40.8, 42.66, 42.33, 38.33, 59.75, 45.2, 61.51, 61.85, 47.57, 55.82, 49.91, 50.86, 48.29, 54.48, 53.85, 59.55], [10.53, 18.88, 22.6, 21.53, 50.18, 27.36, 51.32, 34.62, 54.38, 50.27, 32.31, 68.88, 29.62, 63.02, 36.8, 63.97, 37.62, 59.39, 57.85, 65.44, 69.97], [19.73, 15.62, 32.53, 27.33, 27.44, 50.16, 41.32, 48.39, 54.06, 62.07, 54.05, 55.11, 54.87, 47.97, 50.13, 41.48, 57.96, 48.69, 63.59, 57.16, 69.97], [7.92, 15.55, 24.45, 31.78, 50.07, 38.53, 46.28, 37.58, 39.33, 39.55, 42.69, 61.52, 51.57, 54.3, 49.67, 61.27, 46.33, 68.32, 53.76, 67.16, 69.97], [12.22, 30.44, 38.42, 48.92, 48.84, 48.54, 53.56, 51.29, 60.2, 65.43, 58.05, 55.22, 51.63, 44.16, 49.21, 58.82, 57.11, 54.44, 64.36, 69.97, 44.05]], "msds": [[0, 0.000672921712975949, 9.952203254215419e-05, 6.509505328722298e-05, 4.066673864144832e-05, 4.462842480279505e-05, 3.640514478320256e-05, 3.635924804257229e-05, 3.172144715790637e-05, 4.393771450850181e-05, 3.370746344444342e-05, 4.2447882151464e-05, 2.724758451222442e-05, 2.6941321266349405e-05, 2.7350019081495702e-05, 4.1452909499639645e-05, 2.7748737920774147e-05, 3.27041489072144e-05, 2.18766181205865e-05, 3.599171031964943e-05, 1.9526987671270035e-05], [0, 0.0006694485200569034, 0.00010233648936264217, 6.901299639139324e-05, 3.7887992220930755e-05, 4.316859121900052e-05, 2.4724244212848134e-05, 4.1221566789317876e-05, 1.904919190565124e-05, 3.4749908081721514e-05, 4.954903488396667e-05, 2.3898166546132416e-05, 2.259517350466922e-05, 2.2595406335312873e-05, 2.8400274459272623e-05, 2.2171159798745066e-05, 4.217482273816131e-05, 2.0251596652087756e-05, 3.657558772829361e-05, 1.9859924577758648e-05, 4.195635483483784e-05], [0, 0.000675948744174093, 8.787164551904425e-05, 5.8873767557088286e-05, 3.80866949853953e-05, 3.644823664217256e-05, 3.5053977626375854e-05, 3.095475767622702e-05, 3.2724725315347314e-05, 3.1510473490925506e-05, 3.794647636823356e-05, 3.3316773624392226e-05, 1.882794276752975e-05, 3.338003079988994e-05, 2.2431531760958023e-05, 4.463000004761852e-05, 2.8304464649409056e-05, 3.1481664336752146e-05, 1.7454527551308274e-05, 2.2216338038560934e-05, 2.080396552628372e-05], [0, 0.0006755570066161454, 9.948519436875358e-05, 6.467906496254727e-05, 3.6863955756416544e-05, 4.302183151594363e-05, 3.355673106852919e-05, 3.453019598964602e-05, 2.7616950319497846e-05, 3.2583848224021494e-05, 4.49909784947522e-05, 3.319050301797688e-05, 2.5062325221369974e-05, 2.7913001758861355e-05, 3.7332643842091784e-05, 3.9012687921058387e-05, 2.9293456464074552e-05, 2.6891048037214205e-05, 3.7885616620769724e-05, 2.781112925731577e-05, 2.861697066691704e-05], [0, 0.0006725263665430248, 9.487401257501915e-05, 6.727001891704276e-05, 4.3788426410174e-05, 4.7002555220387876e-05, 3.618630216806196e-05, 3.281958561274223e-05, 3.594741428969428e-05, 3.266533894930035e-05, 4.080651342519559e-05, 3.3721567888278514e-05, 3.071226456086151e-05, 2.699423930607736e-05, 3.239442958147265e-05, 3.431689037824981e-05, 3.798205216298811e-05, 4.060614082845859e-05, 2.3065573259373195e-05, 3.3098469430115074e-05, 2.6512372642173432e-05], [0, 0.0006700117373839021, 0.00010297423432348296, 6.897813727846369e-05, 4.00683784391731e-05, 4.672803697758354e-05, 2.736425813054666e-05, 3.1868283258518204e-05, 3.126129013253376e-05, 2.7854941436089575e-05, 3.0371229513548315e-05, 2.4547160137444735e-05, 2.4268318156828173e-05, 1.9061531929764897e-05, 3.18966995109804e-05, 2.2570640794583596e-05, 3.945693970308639e-05, 2.5544839445501566e-05, 2.6840567443287e-05, 3.15587931254413e-05, 2.4337967261089943e-05], [0, 0.0005071948398835957, 0.00010496731556486338, 4.63209071313031e-05, 4.073313175467774e-05, 3.7946636439301074e-05, 4.014283331343904e-05, 3.2596057280898094e-05, 3.294652560725808e-05, 3.513211049721576e-05, 3.490487142698839e-05, 2.3146651074057445e-05, 2.933022733486723e-05, 3.069964441237971e-05, 4.144726335653104e-05, 3.529202513163909e-05, 3.453766476013698e-05, 2.507442877686117e-05, 2.8491722332546487e-05, 3.274029222666286e-05, 2.6487883587833494e-05], [0, 0.0004433529975358397, 8.955329394666478e-05, 3.848485357593745e-05, 5.5977543524932116e-05, 2.6568106477498077e-05, 4.53442771686241e-05, 2.486573430360295e-05, 4.056827674503438e-05, 3.192175427102484e-05, 2.8176802516099997e-05, 2.3229831640492193e-05, 1.9075099771725945e-05, 3.005600956385024e-05, 2.1673749870387837e-05, 4.05211430916097e-05, 2.220589158241637e-05, 3.525895590428263e-05, 2.0148725525359623e-05, 3.1993622542358935e-05, 2.7008343749912456e-05], [0, 0.0004783918266184628, 9.860751015366986e-05, 3.8782261981396005e-05, 3.805630331044085e-05, 3.1623018003301695e-05, 2.9007927878410555e-05, 3.0705719836987555e-05, 2.878255327232182e-05, 4.3900323362322524e-05, 2.3831031285226345e-05, 2.9134753276593983e-05, 1.903625343402382e-05, 3.0230661650421098e-05, 2.3439864889951423e-05, 2.6683093892643228e-05, 2.4575980205554515e-05, 1.9267296011094004e-05, 3.5158915125066414e-05, 2.1856982129975222e-05, 1.9682176571222953e-05], [0, 0.0004628729075193405, 7.799349259585142e-05, 4.235962114762515e-05, 3.301033211755566e-05, 3.8145139114931226e-05, 2.7061116270488128e-05, 3.392559665371664e-05, 3.1357099942397326e-05, 3.2245927286567166e-05, 2.4155486244126223e-05, 2.2595442715100944e-05, 3.473238757578656e-05, 2.9215112590463832e-05, 5.486298323376104e-05, 2.4651297280797735e-05, 2.54337937803939e-05, 2.3404876628774218e-05, 2.9277856810949743e-05, 2.0732710254378617e-05, 0]]}