{"alpha": 0.75, "beta": 0.5, "gamma": 5.0, "num_samples": 25, "node_count": 10, "density": 1.0, "startup_delay": 2.0, "forward_prob": 0, "epochs": [[0, 1, 2, 3, 4, 5, 6, 7, 8, 9, 10, 11, 12, 13, 14, 15, 16, 17, 18, 19, 20], [0, 1, 2, 3, 4, 5, 6, 7, 8, 9, 10, 11, 12, 13, 14, 15, 16, 17, 18, 19, 20], [0, 1, 2, 3, 4, 5, 6, 7, 8, 9, 10, 11, 12, 13, 14, 15, 16, 17, 18, 19, 20], [0, 1, 2, 3, 4, 5, 6, 7, 8, 9, 10, 11, 12, 13, 14, 15, 16, 17, 18, 19, 20], [0, 1, 2, 3, 4, 5, 6, 7, 8, 9, 10, 11, 12, 13, 14, 15, 16, 17, 18, 19, 20], [0, 1, 2, 3, 4, 5, 6, 7, 8, 9, 10, 11, 12, 13, 14, 15, 16, 17, 18, 19, 20], [0, 1, 2, 3, 4, 5, 6, 7, 8, 9, 10, 11, 12, 13, 14, 15, 16, 17, 18, 19, 20], [0, 1, 2, 3, 4, 5, 6, 7, 8, 9, 10, 11, 12, 13, 14, 15, 16, 17, 18, 19, 20], [0, 1, 2, 3, 4, 5, 6, 7, 8, 9, 10, 11, 12, 13, 14, 15, 16, 17, 18, 19, 20], [0, 1, 2, 3, 4, 5, 6, 7, 8, 9, 10, 11, 12, 13, 14, 15, 16, 17, 18, 19, 20]], "accuracies": [[10.0, 10.05, 19.98, 21.18, 29.21, 23.98, 44.91, 27.22, 53.52, 39.31, 45.78, 47.93, 53.38, 45.99, 58.05, 41.12, 58.22, 37.97, 49.42, 55.25, 34.95], [6.52, 10.0, 15.78, 27.12, 35.05, 28.0, 37.93, 27.84, 41.33, 35.65, 41.77, 46.77, 42.11, 44.21, 44.93, 39.36, 55.44, 31.83, 52.45, 48.12, 51.18], [16.79, 19.86, 19.94, 26.43, 37.04, 29.96, 41.91, 25.56, 39.69, 38.77, 54.37, 46.83, 56.37, 42.26, 61.85, 38.76, 54.57, 37.22, 50.64, 43.54, 45.81], [9.24, 10.0, 10.0, 34.98, 36.89, 27.53, 35.74, 33.1, 37.05, 46.25, 50.68, 53.55, 50.67, 57.29, 57.12, 47.18, 41.06, 39.6, 47.88, 44.5, 59.17], [7.25, 10.0, 21.94, 21.33, 33.1, 24.78, 35.39, 19.78, 50.9, 29.87, 49.83, 41.98, 55.27, 37.27, 55.02, 32.53, 58.53, 32.17, 55.09, 35.2, 40.57], [10.06, 10.0, 10.61, 19.69, 31.03, 17.01, 43.14, 27.48, 42.7, 38.07, 58.19, 55.51, 57.78, 56.14, 55.57, 54.42, 61.15, 35.08, 52.88, 56.41, 60.82], [8.07, 10.0, 42.45, 38.28, 19.22, 45.0, 28.86, 36.17, 37.58, 41.13, 51.27, 55.51, 59.05, 56.74, 49.4, 43.5, 40.93, 45.34, 45.09, 54.76, 58.05], [10.07, 10.0, 27.09, 35.22, 32.82, 37.99, 36.13, 57.96, 35.14, 52.84, 54.19, 50.54, 53.23, 41.76, 41.56, 58.78, 36.63, 51.65, 52.05, 55.4, 58.05], [8.69, 11.96, 19.9, 36.03, 24.51, 40.93, 23.43, 50.87, 33.49, 43.73, 42.0, 49.24, 42.84, 53.51, 36.97, 56.82, 26.38, 50.07, 35.78, 41.96, 58.05], [19.05, 10.0, 41.75, 43.81, 43.45, 29.41, 44.84, 47.17, 46.9, 49.02, 61.63, 54.27, 61.24, 54.51, 53.6, 43.86, 50.59, 44.49, 57.8, 58.05, 51.65]], "msds": [[0, 0.0006568041862919927, 7.036310853436589e-05, 3.248422217438929e-05, 2.314964513061568e-05, 2.315003985131625e-05, 1.9397861251491122e-05, 2.8994636522838846e-05, 2.5363038730574772e-05, 3.1705927540315315e-05, 1.4608448509534355e-05, 1.0920728527707979e-05, 1.0154970368603244e-05, 1.5094587070052512e-05, 1.2545925528684165e-05, 1.2121327017666772e-05, 1.5527723007835448e-05, 3.937780638807453e-05, 2.1305262634996325e-05, 1.7187896446557716e-05, 1.1373343113518786e-05], [0, 0.0006621634238399565, 7.810325769241899e-05, 3.337683665449731e-05, 2.042078813246917e-05, 2.3047337890602648e-05, 2.2951580831431784e-05, 2.3729988242848776e-05, 3.251490124966949e-05, 2.0222894818289205e-05, 1.3310019312484656e-05, 9.14269458007766e-06, 1.589886778674554e-05, 1.1867376088048331e-05, 2.5097060643020086e-05, 9.092063919524662e-06, 1.3837756341672502e-05, 2.0752178897964768e-05, 2.4001568817766383e-05, 1.605410761840176e-05, 8.136724318319466e-06], [0, 0.0006586164236068726, 7.299184653675184e-05, 4.045038440381177e-05, 2.1783615011372603e-05, 2.3392651200992987e-05, 1.8408267351333052e-05, 2.1952539100311697e-05, 3.038909017050173e-05, 2.6545041691861115e-05, 1.083905044652056e-05, 1.11864683276508e-05, 7.998546607268509e-06, 2.2518352125189267e-05, 1.1471067409729585e-05, 1.1845493645523675e-05, 1.6456080629723147e-05, 2.3170401618699543e-05, 1.7154006854980253e-05, 2.7200863769394346e-05, 8.190640073735267e-06], [0, 0.0006588174728676677, 8.235243149101734e-05, 3.69960798707325e-05, 2.1872117940802127e-05, 1.656085078138858e-05, 2.810043042700272e-05, 2.0004848920507357e-05, 3.381204805918969e-05, 1.9728448023670353e-05, 1.3858655620424543e-05, 7.362737505900441e-06, 1.2131814401072916e-05, 8.092826647043694e-06, 9.198151019518264e-06, 5.74578689338523e-06, 2.6135377993341535e-05, 1.9479180991766043e-05, 2.2858510419609956e-05, 2.2477554011857137e-05, 6.95723383614677e-06], [0, 0.0006628333358094096, 7.588989683426917e-05, 3.493768599582836e-05, 2.62154371739598e-05, 2.8875299904029816e-05, 2.101293830492068e-05, 3.0694085580762476e-05, 3.1355251849163324e-05, 3.6037585232406855e-05, 1.6849799067131244e-05, 1.5009608432592358e-05, 9.943147233570926e-06, 2.3474489353247918e-05, 1.2746772881655488e-05, 1.8188005924457684e-05, 1.6185502317966893e-05, 4.539612928056158e-05, 2.535892417654395e-05, 3.762501000892371e-05, 1.4586758879886474e-05], [0, 0.0006557515589520335, 6.691706948913634e-05, 3.556039882823825e-05, 2.219842281192541e-05, 2.8247810405446216e-05, 2.0203515305183828e-05, 2.4411812773905694e-05, 2.9696622732444666e-05, 2.656142896739766e-05, 1.4604431271436624e-05, 1.0362161447119433e-05, 1.189962222269969e-05, 1.2686497939284891e-05, 1.925760443555191e-05, 8.99616406968562e-06, 1.437748233001912e-05, 2.319388477189932e-05, 2.672000482561998e-05, 1.646120290388353e-05, 8.798792805464473e-06], [0, 0.00042870634933933616, 6.411087815649807e-05, 2.2318745322991163e-05, 2.1884443413000554e-05, 3.273647234891541e-05, 1.9313234588480555e-05, 3.252164242439903e-05, 2.355944707232993e-05, 2.2897180315339938e-05, 8.900193279259838e-06, 1.1542238098627422e-05, 9.743183909449726e-06, 1.0696031495172065e-05, 9.805651643546298e-06, 2.1647427274729125e-05, 1.965131377801299e-05, 2.0477931684581563e-05, 1.9479555703583173e-05, 9.675694855104666e-06, 6.7373121055425145e-06], [0, 0.0004757216665893793, 7.152857870096341e-05, 2.9206910767243244e-05, 2.4334833142347634e-05, 2.5004386770888232e-05, 3.055033084820025e-05, 2.4353788830921985e-05, 2.092729482683353e-05, 1.5845738744246773e-05, 1.08801614260301e-05, 1.1564755368453916e-05, 1.3982202290208079e-05, 2.3098584279068746e-05, 9.875099749478977e-06, 1.8325968994759023e-05, 2.0060446331626736e-05, 1.988563235499896e-05, 1.6988626157399267e-05, 9.072449756786227e-06, 6.7020450842392165e-06], [0, 0.00044890173012390733, 6.451707304222509e-05, 2.7676574973156676e-05, 2.5462564735789783e-05, 2.5068213290069252e-05, 4.350001836428419e-05, 3.21519146382343e-05, 3.6486144381342456e-05, 1.6017169400583953e-05, 1.5159977920120582e-05, 8.687828085385263e-06, 1.4111288692220114e-05, 1.0197661140409764e-05, 1.0173024747928139e-05, 1.3352258065424394e-05, 4.454397640074603e-05, 2.4692259103176184e-05, 1.9923949366784655e-05, 1.1933598216273822e-05, 6.436741387005895e-06], [0, 0.00043441407615318894, 6.676022167084739e-05, 2.5886933144647628e-05, 1.7749502148944885e-05, 2.1430323613458313e-05, 4.6054010454099625e-05, 2.0882789613096975e-05, 1.3980842595628928e-05, 1.0226261110801715e-05, 8.204434379877057e-06, 9.871456313703675e-06, 1.1438100955274422e-05, 6.238230525923427e-06, 1.6868601960595697e-05, 1.5610574337188154e-05, 1.79467042471515e-05, 1.9528562916093506e-05, 1.1314216862956528e-05, 4.402198101161048e-06, 0]]}