{"alpha": 0.75, "beta": 0.5, "gamma": 1.0, "num_samples": 25, "node_count": 10, "density": 0.0, "startup_delay": 2.0, "forward_prob": 0, "epochs": [[0, 1, 2, 3, 4, 5, 6, 7, 8, 9, 10, 11, 12, 13, 14, 15, 16, 17, 18, 19, 20], [0, 1, 2, 3, 4, 5, 6, 7, 8, 9, 10, 11, 12, 13, 14, 15, 16, 17, 18, 19, 20], [0, 1, 2, 3, 4, 5, 6, 7, 8, 9, 10, 11, 12, 13, 14, 15, 16, 17, 18, 19, 20], [0, 1, 2, 3, 4, 5, 6, 7, 8, 9, 10, 11, 12, 13, 14, 15, 16, 17, 18, 19, 20], [0, 1, 2, 3, 4, 5, 6, 7, 8, 9, 10, 11, 12, 13, 14, 15, 16, 17, 18, 19, 20], [0, 1, 2, 3, 4, 5, 6, 7, 8, 9, 10, 11, 12, 13, 14, 15, 16, 17, 18, 19, 20], [0, 1, 2, 3, 4, 5, 6, 7, 8, 9, 10, 11, 12, 13, 14, 15, 16, 17, 18, 19, 20], [0, 1, 2, 3, 4, 5, 6, 7, 8, 9, 10, 11, 12, 13, 14, 15, 16, 17, 18, 19, 20], [0, 1, 2, 3, 4, 5, 6, 7, 8, 9, 10, 11, 12, 13, 14, 15, 16, 17, 18, 19, 20], [0, 1, 2, 3, 4, 5, 6, 7, 8, 9, 10, 11, 12, 13, 14, 15, 16, 17, 18, 19, 20]], "accuracies": [[9.96, 27.04, 26.64, 21.34, 23.12, 42.83, 34.32, 44.28, 35.59, 36.95, 35.03, 52.56, 53.79, 56.2, 38.68, 47.25, 32.77, 52.39, 53.88, 55.92, 55.72], [8.09, 26.32, 26.61, 26.07, 26.06, 28.44, 26.21, 29.91, 25.27, 25.2, 24.15, 31.13, 38.79, 33.74, 49.33, 21.85, 44.8, 27.69, 36.83, 34.03, 40.91], [9.48, 28.77, 28.32, 28.24, 28.52, 28.97, 22.26, 28.04, 25.52, 31.83, 34.49, 37.22, 31.4, 35.1, 32.53, 34.89, 32.16, 33.71, 39.19, 33.01, 34.99], [4.93, 28.86, 27.84, 19.35, 23.5, 23.02, 29.23, 27.37, 26.6, 54.22, 26.39, 36.63, 30.0, 49.43, 26.77, 29.89, 53.24, 33.05, 44.32, 28.85, 49.34], [12.63, 26.17, 26.34, 26.26, 26.53, 24.91, 26.52, 26.73, 25.09, 23.74, 30.18, 34.76, 30.21, 40.57, 21.6, 46.86, 22.87, 40.95, 51.48, 52.57, 36.9], [10.22, 20.57, 25.65, 24.68, 19.95, 19.12, 21.66, 24.0, 24.14, 40.95, 40.62, 32.43, 40.22, 36.47, 35.78, 42.19, 46.59, 46.21, 33.22, 41.48, 50.26], [7.46, 26.49, 19.04, 25.27, 26.05, 26.86, 27.84, 27.03, 27.46, 27.13, 28.86, 27.9, 31.3, 27.5, 28.26, 27.78, 29.26, 32.62, 27.54, 32.6, 37.43], [4.6, 10.0, 26.68, 26.97, 27.66, 27.42, 34.0, 30.92, 30.11, 33.13, 33.23, 35.06, 30.24, 34.46, 34.17, 34.9, 37.51, 36.15, 38.78, 38.24, 38.09], [10.15, 19.59, 19.88, 19.72, 19.33, 19.8, 22.17, 22.82, 23.79, 23.72, 23.78, 24.47, 24.24, 32.33, 31.77, 29.19, 29.41, 33.71, 34.48, 37.3, 37.65], [12.66, 26.01, 23.79, 23.15, 30.27, 32.98, 30.66, 31.93, 32.55, 33.57, 32.93, 37.05, 28.37, 33.87, 32.91, 36.77, 38.07, 31.53, 37.01, 38.51, 37.71]], "msds": [[0, 0.0006737942458130419, 0.00023774785222485662, 0.000126034181448631, 7.208954775705934e-05, 5.758773477282375e-05, 3.885168189299293e-05, 3.571444176486693e-05, 2.6559073376120068e-05, 6.281476089498028e-05, 3.850150460493751e-05, 2.787139601423405e-05, 1.8834203729056753e-05, 1.480526952946093e-05, 1.053611958923284e-05, 2.1286250557750463e-05, 2.3954367861733772e-05, 3.783721331274137e-05, 2.725026206462644e-05, 1.029743089020485e-05, 7.538294084952213e-06], [0, 0.0006737942458130419, 0.00023774785222485662, 8.777508628554642e-05, 6.709408626193181e-05, 4.413593705976382e-05, 2.895287070714403e-05, 3.234759424231015e-05, 2.6559073376120068e-05, 6.281476089498028e-05, 3.02771913993638e-05, 2.5933515644283034e-05, 1.7535750885144807e-05, 1.0901218047365546e-05, 1.053611958923284e-05, 2.1286250557750463e-05, 2.3954367861733772e-05, 2.940178819699213e-05, 2.6263944164384156e-05, 1.4918321539880708e-05, 1.3306065739016049e-05], [0, 0.0006675116601400077, 0.00018949048535432667, 7.1157788624987e-05, 3.2930132874753326e-05, 0.0001236006064573303, 0.00012915703700855374, 0.00012955993588548154, 7.642056880285963e-05, 4.75859924335964e-05, 2.2862261175760068e-05, 1.1557309335330501e-05, 7.749445649096742e-05, 6.179445335874334e-05, 5.0497612392064184e-05, 5.076076558907516e-05, 5.9596102801151574e-05, 2.7992751711281016e-05, 1.4069178178033326e-05, 5.6900058552855626e-05, 6.167596438899636e-05], [0, 0.0006692475290037692, 0.00020875870541203767, 0.00023531376791652292, 0.00019633545889519155, 7.474063750123605e-05, 5.866731225978583e-05, 4.783105032402091e-05, 6.829763151472434e-05, 8.255599095718935e-05, 6.628206028835848e-05, 6.257595669012517e-05, 5.498465907294303e-05, 7.548754365416244e-05, 6.85045524733141e-05, 4.116584750590846e-05, 7.356206333497539e-05, 4.892404831480235e-05, 5.310559208737686e-05, 8.056900696828961e-05, 6.718012446071953e-05], [0, 0.0005834135226905346, 0.00016429329116363078, 7.708495104452595e-05, 7.103956886567175e-05, 4.875049853581004e-05, 3.908131839125417e-05, 2.162131386285182e-05, 4.511271617957391e-05, 4.672583600040525e-05, 2.980928729812149e-05, 2.0132658391958103e-05, 1.8709317373577505e-05, 1.5962017641868442e-05, 2.556203253334388e-05, 2.9991493647685274e-05, 4.6272616600617766e-05, 3.047809332201723e-05, 7.702046787017025e-06, 5.748273906647228e-06, 0], [0, 0.0006683793617412448, 0.00019912468269467354, 8.419813821092248e-05, 0.00016183620027732104, 0.00016802757454570383, 0.0001288880594074726, 0.00010550514707574621, 8.777330367593095e-05, 7.600385288242251e-05, 3.7209902075119317e-05, 8.829247235553339e-05, 0.00010973000462399796, 9.89880136330612e-05, 6.989129178691655e-05, 0.00010836037836270407, 6.999218021519482e-05, 3.260969970142469e-05, 6.49229550617747e-05, 9.216527541866526e-05, 7.939503848319873e-05], [0, 0.0006623552180826664, 0.0001697771076578647, 0.00020135969680268317, 7.50918552512303e-05, 5.211325697018765e-05, 1.9581360902520828e-05, 5.09895253344439e-05, 5.127057738718577e-05, 4.978755896445364e-05, 4.667103712563403e-05, 4.137095311307348e-05, 4.3086423829663545e-05, 4.533106039161794e-05, 3.509709858917631e-05, 4.870451084570959e-05, 2.303799738001544e-05, 1.8642385839484632e-05, 6.223621312528849e-05, 3.352261774125509e-05, 1.4052886399440467e-05], [0, 0.0006287085707299411, 0.0002500956761650741, 6.316902727121487e-05, 4.118050492252223e-05, 4.6086872316664085e-05, 4.070074646733701e-05, 3.3388412703061476e-05, 2.6851854272536002e-05, 2.714689981075935e-05, 2.156267328246031e-05, 3.0231294658733532e-05, 2.879687053791713e-05, 2.780090107989963e-05, 2.8505495720310137e-05, 3.282417310401797e-05, 2.016091275436338e-05, 4.478945265873335e-05, 5.796146433567628e-05, 2.9023511160630733e-05, 1.784797314030584e-05], [0, 0.0006616630707867444, 0.00034143589437007904, 0.0001299600553466007, 0.00021209307305980474, 3.638739144662395e-05, 5.7033004850381985e-05, 6.558910536114126e-05, 8.548326150048524e-05, 8.147729386109859e-05, 8.35903047118336e-05, 7.311649824259803e-05, 7.448908581864089e-05, 7.495778845623136e-05, 9.076417336473241e-05, 6.437680713133886e-05, 7.029535481706262e-05, 5.7968678447650746e-05, 6.336052319966257e-05, 7.219763938337564e-05, 4.895019446848892e-05], [0, 0.0006629814743064344, 0.00022865198843646795, 0.00028645058046095073, 5.0349968660157174e-05, 4.84779775433708e-05, 5.9493140724953264e-05, 5.3824969654669985e-05, 5.280118784867227e-05, 4.682441067416221e-05, 4.831716796616092e-05, 4.8478505050297827e-05, 6.198329356266186e-05, 4.8471691115992144e-05, 6.446654151659459e-05, 5.178211722522974e-05, 4.478945265873335e-05, 5.796146433567628e-05, 2.452442276990041e-05, 2.1643061700160615e-05, 0]]}