{"alpha": 0.75, "beta": 0.5, "gamma": 2.0, "num_samples": 25, "node_count": 10, "density": 0.25, "startup_delay": 2.0, "forward_prob": 0, "epochs": [[0, 1, 2, 3, 4, 5, 6, 7, 8, 9, 10, 11, 12, 13, 14, 15, 16, 17, 18, 19, 20], [0, 1, 2, 3, 4, 5, 6, 7, 8, 9, 10, 11, 12, 13, 14, 15, 16, 17, 18, 19, 20], [0, 1, 2, 3, 4, 5, 6, 7, 8, 9, 10, 11, 12, 13, 14, 15, 16, 17, 18, 19, 20], [0, 1, 2, 3, 4, 5, 6, 7, 8, 9, 10, 11, 12, 13, 14, 15, 16, 17, 18, 19, 20], [0, 1, 2, 3, 4, 5, 6, 7, 8, 9, 10, 11, 12, 13, 14, 15, 16, 17, 18, 19, 20], [0, 1, 2, 3, 4, 5, 6, 7, 8, 9, 10, 11, 12, 13, 14, 15, 16, 17, 18, 19, 20], [0, 1, 2, 3, 4, 5, 6, 7, 8, 9, 10, 11, 12, 13, 14, 15, 16, 17, 18, 19, 20], [0, 1, 2, 3, 4, 5, 6, 7, 8, 9, 10, 11, 12, 13, 14, 15, 16, 17, 18, 19, 20], [0, 1, 2, 3, 4, 5, 6, 7, 8, 9, 10, 11, 12, 13, 14, 15, 16, 17, 18, 19, 20], [0, 1, 2, 3, 4, 5, 6, 7, 8, 9, 10, 11, 12, 13, 14, 15, 16, 17, 18, 19, 20]], "accuracies": [[7.41, 17.52, 30.03, 27.96, 29.02, 35.64, 27.35, 32.03, 31.11, 34.25, 37.71, 33.04, 31.69, 38.22, 38.02, 40.48, 39.13, 38.08, 40.07, 34.16, 37.46], [7.07, 17.65, 18.02, 33.48, 25.42, 39.58, 27.98, 40.68, 41.54, 42.66, 37.04, 44.35, 45.68, 43.97, 47.29, 48.98, 49.18, 46.74, 50.46, 50.25, 45.93], [8.74, 19.02, 28.52, 28.66, 32.12, 30.12, 32.55, 38.13, 41.44, 35.54, 46.78, 40.46, 39.02, 49.44, 47.63, 39.44, 48.47, 49.43, 43.06, 51.57, 44.14], [12.29, 22.38, 23.42, 31.35, 31.01, 36.12, 24.94, 45.95, 33.39, 49.97, 41.81, 51.23, 47.35, 52.79, 49.65, 55.24, 50.63, 43.34, 44.69, 47.16, 46.73], [13.54, 21.21, 10.0, 17.77, 40.43, 27.87, 26.37, 50.34, 25.89, 44.92, 24.9, 40.57, 24.25, 25.6, 30.24, 50.05, 30.81, 49.25, 44.98, 41.78, 29.14], [11.54, 10.03, 9.72, 34.1, 30.41, 37.17, 35.31, 39.65, 41.92, 43.18, 54.55, 52.1, 55.6, 50.54, 54.74, 51.5, 53.4, 52.32, 57.43, 56.15, 44.76], [4.56, 16.06, 28.47, 29.9, 37.66, 32.79, 48.07, 42.1, 51.92, 37.11, 52.75, 42.93, 43.25, 52.59, 47.77, 48.19, 50.74, 47.26, 43.67, 44.13, 42.3], [10.05, 26.35, 23.66, 40.27, 39.05, 42.75, 47.4, 43.07, 42.61, 39.0, 42.39, 53.19, 44.53, 44.7, 49.35, 45.75, 44.89, 44.93, 46.58, 42.62, 50.27], [11.35, 28.69, 23.42, 28.5, 32.94, 34.71, 34.47, 38.56, 39.25, 37.56, 41.29, 39.67, 42.14, 40.58, 44.99, 41.31, 44.63, 41.53, 46.65, 34.42, 47.15], [15.28, 28.36, 19.61, 26.1, 30.48, 28.99, 21.64, 28.37, 23.66, 35.89, 37.31, 29.47, 26.26, 33.94, 21.83, 33.76, 24.79, 32.88, 20.61, 24.17, 24.75]], "msds": [[0, 0.0006603928632102907, 6.433246744563803e-05, 3.5067921999143437e-05, 2.2508271285914816e-05, 2.076770761050284e-05, 2.942115861515049e-05, 2.3657337806071155e-05, 1.5162891941145062e-05, 1.3433696949505247e-05, 1.3778027096122969e-05, 1.59749743033899e-05, 1.2134278222220019e-05, 1.2586636330524925e-05, 1.0494399248273112e-05, 1.1764223927457351e-05, 9.743362170411274e-06, 1.2280545888643246e-05, 1.8874099623644724e-05, 2.2874648493598215e-05, 2.534343730076216e-05], [0, 0.0006663635722361505, 7.80152840889059e-05, 4.8689773393562064e-05, 2.7269687052466907e-05, 2.742807919275947e-05, 2.9266275305417366e-05, 3.211496732546948e-05, 2.76558112091152e-05, 1.6870339095476083e-05, 2.070214213745203e-05, 2.0832427253481e-05, 1.2539988347270992e-05, 1.7302176274824888e-05, 1.56509195221588e-05, 1.3341306839720346e-05, 1.6156565834535286e-05, 1.2804426660295576e-05, 2.2275778974290006e-05, 1.1766569514293224e-05, 2.5651565010775812e-05], [0, 0.0006675716140307486, 6.656343612121418e-05, 3.427055344218388e-05, 2.1384246792877093e-05, 3.533852577675134e-05, 4.254443774698302e-05, 2.600815423647873e-05, 2.3538637833553366e-05, 1.507454908278305e-05, 2.3552975108032115e-05, 1.7195436157635413e-05, 2.0566332750604488e-05, 1.3600548300019e-05, 1.5003159205662087e-05, 1.4632344573328737e-05, 1.6296273315674625e-05, 1.6482279534102418e-05, 1.917490953928791e-05, 2.1923082385910675e-05, 2.1290015865815803e-05], [0, 0.0004691927460953593, 0.0001036239045788534, 6.786463927710429e-05, 5.731534838560037e-05, 6.261954695219174e-05, 5.1682189223356545e-05, 4.28908497269731e-05, 2.6959156457451172e-05, 2.8664988349191844e-05, 3.082711191382259e-05, 2.9584281946881674e-05, 2.29094730457291e-05, 2.1023375666118227e-05, 1.8957451175083406e-05, 2.30037094297586e-05, 1.8050843209493905e-05, 2.4271350412163883e-05, 2.19624416786246e-05, 2.4252236471511424e-05, 2.6552945200819522e-05], [0, 0.0005649459199048579, 0.00022718361287843436, 0.00011877331417053938, 6.273444887483492e-05, 4.736510891234502e-05, 3.476801794022322e-05, 2.6891382731264457e-05, 2.8302401915425435e-05, 2.631268034747336e-05, 3.1291292543755844e-05, 2.606804991955869e-05, 2.822283931891434e-05, 1.661365786276292e-05, 2.162342752853874e-05, 1.9925457309000194e-05, 1.899707604025025e-05, 2.2613208784605376e-05, 2.822134229063522e-05, 3.0602259357692674e-05, 2.2586840714211576e-05], [0, 0.0005933699430897832, 0.0001811962283682078, 0.00010040855704573914, 5.472554039442912e-05, 3.973178900196217e-05, 3.78604672732763e-05, 2.3391299691866152e-05, 2.309898081875872e-05, 2.9221166187198833e-05, 2.1999205273459665e-05, 2.2635251298197545e-05, 1.3847175068804063e-05, 2.339129787287675e-05, 1.6506537576788105e-05, 2.1143403500900604e-05, 1.5665449609514326e-05, 2.855358434317168e-05, 1.8778257071971893e-05, 2.772211519186385e-05, 2.0141744244028814e-05], [0, 0.0005071788909845054, 0.0001387247466482222, 7.048323459457606e-05, 3.8416608731495216e-05, 3.2214080420089886e-05, 2.894127283070702e-05, 1.8738670405582525e-05, 2.3320217223954387e-05, 1.787205292202998e-05, 2.236730870208703e-05, 9.948816114047077e-06, 2.2365546101354994e-05, 2.2013731722836383e-05, 1.1584090316318907e-05, 1.4761411875952035e-05, 1.1724401701940224e-05, 1.4623675269831438e-05, 1.527360473119188e-05, 1.837863055698108e-05, 1.0230519364995416e-05], [0, 6.42987506580539e-05, 0.00011576271208468825, 0.00015154751599766314, 6.543577183037996e-05, 5.262355989543721e-05, 3.848109918180853e-05, 2.831600977515336e-05, 2.0736151782330126e-05, 3.6951754736946896e-05, 1.8322440155316144e-05, 1.7105641745729372e-05, 2.9205746614024974e-05, 1.81360992428381e-05, 1.2778373275068589e-05, 1.6129777577589266e-05, 1.5352372429333627e-05, 2.7795660571428016e-05, 1.5484349205507897e-05, 2.5306384486611933e-05, 1.0409063179395162e-05], [0, 0.0006505112978629768, 8.915727084968239e-05, 0.0001343683252343908, 9.357821545563638e-05, 4.471457577892579e-05, 4.796228313352913e-05, 3.593391738831997e-05, 2.9427841582219116e-05, 4.030148556921631e-05, 2.5636438294895925e-05, 2.500221125956159e-05, 3.1839048460824415e-05, 1.9321370928082615e-05, 1.855737173173111e-05, 2.172273161704652e-05, 1.9217186491005123e-05, 3.875115362461656e-05, 1.7923635823535733e-05, 7.938893759273924e-06, 0], [0, 0.00047188677126541734, 7.142232789192349e-05, 3.4699609386734664e-05, 1.9754883396672085e-05, 1.6907340977923013e-05, 1.2851774044975173e-05, 1.528063148725778e-05, 1.665173112996854e-05, 1.2823289580410346e-05, 1.1430942322476767e-05, 1.4609254321840126e-05, 1.1711240404110868e-05, 1.2882891496701632e-05, 1.3106095138937235e-05, 1.6933041479205713e-05, 1.9168608559994027e-05, 2.1279218344716355e-05, 1.991016324609518e-05, 0, 0]]}