{"alpha": 0.75, "beta": 0.5, "gamma": 8.0, "num_samples": 1000, "node_count": 10, "density": 1.0, "startup_delay": 0.0, "forward_prob": 0, "epochs": [[0, 1, 2, 3, 4, 5, 6, 7, 8, 9, 10, 11, 12, 13, 14, 15, 16, 17, 18, 19, 20], [0, 1, 2, 3, 4, 5, 6, 7, 8, 9, 10, 11, 12, 13, 14, 15, 16, 17, 18, 19, 20], [0, 1, 2, 3, 4, 5, 6, 7, 8, 9, 10, 11, 12, 13, 14, 15, 16, 17, 18, 19, 20], [0, 1, 2, 3, 4, 5, 6, 7, 8, 9, 10, 11, 12, 13, 14, 15, 16, 17, 18, 19, 20], [0, 1, 2, 3, 4, 5, 6, 7, 8, 9, 10, 11, 12, 13, 14, 15, 16, 17, 18, 19, 20], [0, 1, 2, 3, 4, 5, 6, 7, 8, 9, 10, 11, 12, 13, 14, 15, 16, 17, 18, 19, 20], [0, 1, 2, 3, 4, 5, 6, 7, 8, 9, 10, 11, 12, 13, 14, 15, 16, 17, 18, 19, 20], [0, 1, 2, 3, 4, 5, 6, 7, 8, 9, 10, 11, 12, 13, 14, 15, 16, 17, 18, 19, 20], [0, 1, 2, 3, 4, 5, 6, 7, 8, 9, 10, 11, 12, 13, 14, 15, 16, 17, 18, 19, 20], [0, 1, 2, 3, 4, 5, 6, 7, 8, 9, 10, 11, 12, 13, 14, 15, 16, 17, 18, 19, 20]], "accuracies": [[12.74, 21.94, 55.04, 75.88, 78.98, 81.9, 83.28, 84.0, 84.62, 84.84, 85.38, 85.97, 85.76, 85.91, 86.31, 86.5, 86.25, 86.52, 86.6, 86.45, 86.48], [11.2, 18.96, 57.78, 75.24, 79.62, 81.75, 82.82, 83.81, 84.38, 84.98, 85.62, 85.93, 85.75, 85.88, 86.15, 86.3, 86.32, 86.63, 86.64, 86.58, 86.68], [4.37, 28.78, 60.72, 74.66, 79.3, 81.38, 83.2, 83.64, 84.72, 84.88, 85.4, 85.92, 85.84, 85.97, 86.35, 86.44, 86.19, 86.46, 86.54, 86.32, 86.26], [4.59, 10.02, 66.06, 75.3, 79.07, 81.6, 83.01, 83.52, 84.55, 84.61, 85.4, 85.78, 85.7, 86.0, 86.35, 86.49, 86.35, 86.55, 86.71, 86.61, 86.61], [10.84, 17.46, 57.21, 75.4, 79.89, 81.86, 83.07, 83.44, 84.48, 84.87, 85.32, 85.97, 85.96, 86.17, 86.51, 86.67, 86.29, 86.53, 86.78, 86.75, 86.67], [7.41, 11.24, 58.39, 75.38, 79.48, 81.69, 83.11, 83.64, 84.47, 85.09, 85.25, 85.85, 85.66, 85.99, 86.23, 86.46, 86.3, 86.43, 86.39, 86.5, 86.44], [7.43, 17.71, 60.88, 75.66, 80.1, 81.59, 83.21, 83.37, 84.64, 84.85, 85.36, 85.93, 85.77, 86.06, 86.16, 86.4, 86.39, 86.63, 86.5, 86.35, 86.41], [10.25, 10.0, 55.91, 75.46, 79.63, 81.46, 83.0, 83.88, 84.58, 84.93, 85.58, 85.92, 85.89, 85.95, 86.4, 86.69, 86.3, 86.63, 86.57, 86.5, 86.34], [15.27, 16.74, 58.65, 75.39, 79.36, 81.43, 83.28, 83.79, 84.74, 85.0, 85.48, 85.87, 85.88, 85.98, 86.47, 86.6, 86.13, 86.56, 86.6, 86.56, 86.48], [11.23, 10.03, 59.97, 75.38, 79.44, 81.57, 83.01, 83.8, 84.44, 84.99, 85.47, 85.81, 85.8, 86.05, 86.02, 86.45, 86.43, 86.48, 86.4, 86.43, 86.47]], "msds": [[0, 0.0008835519547574222, 0.0003438602143432945, 0.0001552360481582582, 9.755797509569675e-05, 8.55700927786529e-05, 9.0406509116292e-05, 0.00010117562487721443, 0.0001029159247991629, 0.00010840340837603435, 0.00010494141315575689, 0.00010153980110771954, 0.00012082092143828049, 8.467886073049158e-05, 9.722494723973796e-05, 9.247870184481144e-05, 8.147340849973261e-05, 8.109331247396767e-05, 6.382971332641318e-05, 7.98568144091405e-05, 6.288084841798991e-05], [0, 0.0008778261835686862, 0.00031247202423401177, 0.00014635508705396205, 9.134512220043689e-05, 8.567854820284992e-05, 9.249684808310121e-05, 0.00010041457426268607, 0.0001020644631353207, 0.00011645921040326357, 0.00010442899656482041, 0.00011726209777407348, 0.00011438201181590557, 8.869683369994164e-05, 8.526242891093716e-05, 8.817093475954607e-05, 7.789294613758102e-05, 7.16000358806923e-05, 8.457383955828846e-05, 6.728888547513634e-05, 6.282312097027898e-05], [0, 0.0008836843189783394, 0.0003125829098280519, 0.00014247924264054745, 8.347167749889195e-05, 8.29979544505477e-05, 9.244243119610474e-05, 0.00010447704698890448, 0.00011084545258199796, 0.00011325131345074624, 0.00012348794552963227, 0.00010279364505549893, 0.00011276225268375129, 9.91265696939081e-05, 8.798664930509403e-05, 9.526086068945006e-05, 8.00906345830299e-05, 7.364174962276593e-05, 7.023839134490117e-05, 9.530896932119504e-05, 5.8176716265734285e-05], [0, 0.0008609007345512509, 0.0003168559924233705, 0.00014864378317724913, 8.465939026791602e-05, 8.091750351013616e-05, 8.370036084670573e-05, 9.835561650106683e-05, 9.741714893607423e-05, 0.00011248351074755192, 0.00010852512787096202, 0.00010150107118533924, 0.00011874455231009051, 9.117244917433709e-05, 8.995714597404003e-05, 8.399795478908345e-05, 7.490439020330086e-05, 7.480545900762081e-05, 8.156038529705256e-05, 7.28290033293888e-05, 6.434065289795399e-05], [0, 0.0008804234676063061, 0.0003208056150469929, 0.0001453375443816185, 8.859645458869636e-05, 8.068870374700055e-05, 8.938237442635e-05, 9.757434600032866e-05, 0.00010508526611374691, 0.00010617364023346454, 0.00011229527444811538, 0.00010389398812549189, 0.0001284872996620834, 9.385656449012458e-05, 8.307745883939788e-05, 8.312158024637029e-05, 8.188134233932942e-05, 0.00010376596037531272, 5.719408727600239e-05, 8.268056262750179e-05, 5.855371637153439e-05], [0, 0.0008518795948475599, 0.00030352777685038745, 0.00014927866868674755, 8.588701894041151e-05, 8.240556053351611e-05, 8.680694736540318e-05, 9.824342123465613e-05, 0.0001041037030518055, 0.00011939688556594774, 0.00010778961586765945, 0.00010728140478022397, 0.00011411139712436125, 9.593769937055185e-05, 8.555858948966488e-05, 9.608996333554387e-05, 8.5617954027839e-05, 8.091927884379402e-05, 7.568106957478449e-05, 7.427739183185622e-05, 7.363148324657232e-05], [0, 0.0008778242627158761, 0.00030706077814102173, 0.000142347882501781, 8.606710616732016e-05, 8.76362100825645e-05, 8.982953295344487e-05, 0.00010609335731714964, 0.00010738363926066086, 0.00011606492626015097, 0.00011112801439594477, 0.00010417302837595344, 0.00010870862024603412, 9.129948011832312e-05, 8.681726467330009e-05, 8.615331898909062e-05, 7.602550613228232e-05, 8.452128531644121e-05, 6.830148049630225e-05, 8.977162360679358e-05, 7.357723370660096e-05], [0, 0.0008880011737346649, 0.00036381487734615803, 0.00015247608826030046, 9.560255421092734e-05, 8.975501987151802e-05, 9.226987458532676e-05, 0.00011189727229066193, 0.00010803258919622749, 0.0001155276841018349, 0.00012153922580182552, 0.00010767802450573072, 0.0001191997216665186, 9.6967036370188e-05, 0.00010788904910441488, 8.951884956331924e-05, 7.994433690328151e-05, 9.057006536750123e-05, 7.712451770203188e-05, 0.00010900446068262681, 7.042693323455751e-05], [0, 0.0008716301526874304, 0.0003092395490966737, 0.0001507210690760985, 8.641988097224385e-05, 8.739358599996194e-05, 9.493887046119198e-05, 0.0001029345512506552, 0.0001066397744580172, 0.00011324958177283406, 0.00010571744496701285, 0.00010567723802523687, 0.00010438338358653709, 0.00010298645065631717, 8.727066597202793e-05, 7.150258170440793e-05, 9.806179150473326e-05, 7.587831350974739e-05, 7.630854815943167e-05, 9.490430966252461e-05, 6.472212407970801e-05], [0, 0.0008861938840709627, 0.0003242270613554865, 0.00014397638733498752, 9.027704800246283e-05, 8.996461110655218e-05, 8.694011194165796e-05, 9.499998850515112e-05, 0.00010183714766753837, 0.00010993541945936158, 0.00010233133070869371, 9.906892955768853e-05, 0.0001116556886699982, 8.344740490429103e-05, 9.102402691496536e-05, 8.096576493699104e-05, 7.629366882611066e-05, 7.813725824235007e-05, 8.701760089024901e-05, 8.78588980413042e-05, 5.054392386227846e-05]]}