{"alpha": 0.75, "beta": 0.5, "gamma": 2.0, "num_samples": 1000, "node_count": 10, "density": 0.25, "startup_delay": 2.0, "forward_prob": 0, "epochs": [[0, 1, 2, 3, 4, 5, 6, 7, 8, 9, 10, 11, 12, 13, 14, 15, 16, 17, 18, 19, 20], [0, 1, 2, 3, 4, 5, 6, 7, 8, 9, 10, 11, 12, 13, 14, 15, 16, 17, 18, 19, 20], [0, 1, 2, 3, 4, 5, 6, 7, 8, 9, 10, 11, 12, 13, 14, 15, 16, 17, 18, 19, 20], [0, 1, 2, 3, 4, 5, 6, 7, 8, 9, 10, 11, 12, 13, 14, 15, 16, 17, 18, 19, 20], [0, 1, 2, 3, 4, 5, 6, 7, 8, 9, 10, 11, 12, 13, 14, 15, 16, 17, 18, 19, 20], [0, 1, 2, 3, 4, 5, 6, 7, 8, 9, 10, 11, 12, 13, 14, 15, 16, 17, 18, 19, 20], [0, 1, 2, 3, 4, 5, 6, 7, 8, 9, 10, 11, 12, 13, 14, 15, 16, 17, 18, 19, 20], [0, 1, 2, 3, 4, 5, 6, 7, 8, 9, 10, 11, 12, 13, 14, 15, 16, 17, 18, 19, 20], [0, 1, 2, 3, 4, 5, 6, 7, 8, 9, 10, 11, 12, 13, 14, 15, 16, 17, 18, 19, 20], [0, 1, 2, 3, 4, 5, 6, 7, 8, 9, 10, 11, 12, 13, 14, 15, 16, 17, 18, 19, 20]], "accuracies": [[10.75, 10.0, 10.44, 27.38, 25.0, 27.19, 44.72, 39.61, 45.33, 51.05, 48.1, 44.21, 50.01, 49.72, 54.48, 50.62, 63.96, 60.81, 53.91, 65.05, 60.93], [14.72, 10.0, 27.97, 36.54, 34.42, 35.84, 31.69, 46.31, 31.15, 39.72, 47.27, 63.72, 56.55, 41.27, 47.57, 61.95, 32.33, 36.57, 46.29, 56.18, 42.69], [10.93, 27.17, 24.74, 20.63, 44.17, 45.27, 46.61, 40.61, 45.59, 53.17, 52.46, 43.2, 61.17, 52.77, 32.61, 48.83, 46.74, 58.68, 64.49, 69.11, 53.67], [10.58, 19.08, 20.97, 37.66, 43.89, 42.5, 40.0, 42.74, 40.97, 46.04, 55.87, 53.77, 49.28, 59.9, 62.43, 53.83, 61.44, 49.75, 68.59, 57.25, 68.31], [3.93, 27.88, 34.64, 38.42, 35.97, 34.61, 31.81, 37.19, 34.69, 28.81, 45.07, 42.12, 32.35, 30.06, 43.19, 32.22, 36.01, 39.09, 38.97, 42.43, 37.43], [3.53, 18.98, 25.26, 34.5, 37.62, 35.41, 36.93, 45.76, 37.65, 43.14, 45.71, 48.75, 37.65, 48.26, 35.59, 51.68, 45.52, 53.42, 52.11, 43.92, 66.02], [6.66, 10.09, 20.88, 24.8, 42.29, 53.03, 32.31, 30.34, 40.51, 48.26, 40.71, 65.84, 50.62, 56.18, 53.55, 68.6, 64.55, 70.69, 65.34, 50.79, 58.42], [16.4, 10.0, 32.25, 30.87, 34.76, 39.05, 43.36, 51.38, 43.97, 47.62, 43.66, 42.77, 47.01, 53.25, 48.45, 41.47, 52.4, 47.64, 50.6, 50.72, 26.82], [13.89, 30.5, 22.89, 29.05, 24.22, 33.99, 44.41, 36.75, 52.82, 35.51, 49.24, 30.73, 53.52, 51.69, 45.43, 56.44, 61.6, 65.98, 45.18, 56.5, 39.94], [8.86, 10.27, 20.6, 24.76, 33.78, 45.32, 46.12, 42.59, 48.43, 58.69, 51.83, 61.4, 50.74, 65.71, 51.45, 70.58, 51.1, 51.35, 51.96, 32.64, 31.75]], "msds": [[0, 0.0007148997392505407, 0.00036370419547893107, 0.00021070313232485205, 0.00027041113935410976, 0.00020416450570337474, 0.00022438274754676968, 0.00014558585826307535, 0.00026543985586613417, 0.00015136069850996137, 0.00016155235061887652, 0.0001379071909468621, 0.00012945148046128452, 0.00014146204921416938, 0.00014531734632328153, 0.00015979180170688778, 0.00014117949467618018, 0.00013114960165694356, 7.958851347211748e-05, 8.686647197464481e-05, 0.00017571775242686272], [0, 0.000775377731770277, 0.0002581354638095945, 0.00019641534890979528, 0.0001859628246165812, 0.0001385679206578061, 0.00021118958829902112, 0.00019470923871267587, 0.00020059444068465382, 0.0002072895149467513, 0.0001381690235575661, 0.00010687834583222866, 0.00015950968372635543, 0.00013735707034356892, 0.00015972508117556572, 0.00011548775364644825, 0.00020489386224653572, 0.00012480508303269744, 0.00010467618994880468, 0.00017032318282872438, 0.00017890652816276997], [0, 0.0003595025045797229, 0.0003168236289639026, 0.00022570202418137342, 0.000233107028179802, 0.00016930868150666356, 0.00019352900562807918, 0.00019122219237033278, 0.0001743178436299786, 0.0002283369394717738, 0.00014882850518915802, 0.00019199585949536413, 0.00015551241813227534, 0.00019770298968069255, 0.00016964510723482817, 0.00023457914358004928, 0.00010537861089687794, 0.0001688641932560131, 6.776356167392805e-05, 0.0001103050890378654, 0.00011647521751001477], [0, 0.0007553144241683185, 0.00021859983098693192, 0.00022005026403348893, 0.0001906952093122527, 0.00022820512822363526, 0.0001648538891458884, 0.00018310303858015686, 0.0001487968402216211, 0.00014930020552128553, 0.00014243790064938366, 0.00012583289935719222, 0.00018659881607163697, 0.00015230377903208137, 0.00017367367399856448, 0.0001893794978968799, 0.00011188445932930335, 0.00015367756714113057, 0.00010006009688368067, 0.0001644237490836531, 0.00012587189849000424], [0, 0.00035472752642817795, 0.00027880107518285513, 0.00015018835256341845, 0.0001660213019931689, 0.00018238445045426488, 0.00023757283634040505, 0.0002044873544946313, 0.0002164548059226945, 0.0002230664249509573, 0.00016839457384776324, 0.00014158118574414402, 0.0001587409060448408, 0.00016568548744544387, 0.00018231205467600375, 0.0001537744392408058, 0.00022916430316399783, 0.0001072313025360927, 0.00013544884859584272, 0.00012601329945027828, 0.00017003496759571135], [0, 0.0005432135658338666, 0.00025946597452275455, 0.0002728040562942624, 0.0002443153061904013, 0.00017431082960683852, 0.00015775684732943773, 0.00012807681923732162, 0.0001172418924397789, 0.00011481301044113934, 0.00012118594167986885, 0.00013981085794512182, 0.00014658305735792965, 0.00014080539403948933, 0.00015401050040964037, 0.0001402008201694116, 8.356545004062355e-05, 6.452383240684867e-05, 0.00011275984434178099, 0.00015632144641131163, 0.0001283338642679155], [0, 0.0007248492329381406, 0.00035773307899944484, 0.00021223194198682904, 0.0002122398727806285, 0.00017573637887835503, 0.00021116850257385522, 0.0001952481543412432, 0.00020779416081495583, 0.0001914746972033754, 0.00012603375944308937, 0.00014963033027015626, 0.0001489654096076265, 0.00018338650988880545, 0.00014298125461209565, 0.00018187494424637407, 0.00014177623961586505, 0.00016555865295231342, 0.00015886603796388954, 0.00019296245591249317, 0.00017981049313675612], [0, 0.0007076504407450557, 0.0003101721522398293, 0.00024426760501228273, 0.00022707864991389215, 0.000208010314963758, 0.00021516633569262922, 0.00020712327386718243, 0.00022810262453276664, 0.00022735248785465956, 0.00018465708126313984, 0.0001699756976449862, 0.00021435499365907162, 0.00020836757903452963, 0.00023718875308986753, 0.00019960783538408577, 0.00020375780877657235, 0.00019022477499675006, 0.00015725601406302303, 0.0002359067730139941, 0], [0, 0.0006871947553008795, 0.00030884501757100224, 0.0002964810119010508, 0.00020340573973953724, 0.00020843309175688773, 0.00016320928989443928, 0.0001272040681215003, 0.00016719891573302448, 0.00011453734623501077, 0.00016740018327254802, 0.00011378363706171513, 0.0002009726595133543, 0.00011272708798060194, 0.0001325613266089931, 0.00010200177348451689, 8.063954010140151e-05, 5.1755578169832006e-05, 0.00013729833881370723, 0.0001207085297210142, 0], [0, 0.0007295823888853192, 0.0002883255947381258, 0.00024026156461331993, 0.00019908302056137472, 0.00020662385213654488, 0.00022363195603247732, 0.00029982163687236607, 0.00015999903553165495, 0.00018622081552166492, 0.0001934664906002581, 0.0001396964507875964, 0.00016386380593758076, 0.00020220970327500254, 0.0001541954989079386, 0.00011047817679354921, 7.800344610586762e-05, 0.00011167790944455191, 8.56378028402105e-05, 0, 0]]}