{"alpha": 0.75, "beta": 0.5, "gamma": 2.0, "num_samples": 100, "node_count": 10, "density": 0.25, "startup_delay": 2.0, "forward_prob": 0, "epochs": [[0, 1, 2, 3, 4, 5, 6, 7, 8, 9, 10, 11, 12, 13, 14, 15, 16, 17, 18, 19, 20], [0, 1, 2, 3, 4, 5, 6, 7, 8, 9, 10, 11, 12, 13, 14, 15, 16, 17, 18, 19, 20], [0, 1, 2, 3, 4, 5, 6, 7, 8, 9, 10, 11, 12, 13, 14, 15, 16, 17, 18, 19, 20], [0, 1, 2, 3, 4, 5, 6, 7, 8, 9, 10, 11, 12, 13, 14, 15, 16, 17, 18, 19, 20], [0, 1, 2, 3, 4, 5, 6, 7, 8, 9, 10, 11, 12, 13, 14, 15, 16, 17, 18, 19, 20], [0, 1, 2, 3, 4, 5, 6, 7, 8, 9, 10, 11, 12, 13, 14, 15, 16, 17, 18, 19, 20], [0, 1, 2, 3, 4, 5, 6, 7, 8, 9, 10, 11, 12, 13, 14, 15, 16, 17, 18, 19, 20], [0, 1, 2, 3, 4, 5, 6, 7, 8, 9, 10, 11, 12, 13, 14, 15, 16, 17, 18, 19, 20], [0, 1, 2, 3, 4, 5, 6, 7, 8, 9, 10, 11, 12, 13, 14, 15, 16, 17, 18, 19, 20], [0, 1, 2, 3, 4, 5, 6, 7, 8, 9, 10, 11, 12, 13, 14, 15, 16, 17, 18, 19, 20]], "accuracies": [[2.35, 10.05, 21.46, 37.26, 34.67, 29.38, 42.69, 28.2, 41.95, 26.71, 42.36, 38.15, 43.79, 37.26, 49.98, 33.65, 34.23, 36.28, 49.8, 52.02, 37.96], [9.34, 26.39, 27.22, 23.33, 21.43, 23.14, 19.77, 34.62, 20.0, 38.89, 20.0, 56.59, 22.54, 51.18, 23.91, 31.55, 29.78, 60.08, 35.97, 49.89, 49.73], [5.62, 28.4, 19.95, 40.83, 35.18, 39.89, 48.19, 36.2, 24.28, 31.85, 42.36, 42.59, 43.79, 40.76, 28.77, 37.34, 46.55, 33.66, 53.23, 51.12, 50.01], [11.95, 18.8, 25.34, 38.19, 36.9, 39.24, 40.71, 33.36, 50.82, 27.23, 45.88, 35.08, 46.39, 35.64, 45.93, 32.78, 47.16, 37.09, 48.63, 41.1, 51.11], [5.5, 18.66, 23.72, 27.24, 27.66, 26.85, 31.27, 27.68, 42.01, 36.93, 44.93, 35.5, 48.46, 45.84, 50.9, 40.54, 42.57, 40.85, 52.6, 50.06, 50.21], [9.98, 29.52, 22.06, 37.56, 31.91, 28.58, 29.26, 26.01, 28.98, 31.62, 35.2, 30.4, 51.61, 31.14, 28.92, 37.95, 53.17, 46.23, 62.57, 65.8, 42.03], [15.16, 15.41, 26.74, 27.86, 30.37, 25.22, 32.38, 43.1, 52.62, 45.66, 51.33, 46.0, 56.41, 50.58, 54.91, 58.23, 56.1, 47.33, 61.74, 54.68, 48.21], [18.17, 12.01, 30.24, 27.66, 29.49, 27.13, 29.63, 29.43, 37.7, 45.86, 41.06, 46.65, 44.2, 54.73, 41.31, 45.68, 49.92, 50.76, 51.07, 44.81, 20.92], [11.26, 28.94, 22.52, 19.72, 28.05, 19.72, 30.29, 41.94, 23.26, 30.84, 39.17, 34.0, 37.28, 50.22, 30.49, 26.8, 48.8, 48.14, 56.46, 47.22, 56.71], [8.72, 17.45, 18.86, 21.76, 29.7, 19.91, 27.35, 28.09, 26.37, 34.38, 29.27, 30.14, 32.7, 37.16, 31.35, 28.59, 41.7, 37.51, 47.84, 41.72, 49.75]], "msds": [[0, 0.0006712545873597264, 0.0001027000616886653, 5.708833487005904e-05, 3.5680452128872275e-05, 2.3036869606585242e-05, 3.41491904691793e-05, 3.123034184682183e-05, 4.215097942505963e-05, 5.0222774007124826e-05, 5.37653177161701e-05, 3.4837496059481055e-05, 3.311835462227464e-05, 3.095339343417436e-05, 3.191308132954873e-05, 2.9523194825742394e-05, 4.649165566661395e-05, 5.320123818819411e-05, 2.2153639292810112e-05, 1.5973047993611544e-05, 1.699379390629474e-05], [0, 0.0006727171712554991, 0.0001474950840929523, 8.965199958765879e-05, 8.728353714104742e-05, 4.7162760893115774e-05, 8.100260311039165e-05, 3.755126454052515e-05, 5.3051575378049165e-05, 5.423026595963165e-05, 4.960824298905209e-05, 4.2996234697056934e-05, 3.60729027306661e-05, 4.1474500903859735e-05, 4.8555226385360584e-05, 4.448685285751708e-05, 5.475267244037241e-05, 4.01157776650507e-05, 3.7211240851320326e-05, 2.9188833650550805e-05, 3.561150515452027e-05], [0, 0.0005557670374400914, 0.00013712960935663432, 9.006337495520711e-05, 4.5731165300821885e-05, 3.7361576687544584e-05, 4.457974500837736e-05, 4.949870708514936e-05, 4.292828089091927e-05, 5.347508704289794e-05, 4.306966366129927e-05, 3.6294033634476364e-05, 3.332404958200641e-05, 2.8595699404831976e-05, 4.51362066087313e-05, 3.959958121413365e-05, 3.294651833130047e-05, 3.468637805781327e-05, 3.17962585540954e-05, 1.5203526345430873e-05, 2.0700355889857747e-05], [0, 0.00045662024058401585, 0.00011059612006647512, 8.014616469154134e-05, 3.6972120142308995e-05, 3.7586298276437446e-05, 3.4553580917418e-05, 4.7771798563189805e-05, 5.97075886616949e-05, 4.592455297824927e-05, 5.578978743869811e-05, 3.797356112045236e-05, 5.324661105987616e-05, 2.9130516850273125e-05, 5.041711119702086e-05, 3.875542461173609e-05, 3.525672946125269e-05, 3.9488171751145273e-05, 3.662240851554088e-05, 1.873840665211901e-05, 2.3161095668911003e-05], [0, 0.0004481305368244648, 0.00015689976862631738, 9.372393105877563e-05, 5.252555274637416e-05, 3.266046769567765e-05, 4.0187896956922486e-05, 2.499284892110154e-05, 3.249353903811425e-05, 3.5341759939910844e-05, 4.1359468013979495e-05, 4.248807454132475e-05, 4.451031782082282e-05, 3.629465209087357e-05, 3.0942166631575674e-05, 2.9865979740861803e-05, 3.5886961995856836e-05, 4.734495814773254e-05, 2.569441858213395e-05, 2.1629235561704263e-05, 3.251877933507785e-05], [0, 0.000540881126653403, 0.00015098157746251673, 0.00010066296817967668, 7.394507701974362e-05, 7.560352241853252e-05, 6.764577119611204e-05, 4.7644192818552256e-05, 5.5908083595568314e-05, 4.913892917102203e-05, 3.8453636079793796e-05, 3.5208264307584614e-05, 4.813772102352232e-05, 3.7493795389309525e-05, 5.6822063925210387e-05, 4.922244988847524e-05, 4.891175194643438e-05, 3.9664922951487824e-05, 3.1524945370620117e-05, 3.0146135031827725e-05, 2.5060837288037874e-05], [0, 0.0005310525302775204, 8.735869050724432e-05, 5.467850132845342e-05, 3.0511833756463602e-05, 5.700032488675788e-05, 3.7453381082741544e-05, 4.470091516850516e-05, 3.636896508396603e-05, 3.6843277484877035e-05, 4.147208164795302e-05, 4.720631841337308e-05, 4.289607750251889e-05, 3.0883384170010686e-05, 2.528012919356115e-05, 4.530889054876752e-05, 4.312364762881771e-05, 3.077582732657902e-05, 2.8249580282135867e-05, 2.6344032448832877e-05, 2.4081546143861488e-05], [0, 0.0005232749972492456, 0.00011277732119197026, 5.2276580390753224e-05, 3.088296580244787e-05, 3.939136877306737e-05, 2.5100800485233776e-05, 4.306928167352453e-05, 2.7973186661256477e-05, 3.0394536224775948e-05, 2.596185549919028e-05, 3.52761271642521e-05, 2.6297160729882307e-05, 3.253281465731561e-05, 2.688801396288909e-05, 2.3783441065461375e-05, 2.984586353704799e-05, 3.0125424018478952e-05, 2.318833867320791e-05, 2.5402689061593264e-05, 2.7789725209004246e-05], [0, 0.0004757863353006542, 0.0001012776920106262, 5.9758116549346596e-05, 4.653223732020706e-05, 7.402442133752629e-05, 5.490792682394385e-05, 5.93383883824572e-05, 5.0070502766175196e-05, 6.539945752592757e-05, 3.30799630319234e-05, 3.6498280678642914e-05, 3.420104258111678e-05, 4.074411845067516e-05, 3.643754462245852e-05, 5.644807970384136e-05, 4.185472789686173e-05, 3.029000617971178e-05, 2.0826259060413577e-05, 2.6501133106648922e-05, 2.1346962967072614e-05], [0, 0.00024568577646277845, 9.230860450770706e-05, 0.00012872018851339817, 5.70952397538349e-05, 8.829071157379076e-05, 6.628019036725163e-05, 6.26602559350431e-05, 6.406690226867795e-05, 6.55314142932184e-05, 5.466857328428887e-05, 5.1107439503539354e-05, 5.1181752496631816e-05, 6.626768299611285e-05, 4.499869464780204e-05, 7.59512186050415e-05, 6.118892633821815e-05, 4.9356913223164156e-05, 4.408352469909005e-05, 3.156727325404063e-05, 2.9748305678367615e-05]]}