{"alpha": 0.75, "beta": 0.5, "gamma": 8.0, "num_samples": 1000, "node_count": 10, "density": 1.0, "startup_delay": 0.0, "forward_prob": 0, "epochs": [[0, 1, 2, 3, 4, 5, 6, 7, 8, 9, 10, 11, 12, 13, 14, 15, 16, 17, 18, 19, 20], [0, 1, 2, 3, 4, 5, 6, 7, 8, 9, 10, 11, 12, 13, 14, 15, 16, 17, 18, 19, 20], [0, 1, 2, 3, 4, 5, 6, 7, 8, 9, 10, 11, 12, 13, 14, 15, 16, 17, 18, 19, 20], [0, 1, 2, 3, 4, 5, 6, 7, 8, 9, 10, 11, 12, 13, 14, 15, 16, 17, 18, 19, 20], [0, 1, 2, 3, 4, 5, 6, 7, 8, 9, 10, 11, 12, 13, 14, 15, 16, 17, 18, 19, 20], [0, 1, 2, 3, 4, 5, 6, 7, 8, 9, 10, 11, 12, 13, 14, 15, 16, 17, 18, 19, 20], [0, 1, 2, 3, 4, 5, 6, 7, 8, 9, 10, 11, 12, 13, 14, 15, 16, 17, 18, 19, 20], [0, 1, 2, 3, 4, 5, 6, 7, 8, 9, 10, 11, 12, 13, 14, 15, 16, 17, 18, 19, 20], [0, 1, 2, 3, 4, 5, 6, 7, 8, 9, 10, 11, 12, 13, 14, 15, 16, 17, 18, 19, 20], [0, 1, 2, 3, 4, 5, 6, 7, 8, 9, 10, 11, 12, 13, 14, 15, 16, 17, 18, 19, 20]], "accuracies": [[10.12, 22.52, 66.53, 75.46, 79.44, 81.88, 83.07, 83.92, 84.27, 85.23, 85.69, 85.79, 85.64, 86.25, 86.21, 86.46, 86.37, 86.62, 86.65, 86.44, 86.49], [11.17, 12.35, 66.47, 75.79, 79.34, 81.77, 82.85, 83.91, 84.21, 85.31, 85.7, 86.05, 86.17, 86.27, 86.24, 86.42, 86.53, 86.6, 86.37, 86.45, 86.74], [7.82, 20.24, 70.74, 75.9, 79.26, 81.72, 82.85, 83.76, 84.06, 85.18, 85.38, 85.61, 85.57, 86.2, 86.17, 86.33, 86.21, 86.38, 86.66, 86.25, 86.57], [11.08, 30.55, 63.82, 76.98, 79.77, 81.49, 83.19, 83.87, 84.27, 85.22, 85.39, 85.82, 85.89, 86.04, 86.4, 86.44, 86.34, 86.58, 86.52, 86.43, 86.7], [10.71, 32.0, 69.54, 75.54, 79.07, 81.54, 82.73, 83.61, 84.31, 85.22, 85.41, 85.97, 85.89, 86.12, 86.28, 86.52, 86.42, 86.51, 86.6, 86.44, 86.66], [10.33, 10.02, 64.64, 76.73, 79.41, 81.98, 82.85, 83.76, 84.64, 85.13, 85.5, 85.89, 85.77, 86.25, 86.28, 86.39, 86.44, 86.61, 86.49, 86.52, 86.8], [8.79, 15.79, 69.67, 76.5, 79.36, 81.67, 82.8, 83.72, 84.05, 85.34, 85.59, 85.62, 85.72, 86.02, 86.08, 86.39, 86.25, 86.52, 86.52, 86.31, 86.7], [5.83, 21.74, 68.36, 76.56, 79.71, 81.83, 82.71, 83.68, 84.17, 85.09, 85.63, 85.73, 85.54, 86.5, 86.31, 86.52, 86.27, 86.65, 86.59, 86.53, 86.74], [8.09, 16.53, 72.34, 76.6, 79.15, 81.76, 82.81, 83.86, 84.35, 85.34, 85.69, 85.72, 85.92, 86.25, 86.28, 86.3, 86.47, 86.55, 86.41, 86.43, 86.61], [10.86, 22.46, 72.94, 75.97, 79.14, 82.06, 82.72, 83.94, 84.26, 85.32, 85.42, 85.77, 86.0, 86.35, 86.19, 86.41, 86.28, 86.48, 86.51, 86.27, 86.45]], "msds": [[0, 0.0008501102565787733, 0.0002646236098371446, 0.00015516405983362347, 9.053372195921838e-05, 8.755508315516636e-05, 9.978876914829016e-05, 0.00010673878568923101, 0.00012003619485767558, 0.00011684712808346376, 0.00011578083649510518, 0.00010691566421883181, 0.00011882901890203357, 9.085349302040413e-05, 0.00010128049325430766, 9.603359649190679e-05, 8.769214764470235e-05, 7.950871804496273e-05, 7.044562516966835e-05, 9.156598389381543e-05, 5.865136699867435e-05], [0, 0.000835096463561058, 0.00028311964706517756, 0.00015187429380603135, 9.588273678673431e-05, 9.139866597251967e-05, 9.926387429004535e-05, 0.0001072853701771237, 0.00011597141565289348, 0.00011932294728467241, 0.00011361820361344144, 0.00010310718789696693, 0.00010745246254373342, 9.079924348043278e-05, 0.00010200397809967399, 8.591382356826216e-05, 8.414273179369047e-05, 6.758115341654047e-05, 8.283786155516282e-05, 9.783466521184891e-05, 7.549253496108577e-05], [0, 0.000862357032019645, 0.00029322245973162353, 0.000156518624862656, 9.978241723729298e-05, 9.334997594123706e-05, 0.00010523535456741229, 0.00011693593842210248, 0.00012325654097367078, 0.00012730000889860094, 0.00012884613533969969, 0.00011213798279641196, 0.00012394289660733193, 9.450279321754351e-05, 0.0001048269186867401, 8.857684588292614e-05, 7.954685133881867e-05, 8.571284706704319e-05, 5.570985013036989e-05, 9.400505950907245e-05, 6.777966336812824e-05], [0, 0.0008640849264338613, 0.00036852809716947377, 0.0001825723156798631, 0.00010447586828377098, 0.00010316691623302177, 0.00011444241681601852, 0.00011566629109438509, 0.00012265675468370318, 0.00012502147001214325, 0.00011900325625902042, 9.903092723106965e-05, 0.00011894882482010871, 0.00010440370533615351, 9.533790580462664e-05, 9.802894783206284e-05, 8.901719411369413e-05, 6.530469545396045e-05, 7.872391142882407e-05, 7.171234028646722e-05, 5.9416834119474515e-05], [0, 0.0008456072537228465, 0.0002887650625780225, 0.00014737418678123504, 9.349823812954128e-05, 8.83545508258976e-05, 9.931984095601365e-05, 0.00011163028830196708, 0.00012355466606095433, 0.00011339288903400302, 0.00011110608465969563, 9.680932271294296e-05, 0.00011303827341180295, 9.9245022283867e-05, 0.00010256819950882345, 8.801632793620229e-05, 8.192234963644296e-05, 7.547176210209727e-05, 9.378381218994036e-05, 8.663903281558305e-05, 7.798854494467378e-05], [0, 0.0008740514167584479, 0.00032213720260187984, 0.00017337908502668142, 0.00010256220411974937, 8.993103983812034e-05, 9.810343181015924e-05, 0.00010712559742387384, 0.00012402086576912552, 0.00012087777577107772, 0.00011313124559819698, 0.00011494319915072992, 0.00011940029071411118, 9.625750681152567e-05, 9.74788999883458e-05, 0.00010151870810659602, 9.226636757375672e-05, 8.600729051977396e-05, 7.069503772072494e-05, 7.504099630750716e-05, 6.336019578156993e-05], [0, 0.0008504398865625262, 0.0002902090782299638, 0.00015624322986695915, 9.456242696614936e-05, 9.056754788616672e-05, 0.0001084594550775364, 0.00011366068792995065, 0.0001192862619063817, 0.0001226111635332927, 0.00010887084499699995, 0.00011706088116625324, 0.0001137562794610858, 0.00010798577568493783, 9.829882037593052e-05, 7.559116056654602e-05, 7.848580571589991e-05, 8.215745765483007e-05, 6.898315768921748e-05, 0.00011296511365799233, 8.349158451892436e-05], [0, 0.0008484815480187535, 0.00029490055749192834, 0.0001501517981523648, 9.592677088221535e-05, 8.719147444935516e-05, 9.519092418486252e-05, 0.00011400564108043909, 0.00012372351193334907, 0.00012017181870760396, 0.00011123011790914461, 0.00010724825551733375, 0.00010738501441664994, 9.546017099637538e-05, 9.230609430233017e-05, 8.885062561603263e-05, 0.00011115949746454135, 7.725027535343543e-05, 6.123566708993167e-05, 9.737395885167643e-05, 5.500334009411745e-05], [0, 0.0008309499244205654, 0.0002758463378995657, 0.00014793967420700938, 8.815352339297533e-05, 8.294200233649462e-05, 9.872474038274959e-05, 0.00010946732072625309, 0.0001213093928527087, 0.00011519800318637863, 0.00011641871969914064, 0.00010823793127201498, 0.00010920869681285694, 8.930865442380309e-05, 7.966056000441313e-05, 9.35542193474248e-05, 7.981130329426378e-05, 7.772557000862435e-05, 7.014297443674877e-05, 9.130626131081954e-05, 5.379992217058316e-05], [0, 0.0008537942776456475, 0.0002750707499217242, 0.0001518016797490418, 9.048614447237924e-05, 8.948293543653563e-05, 9.885702456813306e-05, 0.00011022569378837943, 0.00011518961400724947, 0.00011483384150778875, 0.00010263381409458816, 0.0001027936305035837, 0.00010401319013908505, 9.508969378657639e-05, 9.628185944166034e-05, 8.663277549203485e-05, 8.67536073201336e-05, 7.729201024631038e-05, 5.748048351961188e-05, 0.00010794877744046971, 6.35400356259197e-05]]}