{"alpha": 0.75, "beta": 0.5, "gamma": 1.0, "num_samples": 100, "node_count": 10, "density": 0.0, "startup_delay": 2.0, "forward_prob": 0, "epochs": [[0, 1, 2, 3, 4, 5, 6, 7, 8, 9, 10, 11, 12, 13, 14, 15, 16, 17, 18, 19, 20], [0, 1, 2, 3, 4, 5, 6, 7, 8, 9, 10, 11, 12, 13, 14, 15, 16, 17, 18, 19, 20], [0, 1, 2, 3, 4, 5, 6, 7, 8, 9, 10, 11, 12, 13, 14, 15, 16, 17, 18, 19, 20], [0, 1, 2, 3, 4, 5, 6, 7, 8, 9, 10, 11, 12, 13, 14, 15, 16, 17, 18, 19, 20], [0, 1, 2, 3, 4, 5, 6, 7, 8, 9, 10, 11, 12, 13, 14, 15, 16, 17, 18, 19, 20], [0, 1, 2, 3, 4, 5, 6, 7, 8, 9, 10, 11, 12, 13, 14, 15, 16, 17, 18, 19, 20], [0, 1, 2, 3, 4, 5, 6, 7, 8, 9, 10, 11, 12, 13, 14, 15, 16, 17, 18, 19, 20], [0, 1, 2, 3, 4, 5, 6, 7, 8, 9, 10, 11, 12, 13, 14, 15, 16, 17, 18, 19, 20], [0, 1, 2, 3, 4, 5, 6, 7, 8, 9, 10, 11, 12, 13, 14, 15, 16, 17, 18, 19, 20], [0, 1, 2, 3, 4, 5, 6, 7, 8, 9, 10, 11, 12, 13, 14, 15, 16, 17, 18, 19, 20]], "accuracies": [[9.91, 26.25, 27.55, 23.87, 25.75, 27.53, 37.12, 36.84, 37.5, 37.78, 44.08, 37.5, 41.02, 45.0, 41.86, 38.01, 34.06, 41.02, 35.4, 39.9, 46.25], [12.52, 28.14, 28.21, 28.73, 29.17, 29.1, 29.12, 35.9, 35.37, 36.94, 37.14, 31.65, 37.46, 31.02, 32.71, 37.12, 37.33, 29.26, 30.04, 30.88, 38.11], [6.67, 27.86, 28.65, 28.06, 25.06, 50.44, 48.57, 46.93, 27.26, 25.04, 27.07, 28.85, 26.78, 29.13, 38.45, 43.11, 27.85, 50.29, 33.01, 47.55, 35.53], [5.78, 28.75, 28.94, 20.23, 24.07, 26.54, 20.83, 28.24, 24.2, 27.76, 26.91, 28.31, 28.51, 33.29, 27.13, 30.82, 28.47, 31.1, 29.51, 30.8, 28.66], [11.3, 19.04, 28.28, 27.71, 28.43, 27.9, 28.31, 39.08, 30.46, 28.04, 28.17, 28.09, 28.12, 34.62, 28.13, 31.54, 31.62, 37.05, 28.3, 36.84, 28.31], [7.18, 25.57, 28.14, 24.26, 28.51, 31.51, 27.5, 28.0, 28.3, 33.34, 35.6, 35.88, 35.58, 48.95, 36.23, 37.26, 34.25, 46.16, 36.88, 36.95, 38.29], [11.0, 10.0, 25.62, 29.3, 14.66, 28.02, 25.92, 28.09, 27.11, 26.62, 28.08, 46.14, 33.56, 31.68, 27.94, 40.57, 32.95, 28.07, 40.13, 43.35, 42.22], [13.25, 20.54, 27.96, 26.39, 27.89, 27.91, 28.19, 28.23, 27.85, 27.82, 27.38, 27.67, 40.7, 32.53, 35.51, 28.5, 40.85, 36.21, 35.75, 36.75, 46.64], [8.8, 22.87, 19.84, 19.79, 19.84, 22.79, 20.03, 19.9, 20.34, 19.94, 23.05, 28.15, 24.15, 20.86, 23.09, 30.12, 21.43, 25.31, 46.82, 46.78, 45.49], [10.06, 15.7, 29.13, 30.11, 36.13, 36.11, 37.13, 30.92, 37.68, 27.05, 35.46, 35.61, 40.43, 31.96, 31.96, 30.38, 44.35, 26.79, 32.94, 34.9, 35.03]], "msds": [[0, 0.0006724755512550473, 0.000260139349848032, 0.00012327131116762757, 6.0277216107351705e-05, 4.063980668433942e-05, 2.7520036383066326e-05, 1.6392525139963254e-05, 7.319858923438005e-06, 3.7839961350982776e-06, 5.370607686927542e-05, 3.420400753384456e-05, 5.0108217692468315e-05, 4.110937879886478e-05, 3.26420231431257e-05, 1.8887438272940926e-05, 7.24099954823032e-05, 0.0001309408398810774, 8.714256546227261e-05, 4.381966209621169e-05, 5.073494685348123e-05], [0, 0.0006724755512550473, 0.000260139349848032, 0.00012327131116762757, 6.0277216107351705e-05, 4.063980668433942e-05, 2.7520036383066326e-05, 1.6392525139963254e-05, 7.319858923438005e-06, 3.7839961350982776e-06, 2.033885948549141e-06, 3.420400753384456e-05, 1.8071266822516918e-05, 1.8456394172972068e-05, 2.2015537979314104e-05, 1.8887438272940926e-05, 5.889633030164987e-06, 8.684347267262638e-05, 8.714256546227261e-05, 4.381966209621169e-05, 1.9500859707477503e-05], [0, 0, 0.0001360462629236281, 0.00013843883061781526, 8.631585660623387e-05, 5.835167394252494e-05, 4.2721785575849935e-05, 3.648602796602063e-05, 0.0001859512267401442, 0.0003855939721688628, 0.000266895949607715, 0.0002186395722674206, 0.0001903150259749964, 0.00017547742754686624, 0.0001548005675431341, 9.629222768126056e-05, 0.00011434066982474178, 0.00012121424515498802, 8.980261191027239e-05, 8.190429070964456e-05, 9.899085853248835e-05], [0, 0, 0, 0.0003369509940966964, 0.00031846005003899336, 0.00015099432494025677, 0.00014790135901421309, 0.00032442508381791413, 0.0001863947545643896, 0.00012691525625996292, 0.0001278059498872608, 0.00010839258902706206, 9.377359674545005e-05, 7.142542017390952e-05, 6.584441871382296e-05, 7.965115219121799e-05, 6.277304055402055e-05, 7.051410648273304e-05, 5.98151636950206e-05, 9.586105443304405e-05, 8.359589264728129e-05], [0, 0.000678529788274318, 0.0001360462629236281, 9.305442654294893e-05, 8.746947423787788e-05, 5.4510699555976316e-05, 4.8629903176333755e-05, 5.229857924859971e-05, 3.864177051582374e-05, 0.0002230538084404543, 0.0003153411962557584, 0.00027313880855217576, 0.0002216038847109303, 0.00019433746638242155, 0.00016235426301136613, 0.00015171527047641575, 0.0001446002279408276, 0.00015074847033247352, 0.00012084175978088751, 0.00013428689271677285, 0.00010302395821781829], [0, 0.0006858146516606212, 0.00018382327107246965, 8.516226807842031e-05, 6.219263741513714e-05, 3.6813704355154186e-05, 0.00022003892809152603, 0.00035049457801505923, 0.00019831473764497787, 0.00014280171308200806, 0.00014724313223268837, 0.00014910614117980003, 0.00012583659554366022, 9.745040733832866e-05, 9.850165952229872e-05, 0.00010246135934721678, 8.298450120491907e-05, 9.462350863032043e-05, 8.241366595029831e-05, 0.00012718734797090292, 0.00011019234807463363], [0, 0.0006712591857649386, 0.0003044626791961491, 0.0003146785020362586, 0.0002766229445114732, 0.00031614815816283226, 0.00014922066475264728, 0.00013070431305095553, 0.0001279841671930626, 0.00013314004172571003, 0.00011324404476908967, 0.00011185782932443544, 8.631261880509555e-05, 8.985628664959222e-05, 8.783363591646776e-05, 9.19968806556426e-05, 7.915288006188348e-05, 0.0001311981031903997, 0.00012084004265489057, 0.00010070008283946663, 5.2566439990187064e-05], [0, 0, 0.00033810350578278303, 0.0002864655980374664, 0.0001559970114612952, 0.00015248793351929635, 0.00030960177537053823, 0.00020677666179835796, 0.00014154684322420508, 0.0001496499899076298, 0.00015255578910000622, 0.0001432826538803056, 7.867050589993596e-05, 0.00012439298734534532, 0.00011682092736009508, 0.00010274472879245877, 7.938459748402238e-05, 9.970384417101741e-05, 0.00012727743887808174, 0.00011780431668739766, 5.2566439990187064e-05], [0, 0.00068752805236727, 0.00022432128025684506, 0.0002615624980535358, 0.00012266823614481837, 8.475661888951436e-05, 8.425179112236947e-05, 7.634274516021833e-05, 0.00010856908920686692, 9.513055556453764e-05, 5.0008195103146136e-05, 3.684420880745165e-05, 6.50206784484908e-05, 7.803640619385988e-05, 6.094440323067829e-05, 5.555259849643335e-05, 0.00010549089347478002, 9.801096894079819e-05, 9.197740291710943e-05, 5.3817897423869e-05, 8.100420382106677e-05], [0, 0.0006502314354293048, 0.0002452702319715172, 9.567248343955725e-05, 8.755089220358059e-05, 9.210191637976095e-05, 0.00010537822527112439, 8.177383278962225e-05, 8.214519039029256e-05, 7.944649405544624e-05, 4.663837535190396e-05, 3.2679366995580494e-05, 7.24099954823032e-05, 0.00010448863031342626, 5.9741116274381056e-05, 8.677833102410659e-05, 8.196902490453795e-05, 9.801096894079819e-05, 6.311476317932829e-05, 5.014825728721917e-05, 3.9440423279302195e-05]]}