{"alpha": 0.75, "beta": 0.5, "gamma": 1.0, "num_samples": 25, "node_count": 10, "density": 0.0, "startup_delay": 2.0, "forward_prob": 0, "epochs": [[0, 1, 2, 3, 4, 5, 6, 7, 8, 9, 10, 11, 12, 13, 14, 15, 16, 17, 18, 19, 20], [0, 1, 2, 3, 4, 5, 6, 7, 8, 9, 10, 11, 12, 13, 14, 15, 16, 17, 18, 19, 20], [0, 1, 2, 3, 4, 5, 6, 7, 8, 9, 10, 11, 12, 13, 14, 15, 16, 17, 18, 19, 20], [0, 1, 2, 3, 4, 5, 6, 7, 8, 9, 10, 11, 12, 13, 14, 15, 16, 17, 18, 19, 20], [0, 1, 2, 3, 4, 5, 6, 7, 8, 9, 10, 11, 12, 13, 14, 15, 16, 17, 18, 19, 20], [0, 1, 2, 3, 4, 5, 6, 7, 8, 9, 10, 11, 12, 13, 14, 15, 16, 17, 18, 19, 20], [0, 1, 2, 3, 4, 5, 6, 7, 8, 9, 10, 11, 12, 13, 14, 15, 16, 17, 18, 19, 20], [0, 1, 2, 3, 4, 5, 6, 7, 8, 9, 10, 11, 12, 13, 14, 15, 16, 17, 18, 19, 20], [0, 1, 2, 3, 4, 5, 6, 7, 8, 9, 10, 11, 12, 13, 14, 15, 16, 17, 18, 19, 20], [0, 1, 2, 3, 4, 5, 6, 7, 8, 9, 10, 11, 12, 13, 14, 15, 16, 17, 18, 19, 20]], "accuracies": [[4.14, 20.82, 28.4, 28.7, 28.55, 28.61, 28.69, 28.49, 28.57, 31.35, 39.78, 40.54, 25.92, 39.59, 31.29, 37.58, 40.08, 41.89, 32.37, 34.54, 31.58], [8.35, 10.0, 17.68, 21.99, 27.22, 27.66, 31.57, 35.91, 38.35, 46.97, 46.25, 46.6, 43.25, 34.87, 37.09, 31.16, 39.56, 40.59, 48.81, 25.92, 36.61], [10.27, 27.53, 24.2, 27.84, 28.35, 28.58, 28.65, 28.11, 29.0, 28.6, 36.8, 35.99, 39.59, 29.6, 27.28, 37.49, 27.76, 41.07, 29.06, 43.85, 29.53], [6.26, 23.56, 23.29, 23.25, 23.55, 24.07, 26.8, 19.52, 27.02, 18.98, 20.42, 23.47, 22.61, 23.77, 26.12, 24.26, 30.38, 20.62, 22.76, 23.82, 39.83], [3.04, 28.29, 29.02, 20.17, 26.55, 26.86, 26.54, 26.4, 26.5, 26.68, 26.7, 31.29, 26.23, 26.71, 26.75, 26.9, 26.94, 27.24, 26.33, 27.6, 27.2], [5.09, 22.51, 25.39, 26.1, 27.74, 28.4, 30.16, 31.38, 28.01, 20.23, 22.66, 27.22, 26.0, 26.55, 27.2, 28.01, 27.89, 25.21, 28.89, 29.74, 35.05], [10.61, 20.63, 10.0, 18.41, 19.4, 19.54, 19.92, 19.13, 23.42, 31.16, 31.67, 36.06, 37.93, 23.95, 39.29, 27.59, 40.44, 28.68, 44.64, 27.86, 33.55], [5.07, 25.44, 26.81, 26.55, 27.65, 26.88, 39.97, 38.33, 39.33, 40.24, 36.78, 38.26, 34.69, 36.4, 35.34, 37.52, 27.89, 30.0, 43.53, 26.74, 29.13], [9.27, 22.42, 26.8, 26.87, 27.33, 26.34, 27.13, 36.74, 38.1, 39.51, 33.77, 30.24, 27.94, 32.93, 30.92, 41.27, 26.93, 26.72, 25.32, 26.89, 27.29], [8.99, 19.24, 19.47, 24.41, 20.02, 19.86, 19.86, 19.45, 19.84, 20.82, 19.91, 19.72, 27.71, 28.59, 28.69, 32.91, 28.28, 28.62, 22.09, 22.21, 26.26]], "msds": [[0, 0.0006558932946063578, 0.00017089959874283522, 6.161684723338112e-05, 3.0101211450528353e-05, 4.220445771352388e-05, 2.1625675799441524e-05, 9.078796210815199e-06, 1.2204243830638006e-05, 6.896878403495066e-06, 1.2680883628490847e-05, 1.0150230991712306e-05, 1.026537938741967e-05, 1.3909180779592134e-05, 4.6459816076094285e-05, 5.2463063184404746e-05, 2.5786635887925513e-05, 1.9365505067980848e-05, 2.4172029952751473e-05, 3.902118623955175e-05, 7.65911172493361e-05], [0, 0.0006589139811694622, 0.00018148167873732746, 7.188558083726093e-05, 5.252992195892148e-05, 3.9840986573835835e-05, 2.1625675799441524e-05, 1.8756307326839305e-05, 1.519278794148704e-05, 1.1894503586518113e-05, 8.409636393480469e-06, 8.458662705379538e-06, 7.215814548544586e-06, 2.2603686375077814e-05, 1.0370067684561945e-05, 3.452124656178057e-05, 1.9552817320800386e-05, 1.9728971892618574e-05, 2.224124182248488e-05, 3.730499156517908e-05, 2.8978271075175144e-05], [0, 0.0006619349005632102, 0.00019206377328373492, 8.215430716518313e-05, 5.252992195892148e-05, 3.9840986573835835e-05, 2.006472095672507e-05, 2.8433818442863412e-05, 1.8181332052336074e-05, 1.689212331257295e-05, 1.3861689694749657e-05, 9.489151125308126e-06, 1.0209653737547342e-05, 1.0521148396946955e-05, 3.6608747905120254e-05, 2.9228858693386428e-05, 3.8689267967129126e-05, 2.7450416382635012e-05, 2.9548151360359043e-05, 1.9647510271170177e-05, 4.64669028588105e-05], [0, 0.0006727518630214036, 0.00020256676361896098, 7.560528320027515e-05, 3.4694694477366284e-05, 1.4189188732416369e-05, 1.0502710210857913e-05, 0.0001465141394874081, 0.00018060774891637266, 6.72357200528495e-05, 4.657301542465575e-05, 4.059040657011792e-05, 4.588723095366731e-05, 4.04140810132958e-05, 5.3701620345236734e-05, 4.667880057240836e-05, 7.622713019372895e-05, 6.97063806001097e-05, 6.848670454928651e-05, 6.939432205399498e-05, 6.979745376156643e-05], [0, 0.0006472928798757493, 0.00019571567827370018, 0.00016814081755001098, 0.00013390211097430438, 4.977520802640356e-05, 4.0973602153826505e-05, 3.603865116019733e-05, 3.442927118157968e-05, 3.914367698598653e-05, 3.248344728490338e-05, 3.092117913183756e-05, 4.666399036068469e-05, 3.378180190338753e-05, 6.340538675431162e-05, 3.421012661419809e-05, 4.1866656829370186e-05, 3.365237716934644e-05, 6.80179800838232e-05, 4.329206421971321e-05, 1.720118052617181e-05], [0, 0.0006727518630214036, 0.00020256676361896098, 7.560528320027515e-05, 3.4694694477366284e-05, 1.4189188732416369e-05, 1.0502710210857913e-05, 8.528313628630713e-06, 9.982837218558416e-05, 0.00016636523650959134, 0.00010038010805146769, 6.534300337079912e-05, 5.370600047172047e-05, 5.4124637244967744e-05, 4.9207268602913246e-05, 4.7409048420377076e-05, 5.277300442685373e-05, 7.452497811755165e-05, 7.583948172396049e-05, 6.829867197666317e-05, 5.949163096374832e-05], [0, 0.0006472928798757493, 0.00019571567827370018, 6.645506800850853e-05, 0.00012097221042495221, 0.00012981821782886982, 9.078749280888587e-05, 7.093890599207953e-05, 6.476066482719034e-05, 6.159405165817589e-05, 4.862634887103923e-05, 4.890664422418922e-05, 4.08805935876444e-05, 5.613346729660407e-05, 5.2243394748074934e-05, 6.434746319428086e-05, 4.901760985376313e-05, 5.2637213229900226e-05, 4.8230929678538814e-05, 6.038254650775343e-05, 5.289956970955245e-05], [0, 0.0005045115831308067, 6.737849616911262e-05, 5.9230249462416396e-05, 5.400405279942788e-05, 4.88552323076874e-05, 5.41531371709425e-05, 4.610624455381185e-05, 4.7833731514401734e-05, 4.012195495306514e-05, 4.8140213039005175e-05, 4.6459816076094285e-05, 5.840826634084806e-05, 2.8005797503283247e-05, 3.0455052183242515e-05, 2.4172029952751473e-05, 6.497275899164379e-05, 7.885765808168799e-05, 4.169493695371784e-05, 5.11376783833839e-05, 8.916913066059351e-05], [0, 0.0005686992080882192, 0.0001561127428431064, 4.575406637741253e-05, 3.202718653483316e-05, 2.3565005903947167e-05, 2.4601746190455742e-05, 2.240419235022273e-05, 1.2872291335952468e-05, 1.026537938741967e-05, 1.3909180779592134e-05, 1.806691216188483e-05, 4.6517820010194555e-05, 2.356747427256778e-05, 1.5633941075066105e-05, 1.5706591511843726e-05, 3.3961412555072457e-05, 4.1116767533821985e-05, 4.329206421971321e-05, 1.720118052617181e-05, 0], [0, 0.0006150038680061698, 0.00025950412964448333, 0.00016115914331749082, 0.00017479422967880964, 9.439939458388835e-05, 5.6434935686411336e-05, 6.691495946142823e-05, 6.160880730021745e-05, 6.753339403076097e-05, 7.489669224014506e-05, 7.226377783808857e-05, 5.9985719417454675e-05, 5.856455391040072e-05, 8.304370567202568e-05, 6.497275899164379e-05, 7.885765808168799e-05, 4.169493695371784e-05, 5.11376783833839e-05, 8.916913066059351e-05, 0]]}