{"alpha": 0.75, "beta": 0.5, "gamma": 5.0, "num_samples": 1000, "node_count": 10, "density": 1.0, "startup_delay": 2.0, "forward_prob": 0, "epochs": [[0, 1, 2, 3, 4, 5, 6, 7, 8, 9, 10, 11, 12, 13, 14, 15, 16, 17, 18, 19, 20], [0, 1, 2, 3, 4, 5, 6, 7, 8, 9, 10, 11, 12, 13, 14, 15, 16, 17, 18, 19, 20], [0, 1, 2, 3, 4, 5, 6, 7, 8, 9, 10, 11, 12, 13, 14, 15, 16, 17, 18, 19, 20], [0, 1, 2, 3, 4, 5, 6, 7, 8, 9, 10, 11, 12, 13, 14, 15, 16, 17, 18, 19, 20], [0, 1, 2, 3, 4, 5, 6, 7, 8, 9, 10, 11, 12, 13, 14, 15, 16, 17, 18, 19, 20], [0, 1, 2, 3, 4, 5, 6, 7, 8, 9, 10, 11, 12, 13, 14, 15, 16, 17, 18, 19, 20], [0, 1, 2, 3, 4, 5, 6, 7, 8, 9, 10, 11, 12, 13, 14, 15, 16, 17, 18, 19, 20], [0, 1, 2, 3, 4, 5, 6, 7, 8, 9, 10, 11, 12, 13, 14, 15, 16, 17, 18, 19, 20], [0, 1, 2, 3, 4, 5, 6, 7, 8, 9, 10, 11, 12, 13, 14, 15, 16, 17, 18, 19, 20], [0, 1, 2, 3, 4, 5, 6, 7, 8, 9, 10, 11, 12, 13, 14, 15, 16, 17, 18, 19, 20]], "accuracies": [[8.38, 13.79, 29.16, 28.54, 31.42, 35.61, 36.48, 68.5, 44.84, 64.95, 42.22, 69.22, 45.63, 68.32, 48.72, 45.97, 64.73, 63.25, 61.54, 52.72, 62.47], [3.42, 14.44, 23.25, 29.74, 39.12, 55.86, 44.28, 59.11, 49.49, 51.22, 63.72, 56.04, 43.67, 55.17, 57.05, 62.55, 67.45, 66.49, 60.48, 60.16, 66.56], [8.07, 10.0, 20.01, 41.11, 35.9, 30.62, 50.21, 47.86, 49.27, 57.36, 49.51, 70.52, 44.07, 66.67, 48.6, 68.26, 52.91, 57.6, 47.23, 72.88, 47.26], [9.18, 19.84, 28.17, 22.06, 28.51, 43.5, 37.86, 66.34, 37.9, 71.76, 40.13, 71.28, 45.8, 68.3, 39.9, 70.76, 50.1, 57.68, 53.53, 71.99, 51.57], [6.38, 10.0, 25.95, 28.93, 45.78, 41.55, 53.93, 45.76, 45.44, 40.02, 54.43, 53.57, 42.37, 47.65, 46.94, 65.72, 60.76, 67.71, 59.64, 62.07, 61.98], [3.24, 10.0, 20.17, 24.29, 33.4, 53.44, 45.92, 68.48, 51.72, 52.83, 51.63, 62.28, 45.8, 56.99, 65.75, 63.33, 67.65, 57.25, 61.79, 58.28, 69.56], [5.27, 12.82, 39.47, 41.55, 50.06, 67.24, 46.4, 57.45, 55.62, 52.34, 46.06, 70.16, 57.4, 46.54, 61.76, 59.99, 73.91, 54.8, 75.4, 55.6, 54.12], [2.41, 19.86, 24.29, 32.77, 40.93, 35.2, 68.5, 31.34, 66.34, 43.64, 70.18, 32.73, 71.22, 42.43, 69.52, 54.62, 74.47, 52.78, 62.22, 57.59, 54.12], [12.56, 26.8, 34.16, 40.91, 57.06, 46.19, 63.49, 42.56, 63.1, 49.41, 61.4, 45.95, 54.67, 60.43, 56.84, 70.21, 56.63, 60.47, 58.67, 69.84, 54.12], [11.68, 15.77, 40.8, 45.08, 56.29, 46.92, 50.73, 63.23, 58.92, 59.75, 50.89, 62.31, 56.9, 69.62, 55.57, 74.38, 49.44, 77.94, 52.91, 54.12, 28.65]], "msds": [[0, 0.0007744795875623822, 0.00019504169176798314, 0.00013609511370304972, 0.00010212205961579457, 8.927877934183925e-05, 8.031400648178533e-05, 0.0001006489183055237, 9.211885480908677e-05, 0.0001010610576486215, 9.291341120842844e-05, 9.049808431882411e-05, 0.00010840987670235336, 9.715249325381592e-05, 0.0001224680891027674, 7.77687891968526e-05, 7.182927220128477e-05, 8.357431215699762e-05, 9.165083611151204e-05, 0.00010703379666665569, 7.155069033615291e-05], [0, 0.0007652817294001579, 0.00021982075122650713, 0.00017968811152968556, 0.00011663679470075294, 0.00010426154040032998, 7.449162512784824e-05, 0.00011398679635021836, 8.426723798038438e-05, 0.00010979954822687432, 7.870527770137414e-05, 8.926600276026875e-05, 9.17030920390971e-05, 0.00011655498383333907, 6.895814294693992e-05, 7.91186757851392e-05, 7.305626786546782e-05, 7.174462371040136e-05, 9.275177581002936e-05, 0.00011419716611271724, 6.359587132465094e-05], [0, 0.0007584921550005674, 0.00019193616753909737, 0.0001541298406664282, 0.00011858096695505083, 0.00010000525071518496, 8.04410083219409e-05, 9.78799580479972e-05, 9.684378892416134e-05, 9.106672223424539e-05, 9.966627840185538e-05, 8.611640078015625e-05, 0.0001001426498987712, 8.88871873030439e-05, 9.142109047388658e-05, 7.077190821291879e-05, 9.087671060115099e-05, 6.314924394246191e-05, 0.00015342079859692603, 6.189109990373254e-05, 0.0001058753696270287], [0, 0.0007739101420156658, 0.00020956875232513994, 0.00017738064343575388, 0.00012918627180624753, 0.00012961382162757218, 0.0001020129129756242, 9.955455607268959e-05, 0.0001056782275554724, 9.915777627611533e-05, 0.00013228274474386126, 8.142193109961227e-05, 0.00013212990597821772, 8.667675137985498e-05, 0.00012998911552131176, 7.834850111976266e-05, 0.00013149504957254976, 7.592854672111571e-05, 0.0001174575590994209, 7.032381108729169e-05, 0.00011128549522254616], [0, 0.0007593378541059792, 0.00020742947526741773, 0.00015963384066708386, 9.788078750716522e-05, 9.074813715415075e-05, 7.240498234750703e-05, 0.00010070838470710441, 8.113624062389135e-05, 0.00010684193694032729, 7.399188325507566e-05, 0.0001037216279655695, 6.919159204699099e-05, 0.00013256822421681136, 7.341938180616125e-05, 9.15771524887532e-05, 6.338315142784268e-05, 7.071976142469794e-05, 7.534226460848004e-05, 8.126546163111925e-05, 7.620665564900264e-05], [0, 0.0007854822324588895, 0.00021438635303638875, 0.0001746520574670285, 0.00013041356578469276, 0.0001221397251356393, 0.00010388853115728125, 0.00013207521988078952, 0.0001188872629427351, 0.0001284339523408562, 0.00011756048479583114, 0.0001102224996429868, 0.00011896670184796676, 0.00012349952885415405, 8.383061503991485e-05, 9.809644689084962e-05, 7.783478213241324e-05, 9.817542741075158e-05, 9.9619195680134e-05, 0.00010994527110597119, 7.812493277015164e-05], [0, 0.0005928375176154077, 0.00019274314399808645, 0.0001244502782355994, 9.626514656702057e-05, 8.252606494352221e-05, 0.00010657930397428572, 0.00010654493962647393, 0.00010898057371377945, 9.004302410176024e-05, 0.00011563193402253091, 7.114053005352616e-05, 9.297733777202666e-05, 8.621763117844239e-05, 9.513820987194777e-05, 7.761881715850905e-05, 9.200022759614512e-05, 0.00010638595267664641, 7.198669482022524e-05, 8.508461905876175e-05, 9.823506115935743e-05], [0, 0.0006144887884147465, 0.0002054558281088248, 0.0001139125888585113, 0.0001157278529717587, 0.00010605224088067189, 0.00011109119077445939, 0.00011466830619610846, 0.00011086704762419686, 0.00012329011224210262, 0.00010206783190369606, 0.00013722589937970042, 0.00010387453949078918, 0.00011385534889996052, 9.134937135968357e-05, 9.104484342969954e-05, 8.174671529559419e-05, 0.000105299535789527, 9.888823115034029e-05, 0.00011748267570510507, 0.00010804124758578837], [0, 0.0005854027112945914, 0.0001908249396365136, 0.0001260992867173627, 0.00011413452011765912, 9.576894080964848e-05, 0.00010251249477732927, 9.742274414747953e-05, 0.00011268755770288408, 9.846295142779127e-05, 9.768870222615078e-05, 9.595476876711473e-05, 0.00012220951612107456, 8.239420276368037e-05, 9.8364835139364e-05, 6.255065090954304e-05, 0.000103339298220817, 8.726411033421755e-05, 0.00012949318625032902, 7.578815711895004e-05, 0.00010055339225800708], [0, 0.0005453609046526253, 0.00019409942615311593, 0.00015090152737684548, 0.00011082494893344119, 0.00012922362657263875, 9.556223085382953e-05, 0.00010985400149365887, 9.514921839581802e-05, 0.00010445177758811042, 8.506832818966359e-05, 0.00011732013808796182, 9.921767195919529e-05, 9.614221198717132e-05, 9.017730917548761e-05, 6.402027793228626e-05, 0.00013509498967323452, 7.42431657272391e-05, 0.000125209815450944, 7.811436807969585e-05, 0]]}