{"alpha": 0.75, "beta": 0.5, "gamma": 3.0, "num_samples": 1000, "node_count": 10, "density": 0.5, "startup_delay": 0.0, "forward_prob": 0, "epochs": [[0, 1, 2, 3, 4, 5, 6, 7, 8, 9, 10, 11, 12, 13, 14, 15, 16, 17, 18, 19, 20], [0, 1, 2, 3, 4, 5, 6, 7, 8, 9, 10, 11, 12, 13, 14, 15, 16, 17, 18, 19, 20], [0, 1, 2, 3, 4, 5, 6, 7, 8, 9, 10, 11, 12, 13, 14, 15, 16, 17, 18, 19, 20], [0, 1, 2, 3, 4, 5, 6, 7, 8, 9, 10, 11, 12, 13, 14, 15, 16, 17, 18, 19, 20], [0, 1, 2, 3, 4, 5, 6, 7, 8, 9, 10, 11, 12, 13, 14, 15, 16, 17, 18, 19, 20], [0, 1, 2, 3, 4, 5, 6, 7, 8, 9, 10, 11, 12, 13, 14, 15, 16, 17, 18, 19, 20], [0, 1, 2, 3, 4, 5, 6, 7, 8, 9, 10, 11, 12, 13, 14, 15, 16, 17, 18, 19, 20], [0, 1, 2, 3, 4, 5, 6, 7, 8, 9, 10, 11, 12, 13, 14, 15, 16, 17, 18, 19, 20], [0, 1, 2, 3, 4, 5, 6, 7, 8, 9, 10, 11, 12, 13, 14, 15, 16, 17, 18, 19, 20], [0, 1, 2, 3, 4, 5, 6, 7, 8, 9, 10, 11, 12, 13, 14, 15, 16, 17, 18, 19, 20]], "accuracies": [[4.18, 20.66, 65.73, 72.82, 79.33, 81.24, 83.32, 83.71, 83.92, 84.31, 84.53, 84.11, 84.85, 85.36, 85.41, 85.76, 85.7, 85.84, 85.2, 85.61, 85.94], [5.16, 18.47, 58.34, 74.85, 79.92, 81.25, 82.66, 83.76, 83.8, 84.03, 84.81, 84.58, 85.08, 84.94, 85.23, 85.54, 85.18, 85.54, 85.54, 85.61, 85.88], [9.16, 16.79, 64.97, 73.8, 78.02, 81.48, 82.85, 82.72, 84.12, 84.45, 84.33, 84.59, 85.22, 85.11, 85.59, 85.24, 85.39, 85.92, 85.67, 86.0, 86.11], [9.67, 10.18, 57.27, 75.34, 80.59, 81.36, 83.24, 83.61, 83.97, 84.26, 84.02, 84.11, 84.21, 84.78, 85.12, 85.41, 85.38, 85.41, 85.62, 85.37, 85.95], [7.31, 29.08, 63.31, 73.55, 78.24, 81.25, 82.39, 83.23, 83.97, 84.43, 84.14, 84.58, 84.52, 85.41, 85.25, 85.09, 85.27, 85.84, 85.57, 85.85, 86.03], [11.98, 12.72, 55.86, 76.56, 79.15, 81.81, 82.93, 83.95, 84.04, 84.72, 84.53, 84.66, 84.56, 85.17, 85.12, 85.28, 85.36, 85.74, 85.79, 85.54, 86.03], [20.51, 14.09, 61.37, 73.86, 78.06, 81.32, 81.8, 83.6, 84.22, 84.11, 84.84, 84.98, 84.82, 85.58, 85.84, 85.48, 86.0, 85.59, 85.85, 85.69, 85.67], [8.02, 16.45, 70.0, 78.05, 79.8, 81.26, 81.32, 82.79, 83.56, 83.95, 84.66, 84.8, 85.12, 85.05, 85.4, 85.56, 85.83, 85.83, 85.7, 85.84, 85.62], [7.61, 15.02, 67.77, 78.05, 79.74, 81.06, 81.84, 83.14, 83.65, 84.04, 84.87, 84.95, 85.12, 85.4, 85.5, 85.81, 85.35, 85.59, 85.87, 85.93, 85.91], [13.68, 23.46, 54.21, 75.64, 80.24, 81.7, 83.4, 83.49, 84.05, 84.45, 84.53, 84.11, 84.65, 85.24, 85.16, 85.3, 85.27, 85.99, 85.63, 85.79, 85.96]], "msds": [[0, 0.0008582089212723076, 0.00034620880614966154, 0.0002185635530622676, 0.00014825370453763753, 0.00012078767031198367, 0.00013526536349672824, 0.00013208948075771332, 0.00012358042295090854, 0.00010380079766036943, 0.00010516797919990495, 0.00010984018445014954, 0.00012656142644118518, 9.961407340597361e-05, 8.523595897713676e-05, 9.231238072970882e-05, 8.3544960943982e-05, 6.895502156112343e-05, 0.00011216574785066769, 9.470083023188636e-05, 6.216407928150147e-05], [0, 0.0008477673400193453, 0.0003965101495850831, 0.00021586207731161267, 0.00014887202996760607, 0.00013597543875221163, 0.00013601740647573024, 0.0001357109722448513, 0.0001232793292729184, 0.00010715731332311407, 0.0001356076536467299, 0.00012749910820275545, 0.00010886253585340455, 0.00013793892867397517, 0.00011338264448568225, 0.0001249225897481665, 0.00014170299982652068, 7.789110532030463e-05, 0.00011710977560142055, 8.513595821568742e-05, 8.355163299711421e-05], [0, 0.0008548381156288087, 0.0003297978837508708, 0.00019138985953759402, 0.00016168144065886736, 0.00012686075933743268, 0.00012712502211797982, 0.00012129594688303769, 0.00013516080798581243, 0.0001361116737825796, 0.00012004120799247175, 0.00011649953376036137, 0.00014821841614320874, 0.00011079748219344765, 0.00011402553354855627, 9.395688539370894e-05, 0.00010954271419905126, 9.993217827286571e-05, 8.012600301299244e-05, 9.099443559534848e-05, 9.311236499343067e-05], [0, 0.0008671341929584742, 0.00034916572622023523, 0.00016841352044139057, 0.00012024157331325114, 0.0001284103054786101, 0.00014158731210045516, 0.00014441261009778827, 0.00012617050379049033, 0.00011422055831644684, 0.00011221397289773449, 0.00010710929200286046, 0.00011816622281912714, 0.00010613183258101344, 8.651480311527848e-05, 9.72485649981536e-05, 0.00010274118540110067, 6.274427141761407e-05, 7.312370871659368e-05, 7.637072121724486e-05, 9.515654528513551e-05], [0, 0.000864779984112829, 0.000395463575841859, 0.00022786171757616103, 0.0001329069782514125, 0.00012824965233448893, 0.0001339789741905406, 0.0001397162995999679, 0.00011484787683002651, 0.0001132728939410299, 0.00010778243449749425, 0.00010518825729377568, 0.0001188873138744384, 0.0001380267640342936, 7.805968925822526e-05, 9.76447990979068e-05, 8.515027002431452e-05, 9.466194023843855e-05, 5.7908546295948327e-05, 7.33132183086127e-05, 0.00014842457312624902], [0, 0.000856648723129183, 0.0003922975156456232, 0.0001754896220518276, 0.0001330167578998953, 0.00011293213174212724, 0.00013580192171502858, 0.00014047970762476325, 0.00015683635137975216, 0.0001552436442580074, 0.00015632939175702631, 0.00014575565000995994, 0.00015203813381958753, 0.00012549340317491442, 0.00010918034240603447, 0.00012372138735372573, 0.00010227874736301601, 0.00010436973389005288, 0.00010547089914325625, 9.281921666115522e-05, 0.00013588181172963232], [0, 0.0008711329428479075, 0.0003472579119261354, 0.00025996839394792914, 0.00015540290041826665, 0.00014554851804859936, 0.00014680015738122165, 0.00014300704060588032, 0.00016315972607117146, 0.0001764230546541512, 0.00015777572116348892, 0.00017796324391383678, 0.00016905191296245903, 0.0001594007626408711, 0.0001355116837657988, 0.00011521643318701535, 0.00014577720139641315, 0.00011326090316288173, 0.00012405027518980205, 0.00010080099309561774, 0.00012297385546844453], [0, 0.000869609706569463, 0.0003607699181884527, 0.0001991672907024622, 0.00011703337804647163, 0.00012362674169708043, 0.00013842975022271276, 0.0001282918528886512, 0.00016416973085142672, 0.00017182664305437356, 0.00016182767285499722, 0.0001621550472918898, 0.00017488312732893974, 0.00019421186880208552, 0.00014250841923058033, 0.00013591277820523828, 0.00014151468349155039, 0.00014541481505148113, 0.00013796794519294053, 0.00012127983063692227, 0.000142667893669568], [0, 0.0008625483606010675, 0.0003403215087018907, 0.00016989302821457386, 0.00011861643724841997, 0.00012623421207536012, 0.00012624826922547072, 0.00011994031228823587, 0.00015010462084319443, 0.00015839788829907775, 0.00015542484470643103, 0.00014826124242972583, 0.00016734667588025331, 0.00017243910406250507, 0.00013040883641224355, 0.00011464803537819535, 0.00013067778490949422, 0.00012846228491980582, 9.963946649804711e-05, 0.00012144575157435611, 0.0001504109095549211], [0, 0.0008493360364809632, 0.00038021671934984624, 0.00015894774696789682, 0.00013089696585666388, 0.0001142781475209631, 0.00012093744589947164, 0.0001248031621798873, 0.00011726187221938744, 0.00010197890514973551, 0.00011230837844777852, 9.623009100323543e-05, 9.52585760387592e-05, 9.597176540410146e-05, 8.2387137808837e-05, 0.00010281217691954225, 9.086051431950182e-05, 8.657645230414346e-05, 7.140015077311546e-05, 5.553663504542783e-05, 7.017135067144409e-05]]}