{"alpha": 0.75, "beta": 0.5, "gamma": 1.0, "num_samples": 100, "node_count": 10, "density": 0.0, "startup_delay": 0.0, "forward_prob": 0, "epochs": [[0, 1, 2, 3, 4, 5, 6, 7, 8, 9, 10, 11, 12, 13, 14, 15, 16, 17, 18, 19, 20], [0, 1, 2, 3, 4, 5, 6, 7, 8, 9, 10, 11, 12, 13, 14, 15, 16, 17, 18, 19, 20], [0, 1, 2, 3, 4, 5, 6, 7, 8, 9, 10, 11, 12, 13, 14, 15, 16, 17, 18, 19, 20], [0, 1, 2, 3, 4, 5, 6, 7, 8, 9, 10, 11, 12, 13, 14, 15, 16, 17, 18, 19, 20], [0, 1, 2, 3, 4, 5, 6, 7, 8, 9, 10, 11, 12, 13, 14, 15, 16, 17, 18, 19, 20], [0, 1, 2, 3, 4, 5, 6, 7, 8, 9, 10, 11, 12, 13, 14, 15, 16, 17, 18, 19, 20], [0, 1, 2, 3, 4, 5, 6, 7, 8, 9, 10, 11, 12, 13, 14, 15, 16, 17, 18, 19, 20], [0, 1, 2, 3, 4, 5, 6, 7, 8, 9, 10, 11, 12, 13, 14, 15, 16, 17, 18, 19, 20], [0, 1, 2, 3, 4, 5, 6, 7, 8, 9, 10, 11, 12, 13, 14, 15, 16, 17, 18, 19, 20], [0, 1, 2, 3, 4, 5, 6, 7, 8, 9, 10, 11, 12, 13, 14, 15, 16, 17, 18, 19, 20]], "accuracies": [[12.29, 21.78, 65.88, 67.9, 73.72, 67.3, 69.39, 74.65, 75.03, 75.47, 74.58, 73.23, 75.52, 75.6, 75.75, 76.04, 77.03, 75.82, 76.39, 76.15, 75.66], [10.04, 62.04, 36.95, 72.56, 73.28, 69.13, 71.51, 73.9, 74.91, 76.02, 76.36, 75.88, 76.35, 75.47, 75.77, 75.93, 75.63, 76.71, 76.89, 75.63, 75.21], [13.79, 56.03, 60.11, 68.12, 69.5, 68.46, 71.52, 73.24, 73.77, 73.69, 73.89, 74.6, 74.43, 74.32, 74.26, 74.67, 76.03, 75.27, 74.46, 75.67, 75.06], [9.79, 39.13, 67.69, 37.78, 73.84, 72.96, 68.27, 73.15, 74.95, 76.49, 75.29, 75.3, 75.38, 76.04, 76.01, 76.17, 76.54, 76.41, 76.25, 76.87, 76.84], [8.65, 21.85, 65.16, 66.52, 73.44, 72.53, 69.24, 73.87, 74.8, 75.57, 75.56, 73.59, 74.02, 75.19, 76.69, 76.56, 76.74, 76.92, 76.91, 77.16, 76.36], [13.55, 10.0, 48.37, 28.74, 61.21, 61.33, 71.67, 69.91, 74.09, 74.99, 74.24, 74.5, 73.71, 74.78, 74.77, 75.42, 74.98, 77.07, 76.99, 77.46, 76.39], [6.83, 45.19, 65.57, 64.48, 71.65, 73.3, 68.16, 72.43, 72.59, 75.99, 77.55, 77.24, 72.76, 75.02, 73.33, 76.2, 75.89, 78.59, 76.39, 75.69, 77.19], [18.2, 49.17, 58.12, 70.12, 69.18, 72.53, 71.42, 73.79, 72.09, 73.31, 74.23, 74.96, 76.52, 74.19, 73.33, 76.16, 75.82, 76.49, 75.17, 77.28, 75.62], [5.94, 10.0, 70.89, 69.63, 64.39, 66.42, 72.68, 70.2, 71.38, 74.6, 75.7, 74.34, 74.33, 76.09, 76.26, 76.52, 76.86, 76.14, 76.55, 77.95, 77.19], [4.96, 66.9, 60.1, 71.89, 72.21, 72.14, 76.29, 74.2, 71.56, 75.91, 76.53, 77.48, 76.56, 77.61, 76.75, 77.88, 75.41, 77.17, 76.77, 75.88, 76.53]], "msds": [[0, 0.0007026228122413158, 0.00035766541259363294, 0.0001342558243777603, 5.770759889855981e-05, 4.9619415221968666e-05, 3.4657328797038645e-05, 2.1319356164894998e-05, 1.84729287866503e-05, 1.8417642422718927e-05, 1.1131753126392141e-05, 1.2038794011459686e-05, 1.907556361402385e-05, 1.0692062460293528e-05, 4.3576801544986665e-05, 2.1930622096988373e-05, 1.725470065139234e-05, 2.8789496354875155e-05, 2.0847423002123833e-05, 2.215211497968994e-05, 7.336752332776086e-06], [0, 0.0006896596169099212, 0.00035731622483581305, 0.00013566258712671697, 5.649805461871438e-05, 3.0433951906161383e-05, 3.5150456824339926e-05, 2.272880192322191e-05, 1.605030774953775e-05, 1.8664206436369568e-05, 1.672613143455237e-05, 1.205120497616008e-05, 2.8624102924368344e-05, 2.381138619966805e-05, 1.0432030649099033e-05, 5.046393653174164e-06, 3.731570814125007e-06, 1.6244421203737147e-05, 1.3977330127090681e-05, 5.721821707993513e-06, 7.336752332776086e-06], [0, 0.0007030869019217789, 0.00022671435726806521, 0.00027077129925601184, 8.100302511593327e-05, 4.9619415221968666e-05, 2.0604831661330536e-05, 2.105363819282502e-05, 1.572230212332215e-05, 1.540735684102401e-05, 1.1151222679472994e-05, 1.2038794011459686e-05, 1.0860923794098198e-05, 8.063506356847938e-06, 1.5392364730359986e-05, 3.248958455515094e-05, 5.44595459359698e-05, 4.575048660626635e-05, 4.3081647163489833e-05, 3.858242052956484e-05, 1.686047289695125e-05], [0, 0.0006869126809760928, 0.00020903554104734212, 0.0002150790678570047, 0.00012206844985485077, 0.00011058765085181221, 3.784853106481023e-05, 2.9756889489362948e-05, 2.4078955902950838e-05, 3.2141517294803634e-05, 2.7341140594216995e-05, 2.886814581870567e-05, 2.1084395484649576e-05, 2.5781169824767858e-05, 4.2576091800583526e-05, 2.716037124628201e-05, 3.690665107569657e-05, 3.0175722713465802e-05, 2.6436679036123678e-05, 2.8420481612556614e-05, 2.462709744577296e-05], [0, 0.0006953062256798148, 0.00035696718259714544, 0.00013706940808333457, 5.528852852876298e-05, 2.7692714866134338e-05, 2.1591096810880117e-05, 2.3872489691711962e-05, 1.0877051863644738e-05, 1.9436101865721866e-05, 1.4968484720156994e-05, 9.400259841640946e-06, 1.508693185314769e-05, 6.592262707272312e-06, 6.6368584157316945e-06, 4.0275581341120414e-06, 2.698500566111761e-06, 5.3850126278121024e-06, 6.143775408418151e-06, 5.5269606491492596e-06, 1.0299325367668644e-05], [0, 0.0006985208601690829, 0.00019085548410657793, 0.0002479216200299561, 0.00014558139082510024, 0.0001590343745192513, 4.155456554144621e-05, 3.177452163072303e-05, 2.1097870558151044e-05, 1.9436101865721866e-05, 7.596948762511602e-06, 9.400259841640946e-06, 1.508693185314769e-05, 6.592262707272312e-06, 2.8416880013537593e-06, 3.0087228424235946e-06, 1.6654306591590284e-06, 1.7383033991791308e-05, 1.0035211744252592e-05, 1.1058921700168867e-05, 2.3915468773338944e-05], [0, 0.0006841651629656553, 0.00038318365113809705, 0.00015176981105469167, 9.431168291484937e-05, 6.240664515644312e-05, 0.00017277916776947677, 6.30357171758078e-05, 4.123982216697186e-05, 4.439568510861136e-05, 3.1908697565086186e-05, 3.8965605199337006e-05, 4.490413994062692e-05, 3.038287286472041e-05, 3.712054967763834e-05, 3.587562605389394e-05, 4.4731346861226484e-05, 5.3721469157608226e-05, 4.76707900816109e-05, 3.344740252941847e-05, 4.340219311416149e-05], [0, 0.0007061999058350921, 0.00021901357104070485, 8.894303027773276e-05, 4.4820197217632085e-05, 3.9979047869564965e-05, 8.089066977845505e-05, 4.5585809857584536e-05, 0.00016176450299099088, 4.715383329312317e-05, 8.93690885277465e-05, 6.203469092724845e-05, 4.153672489337623e-05, 4.8371104639954865e-05, 4.179210736765526e-05, 4.6163815568434075e-05, 3.94564813177567e-05, 4.2826337448786944e-05, 6.561644840985537e-05, 1.8768756490317173e-05, 2.8077034585294314e-05], [0, 0.0007052366272546351, 0.00021901357104070485, 8.894303027773276e-05, 9.032803791342303e-05, 7.887993706390262e-05, 0.00011748412362067029, 0.0001764534681569785, 0.00011376470502000302, 0.00010312693484593183, 4.582780820783228e-05, 4.144779813941568e-05, 3.639214628492482e-05, 4.648469985113479e-05, 3.492825635476038e-05, 2.481130104570184e-05, 4.18839517806191e-05, 2.769535785773769e-05, 4.025327507406473e-05, 1.7960081095225178e-05, 3.1414369004778564e-05], [0, 0.0006902143359184265, 0.00038318365113809705, 0.00015176981105469167, 6.284352275542915e-05, 5.088879697723314e-05, 2.8293146897340193e-05, 0.00014695501886308193, 8.68035203893669e-05, 5.40102191735059e-05, 3.43137580784969e-05, 3.2050527806859463e-05, 2.15230138564948e-05, 4.173240813543089e-05, 5.546245301957242e-05, 5.341473297448829e-05, 3.774874858208932e-05, 6.420198042178527e-05, 2.9797700335620902e-05, 4.556942076305859e-05, 5.6477343605365604e-05]]}