{"alpha": 0.75, "beta": 0.5, "gamma": 1.0, "num_samples": 100, "node_count": 10, "density": 0.0, "startup_delay": 0.0, "forward_prob": 0, "epochs": [[0, 1, 2, 3, 4, 5, 6, 7, 8, 9, 10, 11, 12, 13, 14, 15, 16, 17, 18, 19, 20], [0, 1, 2, 3, 4, 5, 6, 7, 8, 9, 10, 11, 12, 13, 14, 15, 16, 17, 18, 19, 20], [0, 1, 2, 3, 4, 5, 6, 7, 8, 9, 10, 11, 12, 13, 14, 15, 16, 17, 18, 19, 20], [0, 1, 2, 3, 4, 5, 6, 7, 8, 9, 10, 11, 12, 13, 14, 15, 16, 17, 18, 19, 20], [0, 1, 2, 3, 4, 5, 6, 7, 8, 9, 10, 11, 12, 13, 14, 15, 16, 17, 18, 19, 20], [0, 1, 2, 3, 4, 5, 6, 7, 8, 9, 10, 11, 12, 13, 14, 15, 16, 17, 18, 19, 20], [0, 1, 2, 3, 4, 5, 6, 7, 8, 9, 10, 11, 12, 13, 14, 15, 16, 17, 18, 19, 20], [0, 1, 2, 3, 4, 5, 6, 7, 8, 9, 10, 11, 12, 13, 14, 15, 16, 17, 18, 19, 20], [0, 1, 2, 3, 4, 5, 6, 7, 8, 9, 10, 11, 12, 13, 14, 15, 16, 17, 18, 19, 20], [0, 1, 2, 3, 4, 5, 6, 7, 8, 9, 10, 11, 12, 13, 14, 15, 16, 17, 18, 19, 20]], "accuracies": [[10.02, 10.33, 68.83, 62.38, 72.37, 74.23, 75.31, 75.16, 76.22, 76.07, 76.94, 75.2, 77.5, 77.11, 75.92, 76.72, 76.92, 74.19, 75.81, 76.13, 76.14], [14.36, 55.91, 44.78, 59.68, 66.53, 71.47, 72.33, 74.08, 73.86, 73.58, 76.13, 76.09, 76.49, 75.86, 76.12, 76.9, 77.19, 75.15, 76.11, 75.74, 76.06], [4.29, 69.1, 67.32, 70.96, 68.7, 71.89, 73.68, 73.09, 74.76, 76.6, 76.83, 77.16, 76.81, 74.87, 77.44, 78.26, 78.25, 78.49, 78.08, 76.6, 77.23], [10.94, 37.88, 52.1, 69.01, 66.71, 72.05, 74.99, 73.59, 73.93, 75.23, 75.92, 75.42, 75.62, 74.89, 75.64, 75.99, 76.21, 77.87, 75.73, 76.03, 76.38], [11.79, 51.46, 56.53, 71.28, 67.06, 73.59, 75.22, 75.9, 76.47, 77.26, 77.27, 77.66, 75.94, 75.65, 75.0, 76.4, 77.04, 74.32, 75.88, 75.96, 76.28], [8.49, 61.29, 57.29, 71.75, 71.49, 75.32, 75.34, 76.56, 76.59, 77.12, 77.01, 77.35, 77.45, 76.47, 75.03, 77.7, 77.11, 75.36, 76.17, 77.02, 77.01], [9.69, 40.75, 50.5, 67.74, 70.16, 75.37, 75.53, 75.75, 75.89, 76.48, 76.46, 76.9, 77.13, 76.03, 73.52, 77.33, 76.98, 74.81, 75.94, 76.53, 76.98], [6.99, 52.75, 47.83, 62.94, 66.16, 67.09, 72.3, 73.26, 72.66, 76.0, 76.22, 78.42, 77.19, 77.29, 78.19, 76.1, 77.39, 77.2, 76.42, 76.01, 76.83], [4.21, 19.64, 28.0, 61.22, 70.32, 71.1, 71.81, 70.68, 75.69, 72.67, 75.09, 78.6, 76.55, 78.25, 76.85, 77.79, 77.05, 77.33, 76.54, 75.69, 74.28], [13.09, 58.32, 67.29, 61.3, 66.9, 70.35, 72.65, 71.48, 71.69, 71.84, 77.44, 77.47, 77.96, 77.95, 78.11, 78.38, 76.23, 77.8, 76.31, 78.29, 77.84]], "msds": [[0, 0.0006867018528282642, 0.00019053752475883812, 0.0001742278109304607, 0.00013246265007182956, 0.00013020573533140123, 5.5219537898665294e-05, 3.5554097848944366e-05, 4.1749099182197824e-05, 2.0966570446034893e-05, 2.4997472792165354e-05, 2.237478838651441e-05, 3.4476321161491796e-05, 3.1178824428934604e-05, 1.7405671314918436e-05, 4.080630333191948e-06, 1.3673253306478728e-05, 6.566671800101176e-05, 1.9894083379767835e-05, 5.643295935442438e-06, 2.530437313907896e-06], [0, 0.0006817895919084549, 0.0002728062681853771, 0.00010317142732674256, 0.00015217269537970424, 4.7809437091927975e-05, 0.00011786443792516366, 6.984246283536777e-05, 6.082360778236762e-05, 2.3091699404176325e-05, 2.655787830008194e-05, 2.3147655156208202e-05, 3.4767956094583496e-05, 4.073282252647914e-05, 1.0292992556060199e-05, 1.674268969509285e-05, 1.3673253306478728e-05, 3.7901488667557715e-06, 4.2312080040574074e-05, 1.1299266589048784e-05, 1.5214164704957511e-05], [0, 0.000697985349688679, 0.00021848159667570144, 6.660872168140486e-05, 5.5255663028219715e-05, 0.00013123323151376098, 8.577173139201477e-05, 4.3912517867283896e-05, 0.00010357866995036602, 6.435990508180112e-05, 5.7477212976664305e-05, 4.06317958550062e-05, 3.7245066778268665e-05, 5.969521225779317e-05, 4.652192728826776e-05, 3.3265299862250686e-05, 3.9605154597666115e-05, 3.527627632138319e-05, 1.6840456737554632e-05, 3.658698915387504e-05, 2.914053766289726e-05], [0, 0.0006934305420145392, 0.00019489222904667258, 0.00010410823597339913, 0.0001471539435442537, 6.96256902301684e-05, 9.963635966414586e-05, 0.00010981659579556435, 5.276831143419258e-05, 3.986962838098407e-05, 3.624775490607135e-05, 2.237478838651441e-05, 9.405621312907897e-06, 5.579891876550391e-05, 1.7405671314918436e-05, 4.080630333191948e-06, 1.0640351320034824e-06, 2.165597106795758e-05, 4.2047224269481376e-05, 1.674347004154697e-05, 6.300440873019397e-06], [0, 0.0006894419784657657, 0.00038398761535063386, 0.0001662092108745128, 6.562790076714009e-05, 3.502859908621758e-05, 1.7472502804594114e-05, 2.1260590074234642e-05, 1.7184504031320103e-05, 1.520953719591489e-05, 1.2739451449306216e-05, 1.5330102542066015e-05, 3.418466076254845e-05, 2.1624859073199332e-05, 1.7170172213809565e-05, 1.4342662325361744e-05, 8.807177437120117e-06, 6.566671800101176e-05, 1.9894083379767835e-05, 5.643295935442438e-06, 2.530437313907896e-06], [0, 0.0006998071912676096, 0.00038398761535063386, 0.00014196682604961097, 9.664872050052509e-05, 4.818272645934485e-05, 4.442038698471151e-05, 2.656143442436587e-05, 3.6194036511005834e-05, 2.2889662432135083e-05, 2.0789681002497673e-05, 1.798608536773827e-05, 1.2070327102264855e-05, 3.14575299853459e-05, 4.4858461478725076e-05, 3.33979660354089e-05, 2.6893772883340716e-05, 7.005724182818085e-05, 5.112544749863446e-05, 3.6164663470117375e-05, 4.426809027791023e-05], [0, 0.0006958760204724967, 0.0003836494288407266, 0.0001662092108745128, 6.562790076714009e-05, 3.502859908621758e-05, 1.7472502804594114e-05, 6.967064109630883e-06, 1.1694399290718138e-05, 3.897541773767443e-06, 3.681495172713767e-06, 3.175749498041114e-06, 6.187458893691655e-06, 2.163681165257003e-05, 2.1663077859557234e-05, 1.728841925796587e-05, 5.830032387166284e-05, 7.477006874978542e-05, 3.5300439776619896e-05, 1.600419454916846e-05, 1.3948324522061739e-05], [0, 0.0006903410539962351, 0.0003432170778978616, 0.00010823974298546091, 8.666283247293904e-05, 4.187678132439032e-05, 4.164700658293441e-05, 4.0854592953110114e-05, 0.00022614456247538328, 0.00013372449029702693, 8.884615817805752e-05, 9.533527190797031e-05, 4.362549589131959e-05, 5.096293898532167e-05, 2.4952099920483306e-05, 6.1009170167380944e-05, 6.050535012036562e-05, 6.283051334321499e-05, 4.983085818821564e-05, 4.450852065929212e-05, 5.154422979103401e-05], [0, 0.0006808299804106355, 0.0003444171161390841, 0.00010570559970801696, 4.437433017301373e-05, 0.00010520478099351749, 8.689929381944239e-05, 0.0001889005652628839, 9.363320714328438e-05, 6.674962787656114e-05, 5.712367783416994e-05, 5.810117727378383e-05, 5.712943311664276e-05, 6.508426304208115e-05, 4.265849565854296e-05, 4.634734068531543e-05, 4.3506475776666775e-05, 4.669933332479559e-05, 2.9241855372674763e-05, 5.876215436728671e-05, 3.3889700716827065e-05], [0, 0.0006903410539962351, 0.00023585213057231158, 0.00017925849533639848, 8.666283247293904e-05, 4.187678132439032e-05, 1.855019036156591e-05, 2.5049286705325358e-05, 2.1238029148662463e-05, 0.00018426119640935212, 0.00016439362661913037, 0.00011675930727506056, 3.9559319702675566e-05, 3.763430140679702e-05, 1.9947789041907527e-05, 1.0815238965733442e-05, 5.687208249582909e-05, 7.236348028527573e-05, 9.012362716021016e-05, 4.769965380546637e-05, 6.064855551812798e-05]]}