{"alpha": 0.75, "beta": 0.5, "gamma": 8.0, "num_samples": 1000, "node_count": 10, "density": 1.0, "startup_delay": 0.0, "forward_prob": 0, "epochs": [[0, 1, 2, 3, 4, 5, 6, 7, 8, 9, 10, 11, 12, 13, 14, 15, 16, 17, 18, 19, 20], [0, 1, 2, 3, 4, 5, 6, 7, 8, 9, 10, 11, 12, 13, 14, 15, 16, 17, 18, 19, 20], [0, 1, 2, 3, 4, 5, 6, 7, 8, 9, 10, 11, 12, 13, 14, 15, 16, 17, 18, 19, 20], [0, 1, 2, 3, 4, 5, 6, 7, 8, 9, 10, 11, 12, 13, 14, 15, 16, 17, 18, 19, 20], [0, 1, 2, 3, 4, 5, 6, 7, 8, 9, 10, 11, 12, 13, 14, 15, 16, 17, 18, 19, 20], [0, 1, 2, 3, 4, 5, 6, 7, 8, 9, 10, 11, 12, 13, 14, 15, 16, 17, 18, 19, 20], [0, 1, 2, 3, 4, 5, 6, 7, 8, 9, 10, 11, 12, 13, 14, 15, 16, 17, 18, 19, 20], [0, 1, 2, 3, 4, 5, 6, 7, 8, 9, 10, 11, 12, 13, 14, 15, 16, 17, 18, 19, 20], [0, 1, 2, 3, 4, 5, 6, 7, 8, 9, 10, 11, 12, 13, 14, 15, 16, 17, 18, 19, 20], [0, 1, 2, 3, 4, 5, 6, 7, 8, 9, 10, 11, 12, 13, 14, 15, 16, 17, 18, 19, 20]], "accuracies": [[16.36, 26.87, 68.58, 76.74, 78.81, 81.6, 82.91, 83.74, 84.36, 85.2, 85.49, 85.9, 86.09, 85.83, 86.22, 86.29, 86.27, 86.41, 86.46, 86.61, 86.65], [17.64, 10.05, 70.77, 76.76, 78.52, 81.04, 83.1, 83.61, 84.37, 84.92, 85.7, 85.67, 85.74, 85.72, 86.27, 86.36, 86.23, 86.33, 86.3, 86.48, 86.61], [9.99, 10.0, 67.94, 76.63, 78.83, 81.24, 82.94, 83.75, 84.05, 85.1, 85.5, 85.51, 85.95, 85.73, 86.15, 86.45, 86.38, 86.44, 86.54, 86.64, 86.85], [8.96, 10.0, 64.15, 76.85, 79.66, 81.32, 82.93, 83.84, 84.35, 85.06, 85.57, 85.89, 86.02, 85.67, 86.27, 86.52, 86.2, 86.51, 86.38, 86.59, 86.64], [8.91, 10.0, 68.04, 76.37, 78.86, 80.91, 82.44, 83.42, 83.94, 85.04, 85.7, 85.84, 85.98, 85.89, 86.29, 86.27, 86.17, 86.44, 86.28, 86.59, 86.7], [13.0, 13.64, 69.09, 75.63, 78.99, 81.24, 82.86, 83.62, 84.4, 85.32, 85.58, 86.01, 86.15, 85.87, 86.17, 86.34, 86.15, 86.44, 86.27, 86.61, 86.7], [11.64, 16.49, 68.67, 76.57, 79.22, 81.28, 82.97, 83.64, 83.89, 85.04, 85.47, 85.82, 85.87, 85.73, 86.33, 86.28, 86.13, 86.47, 86.47, 86.61, 86.67], [17.24, 13.07, 67.23, 76.58, 79.38, 81.01, 82.76, 83.8, 84.28, 85.31, 85.5, 85.71, 85.85, 85.82, 86.34, 86.3, 86.28, 86.4, 86.39, 86.53, 86.36], [10.7, 10.0, 69.01, 76.34, 78.99, 80.91, 82.97, 83.45, 84.62, 85.13, 85.79, 85.92, 85.85, 85.74, 86.17, 86.38, 86.32, 86.53, 86.24, 86.53, 86.65], [10.23, 20.21, 69.72, 76.83, 79.29, 81.25, 82.32, 83.2, 84.42, 85.11, 85.65, 85.61, 85.97, 85.76, 86.18, 86.33, 86.14, 86.19, 86.2, 86.41, 86.5]], "msds": [[0, 0.0008762265206314623, 0.00030494562815874815, 0.0001410571567248553, 8.795130997896194e-05, 8.64755711518228e-05, 9.450825018575415e-05, 0.00010367218783358112, 0.00011371171422069892, 0.00012352378689683974, 0.0001121084060287103, 0.00011480953253339976, 0.00011494699720060453, 0.00010525196557864547, 9.044475154951215e-05, 9.340805263491347e-05, 8.17470281617716e-05, 9.16427670745179e-05, 0.00010067465336760506, 0.00010762905003502965, 7.496040780097246e-05], [0, 0.0008556111133657396, 0.00032713712425902486, 0.0001551915192976594, 8.68827264639549e-05, 8.373570744879544e-05, 9.255749318981543e-05, 9.979127935366705e-05, 0.00010824860510183498, 0.00012228784908074886, 0.00012213540321681648, 0.00010957090125884861, 0.0001211881753988564, 0.00010648899478837848, 8.882391557563096e-05, 0.0001037957554217428, 8.281036571133882e-05, 0.00010444330837344751, 8.733299182495102e-05, 7.940141949802637e-05, 7.983161049196497e-05], [0, 0.0008653780096210539, 0.0003238341014366597, 0.00015321529645007104, 9.076663991436362e-05, 9.185927046928555e-05, 9.302246326114982e-05, 0.00010644272697390988, 0.0001179976316052489, 0.00012475484982132912, 0.00012425838212948292, 0.0001274096721317619, 0.00011065402941312641, 0.00010470813140273094, 0.00010288847261108458, 9.850678179645911e-05, 0.00010650046169757843, 9.151324775302783e-05, 0.0001007339742500335, 6.853754894109443e-05, 8.171479566954076e-05], [0, 0.0008848137222230434, 0.00031468633096665144, 0.00014678537263534963, 8.528603939339519e-05, 9.171915735350922e-05, 9.87734310911037e-05, 0.00010735504474723712, 0.00011451639875303954, 0.00012346613220870495, 0.00011817006452474743, 0.00011647956853266805, 0.00011739326873794198, 0.00010166331776417792, 0.00010405226203147322, 0.00010244155419059098, 7.80013797339052e-05, 9.052483801497146e-05, 0.0001045147655531764, 8.599599095759913e-05, 8.863819675752893e-05], [0, 0.0008718385361135006, 0.0002985241007991135, 0.0001462532818550244, 8.332723518833518e-05, 8.239705493906513e-05, 9.312326437793672e-05, 0.00010323392052669078, 0.00011293189891148359, 0.00011705100041581318, 0.0001193940406665206, 0.00011544451990630478, 0.00011957859533140436, 9.864397725323215e-05, 0.00010506418038858101, 9.831221541389823e-05, 9.22367034945637e-05, 8.189527579816058e-05, 8.732457354199141e-05, 8.370778959942982e-05, 9.259501530323178e-05], [0, 0.0008435859344899654, 0.00027548649813979864, 0.00013170218153391033, 7.901310891611502e-05, 7.786204514559358e-05, 8.283506758743897e-05, 9.291802416555583e-05, 0.00010406613728264347, 0.00011749374971259385, 0.0001077338820323348, 0.00010545977420406416, 0.0001143836198025383, 0.00011548159818630666, 9.022401354741305e-05, 9.445541218155995e-05, 9.394902008352801e-05, 7.184765854617581e-05, 8.606308256275952e-05, 6.904601468704641e-05, 7.283227751031518e-05], [0, 0.0008487860322929919, 0.00028727808967232704, 0.0001414611906511709, 8.58241764944978e-05, 8.287123637273908e-05, 9.068688814295456e-05, 9.894852701108903e-05, 0.00010534346074564382, 0.00011565973545657471, 0.00011892292241100222, 0.00010748258500825614, 0.00010836374713107944, 0.00010097771883010864, 0.00011405906116124243, 8.638202416477725e-05, 8.28193369670771e-05, 9.427244367543608e-05, 8.277530287159607e-05, 6.852196383988485e-05, 6.149870023364201e-05], [0, 0.0008734291768632829, 0.00030445822631008923, 0.0001429888216080144, 8.263779454864562e-05, 9.056740236701444e-05, 9.27735964069143e-05, 0.00010343125177314505, 0.00011226868082303554, 0.00011972036008955911, 0.00011166140029672533, 0.00011066887236665934, 0.0001055524917319417, 0.00010292576916981488, 9.270737791666761e-05, 9.13246622076258e-05, 8.860918023856357e-05, 8.463820267934352e-05, 8.161197183653712e-05, 8.19248307379894e-05, 0.00010630067845340818], [0, 0.0008927148883230984, 0.00032571234623901546, 0.0001377488806610927, 8.11038407846354e-05, 8.574953972129151e-05, 9.479872096562758e-05, 0.00011332944995956495, 0.00012298169895075262, 0.00012645777314901352, 0.00012583316129166633, 0.00012166876695118845, 0.00012118654558435082, 0.0001215776355820708, 0.000104213431768585, 9.996657172450796e-05, 9.51278634602204e-05, 0.0001034201486618258, 0.00010198607196798548, 8.566449832869694e-05, 9.512954420642927e-05], [0, 0.0008551228675059974, 0.0002979251148644835, 0.0001400808250764385, 9.099204908125103e-05, 8.077226812019944e-05, 8.901677210815251e-05, 9.433038940187544e-05, 0.00011409835860831663, 0.000110012995719444, 0.00011310436093481258, 0.00010937981278402731, 0.00011843815445899963, 9.38834564294666e-05, 9.162678907159716e-05, 0.00010652723722159863, 9.536123252473772e-05, 8.355081081390381e-05, 0.00010410635150037706, 7.4492119892966e-05, 8.749841072130948e-05]]}