{"alpha": 0.75, "beta": 0.5, "gamma": 1.0, "num_samples": 100, "node_count": 10, "density": 0.0, "startup_delay": 2.0, "forward_prob": 0, "epochs": [[0, 1, 2, 3, 4, 5, 6, 7, 8, 9, 10, 11, 12, 13, 14, 15, 16, 17, 18, 19, 20], [0, 1, 2, 3, 4, 5, 6, 7, 8, 9, 10, 11, 12, 13, 14, 15, 16, 17, 18, 19, 20], [0, 1, 2, 3, 4, 5, 6, 7, 8, 9, 10, 11, 12, 13, 14, 15, 16, 17, 18, 19, 20], [0, 1, 2, 3, 4, 5, 6, 7, 8, 9, 10, 11, 12, 13, 14, 15, 16, 17, 18, 19, 20], [0, 1, 2, 3, 4, 5, 6, 7, 8, 9, 10, 11, 12, 13, 14, 15, 16, 17, 18, 19, 20], [0, 1, 2, 3, 4, 5, 6, 7, 8, 9, 10, 11, 12, 13, 14, 15, 16, 17, 18, 19, 20], [0, 1, 2, 3, 4, 5, 6, 7, 8, 9, 10, 11, 12, 13, 14, 15, 16, 17, 18, 19, 20], [0, 1, 2, 3, 4, 5, 6, 7, 8, 9, 10, 11, 12, 13, 14, 15, 16, 17, 18, 19, 20], [0, 1, 2, 3, 4, 5, 6, 7, 8, 9, 10, 11, 12, 13, 14, 15, 16, 17, 18, 19, 20], [0, 1, 2, 3, 4, 5, 6, 7, 8, 9, 10, 11, 12, 13, 14, 15, 16, 17, 18, 19, 20]], "accuracies": [[7.1, 28.52, 28.26, 24.98, 27.84, 27.36, 36.27, 37.17, 37.08, 41.55, 41.55, 28.85, 31.41, 29.86, 30.7, 50.74, 30.22, 53.73, 28.49, 36.9, 27.97], [19.21, 27.97, 27.64, 26.17, 27.89, 27.87, 37.28, 36.07, 37.48, 38.17, 38.93, 47.64, 36.18, 43.99, 44.4, 50.26, 54.13, 53.02, 52.42, 42.34, 57.86], [11.19, 10.0, 29.22, 26.51, 28.96, 36.2, 27.4, 19.81, 23.91, 20.88, 22.74, 23.06, 41.78, 49.43, 24.21, 28.06, 24.32, 32.59, 25.35, 25.1, 30.72], [11.78, 19.21, 20.32, 21.98, 18.43, 22.64, 33.95, 25.14, 20.16, 17.86, 20.08, 24.31, 28.88, 35.38, 44.62, 48.35, 49.62, 39.46, 57.73, 42.75, 47.3], [10.75, 17.19, 20.12, 17.78, 22.25, 18.96, 22.75, 31.89, 22.83, 20.33, 18.8, 23.73, 29.66, 32.3, 32.69, 33.58, 33.23, 30.59, 33.35, 32.96, 32.67], [9.08, 28.56, 28.53, 28.77, 28.82, 28.96, 28.84, 28.88, 28.95, 21.47, 29.82, 40.36, 24.61, 27.99, 26.93, 31.6, 28.68, 27.05, 31.46, 31.09, 36.11], [13.03, 25.96, 26.89, 28.37, 28.25, 34.28, 28.32, 34.96, 28.76, 32.36, 31.27, 29.56, 33.28, 29.3, 28.31, 28.74, 28.22, 33.64, 27.84, 30.62, 28.06], [13.28, 18.08, 27.69, 26.64, 29.08, 26.15, 27.75, 27.24, 28.58, 32.53, 32.97, 41.51, 38.5, 39.98, 45.31, 39.3, 43.01, 34.97, 35.97, 36.13, 55.25], [9.71, 10.0, 17.84, 16.23, 21.45, 19.87, 24.15, 25.32, 25.83, 28.2, 24.97, 26.28, 28.32, 29.32, 42.6, 28.36, 30.31, 29.25, 29.02, 28.32, 25.41], [8.93, 25.66, 24.5, 33.32, 35.81, 32.27, 36.76, 40.19, 33.09, 33.8, 36.49, 42.02, 43.48, 42.89, 44.48, 33.11, 38.99, 37.95, 37.62, 37.49, 37.41]], "msds": [[0, 0.00066752900602296, 0.00027515608235262334, 0.00014157847908791155, 8.101105777313933e-05, 5.8079946029465646e-05, 4.3781848944490775e-05, 4.1812967538135126e-05, 5.720326953451149e-05, 4.335480844019912e-05, 6.259261863306165e-05, 7.230640039779246e-05, 7.577696669613943e-05, 6.06923749728594e-05, 5.346314355847426e-05, 7.512418233091012e-05, 6.662425585091114e-05, 7.360860763583332e-05, 6.264919647946954e-05, 6.35860487818718e-05, 5.429844532045536e-05], [0, 0.00066752900602296, 0.00027515608235262334, 0.00014157847908791155, 8.101105777313933e-05, 5.8079946029465646e-05, 4.3781848944490775e-05, 4.1812967538135126e-05, 4.8558926209807396e-05, 4.4986878492636606e-05, 4.5559969294117764e-05, 4.879304105998017e-05, 8.883291593519971e-05, 0.0001172660558950156, 7.996899512363598e-05, 6.675083568552509e-05, 4.286556213628501e-05, 4.805299249710515e-05, 2.6566936867311597e-05, 8.589223580202088e-05, 0.00010337453568354249], [0, 0.0006714186747558415, 0.0002280956250615418, 0.00011002182145603001, 9.442866576137021e-05, 7.230540359159932e-05, 4.4413616706151515e-05, 0.0001887430698843673, 0.00030267724650911987, 0.0001677685504546389, 0.00015199663175735623, 0.0001293415843974799, 0.00012983941996935755, 9.477559069637209e-05, 4.9147427489515394e-05, 4.573781188810244e-05, 5.506295929080807e-05, 5.309416155796498e-05, 2.720357952057384e-05, 6.999930337769911e-05, 4.199402974336408e-05], [0, 0.0006660604849457741, 0.00023632191005162895, 0.00012015236279694363, 9.442866576137021e-05, 5.735317972721532e-05, 6.196821050252765e-05, 5.601752127404325e-05, 0.00019092962611466646, 0.00028011295944452286, 0.00022700194676872343, 0.00019718328258022666, 0.00013593041512649506, 0.00011691782128764316, 0.00010905940143857151, 7.580968667753041e-05, 5.5023156164679676e-05, 6.251048762351274e-05, 8.003640687093139e-05, 5.354792301659472e-05, 7.185783033492044e-05], [0, 0.0006767771556042135, 0.00021986928186379373, 9.989135287469253e-05, 5.163658352103084e-05, 8.725754742044955e-05, 4.4413616706151515e-05, 2.1609783289022744e-05, 0.0001531817251816392, 0.0002593777026049793, 0.0001762813189998269, 0.00012208419502712786, 8.461190009256825e-05, 7.41211260901764e-05, 4.826239819522016e-05, 3.944266791222617e-05, 2.4737542844377458e-05, 4.8728848923929036e-05, 3.1346218747785315e-05, 2.9068707590340637e-05, 3.21298539347481e-05], [0, 0.0006709767621941864, 0.00020955425861757249, 0.00024160939210560173, 0.00012427613546606153, 8.858646469889209e-05, 7.6402080594562e-05, 7.378118607448414e-05, 5.615741611109115e-05, 9.253851749235764e-05, 7.204217399703339e-05, 4.218993126414716e-05, 3.098072193097323e-05, 1.795117168512661e-05, 2.4940291041275486e-05, 1.550911838421598e-05, 1.3564951586886309e-05, 2.042134656221606e-05, 1.4381313121702988e-05, 5.3402291086968035e-05, 7.614239439135417e-05], [0, 0.0006666036206297576, 0.00027496914844959974, 0.0002422835532343015, 0.0001306518679484725, 8.905335562303662e-05, 9.990861144615337e-05, 9.317397052654997e-05, 8.008556324057281e-05, 8.748427353566512e-05, 6.585837400052696e-05, 7.676008681301028e-05, 6.232042505871505e-05, 5.6840777688194066e-05, 6.111204857006669e-05, 5.644775228574872e-05, 6.10806091572158e-05, 4.9029455112759024e-05, 4.14196947531309e-05, 4.348490256234072e-05, 4.147348226979375e-05], [0, 0.0006475079571828246, 0.00022669242753181607, 7.488652045140043e-05, 6.584759103134274e-05, 8.858646469889209e-05, 7.6402080594562e-05, 7.378118607448414e-05, 5.615741611109115e-05, 5.8835739764617756e-05, 8.073040226008743e-05, 3.86721731047146e-05, 4.406393054523505e-05, 5.3337655117502436e-05, 5.311795393936336e-05, 5.3960218792781234e-05, 5.9697522374335676e-05, 5.1716400776058435e-05, 6.354014476528391e-05, 5.3402291086968035e-05, 5.880797834834084e-05], [0, 0.0005854589981026947, 0.00017610963550396264, 0.00020449758449103683, 0.00024759609368629754, 0.00011229390656808391, 0.00010434282739879563, 0.00010593847400741652, 9.253851749235764e-05, 9.355115616926923e-05, 5.917049929848872e-05, 4.00640674342867e-05, 1.795117168512661e-05, 2.4940291041275486e-05, 3.648429628810845e-05, 1.3564951586886309e-05, 2.042134656221606e-05, 1.4381313121702988e-05, 1.83595584530849e-05, 6.142564961919561e-05, 0], [0, 0.0006407866603694856, 9.210937423631549e-05, 6.088944792281836e-05, 6.330187170533463e-05, 5.683513154508546e-05, 4.506979166762903e-05, 2.7453132133814506e-05, 8.45231261337176e-05, 6.830067286500707e-05, 6.105573993409052e-05, 3.102152913925238e-05, 1.8438566257827915e-05, 2.0593293811543845e-05, 1.4130085219221655e-05, 8.335536404047161e-05, 0, 0, 0, 0, 0]]}