{"alpha": 0.75, "beta": 0.5, "gamma": 8.0, "num_samples": 1000, "node_count": 10, "density": 1.0, "startup_delay": 0.0, "forward_prob": 0, "epochs": [[0, 1, 2, 3, 4, 5, 6, 7, 8, 9, 10, 11, 12, 13, 14, 15, 16, 17, 18, 19, 20], [0, 1, 2, 3, 4, 5, 6, 7, 8, 9, 10, 11, 12, 13, 14, 15, 16, 17, 18, 19, 20], [0, 1, 2, 3, 4, 5, 6, 7, 8, 9, 10, 11, 12, 13, 14, 15, 16, 17, 18, 19, 20], [0, 1, 2, 3, 4, 5, 6, 7, 8, 9, 10, 11, 12, 13, 14, 15, 16, 17, 18, 19, 20], [0, 1, 2, 3, 4, 5, 6, 7, 8, 9, 10, 11, 12, 13, 14, 15, 16, 17, 18, 19, 20], [0, 1, 2, 3, 4, 5, 6, 7, 8, 9, 10, 11, 12, 13, 14, 15, 16, 17, 18, 19, 20], [0, 1, 2, 3, 4, 5, 6, 7, 8, 9, 10, 11, 12, 13, 14, 15, 16, 17, 18, 19, 20], [0, 1, 2, 3, 4, 5, 6, 7, 8, 9, 10, 11, 12, 13, 14, 15, 16, 17, 18, 19, 20], [0, 1, 2, 3, 4, 5, 6, 7, 8, 9, 10, 11, 12, 13, 14, 15, 16, 17, 18, 19, 20], [0, 1, 2, 3, 4, 5, 6, 7, 8, 9, 10, 11, 12, 13, 14, 15, 16, 17, 18, 19, 20]], "accuracies": [[11.25, 11.82, 29.29, 29.3, 39.49, 43.23, 59.49, 52.37, 61.98, 55.25, 57.55, 55.35, 61.2, 53.08, 63.16, 53.58, 63.75, 57.61, 63.68, 57.82, 54.87], [11.01, 10.0, 22.88, 35.27, 37.5, 53.48, 49.44, 64.42, 46.07, 71.38, 39.58, 64.77, 46.7, 67.17, 54.38, 71.42, 48.83, 72.95, 57.49, 70.26, 48.34], [14.57, 10.0, 22.75, 25.11, 36.26, 37.34, 39.65, 49.66, 44.95, 62.77, 45.76, 52.91, 48.92, 62.68, 51.54, 66.48, 48.76, 66.27, 46.01, 67.37, 31.74], [13.49, 10.06, 29.37, 30.42, 39.26, 54.67, 56.42, 57.48, 57.01, 57.05, 50.72, 51.8, 61.21, 53.07, 62.66, 54.54, 58.13, 53.15, 62.24, 57.98, 52.44], [13.51, 19.6, 25.86, 31.61, 47.9, 44.98, 52.1, 50.42, 59.84, 51.12, 54.39, 46.77, 62.2, 57.05, 64.01, 52.59, 63.04, 56.36, 65.08, 55.77, 60.55], [16.74, 23.33, 27.98, 27.83, 28.72, 38.78, 36.63, 44.88, 44.86, 64.27, 45.97, 61.86, 44.93, 67.07, 46.22, 69.86, 47.95, 67.84, 56.61, 69.15, 43.16], [6.85, 10.0, 23.04, 24.51, 36.25, 56.01, 54.34, 60.47, 51.01, 64.17, 41.71, 61.84, 45.36, 63.73, 52.99, 69.03, 49.28, 71.5, 58.08, 70.82, 52.17], [9.01, 10.0, 26.73, 46.73, 37.5, 54.27, 47.85, 66.25, 49.83, 64.94, 44.15, 57.08, 51.22, 62.39, 58.86, 64.44, 54.87, 65.23, 54.84, 63.45, 55.77], [7.74, 10.0, 28.57, 26.15, 32.74, 44.58, 45.34, 56.56, 46.59, 52.55, 44.14, 51.38, 57.15, 55.44, 57.88, 62.3, 55.04, 63.99, 49.72, 67.31, 33.6], [11.89, 10.0, 25.69, 26.55, 38.32, 42.77, 49.55, 48.35, 57.53, 47.62, 53.46, 50.56, 59.12, 54.2, 63.49, 53.86, 61.45, 49.64, 56.01, 59.3, 47.55]], "msds": [[0, 0.0007561861420981586, 0.0002068935427814722, 0.00018666830146685243, 0.00010667595779523253, 9.268897701986134e-05, 7.426083175232634e-05, 8.114007505355403e-05, 7.388470839941874e-05, 7.690946949878708e-05, 7.883054786361754e-05, 9.167080861516297e-05, 6.861850852146745e-05, 9.107872756430879e-05, 5.790113573311828e-05, 9.248349670087919e-05, 6.499618757516146e-05, 8.610336954006925e-05, 6.967450462980196e-05, 9.265654807677492e-05, 7.345194899244234e-05], [0, 0.0007690396741963923, 0.00021407702297437936, 0.00017866125563159585, 0.00011818124039564282, 9.441140718990937e-05, 8.8631255493965e-05, 8.524245640728623e-05, 8.293730934383348e-05, 8.554555824957788e-05, 7.874975563026965e-05, 8.246443030657247e-05, 9.300859528593719e-05, 9.010874055093154e-05, 7.402284973068163e-05, 7.379583257716149e-05, 8.046962466323748e-05, 6.79272270645015e-05, 8.991233335109428e-05, 6.590414704987779e-05, 8.421985694440082e-05], [0, 0.0007852335111238062, 0.00023712687834631652, 0.00018016646208707243, 0.00011199286382179707, 9.281349048251286e-05, 8.50475553306751e-05, 8.977843390312046e-05, 9.044988109963015e-05, 9.502037573838606e-05, 8.853484177961946e-05, 9.584207145962864e-05, 0.00010403961641713977, 8.759038610151038e-05, 7.901526987552643e-05, 8.529622573405504e-05, 8.431811147602275e-05, 7.771341188345104e-05, 8.708904351806268e-05, 6.887479685246944e-05, 9.186389070237055e-05], [0, 0.0007456244202330709, 0.00022506181267090142, 0.00019078956393059343, 0.00010399754683021456, 8.282809722004458e-05, 6.645922985626385e-05, 7.330135122174397e-05, 6.299930828390643e-05, 6.438686978071928e-05, 6.475616100942716e-05, 9.478863648837432e-05, 6.26506152912043e-05, 8.043589332373813e-05, 5.099497138871811e-05, 7.264521991601214e-05, 5.7245219068136066e-05, 0.00010234156070509925, 7.214866491267458e-05, 8.438916120212525e-05, 6.510645471280441e-05], [0, 0.0007636703085154295, 0.00022527255350723863, 0.00020283514459151775, 0.00013022492930758744, 0.00011747650569304824, 9.937197319231927e-05, 9.588966349838302e-05, 9.023257007356733e-05, 0.00010740398283815011, 8.599308785051107e-05, 0.0001095215484383516, 8.66912814672105e-05, 9.641452197683975e-05, 7.079035276547074e-05, 8.74285469762981e-05, 6.227431003935635e-05, 9.270381269743666e-05, 7.032570283627138e-05, 9.131541446549818e-05, 8.006107964320108e-05], [0, 0.0007711435318924487, 0.0002411383029539138, 0.00019214290659874678, 0.0001242920698132366, 8.279368921648711e-05, 7.281385478563607e-05, 8.649923256598413e-05, 7.121099770301953e-05, 7.500132778659463e-05, 8.427320426562801e-05, 7.924027158878744e-05, 0.00011594548413995653, 7.875995652284473e-05, 9.22415783861652e-05, 6.85701597831212e-05, 8.328974945470691e-05, 6.834452506154776e-05, 7.34289496904239e-05, 7.033053407212719e-05, 0.00015589695249218494], [0, 0.0008050695760175586, 0.00024229289556387812, 0.00020456570200622082, 0.00012589883408509195, 0.00010113092139363289, 9.940463496604934e-05, 0.0001019824921968393, 0.00011682397598633543, 0.00011430910672061145, 0.00011017057113349438, 0.00010726189793786034, 0.00011186246410943568, 9.92533823591657e-05, 8.827103738440201e-05, 8.342588262166828e-05, 7.906960672698915e-05, 9.765692084329203e-05, 9.544086788082495e-05, 7.975930930115283e-05, 8.63929744809866e-05], [0, 0.0007699382258579135, 0.00020124205911997706, 0.00019121325749438256, 0.00011766098759835586, 9.011037036543712e-05, 8.299763430841267e-05, 8.257813897216693e-05, 8.301966590806842e-05, 8.304509537992999e-05, 8.121523569570854e-05, 9.439505083719268e-05, 8.995914686238393e-05, 7.354655826929957e-05, 7.374790584435686e-05, 9.764939022716135e-05, 7.853633724153042e-05, 7.577912037959322e-05, 7.304138853214681e-05, 7.831975381122902e-05, 7.129710866138339e-05], [0, 0.0007539793150499463, 0.00026899651857092977, 0.00022726254246663302, 0.0001544855913380161, 0.00011346442624926567, 9.401045099366456e-05, 0.00010260431736242026, 8.625133341411129e-05, 8.115095988614485e-05, 7.683492003707215e-05, 8.712684211786836e-05, 8.941434498410672e-05, 9.92931381915696e-05, 7.560908852610737e-05, 7.894211012171581e-05, 7.416285370709375e-05, 9.716232307255268e-05, 8.957266254583374e-05, 6.753562774974853e-05, 0.00010137753997696564], [0, 0.0007651050691492856, 0.00021563952032011002, 0.00018261490913573653, 0.0001423956418875605, 8.857987268129364e-05, 8.730988338356838e-05, 8.140942372847348e-05, 7.85989614087157e-05, 8.214564877562225e-05, 7.968270074343309e-05, 8.971978968475014e-05, 7.504593668272719e-05, 0.00010527716221986338, 5.915435394854285e-05, 7.828888919902965e-05, 5.256462827674113e-05, 0.00010919021588051692, 6.197829497978091e-05, 7.926983380457386e-05, 7.265763997565955e-05]]}