{"alpha": 0.75, "beta": 0.5, "gamma": 1.0, "num_samples": 100, "node_count": 10, "density": 0.0, "startup_delay": 0.0, "forward_prob": 0, "epochs": [[0, 1, 2, 3, 4, 5, 6, 7, 8, 9, 10, 11, 12, 13, 14, 15, 16, 17, 18, 19, 20], [0, 1, 2, 3, 4, 5, 6, 7, 8, 9, 10, 11, 12, 13, 14, 15, 16, 17, 18, 19, 20], [0, 1, 2, 3, 4, 5, 6, 7, 8, 9, 10, 11, 12, 13, 14, 15, 16, 17, 18, 19, 20], [0, 1, 2, 3, 4, 5, 6, 7, 8, 9, 10, 11, 12, 13, 14, 15, 16, 17, 18, 19, 20], [0, 1, 2, 3, 4, 5, 6, 7, 8, 9, 10, 11, 12, 13, 14, 15, 16, 17, 18, 19, 20], [0, 1, 2, 3, 4, 5, 6, 7, 8, 9, 10, 11, 12, 13, 14, 15, 16, 17, 18, 19, 20], [0, 1, 2, 3, 4, 5, 6, 7, 8, 9, 10, 11, 12, 13, 14, 15, 16, 17, 18, 19, 20], [0, 1, 2, 3, 4, 5, 6, 7, 8, 9, 10, 11, 12, 13, 14, 15, 16, 17, 18, 19, 20], [0, 1, 2, 3, 4, 5, 6, 7, 8, 9, 10, 11, 12, 13, 14, 15, 16, 17, 18, 19, 20], [0, 1, 2, 3, 4, 5, 6, 7, 8, 9, 10, 11, 12, 13, 14, 15, 16, 17, 18, 19, 20]], "accuracies": [[6.42, 21.0, 48.6, 58.19, 66.51, 73.22, 74.47, 74.04, 76.21, 76.75, 77.23, 77.15, 77.18, 77.26, 77.54, 76.87, 78.79, 78.7, 78.95, 79.38, 79.37], [14.56, 10.0, 60.64, 62.62, 69.12, 68.45, 74.18, 73.76, 77.5, 76.51, 77.3, 77.77, 76.9, 76.31, 78.02, 78.86, 79.19, 79.54, 79.35, 79.33, 79.5], [9.02, 10.0, 50.05, 63.59, 50.26, 70.67, 76.19, 76.45, 77.61, 77.18, 77.89, 78.63, 78.58, 78.54, 78.55, 78.61, 78.29, 79.43, 79.35, 79.42, 79.53], [9.27, 10.0, 52.07, 64.35, 65.11, 66.77, 70.01, 73.56, 75.1, 77.89, 77.89, 78.49, 78.12, 78.08, 77.13, 76.8, 78.27, 78.59, 77.24, 78.67, 79.04], [14.36, 51.51, 50.91, 74.15, 71.34, 72.79, 75.43, 72.54, 75.17, 76.62, 77.44, 77.16, 77.31, 76.83, 75.83, 76.05, 78.23, 79.12, 79.02, 79.12, 78.98], [5.22, 41.99, 60.28, 64.71, 72.96, 73.88, 72.43, 73.86, 76.66, 75.83, 77.08, 76.48, 76.67, 76.51, 77.57, 77.31, 78.18, 78.36, 77.99, 77.65, 78.53], [7.82, 43.91, 57.81, 62.36, 71.85, 72.59, 73.45, 73.81, 74.48, 76.06, 74.81, 75.75, 75.54, 73.7, 75.3, 75.26, 77.62, 76.37, 77.28, 77.29, 76.3], [10.28, 25.35, 63.6, 70.68, 72.43, 70.66, 63.26, 68.27, 71.97, 74.58, 76.95, 75.53, 75.0, 75.66, 76.91, 76.4, 79.02, 76.49, 76.77, 75.82, 78.4], [12.79, 58.64, 64.13, 71.64, 70.22, 69.24, 70.88, 65.18, 71.02, 71.94, 73.6, 71.64, 74.86, 74.36, 75.72, 73.45, 76.38, 77.62, 75.91, 75.52, 75.24], [12.61, 62.56, 65.03, 70.44, 71.24, 70.26, 70.17, 64.85, 71.35, 71.77, 72.86, 74.12, 75.01, 74.89, 76.14, 74.34, 76.12, 78.09, 75.56, 75.93, 75.55]], "msds": [[0, 0.0007022584322839975, 0.0001932051090989262, 0.00027627358213067055, 0.00018947284843306988, 4.969246583641507e-05, 4.56017951364629e-05, 4.3765136069850996e-05, 4.07363913836889e-05, 1.1537259524629917e-05, 4.594176971295383e-06, 1.3322899121703813e-06, 3.7785125073241943e-07, 3.6029427974426653e-06, 4.083399471710436e-05, 1.7646807464188896e-05, 1.903639167721849e-05, 1.637268042031792e-06, 3.891508185915882e-06, 2.6091886411450105e-06, 4.852921051679004e-07], [0, 0.0006968672387301922, 0.00035910698352381587, 0.0002572573721408844, 7.607219595229253e-05, 4.593768608174287e-05, 2.392039095866494e-05, 2.814329127431847e-05, 4.07363913836889e-05, 1.1537259524629917e-05, 4.594176971295383e-06, 1.3322899121703813e-06, 6.2973881540528964e-06, 2.5328363335574977e-06, 2.577865643615951e-06, 3.3913504012161866e-05, 1.481458093621768e-05, 1.637268042031792e-06, 4.701196587575396e-07, 1.1271772564214189e-06, 5.162005436432082e-07], [0, 0.000700896605849266, 0.0001959168293979019, 9.458125714445487e-05, 0.00023796797904651612, 0.00015705954865552485, 5.572512236540206e-05, 5.055729707237333e-05, 4.492834705160931e-05, 3.0320839869091287e-05, 2.152622619178146e-05, 2.2447644369094633e-05, 1.5021769286249764e-05, 2.6578989491099492e-05, 4.083399471710436e-05, 1.7646807464188896e-05, 4.930625891574891e-06, 1.1626465493463911e-05, 7.312892648769775e-06, 4.0911991163739e-06, 4.5438326878866064e-07], [0, 0.0006982110789977014, 0.00019372525275684893, 0.00011743943468900397, 7.932206062832847e-05, 0.00022534141317009926, 0.00015128025552257895, 8.048360177781433e-05, 6.316998769761994e-05, 5.20593166584149e-05, 5.044808494858444e-05, 4.991067180526443e-05, 3.167235990986228e-05, 5.075870649307035e-05, 4.0511167753720656e-05, 3.701521927723661e-05, 3.4258202504133806e-05, 2.7523874450707808e-05, 3.0279168640845455e-05, 2.745232814049814e-05, 3.8008805859135464e-05], [0, 0.0006938514998182654, 0.00038184638833627105, 0.00020227680215612054, 8.16758256405592e-05, 4.3727046431740746e-05, 2.7511001462698914e-05, 2.814329127431847e-05, 1.5459027054021135e-05, 2.3047541617415845e-05, 1.0492268302186858e-05, 8.382497981074266e-06, 6.2973881540528964e-06, 2.5328363335574977e-06, 2.8113618100178428e-05, 3.256847048760392e-05, 1.0777025636343751e-05, 8.737089956412092e-06, 8.537188477930613e-06, 1.8011002111961716e-06, 1.6644673905830132e-06], [0, 0.0006950895767658949, 0.00038184638833627105, 0.0001472961448598653, 8.353373414138332e-05, 3.8768652302678674e-05, 3.1101604690775275e-05, 2.2554726456291974e-05, 3.7363854062277824e-05, 3.3481170248705894e-05, 2.6582552891341038e-05, 2.8857462893938646e-05, 1.7420577933080494e-05, 3.318249946460128e-05, 2.8113618100178428e-05, 3.266949352109805e-05, 2.6128283934667706e-05, 1.0319605280528776e-05, 6.934591510798782e-06, 1.622647869226057e-05, 2.6726425858214498e-05], [0, 0.0006950895767658949, 0.0002442848344799131, 0.00018132377590518445, 7.978787471074611e-05, 3.602094511734322e-05, 2.4741802917560562e-05, 4.158475712756626e-05, 3.864140307996422e-05, 2.478011629136745e-05, 2.8878101147711277e-05, 5.1135095418430865e-05, 3.2569845643593e-05, 3.8687881897203624e-05, 4.410175824887119e-05, 3.277050927863456e-05, 4.129526496399194e-05, 1.0084949281008448e-05, 9.289172339776997e-06, 1.067584798875032e-05, 2.5837771318037994e-05], [0, 0.0006989648682065308, 0.0002001889661187306, 9.523985499981791e-05, 5.4412281315308064e-05, 4.554227052722126e-05, 0.0002545251336414367, 0.00014807088882662356, 0.00011045521387131885, 9.653410234022886e-05, 8.349731069756672e-05, 9.931946260621771e-05, 5.527625762624666e-05, 6.128712266217917e-05, 6.219065107870847e-05, 6.451588706113398e-05, 5.256375516182743e-05, 4.20584183302708e-05, 3.689600998768583e-05, 5.1875267672585323e-05, 4.1132330807158723e-05], [0, 0.0006927978829480708, 0.00020722778572235256, 7.41247131372802e-05, 4.187283411738463e-05, 3.486225978122093e-05, 2.7622598281595856e-05, 0.00020785284868907183, 0.00016511493595317006, 0.00012070126103935763, 5.715049701393582e-05, 4.082719897269271e-05, 9.798643441172317e-05, 7.5082054536324e-05, 6.113615381764248e-05, 6.563082570210099e-05, 6.101660619606264e-05, 2.7322810637997463e-05, 4.8421414248878136e-05, 4.8247002268908545e-05, 4.988322325516492e-05], [0, 0.0007057285984046757, 0.00020549041801132262, 7.002247002674267e-05, 4.325911504565738e-05, 3.057573485421017e-05, 2.952112481580116e-05, 0.00021191274572629482, 0.00016280861746054143, 0.00011756648746086285, 4.1793966374825686e-05, 5.738032268709503e-05, 0.00010654008656274527, 6.0722926718881354e-05, 6.426370237022638e-05, 6.074551856727339e-05, 5.1257757149869576e-05, 2.031257827184163e-05, 3.214842945453711e-05, 4.368172085378319e-05, 4.264537346898578e-05]]}