{"alpha": 0.75, "beta": 0.5, "gamma": 8.0, "num_samples": 100, "node_count": 10, "density": 1.0, "startup_delay": 0.0, "forward_prob": 0, "epochs": [[0, 1, 2, 3, 4, 5, 6, 7, 8, 9, 10, 11, 12, 13, 14, 15, 16, 17, 18, 19, 20], [0, 1, 2, 3, 4, 5, 6, 7, 8, 9, 10, 11, 12, 13, 14, 15, 16, 17, 18, 19, 20], [0, 1, 2, 3, 4, 5, 6, 7, 8, 9, 10, 11, 12, 13, 14, 15, 16, 17, 18, 19, 20], [0, 1, 2, 3, 4, 5, 6, 7, 8, 9, 10, 11, 12, 13, 14, 15, 16, 17, 18, 19, 20], [0, 1, 2, 3, 4, 5, 6, 7, 8, 9, 10, 11, 12, 13, 14, 15, 16, 17, 18, 19, 20], [0, 1, 2, 3, 4, 5, 6, 7, 8, 9, 10, 11, 12, 13, 14, 15, 16, 17, 18, 19, 20], [0, 1, 2, 3, 4, 5, 6, 7, 8, 9, 10, 11, 12, 13, 14, 15, 16, 17, 18, 19, 20], [0, 1, 2, 3, 4, 5, 6, 7, 8, 9, 10, 11, 12, 13, 14, 15, 16, 17, 18, 19, 20], [0, 1, 2, 3, 4, 5, 6, 7, 8, 9, 10, 11, 12, 13, 14, 15, 16, 17, 18, 19, 20], [0, 1, 2, 3, 4, 5, 6, 7, 8, 9, 10, 11, 12, 13, 14, 15, 16, 17, 18, 19, 20]], "accuracies": [[8.16, 20.74, 53.37, 62.8, 67.8, 71.45, 72.59, 72.88, 74.81, 75.48, 75.08, 76.07, 77.73, 77.81, 77.77, 78.0, 77.66, 78.04, 78.59, 78.64, 78.93], [8.2, 29.14, 60.51, 64.54, 69.36, 72.24, 73.19, 73.2, 74.59, 75.47, 75.64, 76.37, 78.09, 77.72, 77.95, 78.14, 78.23, 78.62, 78.93, 78.92, 78.94], [12.06, 10.0, 51.6, 62.28, 67.77, 71.31, 72.2, 72.85, 74.34, 75.93, 76.52, 76.77, 77.5, 77.75, 77.69, 78.33, 78.29, 78.59, 78.6, 79.26, 78.64], [7.0, 17.72, 52.94, 63.42, 68.9, 71.56, 72.64, 73.14, 75.05, 76.2, 76.41, 77.0, 77.29, 77.91, 77.88, 78.18, 78.12, 77.78, 78.71, 79.02, 78.82], [9.94, 24.1, 54.73, 63.44, 68.31, 71.46, 72.85, 73.34, 74.24, 75.85, 75.67, 76.54, 77.77, 77.82, 77.82, 77.91, 78.24, 78.29, 78.82, 79.04, 78.82], [13.68, 25.27, 52.9, 63.45, 68.45, 70.76, 72.33, 72.44, 74.62, 75.77, 76.21, 76.54, 77.6, 78.18, 78.06, 78.15, 78.28, 78.3, 78.9, 79.25, 79.1], [11.25, 16.17, 50.88, 63.88, 67.29, 71.07, 73.58, 73.27, 75.76, 75.99, 76.52, 76.82, 78.12, 78.13, 78.1, 77.88, 78.33, 78.2, 78.55, 78.8, 78.94], [8.68, 36.27, 53.9, 62.83, 67.81, 70.82, 72.64, 72.92, 73.72, 75.73, 75.91, 76.66, 77.86, 77.88, 77.89, 78.23, 78.24, 77.96, 78.57, 78.91, 78.7], [16.82, 22.41, 56.26, 64.75, 68.98, 71.66, 72.51, 73.84, 75.29, 75.88, 75.91, 76.47, 77.66, 77.98, 77.09, 78.31, 77.78, 77.84, 79.04, 79.19, 79.05], [9.48, 19.71, 54.14, 62.73, 68.47, 71.74, 72.56, 72.81, 74.79, 75.79, 76.29, 76.24, 77.78, 77.9, 77.91, 78.3, 78.46, 78.44, 78.9, 78.93, 78.89]], "msds": [[0, 0.0006918672006577253, 8.699831960257143e-05, 5.634475382976234e-05, 3.2815751183079556e-05, 2.42251899180701e-05, 2.755513742158655e-05, 2.0536992451525293e-05, 1.9640143364085816e-05, 1.8226830434286967e-05, 2.1923948224866763e-05, 2.9303097107913345e-05, 2.033956661762204e-05, 2.0523963030427694e-05, 2.48154883593088e-05, 1.794696436263621e-05, 2.1782328985864297e-05, 3.3673029975034297e-05, 1.3777619642496575e-05, 9.706365744932555e-06, 1.3811096323479433e-05], [0, 0.0006981826154515147, 9.14344927878119e-05, 6.283330003498122e-05, 3.2262891181744635e-05, 2.7025056624552235e-05, 2.4080571165541187e-05, 2.1548219592659734e-05, 2.104483064613305e-05, 2.154846879420802e-05, 2.2934789740247652e-05, 4.185429497738369e-05, 2.2394944608095102e-05, 1.960972076631151e-05, 2.9539180104620755e-05, 1.8883858501794748e-05, 2.3030852389638312e-05, 1.9382674508960918e-05, 1.5379964679596014e-05, 1.1092492059106007e-05, 2.6575806259643286e-05], [0, 0.0006963234627619386, 9.108454105444252e-05, 5.928972677793354e-05, 2.9995782824698836e-05, 2.289073745487258e-05, 2.4842904167599045e-05, 2.1508432837435976e-05, 2.2360305592883378e-05, 2.0025992853334174e-05, 2.3428250642609783e-05, 2.4999000743264332e-05, 2.4709541321499273e-05, 2.1162193661439233e-05, 2.8626478524529375e-05, 1.9372619135538116e-05, 2.0008874344057404e-05, 2.3171278371592052e-05, 2.0104531358811073e-05, 1.1119615919596981e-05, 2.569255775597412e-05], [0, 0.0007062301156111062, 9.76934825303033e-05, 5.778679405921139e-05, 3.164799636579119e-05, 2.5193259716616012e-05, 2.2248457753448747e-05, 2.334368218726013e-05, 2.2464533685706556e-05, 1.6615918866591528e-05, 2.2606584025197662e-05, 2.242364098492544e-05, 2.0179310013190843e-05, 1.865618469309993e-05, 1.984714253921993e-05, 2.1840187400812283e-05, 1.6555164620513096e-05, 2.305278212588746e-05, 1.6938740373007022e-05, 8.644246008771006e-06, 2.0741172193083912e-05], [0, 0.000697196985129267, 8.998156408779323e-05, 5.828043504152447e-05, 3.100471803918481e-05, 2.5825172997429036e-05, 2.3975419026101008e-05, 2.081200545944739e-05, 2.0825851606787182e-05, 1.8739707229542546e-05, 2.261925874336157e-05, 2.0932786355842836e-05, 2.0516541553661227e-05, 2.0535273506538942e-05, 2.4839913749019615e-05, 1.914877793751657e-05, 1.7400438082404435e-05, 2.628993388498202e-05, 1.842390156525653e-05, 1.1315199117234442e-05, 2.1776617359137163e-05], [0, 0.0006922509637661278, 9.552488336339593e-05, 5.853896072949283e-05, 3.151416967739351e-05, 2.3901931854197755e-05, 2.493668580427766e-05, 2.47180705628125e-05, 1.996114406210836e-05, 1.7944817955140024e-05, 2.349451278860215e-05, 2.1939098587608896e-05, 1.872560642368626e-05, 1.743613029248081e-05, 1.9214505300624296e-05, 2.0460511223063804e-05, 1.9727500330191106e-05, 1.842230631154962e-05, 1.9056047676713206e-05, 8.395228178414982e-06, 1.3516206308850087e-05], [0, 0.0006955189164727926, 9.116663568420336e-05, 5.788748967461288e-05, 3.3317199267912656e-05, 3.020139592990745e-05, 2.566427065175958e-05, 2.4731914891162887e-05, 2.3260166926775128e-05, 2.4825314540066756e-05, 2.6442870876053348e-05, 2.780508657451719e-05, 1.8997277948074043e-05, 2.314931589353364e-05, 2.9901295420131646e-05, 2.8617469070013613e-05, 2.0703144400613382e-05, 2.277602834510617e-05, 1.8057588022202253e-05, 1.2782102203345858e-05, 1.4783343431190588e-05], [0, 0.0007048979168757796, 9.440641588298604e-05, 5.942220741417259e-05, 3.4739710827125236e-05, 2.915513323387131e-05, 2.6004086976172403e-05, 2.8406519049894996e-05, 2.5893563361023553e-05, 2.04667667276226e-05, 2.4981816750369035e-05, 2.409179614915047e-05, 2.0787620087503456e-05, 2.4909002604545094e-05, 2.548109659983311e-05, 2.1450397980515845e-05, 1.8340548194828443e-05, 2.7504969693836756e-05, 1.809115201467648e-05, 1.0969713912345469e-05, 1.4813193956797477e-05], [0, 0.0007005081861279905, 9.908292850013822e-05, 5.893244087928906e-05, 3.3246848033741117e-05, 2.6405574317323044e-05, 2.4917535483837128e-05, 2.076463533740025e-05, 2.2484182409243658e-05, 2.1792131519760005e-05, 2.6498581064515747e-05, 2.614070581330452e-05, 1.680230889178347e-05, 1.628577956580557e-05, 3.058891525142826e-05, 1.6968460840871558e-05, 2.4647191821713932e-05, 3.297511284472421e-05, 1.5987139704520814e-05, 1.007224818749819e-05, 1.3993163520353846e-05], [0, 0.0006986423395574093, 9.395380766363814e-05, 5.968851473880932e-05, 3.14445496769622e-05, 2.55782524618553e-05, 2.79703253909247e-05, 2.3221746232593432e-05, 2.3421853256877512e-05, 1.7664911865722388e-05, 2.373150891799014e-05, 2.7442056307336316e-05, 1.6079984561656602e-05, 1.590467945788987e-05, 3.149389522150159e-05, 1.8178101527155377e-05, 1.5758307199575938e-05, 1.8882101358030923e-05, 1.6223890270339325e-05, 8.891026482160669e-06, 1.2732146387861576e-05]]}