{"alpha": 0.75, "beta": 0.5, "gamma": 8.0, "num_samples": 6000, "node_count": 10, "density": 1.0, "startup_delay": 0.0, "forward_prob": 0, "epochs": [[0, 1, 2, 3, 4, 5, 6, 7, 8, 9, 10, 11, 12, 13, 14, 15, 16, 17, 18, 19, 20], [0, 1, 2, 3, 4, 5, 6, 7, 8, 9, 10, 11, 12, 13, 14, 15, 16, 17, 18, 19, 20], [0, 1, 2, 3, 4, 5, 6, 7, 8, 9, 10, 11, 12, 13, 14, 15, 16, 17, 18, 19, 20], [0, 1, 2, 3, 4, 5, 6, 7, 8, 9, 10, 11, 12, 13, 14, 15, 16, 17, 18, 19, 20], [0, 1, 2, 3, 4, 5, 6, 7, 8, 9, 10, 11, 12, 13, 14, 15, 16, 17, 18, 19, 20], [0, 1, 2, 3, 4, 5, 6, 7, 8, 9, 10, 11, 12, 13, 14, 15, 16, 17, 18, 19, 20], [0, 1, 2, 3, 4, 5, 6, 7, 8, 9, 10, 11, 12, 13, 14, 15, 16, 17, 18, 19, 20], [0, 1, 2, 3, 4, 5, 6, 7, 8, 9, 10, 11, 12, 13, 14, 15, 16, 17, 18, 19, 20], [0, 1, 2, 3, 4, 5, 6, 7, 8, 9, 10, 11, 12, 13, 14, 15, 16, 17, 18, 19, 20], [0, 1, 2, 3, 4, 5, 6, 7, 8, 9, 10, 11, 12, 13, 14, 15, 16, 17, 18, 19, 20]], "accuracies": [[12.7, 10.0, 64.03, 79.83, 84.74, 86.18, 87.15, 87.92, 88.63, 88.87, 89.25, 89.47, 89.85, 89.8, 89.78, 89.98, 89.99, 90.17, 89.99, 90.25, 90.29], [15.03, 12.37, 61.48, 80.47, 84.6, 86.5, 87.3, 87.87, 88.52, 88.92, 89.41, 89.48, 89.72, 89.8, 89.92, 90.02, 90.18, 90.02, 90.05, 90.17, 90.23], [11.26, 10.0, 61.17, 80.69, 85.05, 86.61, 87.18, 87.8, 88.41, 88.83, 89.32, 89.5, 89.67, 89.79, 89.81, 90.0, 90.17, 90.13, 90.09, 90.07, 90.23], [5.06, 17.26, 67.22, 80.17, 84.68, 86.4, 87.12, 88.0, 88.56, 88.98, 89.44, 89.58, 89.69, 89.9, 89.73, 89.95, 90.16, 90.15, 89.97, 90.26, 90.34], [6.26, 18.12, 65.43, 79.92, 84.7, 86.55, 87.13, 87.88, 88.61, 88.84, 89.39, 89.55, 89.75, 89.82, 89.68, 89.88, 90.13, 90.1, 89.99, 90.13, 90.21], [4.66, 11.63, 55.4, 79.21, 85.12, 86.42, 87.21, 87.93, 88.47, 88.93, 89.36, 89.83, 89.62, 89.79, 90.06, 89.92, 90.11, 90.19, 90.04, 90.19, 90.18], [13.7, 16.29, 62.65, 79.88, 84.65, 86.6, 87.05, 87.83, 88.65, 88.77, 89.36, 89.76, 89.76, 89.91, 89.77, 90.04, 90.3, 90.19, 90.03, 90.17, 90.25], [10.38, 11.36, 70.05, 80.14, 84.73, 86.57, 87.1, 87.82, 88.55, 88.91, 89.15, 89.39, 89.67, 89.74, 89.7, 90.07, 90.09, 90.12, 90.04, 90.15, 90.28], [13.8, 10.0, 68.21, 79.94, 84.55, 86.47, 87.33, 87.94, 88.73, 89.03, 89.53, 89.61, 89.76, 89.95, 90.12, 90.29, 90.3, 90.16, 90.1, 90.21, 90.27], [3.97, 10.48, 70.36, 79.5, 84.81, 86.64, 87.39, 87.9, 88.65, 88.84, 89.26, 89.4, 89.76, 89.87, 89.68, 90.04, 90.12, 90.27, 89.94, 90.22, 90.29]], "msds": [[0, 0.001148094073869288, 0.0005288263782858849, 0.00029807756072841585, 0.00018281738448422402, 0.0001583859557285905, 0.0001836067094700411, 0.00018714524048846215, 0.00020202004816383123, 0.00021730449225287884, 0.00023384913220070302, 0.00024723701062612236, 0.0002557678963057697, 0.00023730751127004623, 0.0002568585332483053, 0.0002578292042016983, 0.00025739584816619754, 0.0002528111217543483, 0.0002585770271252841, 0.0002485223230905831, 0.0002032983029494062], [0, 0.0010921101784333587, 0.0005196434212848544, 0.0003084260388277471, 0.0002059598919004202, 0.00017669600492808968, 0.00019309557683300227, 0.00021078024292364717, 0.00021532860409934074, 0.00023188302293419838, 0.00024869953631423414, 0.0002509003388695419, 0.00025130630820058286, 0.0002473743224982172, 0.00024771748576313257, 0.0002658224548213184, 0.0002412193571217358, 0.00027657762984745204, 0.00023894816695246845, 0.0002359110803809017, 0.0002510988852009177], [0, 0.0011134102242067456, 0.000551403034478426, 0.00028963980730623007, 0.00017591901996638626, 0.00016540606156922877, 0.0001834055728977546, 0.00019843147310893983, 0.00021068897331133485, 0.0002201116003561765, 0.0002379947400186211, 0.0002537971013225615, 0.0002414542977930978, 0.00024504627799615264, 0.0002664423664100468, 0.00024034956004470587, 0.00025003880728036165, 0.0002530454657971859, 0.0002264100476168096, 0.0002458777162246406, 0.0002449043677188456], [0, 0.0011152394581586123, 0.0005535003147087991, 0.00028776522958651185, 0.00016865765792317688, 0.0001764866610756144, 0.00018612018902786076, 0.00018751535390038043, 0.00020251664682291448, 0.00021466187899932265, 0.00023552004131488502, 0.00023462554963771254, 0.0002507210592739284, 0.0002629668451845646, 0.00026233179960399866, 0.0002443273551762104, 0.0002541668072808534, 0.00023941620020195842, 0.0002516614331398159, 0.00025635288329795003, 0.00024803963606245816], [0, 0.0011354859452694654, 0.0005043018609285355, 0.00027313202735967934, 0.0001645395386731252, 0.0001640595874050632, 0.00017248035874217749, 0.00018661844660528004, 0.00019846507348120213, 0.00022298816475085914, 0.00023487326689064503, 0.00023736229923088104, 0.00026635327958501875, 0.000253667269134894, 0.00024997253785841167, 0.0002531622885726392, 0.00024001943529583514, 0.0002377899072598666, 0.00022215604258235544, 0.00026909643202088773, 0.00022984595852904022], [0, 0.001097574713639915, 0.0005629100487567484, 0.00031173689058050513, 0.00019103153317701072, 0.00019336739205755293, 0.00018443897715769708, 0.0002015454083448276, 0.00020839028002228588, 0.000222670249058865, 0.00023639218125026673, 0.00024683240917511284, 0.0002615515550132841, 0.0002442703698761761, 0.0002705952210817486, 0.00025508226826786995, 0.0002497504756320268, 0.00026270898524671793, 0.00023190707725007087, 0.00025721683050505817, 0.00023266032803803682], [0, 0.0011098413961008191, 0.0005455820355564356, 0.0003232545859646052, 0.0001794791460270062, 0.00017029407899826765, 0.00018880634161178023, 0.0001941119262482971, 0.0002161584561690688, 0.00021896461839787662, 0.0002462176780682057, 0.0002330861461814493, 0.00025351232034154236, 0.0002433131739962846, 0.0002684223873075098, 0.0002549542987253517, 0.00023887258430477232, 0.00026381603674963117, 0.0002240305329905823, 0.00026616506511345506, 0.0002403132530162111], [0, 0.0010658145183697343, 0.0005319345509633422, 0.0002880953543353826, 0.00018285094120074064, 0.000174135115230456, 0.00018501387967262417, 0.00019478170725051314, 0.00021757656941190362, 0.00021865365852136165, 0.0002333898446522653, 0.0002436563081573695, 0.00023139428230933845, 0.00023984478320926428, 0.00026940152747556567, 0.00024289397697430104, 0.0002545632014516741, 0.00027726797270588577, 0.00023767755192238837, 0.00022576148330699652, 0.0002637404832057655], [0, 0.001093280385248363, 0.0005025871796533465, 0.0002788251731544733, 0.00016873449203558266, 0.00015476114640478045, 0.00016939463966991752, 0.0001874802546808496, 0.00020355348533485085, 0.0002179954171879217, 0.00024760400992818177, 0.00024616849259473383, 0.0002628613146953285, 0.00024169610696844757, 0.00025905497022904456, 0.0002594185061752796, 0.00021907829795964062, 0.00026178479311056435, 0.00024500128347426653, 0.00022248923778533936, 0.00024974963162094355], [0, 0.001130482880398631, 0.000556534097995609, 0.0002929149195551872, 0.00017305438814219087, 0.0001678189291851595, 0.00017603894229978323, 0.00018614174041431397, 0.0002034140343312174, 0.00021664414089173079, 0.00023669727670494467, 0.00023008113203104585, 0.00023900368250906467, 0.0002510911726858467, 0.00027151539688929915, 0.00024053837114479393, 0.00022656690271105617, 0.0002933194045908749, 0.00021728334832005203, 0.0002551151847001165, 0.00021620480401907116]]}