{"alpha": 0.75, "beta": 0.5, "gamma": 5.0, "num_samples": 100, "node_count": 10, "density": 0.5, "startup_delay": 0.0, "forward_prob": 0, "epochs": [[0, 1, 2, 3, 4, 5, 6, 7, 8, 9, 10, 11, 12, 13, 14, 15, 16, 17, 18, 19, 20], [0, 1, 2, 3, 4, 5, 6, 7, 8, 9, 10, 11, 12, 13, 14, 15, 16, 17, 18, 19, 20], [0, 1, 2, 3, 4, 5, 6, 7, 8, 9, 10, 11, 12, 13, 14, 15, 16, 17, 18, 19, 20], [0, 1, 2, 3, 4, 5, 6, 7, 8, 9, 10, 11, 12, 13, 14, 15, 16, 17, 18, 19, 20], [0, 1, 2, 3, 4, 5, 6, 7, 8, 9, 10, 11, 12, 13, 14, 15, 16, 17, 18, 19, 20], [0, 1, 2, 3, 4, 5, 6, 7, 8, 9, 10, 11, 12, 13, 14, 15, 16, 17, 18, 19, 20], [0, 1, 2, 3, 4, 5, 6, 7, 8, 9, 10, 11, 12, 13, 14, 15, 16, 17, 18, 19, 20], [0, 1, 2, 3, 4, 5, 6, 7, 8, 9, 10, 11, 12, 13, 14, 15, 16, 17, 18, 19, 20], [0, 1, 2, 3, 4, 5, 6, 7, 8, 9, 10, 11, 12, 13, 14, 15, 16, 17, 18, 19, 20], [0, 1, 2, 3, 4, 5, 6, 7, 8, 9, 10, 11, 12, 13, 14, 15, 16, 17, 18, 19, 20]], "accuracies": [[9.44, 23.51, 55.71, 64.55, 71.72, 72.6, 72.2, 74.77, 76.13, 75.62, 75.2, 76.35, 76.42, 76.05, 77.56, 77.6, 77.78, 77.61, 78.1, 77.72, 78.28], [7.12, 23.64, 59.49, 64.2, 72.17, 72.2, 74.0, 74.13, 75.02, 76.01, 76.1, 75.47, 75.44, 76.42, 76.28, 77.78, 77.79, 77.58, 77.65, 78.03, 77.7], [13.19, 19.66, 49.92, 65.42, 72.84, 74.26, 74.19, 75.66, 75.63, 75.73, 75.82, 75.91, 77.43, 77.15, 77.58, 77.9, 77.32, 78.2, 77.49, 77.81, 77.81], [11.09, 10.0, 62.37, 69.66, 72.4, 73.94, 75.29, 75.53, 75.66, 75.88, 76.06, 76.27, 77.05, 76.82, 77.86, 78.01, 78.09, 78.18, 77.71, 77.83, 77.67], [12.17, 10.0, 63.37, 71.38, 72.86, 73.99, 75.44, 74.68, 75.96, 76.87, 76.68, 77.2, 77.42, 77.89, 77.94, 77.93, 77.86, 77.33, 77.96, 77.86, 77.47], [11.13, 21.43, 61.0, 63.75, 71.86, 71.24, 74.93, 75.43, 75.17, 76.11, 73.58, 76.81, 76.84, 77.78, 77.95, 77.9, 77.23, 77.19, 77.62, 75.79, 75.01], [5.31, 10.46, 56.7, 67.59, 71.74, 74.29, 75.42, 75.7, 76.0, 75.8, 76.04, 76.13, 76.53, 77.33, 77.54, 77.46, 76.85, 77.2, 76.69, 76.52, 73.91], [6.67, 45.33, 65.17, 70.7, 74.04, 75.53, 75.19, 76.78, 77.45, 77.5, 77.49, 77.82, 77.32, 76.92, 77.19, 76.82, 74.21, 72.55, 72.56, 72.43, 72.72], [15.13, 51.03, 68.48, 71.74, 73.25, 75.99, 74.45, 75.32, 75.53, 76.39, 76.47, 78.25, 77.0, 76.97, 76.19, 76.65, 75.33, 75.21, 73.22, 73.87, 73.85], [12.91, 61.13, 69.91, 72.13, 74.83, 75.6, 75.59, 76.21, 76.65, 77.3, 76.96, 77.93, 77.43, 77.47, 76.89, 76.01, 76.09, 75.95, 76.05, 76.17, 76.42]], "msds": [[0, 0.0006937978905625641, 0.00010774570546345785, 6.0979684349149466e-05, 4.016276216134429e-05, 3.345236837049015e-05, 2.3443291865987703e-05, 2.447061888233293e-05, 2.1199564798735082e-05, 2.5026571165653877e-05, 2.5547238692524843e-05, 2.5664754502940923e-05, 1.9716126189450733e-05, 1.917600275191944e-05, 2.333818883926142e-05, 2.784027674351819e-05, 1.71347419382073e-05, 1.6187437722692266e-05, 1.8105803974322043e-05, 1.5297737263608724e-05, 1.2168889043095987e-05], [0, 0.0006987153901718557, 0.00013751118967775255, 6.37624179944396e-05, 3.626116085797548e-05, 2.7472293368191458e-05, 3.467843635007739e-05, 2.669639616215136e-05, 2.281521119584795e-05, 2.5729023036547005e-05, 2.521062378946226e-05, 2.1710664441343397e-05, 2.8260963517823257e-05, 2.090964153467212e-05, 2.9272116080392152e-05, 2.138545642083045e-05, 1.4519494470732752e-05, 1.8720535081229173e-05, 1.7427391867386177e-05, 8.259377864305861e-06, 8.884854651114438e-06], [0, 0.0007018784526735544, 0.00012635775783564895, 6.206140096765012e-05, 3.696698331623338e-05, 2.737485738180112e-05, 2.486855555616785e-05, 2.0100125766475685e-05, 2.2042084310669452e-05, 2.3994822186068632e-05, 4.4274853280512616e-05, 2.467109152348712e-05, 1.9865914509864524e-05, 2.5723154976731166e-05, 1.3742402188654523e-05, 1.6798105207271874e-05, 2.7230820705881342e-05, 1.3300422324391548e-05, 1.0302233022230212e-05, 1.312024596700212e-05, 1.464955130359158e-05], [0, 0.0006978820310905576, 8.643105684313923e-05, 4.384800195111893e-05, 3.102146729361266e-05, 2.850240343832411e-05, 2.6638579583959654e-05, 2.131028668372892e-05, 2.661487269506324e-05, 2.773575579340104e-05, 2.3895456251921132e-05, 2.8883589038741775e-05, 2.450263491482474e-05, 1.8272290617460385e-05, 1.7539288819534704e-05, 1.3576278433902189e-05, 2.6399302441859618e-05, 1.3260691957839299e-05, 1.0987010682583787e-05, 1.4075892977416515e-05, 8.883253030944616e-06], [0, 0.000696011062245816, 0.00010214302892563865, 4.394495044834912e-05, 2.7157479053130373e-05, 2.670079265953973e-05, 2.406420389888808e-05, 2.67492032435257e-05, 3.051591011171695e-05, 2.4476947146467865e-05, 2.1805033611599356e-05, 2.03440595214488e-05, 2.304683584952727e-05, 1.5947200154187158e-05, 2.5776049369596876e-05, 1.4852561434963718e-05, 1.6778401914052665e-05, 1.4473494047706481e-05, 2.5149913199129514e-05, 1.3463613868225366e-05, 1.1025573257938959e-05], [0, 0.0006968663074076176, 9.407055040355772e-05, 5.799019709229469e-05, 3.662689050543122e-05, 3.010250293300487e-05, 2.551668330852408e-05, 2.6300191166228615e-05, 2.4675628083059564e-05, 2.038444836216513e-05, 2.2154416001285426e-05, 3.2572363124927506e-05, 1.9977545889560133e-05, 2.034504541370552e-05, 1.639190668356605e-05, 1.266518756892765e-05, 8.912963494367432e-06, 1.2108982446079608e-05, 9.873558155959472e-06, 1.0463181752129458e-05, 1.3644975297211204e-05], [0, 0.000703111058101058, 9.395637607667595e-05, 4.710036228061654e-05, 3.0066563340369612e-05, 3.108883538516238e-05, 2.745738129306119e-05, 2.9070288292132318e-05, 3.2068339351098984e-05, 2.6203862944385037e-05, 2.851867611752823e-05, 2.772576226561796e-05, 1.8671442376216874e-05, 1.5557496226392686e-05, 1.486447945353575e-05, 9.978534762922209e-06, 1.022816195472842e-05, 1.3055971976427827e-05, 9.165990377368871e-06, 9.070094165508635e-06, 1.9792592865996994e-05], [0, 0.0003552663838490844, 7.133870531106368e-05, 3.460742300376296e-05, 2.876175676647108e-05, 2.7058606065111235e-05, 2.9782802812405862e-05, 2.5787099730223417e-05, 2.1231544451438822e-05, 1.8622462448547594e-05, 1.851953311415855e-05, 1.6707797840354033e-05, 1.8023496522800997e-05, 2.253340426250361e-05, 1.1815211109933443e-05, 9.559265890857205e-06, 2.249608951387927e-05, 0, 0, 0, 0], [0, 0.0003759596438612789, 6.922743341419846e-05, 3.04754612443503e-05, 2.580178261268884e-05, 2.3673148461966775e-05, 2.5420258680242114e-05, 2.084780680888798e-05, 2.3308530217036605e-05, 2.5968907721107826e-05, 2.0876217604381964e-05, 2.030695031862706e-05, 2.075759766739793e-05, 1.6732741642044857e-05, 2.0513063645921648e-05, 1.0928446499747224e-05, 6.777398084523156e-06, 0, 0, 0, 0], [0, 0.00036288643605075777, 6.4804196881596e-05, 3.380860653123818e-05, 2.694556678761728e-05, 2.449398198223207e-05, 3.385840682312846e-05, 2.78604438790353e-05, 3.129144897684455e-05, 2.6900475859292783e-05, 4.063670712639578e-05, 1.590585998201277e-05, 1.8721022570389323e-05, 1.5003854969108943e-05, 7.849758731026668e-06, 0, 0, 0, 0, 0, 0]]}