{"alpha": 0.9, "beta": 0.5, "gamma": 8.0, "num_samples": 100, "node_count": 10, "density": 1.0, "startup_delay": 0.0, "forward_prob": 0, "epochs": [[0, 1, 2, 3, 4, 5, 6, 7, 8, 9, 10, 11, 12, 13, 14, 15, 16, 17, 18, 19, 20], [0, 1, 2, 3, 4, 5, 6, 7, 8, 9, 10, 11, 12, 13, 14, 15, 16, 17, 18, 19, 20], [0, 1, 2, 3, 4, 5, 6, 7, 8, 9, 10, 11, 12, 13, 14, 15, 16, 17, 18, 19, 20], [0, 1, 2, 3, 4, 5, 6, 7, 8, 9, 10, 11, 12, 13, 14, 15, 16, 17, 18, 19, 20], [0, 1, 2, 3, 4, 5, 6, 7, 8, 9, 10, 11, 12, 13, 14, 15, 16, 17, 18, 19, 20], [0, 1, 2, 3, 4, 5, 6, 7, 8, 9, 10, 11, 12, 13, 14, 15, 16, 17, 18, 19, 20], [0, 1, 2, 3, 4, 5, 6, 7, 8, 9, 10, 11, 12, 13, 14, 15, 16, 17, 18, 19, 20], [0, 1, 2, 3, 4, 5, 6, 7, 8, 9, 10, 11, 12, 13, 14, 15, 16, 17, 18, 19, 20], [0, 1, 2, 3, 4, 5, 6, 7, 8, 9, 10, 11, 12, 13, 14, 15, 16, 17, 18, 19, 20], [0, 1, 2, 3, 4, 5, 6, 7, 8, 9, 10, 11, 12, 13, 14, 15, 16, 17, 18, 19, 20]], "accuracies": [[10.4, 10.0, 60.12, 69.11, 72.45, 73.57, 74.32, 75.94, 75.74, 77.08, 77.47, 77.73, 78.24, 77.4, 77.04, 78.2, 78.18, 78.18, 78.81, 77.9, 77.96], [14.12, 13.04, 60.12, 69.11, 72.0, 73.57, 74.32, 75.96, 75.61, 77.08, 77.47, 77.76, 78.24, 77.4, 77.71, 78.2, 78.18, 78.18, 78.81, 77.9, 77.88], [15.94, 10.0, 60.12, 69.11, 72.45, 73.57, 74.32, 75.98, 75.61, 77.08, 77.47, 77.76, 78.24, 77.4, 77.71, 78.2, 78.18, 78.18, 78.64, 77.9, 77.97], [13.75, 10.0, 60.12, 69.11, 72.45, 73.57, 74.32, 75.97, 75.61, 77.08, 77.47, 78.05, 78.24, 77.4, 77.71, 78.2, 78.18, 78.18, 78.81, 77.9, 78.06], [6.91, 10.0, 60.12, 69.11, 72.45, 73.57, 74.32, 75.91, 75.61, 77.08, 77.47, 77.72, 78.25, 77.4, 77.71, 78.14, 78.18, 78.18, 78.81, 77.9, 77.87], [8.06, 10.0, 60.12, 69.11, 72.45, 73.57, 74.26, 75.9, 75.61, 76.62, 77.47, 77.78, 78.24, 77.4, 77.71, 78.2, 77.86, 78.18, 78.81, 77.81, 77.87], [13.5, 10.0, 60.12, 69.11, 72.45, 73.57, 74.32, 75.93, 75.61, 77.08, 77.87, 77.75, 78.24, 77.4, 77.71, 78.2, 78.18, 78.18, 78.81, 77.9, 77.87], [8.49, 10.0, 60.12, 69.11, 72.45, 73.81, 74.32, 75.97, 75.61, 77.08, 77.47, 77.71, 78.24, 77.57, 77.71, 78.2, 78.18, 78.18, 78.81, 77.9, 77.87], [7.72, 10.0, 60.12, 69.41, 72.45, 73.57, 74.32, 75.98, 75.61, 77.08, 77.47, 77.79, 78.24, 77.4, 77.71, 78.2, 78.18, 78.18, 78.81, 77.9, 77.87], [12.02, 10.0, 61.22, 69.11, 72.45, 73.57, 74.32, 75.77, 75.77, 77.08, 77.47, 77.73, 78.24, 77.4, 77.71, 78.2, 78.18, 78.26, 78.81, 77.9, 77.87]], "msds": [[0, 0.0007265896419994533, 0.00010079779895022511, 5.375604814616963e-05, 3.7698329833801836e-05, 3.314873538329266e-05, 3.3978863939410076e-05, 2.9123422791599296e-05, 3.249603832955472e-05, 3.076544453506358e-05, 2.300073902006261e-05, 2.3299931854126044e-05, 1.9360148144187406e-05, 2.4276574549730867e-05, 3.260937592131086e-05, 2.6786412490764633e-05, 1.7945827494258992e-05, 1.5163169337029103e-05, 4.3822605221066624e-05, 1.4640038898505736e-05, 1.660415182413999e-05], [0, 0.0007287553162313998, 0.00011265069770161062, 5.152033918420784e-05, 3.637042755144648e-05, 3.197580736014061e-05, 2.8164335162728094e-05, 2.7628369934973307e-05, 2.642748222569935e-05, 2.478468741173856e-05, 3.1165451218839735e-05, 2.6514871933613904e-05, 1.818449527490884e-05, 4.343796899775043e-05, 4.278044798411429e-05, 2.6995068765245378e-05, 2.3546910597360693e-05, 1.2802030141756404e-05, 1.881666867120657e-05, 2.0484760170802474e-05, 2.7384749046177603e-05], [0, 0.0007346175843849778, 9.736662468640134e-05, 5.734757360187359e-05, 3.33066527673509e-05, 3.0387096558115445e-05, 2.6173811420449056e-05, 3.166581882396713e-05, 2.078698707919102e-05, 2.6696712666307576e-05, 2.0721539840451442e-05, 2.8174474209663458e-05, 2.063380816252902e-05, 2.3000320652499795e-05, 3.0338551368913613e-05, 2.4848912289598957e-05, 2.7425485313870013e-05, 1.1479691238491796e-05, 1.636628803680651e-05, 1.8599512259243056e-05, 1.8938582798000425e-05], [0, 0.0007417371380142868, 9.666107507655397e-05, 5.307222090777941e-05, 3.374253719812259e-05, 2.9459957659128122e-05, 2.6626816179486923e-05, 2.4373593987547792e-05, 2.7122092433273792e-05, 2.6068575607496314e-05, 2.3005033654044382e-05, 2.273052632517647e-05, 2.4944281904026866e-05, 2.743098775681574e-05, 3.441677108639851e-05, 2.5796387490117922e-05, 2.5826990167843178e-05, 1.5544554116786458e-05, 2.693461829039734e-05, 2.5310740966233425e-05, 3.564728467608802e-05], [0, 0.000733105291146785, 0.00010841314360732213, 5.4842064855620265e-05, 3.4266722650500014e-05, 3.184923843946308e-05, 3.192730582668446e-05, 2.5318457119283266e-05, 2.368204150116071e-05, 2.745602796494495e-05, 2.5986364562413655e-05, 2.3308477466343902e-05, 1.9847611838486046e-05, 3.716694118338637e-05, 2.717977622523904e-05, 2.4838755052769557e-05, 2.403941471129656e-05, 1.235140189237427e-05, 1.8493856259738095e-05, 1.9337729099788703e-05, 2.524777846701909e-05], [0, 0.0007343924953602254, 0.00010376214777352288, 5.3064108215039596e-05, 4.043133230879903e-05, 3.195334647898562e-05, 3.117155938525684e-05, 3.234190080547705e-05, 2.6418349079904146e-05, 2.3682494429522194e-05, 2.1202729840297252e-05, 3.49823349097278e-05, 2.1152700355742127e-05, 2.370520815020427e-05, 3.363454379723407e-05, 4.976805212209001e-05, 2.681613295862917e-05, 1.8203949366579764e-05, 1.8651124264579266e-05, 1.7376471078023314e-05, 1.583617449796293e-05], [0, 0.0007313335663639009, 0.00010821956675499678, 5.210627932683565e-05, 3.730273601831868e-05, 2.8410577215254307e-05, 3.130465483991429e-05, 2.5044118956429884e-05, 2.3656533812754788e-05, 2.0754117940668948e-05, 2.499515721865464e-05, 2.502814822946675e-05, 1.8949807781609707e-05, 2.674310417205561e-05, 3.2642063160892576e-05, 2.0144705558777787e-05, 2.080906961055007e-05, 1.3848351045453455e-05, 1.4942475900170393e-05, 1.9501712813507766e-05, 1.5234769307426177e-05], [0, 0.0007309055072255433, 0.00010200728866038844, 5.751673234044574e-05, 3.417388870730065e-05, 3.143709182040766e-05, 2.7203013814869337e-05, 2.4028244297369383e-05, 2.0576171664288267e-05, 2.125109858752694e-05, 2.143313395208679e-05, 2.0993913494748995e-05, 2.8771526558557525e-05, 2.9741691832896322e-05, 4.962993261869997e-05, 1.9335690012667328e-05, 1.9920435079257004e-05, 1.320526371273445e-05, 1.5385727238026448e-05, 1.4593309060728643e-05, 5.3127543651498854e-05], [0, 0.000730369589291513, 0.00010894849401665851, 5.533330113394186e-05, 3.676722917589359e-05, 3.106450822087936e-05, 3.0071658329688944e-05, 3.2685122278053313e-05, 2.5408120563952252e-05, 2.5073366487049498e-05, 2.264924296468962e-05, 2.4166964067262597e-05, 1.807821900001727e-05, 2.2173866454977542e-05, 3.345450386404991e-05, 2.1924841348663904e-05, 1.5913608876871876e-05, 1.4135972378426231e-05, 1.8326520148548298e-05, 2.403233702352736e-05, 1.876358328445349e-05], [0, 0.0007326645427383482, 0.00010153453331440687, 5.256904478301294e-05, 3.534083953127265e-05, 3.073815969401039e-05, 3.1242179829860106e-05, 3.139486216241494e-05, 3.447770359343849e-05, 2.6865194740821607e-05, 2.7015663363272324e-05, 2.8288612156757154e-05, 1.840354161686264e-05, 3.907542850356549e-05, 3.102009941358119e-05, 2.1313593606464565e-05, 1.7633334209676832e-05, 1.2104927918699104e-05, 2.3845503164920956e-05, 1.547661486256402e-05, 1.834855902416166e-05]]}