{"alpha": 0.25, "beta": 0.5, "gamma": 8.0, "num_samples": 1000, "node_count": 10, "density": 1.0, "startup_delay": 0.0, "forward_prob": 0, "epochs": [[0, 1, 2, 3, 4, 5, 6, 7, 8, 9, 10, 11, 12, 13, 14, 15, 16, 17, 18, 19, 20], [0, 1, 2, 3, 4, 5, 6, 7, 8, 9, 10, 11, 12, 13, 14, 15, 16, 17, 18, 19, 20], [0, 1, 2, 3, 4, 5, 6, 7, 8, 9, 10, 11, 12, 13, 14, 15, 16, 17, 18, 19, 20], [0, 1, 2, 3, 4, 5, 6, 7, 8, 9, 10, 11, 12, 13, 14, 15, 16, 17, 18, 19, 20], [0, 1, 2, 3, 4, 5, 6, 7, 8, 9, 10, 11, 12, 13, 14, 15, 16, 17, 18, 19, 20], [0, 1, 2, 3, 4, 5, 6, 7, 8, 9, 10, 11, 12, 13, 14, 15, 16, 17, 18, 19, 20], [0, 1, 2, 3, 4, 5, 6, 7, 8, 9, 10, 11, 12, 13, 14, 15, 16, 17, 18, 19, 20], [0, 1, 2, 3, 4, 5, 6, 7, 8, 9, 10, 11, 12, 13, 14, 15, 16, 17, 18, 19, 20], [0, 1, 2, 3, 4, 5, 6, 7, 8, 9, 10, 11, 12, 13, 14, 15, 16, 17, 18, 19, 20], [0, 1, 2, 3, 4, 5, 6, 7, 8, 9, 10, 11, 12, 13, 14, 15, 16, 17, 18, 19, 20]], "accuracies": [[9.01, 29.64, 29.61, 29.65, 29.66, 29.51, 29.61, 29.6, 29.62, 29.67, 29.6, 29.62, 29.63, 29.65, 29.58, 29.65, 29.66, 29.64, 29.56, 29.51, 29.55], [18.67, 23.47, 25.27, 25.59, 25.36, 25.31, 25.77, 26.14, 26.04, 26.32, 25.97, 26.13, 26.13, 25.49, 26.23, 26.14, 26.07, 26.18, 26.17, 26.1, 25.95], [10.26, 29.15, 29.27, 29.17, 29.25, 29.13, 29.38, 29.21, 29.38, 29.34, 29.31, 29.34, 29.31, 29.27, 29.29, 29.36, 29.35, 29.36, 29.26, 29.4, 29.18], [3.11, 28.58, 28.83, 28.45, 28.34, 28.75, 28.76, 28.81, 28.77, 28.78, 28.78, 28.76, 28.54, 28.8, 28.78, 28.8, 28.66, 28.74, 28.81, 28.8, 28.78], [3.8, 27.03, 29.03, 29.48, 29.4, 29.42, 29.45, 29.42, 29.43, 29.38, 29.44, 29.47, 29.49, 29.47, 29.47, 29.46, 29.45, 29.57, 29.53, 29.52, 29.5], [4.93, 28.42, 28.29, 28.1, 28.52, 28.1, 28.41, 28.47, 28.4, 28.45, 28.34, 28.65, 27.99, 28.55, 28.54, 28.64, 28.55, 28.56, 28.61, 28.44, 28.59], [5.51, 27.64, 28.85, 28.95, 28.92, 28.84, 28.69, 28.9, 28.8, 28.75, 28.43, 28.82, 28.79, 28.77, 28.91, 28.6, 28.92, 28.95, 28.97, 28.75, 28.84], [9.92, 27.66, 28.61, 29.11, 29.13, 29.06, 29.08, 29.04, 29.09, 28.99, 29.01, 28.94, 29.08, 29.06, 29.09, 29.04, 29.04, 29.03, 28.96, 29.07, 29.07], [6.58, 26.34, 26.63, 26.7, 26.66, 25.98, 26.99, 26.86, 26.95, 26.86, 26.98, 27.09, 26.71, 26.84, 27.08, 27.27, 27.11, 27.2, 27.11, 26.7, 27.19], [13.25, 29.22, 28.6, 29.25, 29.17, 29.29, 29.25, 29.28, 29.29, 29.18, 29.32, 29.34, 29.29, 29.36, 29.28, 29.32, 29.31, 29.41, 29.27, 29.27, 29.18]], "msds": [[0, 0.0007457952597178519, 0.0005290925619192421, 0.00039393003680743277, 0.0003526706714183092, 0.00031018603476695716, 0.0003383193106856197, 0.00033245456870645285, 0.00029091114993207157, 0.0004122683603782207, 0.0003208255802746862, 0.0002790951984934509, 0.000390104774851352, 0.0002822256356012076, 0.00023553697974421084, 0.00026020908262580633, 0.0002782994706649333, 0.00022873186389915645, 0.0004146064165979624, 0.0004376930301077664, 0.0003143897920381278], [0, 0.0007774621481075883, 0.0005793268792331219, 0.0004747166240122169, 0.00044303815229795873, 0.00040511402767151594, 0.0004054700839333236, 0.0003872704692184925, 0.00036276839091442525, 0.0003903222386725247, 0.0003944415657315403, 0.00033468997571617365, 0.00035965151619166136, 0.0003437818377278745, 0.00032152634230442345, 0.00031146928085945547, 0.00041287869680672884, 0.00034897777368314564, 0.0002739073825068772, 0.00039205237408168614, 0.00036244187504053116], [0, 0.000778267509303987, 0.0005659455782733858, 0.0004453993169590831, 0.0003694092738442123, 0.00041764939669519663, 0.00036003312561661005, 0.0003283897240180522, 0.0004238999681547284, 0.000362236489308998, 0.0002887723676394671, 0.00041176757076755166, 0.00043478712905198336, 0.00030466302996501327, 0.00025419238954782486, 0.0004725163453258574, 0.00036374173942022026, 0.0002919498656410724, 0.0002447177830617875, 0.0002669341629371047, 0.0005298136966302991], [0, 0.0007736367406323552, 0.0005567087791860104, 0.0004515682521741837, 0.0004074253956787288, 0.0003547957167029381, 0.00039717965410090983, 0.00037098812754265964, 0.0003805120359174907, 0.00035185256274417043, 0.0003135878359898925, 0.0003210633876733482, 0.0004890566342510283, 0.000414685724535957, 0.00029583380091935396, 0.00030138762667775154, 0.00040928495582193136, 0.0004000632034149021, 0.00028250410105101764, 0.0002786527038551867, 0.00042220178875140846], [0, 0.0007523957174271345, 0.0005317168543115258, 0.0004288378113415092, 0.0003689688164740801, 0.0003484613262116909, 0.0003551393165253103, 0.0003745628346223384, 0.00030210582190193236, 0.0003785757871810347, 0.0003329483442939818, 0.00027577910805121064, 0.00038599976687692106, 0.00030104981851764023, 0.00023335007426794618, 0.0002560037828516215, 0.0003917415451724082, 0.00028927429229952395, 0.0002257128362543881, 0.000248928990913555, 0.0002761434006970376], [0, 0.0007598965894430876, 0.0005487019079737365, 0.00043039084994234145, 0.00037448504008352757, 0.0003707797441165894, 0.00033933480153791606, 0.0003548808745108545, 0.000337381090503186, 0.0003145974478684366, 0.0003079503949265927, 0.0004180977412033826, 0.0003967480733990669, 0.00028403528267517686, 0.0002337957703275606, 0.0004697345430031419, 0.0003834335075225681, 0.00028303114231675863, 0.00032751623075455427, 0.00042915609083138406, 0.0003333573113195598], [0, 0.0007546664564870298, 0.0005585289327427745, 0.00043786095920950174, 0.00039676271262578666, 0.00037245533894747496, 0.00040034501580521464, 0.00037894604611210525, 0.00038781025796197355, 0.000367746310075745, 0.00032330353860743344, 0.00045244317152537405, 0.0004126734274905175, 0.00029780558543279767, 0.00024436943931505084, 0.000419692718423903, 0.0003544340725056827, 0.00026558790705166757, 0.0002211524551967159, 0.0004529232101049274, 0.00035980541724711657], [0, 0.0007683059084229171, 0.0005665433127433062, 0.0004788947699125856, 0.0004032483557239175, 0.0003555857692845166, 0.0003951199760194868, 0.00034125230740755796, 0.00029766373336315155, 0.0005070470506325364, 0.0004266870964784175, 0.00034766667522490025, 0.0003839802520815283, 0.0003110429970547557, 0.00024895527167245746, 0.0004802087787538767, 0.00036178212030790746, 0.00031614358886145055, 0.00024317130737472326, 0.000308602669974789, 0.0002807010605465621], [0, 0.0007684651063755155, 0.0005475949728861451, 0.0004384000785648823, 0.0003908569342456758, 0.000357379816705361, 0.0003808604960795492, 0.000346358836395666, 0.00033390920725651085, 0.0003627690311986953, 0.0003186617395840585, 0.0002874313504435122, 0.00043166722753085196, 0.0003259353106841445, 0.0002926269662566483, 0.0003158712643198669, 0.000367908418411389, 0.00032593414653092623, 0.0002465922152623534, 0.0003916504792869091, 0.00034930300898849964], [0, 0.000761872623115778, 0.0005365179968066514, 0.00042294315062463284, 0.0003873832174576819, 0.00033766779233701527, 0.00037486993824131787, 0.0003773877106141299, 0.0003143647045362741, 0.0003445311158429831, 0.00033900263952091336, 0.0002799385692924261, 0.0003852836089208722, 0.00027026719180867076, 0.0004080924845766276, 0.00034761542337946594, 0.0002954690426122397, 0.0004125914128962904, 0.0003074009728152305, 0.000289946241537109, 0.0004110305162612349]]}