{"alpha": 0.75, "beta": 0.5, "gamma": 8.0, "num_samples": 1000, "node_count": 10, "density": 1.0, "startup_delay": 0.0, "forward_prob": 0, "epochs": [[0, 1, 2, 3, 4, 5, 6, 7, 8, 9, 10, 11, 12, 13, 14, 15, 16, 17, 18, 19, 20], [0, 1, 2, 3, 4, 5, 6, 7, 8, 9, 10, 11, 12, 13, 14, 15, 16, 17, 18, 19, 20], [0, 1, 2, 3, 4, 5, 6, 7, 8, 9, 10, 11, 12, 13, 14, 15, 16, 17, 18, 19, 20], [0, 1, 2, 3, 4, 5, 6, 7, 8, 9, 10, 11, 12, 13, 14, 15, 16, 17, 18, 19, 20], [0, 1, 2, 3, 4, 5, 6, 7, 8, 9, 10, 11, 12, 13, 14, 15, 16, 17, 18, 19, 20], [0, 1, 2, 3, 4, 5, 6, 7, 8, 9, 10, 11, 12, 13, 14, 15, 16, 17, 18, 19, 20], [0, 1, 2, 3, 4, 5, 6, 7, 8, 9, 10, 11, 12, 13, 14, 15, 16, 17, 18, 19, 20], [0, 1, 2, 3, 4, 5, 6, 7, 8, 9, 10, 11, 12, 13, 14, 15, 16, 17, 18, 19, 20], [0, 1, 2, 3, 4, 5, 6, 7, 8, 9, 10, 11, 12, 13, 14, 15, 16, 17, 18, 19, 20], [0, 1, 2, 3, 4, 5, 6, 7, 8, 9, 10, 11, 12, 13, 14, 15, 16, 17, 18, 19, 20]], "accuracies": [[9.71, 15.97, 63.23, 77.71, 81.67, 82.94, 84.01, 84.65, 85.22, 85.68, 85.99, 86.0, 85.82, 86.21, 86.21, 86.36, 86.52, 86.33, 86.35, 86.31, 86.2], [10.82, 22.84, 60.6, 78.41, 81.42, 82.85, 83.89, 84.76, 85.17, 85.4, 85.8, 85.85, 85.94, 86.23, 86.18, 86.24, 86.38, 86.3, 86.18, 86.32, 86.29], [9.52, 10.83, 62.04, 77.38, 81.32, 82.57, 83.51, 84.49, 85.26, 85.27, 85.87, 85.64, 85.59, 86.1, 85.98, 86.31, 86.25, 86.24, 86.2, 86.2, 86.25], [22.58, 26.69, 68.55, 77.89, 81.38, 82.81, 83.95, 84.51, 85.14, 85.47, 85.94, 85.84, 85.98, 86.15, 86.14, 86.3, 86.35, 86.3, 86.28, 86.33, 86.28], [16.26, 27.35, 66.44, 77.76, 81.02, 82.94, 83.73, 84.44, 85.34, 85.4, 85.94, 85.84, 86.1, 86.35, 86.23, 86.33, 86.16, 86.47, 86.33, 86.28, 86.29], [5.17, 26.14, 66.74, 77.87, 81.44, 82.6, 84.18, 84.61, 85.25, 85.59, 85.96, 85.73, 86.02, 86.18, 86.15, 86.36, 86.28, 86.24, 86.17, 86.19, 86.21], [6.86, 10.65, 62.65, 78.14, 81.38, 82.76, 83.89, 84.64, 85.33, 85.46, 85.76, 85.69, 85.99, 86.27, 86.01, 86.31, 86.38, 86.1, 86.02, 86.21, 86.23], [8.32, 15.04, 58.86, 78.09, 80.92, 82.54, 83.82, 84.54, 85.09, 85.35, 85.94, 85.83, 85.89, 86.14, 86.21, 86.33, 86.36, 86.28, 86.22, 86.26, 86.24], [8.42, 10.0, 67.43, 77.92, 81.12, 82.74, 83.85, 84.66, 85.26, 85.59, 85.94, 85.6, 86.0, 86.32, 86.11, 86.39, 86.47, 86.31, 86.3, 86.31, 86.25], [7.54, 10.0, 65.68, 78.07, 81.72, 82.85, 84.0, 84.81, 85.06, 85.29, 85.91, 85.72, 85.86, 86.19, 86.21, 86.21, 86.26, 86.23, 86.1, 86.23, 86.27]], "msds": [[0, 0.0008566912729293108, 0.00030513215460814536, 0.0001468353730160743, 9.981144103221595e-05, 0.00010311254300177097, 0.00011382339289411902, 0.00012699929357040673, 0.00011939465184696019, 0.00012722660903818905, 0.00012536393478512764, 0.00011291425471426919, 0.00014355535677168518, 0.00010153506445931271, 0.00011003299005096778, 0.00012896244879812002, 9.369393228553236e-05, 0.0001022729484247975, 7.82242277637124e-05, 7.655565423192456e-05, 8.060697291512042e-05], [0, 0.0008594318642280996, 0.0003201050276402384, 0.0001618548994883895, 9.978565503843129e-05, 0.00010217646195087582, 0.00011172331869602203, 0.00012241772492416203, 0.00012412498472258449, 0.00013212283374741673, 0.00012173608411103487, 0.0001149517047451809, 0.00012622641224879771, 0.00010854713036678731, 0.00012594234431162477, 0.00011414478649385273, 8.25850002001971e-05, 9.314340422861278e-05, 8.824555698083714e-05, 8.424004045082256e-05, 7.533079769928008e-05], [0, 0.0008713786373846233, 0.00035782752092927694, 0.00016773816605564207, 0.00010655473306542262, 0.00011330285633448511, 0.000129254738567397, 0.00012726796558126807, 0.00013027203385718167, 0.000148471663123928, 0.00012786615116056055, 0.00012922538735438138, 0.00013796455459669232, 9.635461901780218e-05, 0.00013598648365586996, 0.0001226519962074235, 9.318541560787708e-05, 0.00010437052696943283, 8.619068830739707e-05, 8.422572864219546e-05, 8.471410546917468e-05], [0, 0.0008718236931599677, 0.00031333439983427525, 0.00015449119382537901, 9.912680252455175e-05, 0.00010085304529638961, 0.00011424848344177008, 0.00012640499335248023, 0.0001210709597216919, 0.0001326711062574759, 0.00012645187962334603, 0.00012816143862437457, 0.0001248486660188064, 0.00011665973579511046, 0.0001157835140475072, 0.00010137004574062303, 9.790341573534533e-05, 0.00011448193981777877, 8.50401193019934e-05, 7.226098387036473e-05, 8.148064807755873e-05], [0, 0.0008650529780425131, 0.00034249460441060364, 0.00015348749002441764, 9.997484448831528e-05, 0.00010101673979079351, 0.00011427822028053924, 0.00013402002514339983, 0.0001292363740503788, 0.00014704080240335315, 0.00012923235772177577, 0.00013296690303832293, 0.00012478318240027875, 9.987984230974689e-05, 0.00012394656368996948, 0.0001251852372661233, 0.00010140256199520081, 0.00010914033191511407, 9.836323442868888e-05, 6.969879905227572e-05, 0.00010028411634266376], [0, 0.0008794822497293353, 0.0003063439507968724, 0.00014273927081376314, 9.490259253652766e-05, 9.776937804417685e-05, 0.00010787547944346443, 0.00012036098632961512, 0.00011886862921528518, 0.000125420541735366, 0.0001401626068400219, 0.00010875089355977252, 0.00012037198757752776, 9.483006579102948e-05, 0.0001411602715961635, 0.00011091116903116927, 8.955470548244193e-05, 9.952388791134581e-05, 9.465593029744923e-05, 8.226783393183723e-05, 6.96670394972898e-05], [0, 0.0008576628752052784, 0.00032707490026950836, 0.00015697725757490844, 0.00010055287566501647, 0.00010383917106082663, 0.00011868017463712022, 0.0001258206757484004, 0.00012530888488981873, 0.00013693836808670312, 0.00012595941370818764, 0.00010969135473715141, 0.00012324539420660585, 9.592181595508009e-05, 0.00011555488163139671, 0.00010764696344267577, 8.631589298602194e-05, 0.00011925177386729047, 8.848302968544886e-05, 7.221518171718344e-05, 7.823451596777886e-05], [0, 0.0008733884315006435, 0.00033773513860069215, 0.00015400142001453787, 0.00010356598068028688, 0.00010180535900872201, 0.00010840027971426025, 0.00011712186824297532, 0.00011447168071754277, 0.0001214990988955833, 0.00012366721057333052, 0.00011401596566429362, 0.00012304980191402137, 9.316461364505813e-05, 0.00010545409168116748, 0.0001073511884897016, 0.00010901186760747805, 0.00010046739043900743, 7.773807737976313e-05, 7.443292997777462e-05, 7.026712410151958e-05], [0, 0.0008564243325963616, 0.0003280751407146454, 0.00016132603923324496, 0.00010425863729324192, 0.00010339007712900639, 0.00011437995999585837, 0.00012053763202857226, 0.00011291334521956742, 0.00012090548261767253, 0.00012903587776236236, 0.00011792634177254513, 0.00010902135545620695, 9.822015272220597e-05, 0.00011907653970411047, 0.00010264112643199041, 6.920985470060259e-05, 8.455996430711821e-05, 8.658625301904976e-05, 9.358633542433381e-05, 8.048687595874071e-05], [0, 0.0008491957560181618, 0.0003256341442465782, 0.00015370869368780404, 0.00010624700371408835, 0.00010553203901508823, 0.00011033255577785894, 0.0001210016998811625, 0.0001213049836223945, 0.00012281362432986498, 0.00012147572851972654, 0.00011929622269235551, 0.00013190406025387347, 9.617731120670214e-05, 0.00011722952331183478, 0.00012440583668649197, 8.154787064995617e-05, 9.351911285193637e-05, 0.00010905579983955249, 5.57987586944364e-05, 8.450006134808064e-05]]}