{"alpha": 0.75, "beta": 0.5, "gamma": 2.0, "num_samples": 25, "node_count": 10, "density": 0.25, "startup_delay": 2.0, "forward_prob": 0, "epochs": [[0, 1, 2, 3, 4, 5, 6, 7, 8, 9, 10, 11, 12, 13, 14, 15, 16, 17, 18, 19, 20], [0, 1, 2, 3, 4, 5, 6, 7, 8, 9, 10, 11, 12, 13, 14, 15, 16, 17, 18, 19, 20], [0, 1, 2, 3, 4, 5, 6, 7, 8, 9, 10, 11, 12, 13, 14, 15, 16, 17, 18, 19, 20], [0, 1, 2, 3, 4, 5, 6, 7, 8, 9, 10, 11, 12, 13, 14, 15, 16, 17, 18, 19, 20], [0, 1, 2, 3, 4, 5, 6, 7, 8, 9, 10, 11, 12, 13, 14, 15, 16, 17, 18, 19, 20], [0, 1, 2, 3, 4, 5, 6, 7, 8, 9, 10, 11, 12, 13, 14, 15, 16, 17, 18, 19, 20], [0, 1, 2, 3, 4, 5, 6, 7, 8, 9, 10, 11, 12, 13, 14, 15, 16, 17, 18, 19, 20], [0, 1, 2, 3, 4, 5, 6, 7, 8, 9, 10, 11, 12, 13, 14, 15, 16, 17, 18, 19, 20], [0, 1, 2, 3, 4, 5, 6, 7, 8, 9, 10, 11, 12, 13, 14, 15, 16, 17, 18, 19, 20], [0, 1, 2, 3, 4, 5, 6, 7, 8, 9, 10, 11, 12, 13, 14, 15, 16, 17, 18, 19, 20]], "accuracies": [[10.27, 19.94, 12.9, 28.71, 37.11, 39.76, 36.14, 38.19, 47.07, 43.21, 33.93, 37.49, 46.52, 53.13, 49.64, 52.34, 36.62, 39.23, 56.47, 57.02, 41.13], [11.94, 17.91, 26.49, 30.9, 27.26, 26.26, 26.11, 20.24, 33.22, 39.05, 48.93, 34.55, 46.27, 38.93, 61.86, 57.37, 51.43, 55.19, 54.86, 55.7, 59.36], [6.79, 17.38, 26.83, 34.14, 29.3, 38.18, 43.83, 34.29, 39.44, 36.32, 41.79, 45.47, 42.82, 26.97, 49.26, 39.81, 50.11, 36.73, 46.15, 52.85, 49.72], [10.34, 10.0, 17.93, 26.06, 28.94, 19.22, 27.01, 23.62, 25.67, 36.01, 29.77, 36.88, 40.48, 23.26, 29.4, 39.2, 43.83, 35.02, 31.89, 47.53, 50.56], [10.18, 24.04, 18.46, 34.95, 27.01, 35.37, 26.89, 36.14, 43.9, 37.63, 45.18, 51.55, 38.86, 41.1, 39.18, 45.0, 49.92, 52.41, 55.15, 51.36, 39.85], [12.27, 10.55, 20.93, 24.86, 34.29, 26.44, 39.47, 36.88, 39.27, 40.46, 51.93, 43.93, 46.13, 48.12, 55.47, 42.21, 56.32, 43.18, 51.59, 23.87, 33.2], [11.93, 18.3, 29.56, 24.13, 36.77, 32.99, 22.37, 34.11, 34.7, 41.96, 38.53, 29.01, 46.33, 40.79, 50.11, 41.72, 43.39, 42.32, 46.97, 39.52, 24.02], [16.69, 19.14, 30.04, 26.11, 30.04, 36.9, 47.15, 35.74, 45.06, 33.29, 39.32, 46.19, 62.86, 52.52, 55.57, 53.75, 58.58, 45.58, 45.08, 49.6, 28.26], [11.62, 10.0, 27.65, 38.27, 34.18, 36.67, 17.62, 39.35, 43.59, 41.09, 54.36, 49.13, 45.79, 54.92, 35.86, 53.65, 55.6, 58.05, 48.92, 37.16, 37.03], [12.67, 14.05, 19.51, 27.17, 23.06, 25.95, 25.23, 26.87, 26.02, 43.22, 35.52, 34.13, 32.58, 31.74, 31.34, 30.99, 30.82, 30.79, 30.82, 30.77, 30.71]], "msds": [[0, 0.00044901337241753936, 0.00010528924758546054, 6.152245623525232e-05, 4.146508945268579e-05, 3.7467063521035016e-05, 3.1841675081523135e-05, 1.9885856090695597e-05, 2.0643223251681775e-05, 1.879458432085812e-05, 3.405925235711038e-05, 3.888081118930131e-05, 2.1106898202560842e-05, 1.3482745998771861e-05, 2.4389617465203628e-05, 1.816737130866386e-05, 1.4202635611582082e-05, 4.7821948101045564e-05, 2.2046124286134727e-05, 1.2136489203840028e-05, 1.0928513802355155e-05], [0, 0.0006675231852568686, 8.404500113101676e-05, 4.310229269322008e-05, 2.778630550892558e-05, 2.8147484044893645e-05, 2.9102418920956552e-05, 3.0514789614244364e-05, 2.538742592150811e-05, 3.2792599085951224e-05, 4.2893872887361795e-05, 2.6485713533475064e-05, 2.712162495299708e-05, 1.2592082384799141e-05, 1.7299331375397742e-05, 1.436039929103572e-05, 1.1267208719800692e-05, 3.8166544982232153e-05, 1.742664971970953e-05, 1.2286210221645888e-05, 1.0089595889439806e-05], [0, 0.0006670852890238166, 0.00011327920947223902, 5.809676804346964e-05, 4.0428883949061856e-05, 4.6834498789394274e-05, 3.5217832191847265e-05, 2.4113569452310912e-05, 2.4030752683756873e-05, 2.5157396521535702e-05, 2.428476364002563e-05, 2.584273534012027e-05, 1.9217202861909755e-05, 1.4946175724617206e-05, 2.4374252461711876e-05, 1.8041620933217928e-05, 2.1202034986345097e-05, 4.0605875256005675e-05, 3.9080514397937804e-05, 1.6026457160478458e-05, 6.982666491239797e-06], [0, 0.00044744479237124324, 9.203503577737138e-05, 3.967663724324666e-05, 2.675008181540761e-05, 2.8172087695566006e-05, 3.89746310247574e-05, 2.1303914763848297e-05, 3.308690065750852e-05, 2.2378135327016935e-05, 2.481393858033698e-05, 1.847504790930543e-05, 1.6665635484969243e-05, 1.4844294128124602e-05, 1.8058677596854977e-05, 1.4889629710523877e-05, 1.6514668459421955e-05, 2.7180371034773998e-05, 2.1642839783453383e-05, 1.2386252819851507e-05, 6.483658125944203e-06], [0, 0.0005299386102706194, 0.0001085040348698385, 5.0836242735385895e-05, 3.2233056117547676e-05, 3.355783337610774e-05, 2.607963870104868e-05, 4.1397608583793044e-05, 3.3793519833125174e-05, 2.6459516448085196e-05, 2.7727672204491682e-05, 1.3970171494293027e-05, 2.1261726942611858e-05, 1.6631161997793242e-05, 2.747141115833074e-05, 3.788448520936072e-05, 2.65767357632285e-05, 1.457116650271928e-05, 1.0571711754892021e-05, 1.3980536095914431e-05, 0], [0, 0.0005254774005152285, 0.00010706941247917712, 3.365708835190162e-05, 3.333575659780763e-05, 2.1559351807809435e-05, 2.1080966689623892e-05, 3.1878789741313085e-05, 4.870352495345287e-05, 3.146038579870947e-05, 2.2391601305571385e-05, 1.0870308869925793e-05, 1.2788907952199224e-05, 1.878320654213894e-05, 1.1359216841810849e-05, 2.6260971935698763e-05, 1.9763643649639562e-05, 1.5219903616525698e-05, 2.44227430812316e-05, 6.495904381154105e-05, 7.571969035780057e-05], [0, 0.00045289876288734376, 6.518641748698428e-05, 4.148560401517898e-05, 2.9314105631783605e-05, 2.6364285076851957e-05, 2.69345982815139e-05, 2.782981209747959e-05, 2.346213295822963e-05, 3.715037746587768e-05, 2.1475472749443725e-05, 1.5835654266993515e-05, 2.5202001779689454e-05, 1.8762009858619422e-05, 2.1081816157675348e-05, 3.798406760324724e-05, 2.5423638362553902e-05, 1.0925383321591653e-05, 8.588608579884749e-06, 5.457538463815581e-06, 0], [0, 0.0005558743141591549, 0.00011201121378690004, 7.32802800484933e-05, 5.140021676197648e-05, 3.6399243981577456e-05, 4.570271630655043e-05, 3.697300053318031e-05, 5.6649303587619215e-05, 5.634893022943288e-05, 3.553709393600002e-05, 2.900577055697795e-05, 1.7364436644129455e-05, 2.7075089747086167e-05, 1.6106427210615948e-05, 2.13635248655919e-05, 2.9372318749665283e-05, 2.0041597963427193e-05, 2.124834827554878e-05, 6.495904381154105e-05, 7.571969035780057e-05], [0, 0.00045749390847049654, 9.922341996571049e-05, 4.516839180723764e-05, 2.8591830414370634e-05, 2.874042183975689e-05, 2.4167120500351302e-05, 4.0136976167559624e-05, 2.488235077180434e-05, 3.330869731144048e-05, 1.070302096195519e-05, 1.205152875627391e-05, 1.9085855456069112e-05, 2.03942308871774e-05, 3.7170586438151076e-05, 2.9833514417987317e-05, 1.3791887795377988e-05, 9.53131529968232e-06, 3.841516900138231e-06, 0, 0], [0, 0, 0.00033048182376660407, 0.00016927385877352208, 5.5554253776790574e-05, 4.6441440645139664e-05, 3.65913801942952e-05, 3.959905370720662e-05, 3.349899998283945e-05, 1.5942448953865096e-05, 0, 0, 0, 0, 0, 0, 0, 0, 0, 0, 0]]}