{"alpha": 0.75, "beta": 0.5, "gamma": 3.0, "num_samples": 1000, "node_count": 10, "density": 0.5, "startup_delay": 0.0, "forward_prob": 0, "epochs": [[0, 1, 2, 3, 4, 5, 6, 7, 8, 9, 10, 11, 12, 13, 14, 15, 16, 17, 18, 19, 20], [0, 1, 2, 3, 4, 5, 6, 7, 8, 9, 10, 11, 12, 13, 14, 15, 16, 17, 18, 19, 20], [0, 1, 2, 3, 4, 5, 6, 7, 8, 9, 10, 11, 12, 13, 14, 15, 16, 17, 18, 19, 20], [0, 1, 2, 3, 4, 5, 6, 7, 8, 9, 10, 11, 12, 13, 14, 15, 16, 17, 18, 19, 20], [0, 1, 2, 3, 4, 5, 6, 7, 8, 9, 10, 11, 12, 13, 14, 15, 16, 17, 18, 19, 20], [0, 1, 2, 3, 4, 5, 6, 7, 8, 9, 10, 11, 12, 13, 14, 15, 16, 17, 18, 19, 20], [0, 1, 2, 3, 4, 5, 6, 7, 8, 9, 10, 11, 12, 13, 14, 15, 16, 17, 18, 19, 20], [0, 1, 2, 3, 4, 5, 6, 7, 8, 9, 10, 11, 12, 13, 14, 15, 16, 17, 18, 19, 20], [0, 1, 2, 3, 4, 5, 6, 7, 8, 9, 10, 11, 12, 13, 14, 15, 16, 17, 18, 19, 20], [0, 1, 2, 3, 4, 5, 6, 7, 8, 9, 10, 11, 12, 13, 14, 15, 16, 17, 18, 19, 20]], "accuracies": [[10.33, 13.2, 50.89, 76.85, 81.68, 82.94, 82.74, 84.46, 84.77, 85.48, 85.41, 85.48, 85.42, 85.5, 85.43, 85.44, 85.55, 85.58, 85.78, 85.71, 85.5], [9.37, 17.53, 49.98, 77.02, 81.43, 82.94, 82.74, 84.12, 84.41, 84.46, 84.47, 84.78, 85.23, 85.26, 85.43, 85.37, 85.03, 85.58, 85.7, 85.9, 85.23], [5.47, 39.34, 57.95, 75.43, 81.22, 82.94, 82.74, 84.12, 84.76, 84.81, 84.47, 84.79, 84.96, 85.48, 85.43, 85.64, 85.25, 85.88, 85.95, 85.59, 85.38], [11.37, 10.01, 52.82, 76.81, 81.23, 82.6, 83.33, 84.2, 84.41, 84.46, 84.53, 84.78, 84.96, 85.3, 85.3, 85.35, 85.54, 85.67, 85.62, 85.71, 85.23], [8.55, 10.0, 45.67, 77.12, 81.42, 82.08, 84.05, 84.79, 85.12, 85.4, 85.55, 85.63, 85.64, 85.75, 85.62, 85.72, 85.68, 86.11, 85.77, 86.03, 85.89], [7.15, 10.28, 59.13, 77.51, 81.21, 82.94, 82.74, 84.12, 84.82, 84.46, 84.47, 84.78, 85.57, 85.37, 85.43, 85.48, 85.13, 85.29, 85.63, 85.5, 85.56], [8.06, 24.96, 60.82, 77.6, 81.09, 83.0, 83.84, 84.94, 84.65, 85.03, 84.4, 85.58, 85.81, 85.54, 85.58, 85.59, 85.24, 85.99, 85.86, 85.89, 85.53], [3.78, 12.66, 46.14, 76.77, 80.75, 81.28, 83.84, 84.95, 85.04, 85.71, 85.29, 85.72, 85.82, 85.76, 86.0, 86.17, 85.74, 86.17, 85.92, 86.3, 85.86], [11.84, 25.35, 71.22, 75.83, 80.35, 82.46, 83.87, 84.48, 84.89, 85.24, 84.57, 84.83, 85.23, 85.1, 85.46, 85.51, 85.36, 85.83, 85.54, 85.45, 85.49], [8.51, 10.01, 57.61, 77.34, 81.55, 83.17, 83.77, 84.49, 84.95, 85.52, 85.09, 85.03, 85.61, 85.47, 85.38, 85.45, 85.55, 85.95, 85.67, 86.0, 85.83]], "msds": [[0, 0.0008800316136330366, 0.00040096027078107, 0.00018497719429433346, 0.00011158830602653325, 0.00012825231533497572, 0.00011383956734789535, 0.00012084038462489843, 0.0001344242482446134, 0.00015047608758322895, 0.00015616627933923155, 0.00013544816465582699, 0.00012707107816822827, 0.00013470419798977673, 8.367809641640633e-05, 0.00011173421080457047, 9.158969623968005e-05, 7.432507118210196e-05, 0.000105876344605349, 9.18974110390991e-05, 6.48050699965097e-05], [0, 0.0008891355828382075, 0.00043522665509954095, 0.0001768823858583346, 0.00012632085417862982, 0.00011759353219531476, 0.00011094957881141454, 0.00011254598939558491, 0.00010720646241679788, 0.00010497446055524051, 0.00010225449659628794, 0.00010628348536556587, 7.351139356615022e-05, 0.00011392749729566276, 5.370694270823151e-05, 9.703163232188672e-05, 4.738056304631755e-05, 9.420938295079395e-05, 8.110586350085214e-05, 8.367141708731651e-05, 5.3729712817585096e-05], [0, 0.0008467410807497799, 0.0003136044542770833, 0.0001902953808894381, 0.0001563276891829446, 0.0001269785570912063, 0.00011446320422692224, 0.00010735082469182089, 0.00012464293104130775, 0.00012102600885555148, 0.0001146566282841377, 0.0001261810102732852, 6.157840834930539e-05, 0.00010337816638639197, 5.3326963097788393e-05, 7.450500561390072e-05, 6.965783541090786e-05, 6.690975715173408e-05, 0.00012181861529825255, 7.587442814838141e-05, 7.862478378228843e-05], [0, 0.0008576867985539138, 0.00037337056710384786, 0.00018469846691004932, 0.00012188219261588529, 0.00012081522436346859, 0.00014353585720527917, 0.00014823510718997568, 0.0001473650918342173, 0.00012804195284843445, 0.00013606999709736556, 0.00010298423876520246, 8.760588389122859e-05, 9.533571574138477e-05, 6.50921356282197e-05, 0.00010301647853339091, 8.583378803450614e-05, 6.450385262724012e-05, 9.895100811263546e-05, 0.0001362916809739545, 4.1749437514226884e-05], [0, 0.0008838230860419571, 0.00043831049697473645, 0.00020177449914626777, 0.00012242543743923306, 0.0001312032254645601, 0.0001470831921324134, 0.00015820402768440545, 0.00017434664187021554, 0.000179408147232607, 0.00015269940195139498, 0.00017716799629852176, 0.0001667126634856686, 0.00015294764307327569, 0.0001616947411093861, 0.00015065095794852823, 0.00012200722267152742, 0.00012749740562867373, 0.00013041545753367245, 0.00013132371532265097, 0.00010190169996349141], [0, 0.000865397450979799, 0.00038500147638842463, 0.00019533847807906568, 0.00011924689169973135, 0.00012371066259220243, 0.00010962662781821564, 0.00010773292160592973, 0.00012681240332312882, 0.0001043587617459707, 0.00011703924974426627, 9.056473936652765e-05, 0.00010481505159987137, 0.00010371245298301801, 6.69856381136924e-05, 9.389081242261454e-05, 5.441216489998624e-05, 5.531754868570715e-05, 8.238723239628598e-05, 7.851686677895486e-05, 6.748186569893733e-05], [0, 0.0008588949567638338, 0.00038251533987931907, 0.00021902726439293474, 0.00016690675693098456, 0.00015414573135785758, 0.00016433466225862503, 0.00016361198504455388, 0.00016702078573871404, 0.0001770841481629759, 0.00015040764992590994, 0.00015162542695179582, 0.00013262915308587253, 0.00015644414816051722, 0.00012745321146212518, 0.00014481248217634857, 0.00013235522783361375, 0.00013545245747081935, 0.00010996419587172568, 9.61778569035232e-05, 9.650482388678938e-05], [0, 0.0008690967224538326, 0.0003736490325536579, 0.00023388557019643486, 0.0001537083153380081, 0.00015222598449327052, 0.0001552433386677876, 0.00016797448915895075, 0.00016205720021389425, 0.0001727672788547352, 0.0001569750311318785, 0.0001909003040054813, 0.00016666401643306017, 0.0001601889671292156, 0.00016285250603687018, 0.00014674470003228635, 0.0001358210138278082, 0.00014051407924853265, 0.00014272145926952362, 0.0001254680973943323, 0.00012085089110769331], [0, 0.0008262075134553015, 0.0003213254676666111, 0.00019739729759749025, 0.00018483605526853353, 0.00015884204185567796, 0.00016833234985824674, 0.0001815805590013042, 0.00020348874386399984, 0.00019266182789579034, 0.00016413306002505124, 0.00015654013259336352, 0.00015113892732188106, 0.00015389599138870835, 0.00015903168241493404, 0.0001617105444893241, 0.00014922536502126604, 0.00013223304995335639, 0.00014321919297799468, 0.00014525024744216353, 0.000119418153190054], [0, 0.0008682764018885791, 0.00037986846291460097, 0.00018755736527964473, 0.00014244781050365418, 0.00013457862951327115, 0.00015415791131090373, 0.00016297976253554225, 0.00016360085282940418, 0.00014561064017470926, 0.00018428366456646472, 0.0001617875532247126, 0.0001471197174396366, 0.00014741416089236736, 0.0001069354111677967, 0.00013657861563842744, 0.0001122975954785943, 0.00011310770059935749, 0.0001201916893478483, 9.666295227361843e-05, 0.00011102665303042158]]}