{"alpha": 0.75, "beta": 0.5, "gamma": 1.0, "num_samples": 1000, "node_count": 10, "density": 0.0, "startup_delay": 0.0, "forward_prob": 0, "epochs": [[0, 1, 2, 3, 4, 5, 6, 7, 8, 9, 10, 11, 12, 13, 14, 15, 16, 17, 18, 19, 20], [0, 1, 2, 3, 4, 5, 6, 7, 8, 9, 10, 11, 12, 13, 14, 15, 16, 17, 18, 19, 20], [0, 1, 2, 3, 4, 5, 6, 7, 8, 9, 10, 11, 12, 13, 14, 15, 16, 17, 18, 19, 20], [0, 1, 2, 3, 4, 5, 6, 7, 8, 9, 10, 11, 12, 13, 14, 15, 16, 17, 18, 19, 20], [0, 1, 2, 3, 4, 5, 6, 7, 8, 9, 10, 11, 12, 13, 14, 15, 16, 17, 18, 19, 20], [0, 1, 2, 3, 4, 5, 6, 7, 8, 9, 10, 11, 12, 13, 14, 15, 16, 17, 18, 19, 20], [0, 1, 2, 3, 4, 5, 6, 7, 8, 9, 10, 11, 12, 13, 14, 15, 16, 17, 18, 19, 20], [0, 1, 2, 3, 4, 5, 6, 7, 8, 9, 10, 11, 12, 13, 14, 15, 16, 17, 18, 19, 20], [0, 1, 2, 3, 4, 5, 6, 7, 8, 9, 10, 11, 12, 13, 14, 15, 16, 17, 18, 19, 20], [0, 1, 2, 3, 4, 5, 6, 7, 8, 9, 10, 11, 12, 13, 14, 15, 16, 17, 18, 19, 20]], "accuracies": [[9.74, 74.49, 74.5, 80.0, 80.26, 83.27, 84.02, 83.5, 82.18, 83.29, 83.51, 83.5, 83.87, 83.54, 83.42, 83.67, 83.37, 84.81, 84.98, 85.3, 85.27], [9.53, 53.42, 65.86, 78.23, 75.97, 81.71, 80.66, 83.08, 80.56, 83.36, 83.05, 83.75, 84.29, 84.44, 83.75, 84.01, 84.12, 85.4, 85.5, 85.24, 85.49], [12.31, 10.0, 79.84, 79.84, 81.12, 81.89, 83.24, 84.4, 83.37, 83.26, 83.66, 83.39, 84.24, 84.68, 84.18, 83.98, 84.58, 84.06, 85.49, 85.55, 83.98], [10.95, 76.1, 59.79, 77.11, 76.42, 82.11, 83.94, 84.64, 84.59, 84.29, 83.27, 83.36, 83.79, 84.26, 84.54, 84.88, 86.31, 86.22, 85.44, 86.12, 85.92], [10.06, 72.53, 73.03, 77.18, 80.95, 83.46, 83.23, 84.15, 84.23, 84.47, 84.39, 84.5, 84.16, 84.64, 84.45, 84.99, 84.98, 84.39, 84.91, 85.2, 85.54], [9.39, 39.68, 55.69, 70.47, 78.15, 82.51, 83.05, 83.45, 83.01, 83.38, 83.35, 83.37, 84.74, 84.27, 84.31, 84.53, 84.67, 85.32, 86.05, 85.44, 86.22], [10.63, 29.97, 81.6, 50.68, 81.28, 79.6, 76.21, 82.4, 78.02, 83.14, 83.38, 83.06, 83.94, 83.64, 83.4, 83.29, 84.59, 83.79, 84.84, 85.1, 84.54], [10.07, 72.99, 81.62, 71.32, 80.72, 80.64, 83.2, 83.3, 83.89, 82.87, 83.56, 83.39, 84.62, 84.78, 85.22, 85.51, 85.86, 85.94, 85.87, 85.45, 86.13], [8.2, 10.26, 31.63, 77.17, 78.95, 82.16, 83.97, 84.57, 84.57, 82.9, 83.36, 83.55, 84.06, 84.23, 84.46, 84.57, 85.83, 83.92, 86.18, 85.84, 86.04], [11.17, 69.6, 67.11, 78.06, 78.31, 80.41, 81.95, 83.24, 83.52, 83.1, 83.5, 83.73, 83.99, 83.92, 84.06, 84.82, 85.3, 84.68, 84.54, 85.3, 85.22]], "msds": [[0, 0.0008883720729500055, 0.0007222502026706934, 0.00044608773896470666, 0.0002854874182958156, 0.0002022671396844089, 0.00024257219047285616, 0.00011117371468571946, 0.0003832052752841264, 0.00016827638319227844, 0.00022616916976403445, 0.00012068215437466279, 5.885022255824879e-05, 2.486346784280613e-05, 2.9086799258948304e-05, 5.044187855673954e-05, 1.8526063286117278e-05, 7.417305459966883e-05, 7.22759505151771e-05, 4.594663914758712e-05, 6.794013461330906e-05], [0, 0.0008981758146546781, 0.0006950493552722037, 0.00037158263148739934, 0.0002274282742291689, 0.00029086603899486363, 0.0003438811982050538, 0.0002043788554146886, 0.00043090523104183376, 0.00015338663069996983, 0.00010662362910807133, 0.00016743349260650575, 0.00015607752720825374, 0.00011530581105034798, 0.0001095446859835647, 0.00010749411740107462, 0.00011967720638494939, 0.00010857814777409658, 6.185811071190983e-05, 5.8437355619389564e-05, 5.2740200771950185e-05], [0, 0.0008818016503937542, 0.0007222502026706934, 0.00044608773896470666, 0.0002854874182958156, 0.0002022671396844089, 0.0001121776076615788, 0.0001397789310431108, 7.430731056956574e-05, 0.00025905450456775725, 0.00022555406030733138, 0.00023597045219503343, 0.00014977186219766736, 0.00015223093214444816, 0.00012373013305477798, 0.0001532996684545651, 0.00011127485777251422, 0.00012677079939749092, 0.00015350026660598814, 7.329856452997774e-05, 7.671811908949167e-05], [0, 0.0008444284903816879, 0.0006356497178785503, 0.0004209534963592887, 0.00028186547569930553, 0.0002020758402068168, 0.00017090812616515905, 0.00010238746472168714, 9.565453365212306e-05, 8.242602052632719e-05, 0.0003472972603049129, 0.0002782806695904583, 0.00021798447414766997, 0.00027503594174049795, 0.00023228715872392058, 0.0002225644129794091, 0.00025319450651295483, 0.00012720994709525257, 0.0001908274134621024, 0.0001738352730171755, 8.508029713993892e-05], [0, 0.0008819606155157089, 0.0005511575727723539, 0.0007020554039627314, 0.0003642117080744356, 0.00027481690631248057, 0.00021343892149161547, 0.00016838415467645973, 9.385571320308372e-05, 0.00015201697533484548, 0.00029409865965135396, 0.0002709635882638395, 0.0002737237955443561, 0.00021311746968422085, 0.0001865927188191563, 0.0001963604736374691, 0.0002003005356527865, 0.00018512866517994553, 0.00020145694725215435, 9.907169442158192e-05, 7.34236091375351e-05], [0, 0.0008265012293122709, 0.0005489718168973923, 0.0005393350147642195, 0.0002666808431968093, 0.0002753275039140135, 0.00020972685888409615, 0.00016518717166036367, 0.00019353216339368373, 0.00021654454758390784, 0.00034608072019182146, 0.0002852526667993516, 0.00025020953034982085, 0.00029997166711837053, 0.00022563186939805746, 0.00021955366537440568, 0.00021358438243623823, 0.0001710360375000164, 0.00019498234905768186, 0.00011894894123543054, 0.00017108116298913956], [0, 0.0008932740893214941, 0.0005102682625874877, 0.0005449226591736078, 0.000406265608035028, 0.00039569142973050475, 0.00044943386455997825, 0.0002492528292350471, 0.00040705534047447145, 0.00015338663069996983, 0.00022616916976403445, 0.00012068215437466279, 5.885022255824879e-05, 2.486346784280613e-05, 2.9086799258948304e-05, 5.044187855673954e-05, 6.910162483109161e-05, 4.331800664658658e-05, 3.524563362589106e-05, 4.849933975492604e-05, 5.1602681196527556e-05], [0, 0.0008444284903816879, 0.0004975420306436718, 0.00046869131620042026, 0.00023858074564486742, 0.00023193225206341594, 0.0001862270146375522, 9.235169272869825e-05, 8.191269444068894e-05, 6.204000965226442e-05, 7.231222843984142e-05, 0.0002834877814166248, 0.0003381481801625341, 0.0002839272783603519, 0.0002714794536586851, 0.0002673139388207346, 0.0002753643202595413, 0.00015476488624699414, 7.133246981538832e-05, 0.0002059402468148619, 0.0001275611575692892], [0, 0.0008514156797900796, 0.0006653497111983597, 0.0003723991976585239, 0.00028186547569930553, 0.0002464709396008402, 0.00015872562653385103, 0.00016066308307927102, 0.00010197750088991597, 0.000403638172429055, 0.00022330935462377965, 0.00013782083988189697, 0.00021891211508773267, 0.00018408623873256147, 0.00016745025641284883, 0.00016906869132071733, 0.00019720676937140524, 0.00015209548291750252, 0.0001415304432157427, 0.00010298698907718062, 8.445688581559807e-05], [0, 0.0008423621184192598, 0.0006475566769950092, 0.0003537296724971384, 0.000568179355468601, 0.00025957453181035817, 0.0001387481897836551, 0.00019247234740760177, 0.00019353216339368373, 9.219341882271692e-05, 0.00017080990073736757, 0.0003095726715400815, 0.00030033118673600256, 0.00012178378528915346, 0.0002743082004599273, 0.0002632011310197413, 0.00026530379545874894, 0.00023883822723291814, 0.00019621120009105653, 9.504156332695857e-05, 0.0001928282727021724]]}