{"alpha": 0.75, "beta": 0.5, "gamma": 3.0, "num_samples": 1000, "node_count": 10, "density": 0.5, "startup_delay": 0.0, "forward_prob": 0, "epochs": [[0, 1, 2, 3, 4, 5, 6, 7, 8, 9, 10, 11, 12, 13, 14, 15, 16, 17, 18, 19, 20], [0, 1, 2, 3, 4, 5, 6, 7, 8, 9, 10, 11, 12, 13, 14, 15, 16, 17, 18, 19, 20], [0, 1, 2, 3, 4, 5, 6, 7, 8, 9, 10, 11, 12, 13, 14, 15, 16, 17, 18, 19, 20], [0, 1, 2, 3, 4, 5, 6, 7, 8, 9, 10, 11, 12, 13, 14, 15, 16, 17, 18, 19, 20], [0, 1, 2, 3, 4, 5, 6, 7, 8, 9, 10, 11, 12, 13, 14, 15, 16, 17, 18, 19, 20], [0, 1, 2, 3, 4, 5, 6, 7, 8, 9, 10, 11, 12, 13, 14, 15, 16, 17, 18, 19, 20], [0, 1, 2, 3, 4, 5, 6, 7, 8, 9, 10, 11, 12, 13, 14, 15, 16, 17, 18, 19, 20], [0, 1, 2, 3, 4, 5, 6, 7, 8, 9, 10, 11, 12, 13, 14, 15, 16, 17, 18, 19, 20], [0, 1, 2, 3, 4, 5, 6, 7, 8, 9, 10, 11, 12, 13, 14, 15, 16, 17, 18, 19, 20], [0, 1, 2, 3, 4, 5, 6, 7, 8, 9, 10, 11, 12, 13, 14, 15, 16, 17, 18, 19, 20]], "accuracies": [[10.05, 10.61, 61.96, 76.25, 80.92, 82.09, 83.49, 83.83, 84.5, 84.62, 85.11, 85.29, 85.67, 84.84, 85.77, 85.63, 86.05, 86.19, 86.5, 86.37, 85.9], [6.55, 10.0, 48.02, 76.29, 80.5, 82.13, 83.57, 83.8, 84.87, 84.78, 84.81, 84.82, 85.1, 85.53, 85.71, 85.83, 86.05, 86.05, 86.05, 85.82, 85.79], [8.91, 10.03, 60.34, 74.88, 80.48, 81.83, 83.46, 83.95, 84.27, 85.1, 85.05, 85.48, 85.63, 85.15, 85.82, 86.12, 86.34, 86.05, 86.33, 85.9, 86.13], [8.38, 18.68, 60.46, 76.03, 80.36, 82.01, 83.58, 84.01, 84.52, 85.01, 85.34, 85.14, 85.9, 84.91, 85.7, 85.66, 86.23, 86.07, 86.37, 86.15, 85.88], [9.97, 14.95, 58.29, 75.83, 80.38, 82.3, 83.56, 83.9, 84.64, 84.81, 84.94, 85.68, 85.63, 85.23, 85.66, 85.77, 86.25, 85.82, 86.38, 86.31, 86.11], [10.49, 10.31, 52.03, 76.75, 80.63, 82.03, 83.61, 84.08, 84.4, 84.94, 84.82, 85.56, 85.4, 85.66, 85.94, 85.66, 86.05, 86.31, 86.18, 86.14, 86.36], [12.01, 19.72, 67.68, 76.07, 79.68, 82.25, 83.34, 83.65, 84.44, 84.87, 85.43, 85.51, 85.48, 85.74, 85.55, 86.19, 85.94, 86.12, 85.93, 85.87, 86.1], [7.98, 13.32, 49.47, 76.81, 79.63, 82.09, 83.49, 83.84, 84.7, 85.19, 85.18, 85.53, 85.78, 85.82, 86.16, 86.03, 86.29, 86.24, 86.37, 86.15, 86.11], [6.9, 20.56, 46.96, 76.09, 80.11, 82.47, 83.6, 84.2, 84.7, 84.67, 85.24, 85.65, 85.6, 85.29, 85.9, 86.05, 85.98, 86.28, 86.1, 86.03, 86.16], [10.34, 18.87, 54.29, 76.79, 80.29, 82.04, 83.1, 83.74, 84.31, 84.66, 84.49, 84.51, 84.87, 85.51, 85.73, 85.83, 85.97, 86.05, 86.1, 86.17, 86.2]], "msds": [[0, 0.0008646377245895565, 0.00032982503762468696, 0.00019395185518078506, 0.00013175251660868526, 0.0001117322753998451, 0.0001181628176709637, 0.00012473958486225456, 0.000129098683828488, 0.00012276729103177786, 0.00011931075277971104, 0.0001259049167856574, 0.00011033507325919345, 0.00013407134974841028, 0.00010590822785161436, 0.00011439798981882632, 8.240355964517221e-05, 0.00011899058154085651, 8.30387944006361e-05, 8.835579501464963e-05, 8.593704842496663e-05], [0, 0.0008479327661916614, 0.0003920377930626273, 0.00021535521955229342, 0.00011718803580151871, 0.00012851468636654317, 0.00013256448437459767, 0.00013641240366268903, 0.00016016984591260552, 0.0001553718320792541, 0.00011971854837611318, 0.00015842319407965988, 0.0001426101807737723, 0.00012328446609899402, 0.00012832277570851147, 0.00011397762136766687, 0.00011179340799571946, 0.00010033745638793334, 0.00011548263137228787, 0.00015571339463349432, 0.00011960521806031466], [0, 0.0008466692524962127, 0.0003363369614817202, 0.00023640049039386213, 0.00016032869461923838, 0.00013450176629703492, 0.00013835134450346231, 0.00014375988394021988, 0.0001258930133190006, 0.00015419830742757767, 0.00012729380978271365, 0.0001401955378241837, 0.0001252627989742905, 0.00012046705523971468, 0.00013894488802179694, 0.00011458605877123773, 7.912769797258079e-05, 0.00011631318920990452, 9.71653062151745e-05, 0.00017089929315261543, 8.334906306117773e-05], [0, 0.00087959278607741, 0.000381929479772225, 0.00019619330123532563, 0.00012103759945603088, 0.00011691315012285486, 0.00012109248200431466, 0.00012678153871092945, 0.0001192287600133568, 0.00012418221740517765, 0.00011830765288323164, 0.000131169828819111, 0.00010678832040866837, 0.00012613213039003313, 0.00012692912423517555, 9.716406930238008e-05, 6.897698040120304e-05, 9.097445581573993e-05, 9.623089135857299e-05, 0.00010029032273450866, 0.00010531535372138023], [0, 0.0008683798369020224, 0.00033052515937015414, 0.00023936849902383983, 0.00014026189455762506, 0.00012171242269687355, 0.0001394143037032336, 0.0001333458349108696, 0.00014191088848747313, 0.000141431693919003, 0.00012469408102333546, 0.00014374252350535244, 0.00010809580999193713, 0.00012235331814736128, 0.00011335939052514732, 0.00012311025056988, 8.52751181810163e-05, 0.00010474195005372167, 0.0001200560582219623, 0.0001034314336720854, 7.65312579460442e-05], [0, 0.0008771128486841917, 0.0004100864171050489, 0.00016197460354305804, 0.0001162432599812746, 0.00011181647278135642, 0.0001165967623819597, 0.00014122149150352925, 0.00013165788550395519, 0.00013313769886735827, 0.00012847341713495553, 0.00014486259897239506, 0.00011095857189502567, 0.00014262385957408696, 0.00011632852692855522, 0.00010356540587963536, 0.00010358807776356116, 9.774403588380665e-05, 7.046838436508551e-05, 9.531970863463357e-05, 8.689601963851601e-05], [0, 0.0008446704014204443, 0.0002997136034537107, 0.00022818378056399524, 0.000131261971546337, 0.00012175985466456041, 0.0001318510330747813, 0.000138312199851498, 0.00014497761731036007, 0.00015351400361396372, 0.00012795245856978, 0.00015430017083417624, 0.00012595890439115465, 0.00012207392137497663, 0.00013249779294710606, 0.00013357149146031588, 0.00010610736353555694, 0.00011220201849937439, 9.816011879593134e-05, 0.0002076107048196718, 9.017584670800716e-05], [0, 0.0008443075930699706, 0.0003935288405045867, 0.0002048009482678026, 0.00013066247629467398, 0.00011396407353458926, 0.00013697653776034713, 0.00014581299910787493, 0.00013265297457110137, 0.00013318769924808294, 0.00012267814599908888, 0.00015461893053725362, 0.00010645856673363596, 0.00011823813110822812, 0.00012845029414165765, 0.00011458728840807453, 0.0001104096882045269, 0.00011690374230965972, 9.896521078189835e-05, 0.00013130591833032668, 8.683149644639343e-05], [0, 0.0008510425104759634, 0.00040500203613191843, 0.00021261033543851227, 0.00011959957919316366, 0.00011395339970476925, 0.00012210015847813338, 0.0001295758702326566, 0.00013697153190150857, 0.00012996172881685197, 0.00011947230086661875, 0.00013716732792090625, 0.00011428751895437017, 0.0001378159795422107, 0.00010685785673558712, 0.00010237004607915878, 0.00010691183706512675, 8.893687481759116e-05, 0.00011209468357264996, 0.00014213968825060874, 0.00010914330778177828], [0, 0.0008614156395196915, 0.00039799665682949126, 0.00021065126929897815, 0.00013905666128266603, 0.00012190637789899483, 0.00014580074639525265, 0.0001510929287178442, 0.00015983635967131704, 0.000159751289174892, 0.00014175026444718242, 0.0001512410817667842, 0.00012881774455308914, 0.00014311248378362507, 0.00013894790026824921, 0.00012611935380846262, 0.00012773601338267326, 0.0001017580580082722, 0.00012222009536344558, 0.0001405166694894433, 0.00012549612438306212]]}