{"alpha": 0.75, "beta": 0.5, "gamma": 8.0, "num_samples": 100, "node_count": 10, "density": 1.0, "startup_delay": 0.0, "forward_prob": 0, "epochs": [[0, 1, 2, 3, 4, 5, 6, 7, 8, 9, 10, 11, 12, 13, 14, 15, 16, 17, 18, 19, 20], [0, 1, 2, 3, 4, 5, 6, 7, 8, 9, 10, 11, 12, 13, 14, 15, 16, 17, 18, 19, 20], [0, 1, 2, 3, 4, 5, 6, 7, 8, 9, 10, 11, 12, 13, 14, 15, 16, 17, 18, 19, 20], [0, 1, 2, 3, 4, 5, 6, 7, 8, 9, 10, 11, 12, 13, 14, 15, 16, 17, 18, 19, 20], [0, 1, 2, 3, 4, 5, 6, 7, 8, 9, 10, 11, 12, 13, 14, 15, 16, 17, 18, 19, 20], [0, 1, 2, 3, 4, 5, 6, 7, 8, 9, 10, 11, 12, 13, 14, 15, 16, 17, 18, 19, 20], [0, 1, 2, 3, 4, 5, 6, 7, 8, 9, 10, 11, 12, 13, 14, 15, 16, 17, 18, 19, 20], [0, 1, 2, 3, 4, 5, 6, 7, 8, 9, 10, 11, 12, 13, 14, 15, 16, 17, 18, 19, 20], [0, 1, 2, 3, 4, 5, 6, 7, 8, 9, 10, 11, 12, 13, 14, 15, 16, 17, 18, 19, 20], [0, 1, 2, 3, 4, 5, 6, 7, 8, 9, 10, 11, 12, 13, 14, 15, 16, 17, 18, 19, 20]], "accuracies": [[8.79, 10.02, 60.88, 66.33, 71.0, 71.56, 72.69, 74.15, 73.05, 75.32, 75.92, 74.87, 76.19, 77.36, 77.39, 77.89, 77.53, 78.04, 77.99, 78.87, 77.51], [10.57, 10.0, 60.96, 67.98, 70.86, 71.32, 71.92, 74.43, 74.25, 75.59, 76.2, 75.72, 75.21, 77.01, 77.71, 77.53, 77.47, 77.92, 78.58, 78.25, 77.4], [6.83, 14.56, 55.91, 65.96, 70.61, 72.38, 73.93, 74.93, 74.8, 76.18, 76.32, 76.08, 76.09, 77.83, 77.69, 77.47, 77.8, 77.51, 78.25, 78.45, 77.69], [8.48, 10.0, 57.53, 66.56, 69.71, 70.5, 73.38, 74.68, 73.29, 76.19, 75.89, 73.7, 75.86, 77.66, 77.54, 76.62, 77.58, 77.9, 78.52, 78.42, 77.51], [6.03, 15.54, 57.14, 68.2, 71.32, 72.0, 72.45, 74.91, 73.6, 75.95, 76.13, 75.26, 75.21, 77.49, 78.13, 77.68, 77.67, 78.2, 78.45, 78.3, 77.98], [9.07, 10.0, 59.38, 67.12, 71.31, 72.32, 72.97, 74.24, 73.19, 75.71, 75.9, 75.53, 75.75, 77.54, 77.95, 77.57, 77.57, 78.05, 78.67, 78.52, 77.75], [3.88, 17.42, 59.48, 65.13, 70.59, 71.39, 73.34, 74.62, 73.87, 75.93, 76.27, 74.86, 75.43, 77.01, 78.17, 77.93, 77.42, 77.61, 78.46, 78.23, 77.72], [7.88, 12.88, 59.62, 67.23, 71.23, 71.78, 72.04, 73.8, 74.27, 76.25, 75.95, 75.29, 75.84, 77.86, 77.9, 77.53, 76.89, 77.69, 76.91, 78.32, 77.61], [12.02, 17.07, 59.79, 66.96, 70.63, 71.72, 72.87, 74.3, 74.4, 75.48, 76.62, 75.46, 75.9, 77.26, 77.78, 77.47, 77.69, 78.44, 78.71, 78.44, 77.76], [6.84, 19.89, 52.04, 67.79, 71.27, 72.23, 72.59, 74.73, 74.56, 75.57, 76.54, 75.44, 76.2, 78.27, 77.63, 77.71, 78.04, 78.17, 78.56, 78.5, 76.91]], "msds": [[0, 0.0007031513378024101, 9.399510599905625e-05, 5.4837186326039955e-05, 3.11042858811561e-05, 2.6650574000086635e-05, 2.706556006160099e-05, 2.6876947231357917e-05, 2.56459679803811e-05, 2.4848017346812412e-05, 2.6854322641156614e-05, 3.512347393552773e-05, 2.849733573384583e-05, 2.290076190547552e-05, 2.8081571144866757e-05, 2.2589440050069243e-05, 2.403270991635509e-05, 1.8872033251682296e-05, 1.978168438654393e-05, 1.5079035620146897e-05, 2.5792865926632658e-05], [0, 0.0006973968702368438, 9.032490925164893e-05, 5.183691610000096e-05, 3.102079062955454e-05, 2.5388664653291926e-05, 2.316192512807902e-05, 2.221932118118275e-05, 1.8282862583873793e-05, 2.0236602722434327e-05, 2.1431411369121633e-05, 2.4088905774988234e-05, 3.4719672839855775e-05, 2.2244284991757013e-05, 3.067508077947423e-05, 1.9256174709880725e-05, 1.9165599951520562e-05, 1.8017832189798355e-05, 1.4966688468120992e-05, 1.7751775885699317e-05, 1.9827444702968933e-05], [0, 0.0006994648138061166, 0.0001000910415314138, 5.3522264352068305e-05, 2.687004962353967e-05, 2.389921064605005e-05, 2.1275156541378237e-05, 2.1716110495617613e-05, 1.7716030924930237e-05, 2.0015491827507503e-05, 1.994509329961147e-05, 2.6183228328591213e-05, 3.543763159541413e-05, 2.581147782620974e-05, 2.3736067305435427e-05, 1.9730048734345473e-05, 2.685419713088777e-05, 2.3326705559156835e-05, 1.7653394024819136e-05, 1.4948513126000762e-05, 1.9049221009481698e-05], [0, 0.0007002223865129054, 9.322775440523401e-05, 5.693486309610307e-05, 2.9077356884954497e-05, 2.6307076041121036e-05, 2.56096482189605e-05, 2.7315885745338164e-05, 2.0762596250278875e-05, 2.2806401830166578e-05, 2.4060742362053134e-05, 2.9997583624208346e-05, 2.9091779651935212e-05, 2.047088673862163e-05, 2.251268051622901e-05, 2.654940908541903e-05, 2.0703673726529814e-05, 2.4181978005799465e-05, 1.6613923435215838e-05, 1.2180085832369514e-05, 2.341706021979917e-05], [0, 0.0006967704393900931, 9.027879423229024e-05, 5.4757252655690536e-05, 3.214018579456024e-05, 2.8362581360852346e-05, 3.06546498904936e-05, 2.8351052606012672e-05, 2.3784557924955152e-05, 2.777157715172507e-05, 3.0223904104786925e-05, 3.013066634593997e-05, 3.6189732782077044e-05, 2.4377397494390607e-05, 2.5529645427013747e-05, 3.10688883473631e-05, 2.6074589186464436e-05, 2.078875149891246e-05, 1.666349999140948e-05, 1.4908307093719486e-05, 1.9093378796242177e-05], [0, 0.0007016404997557402, 9.300937381340191e-05, 5.6772278185235336e-05, 2.8933938665431924e-05, 2.5877119696815498e-05, 2.2198979422682896e-05, 2.17541673919186e-05, 1.8531949535827152e-05, 2.4859064069460146e-05, 2.5489691324764863e-05, 2.5750870918272994e-05, 2.702133497223258e-05, 2.0633369786082767e-05, 2.0435794795048423e-05, 2.102855796692893e-05, 3.201049912604503e-05, 2.501248673070222e-05, 1.5620109479641542e-05, 1.189289105241187e-05, 1.985192830034066e-05], [0, 0.0006968664238229394, 9.456984116695821e-05, 5.1878079830203205e-05, 3.072337494813837e-05, 2.2861411707708612e-05, 2.507031604181975e-05, 2.3770626285113394e-05, 2.1041218133177608e-05, 2.334437522222288e-05, 2.299292646057438e-05, 3.3673419238766655e-05, 3.8466885598609224e-05, 2.6194211386609823e-05, 2.2758829800295644e-05, 2.1295705664670095e-05, 2.6620702556101605e-05, 2.2518885089084506e-05, 2.1761818061349913e-05, 1.9112385416519828e-05, 2.5676836230559275e-05], [0, 0.0006980145117267966, 9.658784256316721e-05, 5.59308537049219e-05, 3.0331528250826523e-05, 2.7651803975459188e-05, 2.2801106752012856e-05, 2.5444544007768854e-05, 2.131704422936309e-05, 2.3756361770210788e-05, 2.691954250622075e-05, 2.6788138711708598e-05, 2.615694211272057e-05, 2.787064113363158e-05, 2.5926739908754826e-05, 2.120295539498329e-05, 2.7341837267158553e-05, 2.3629287170479074e-05, 3.6699650081573054e-05, 1.5507996067753993e-05, 1.8439082850818522e-05], [0, 0.0006986872758716345, 8.487438753945753e-05, 4.9766971642384306e-05, 2.852502620953601e-05, 2.2418240405386314e-05, 2.283964386151638e-05, 2.0061579562025145e-05, 1.673086990194861e-05, 1.8496561096981168e-05, 2.2142447051010095e-05, 2.3034363039187156e-05, 2.4014059818000533e-05, 2.2356465706252493e-05, 2.3496431822422892e-05, 2.2744827219867148e-05, 2.436744762235321e-05, 2.4539351215935312e-05, 1.7564281733939424e-05, 1.5698709830758162e-05, 2.0596413378370926e-05], [0, 0.0007093318272382021, 8.869831071933731e-05, 4.799744056072086e-05, 2.842248068191111e-05, 2.4387378289247863e-05, 2.616209712869022e-05, 2.3501743271481246e-05, 2.1166986698517576e-05, 2.444648816890549e-05, 2.2201222236617468e-05, 3.318951712572016e-05, 2.6929603336611763e-05, 2.6364972654846497e-05, 2.4752080207690597e-05, 2.5429961169720627e-05, 2.1720965378335677e-05, 1.859858093666844e-05, 1.723811510601081e-05, 1.4792143701924942e-05, 4.654063377529383e-05]]}