{"alpha": 0.75, "beta": 0.5, "gamma": 8.0, "num_samples": 25, "node_count": 10, "density": 1.0, "startup_delay": 0.0, "forward_prob": 0, "epochs": [[0, 1, 2, 3, 4, 5, 6, 7, 8, 9, 10, 11, 12, 13, 14, 15, 16, 17, 18, 19, 20], [0, 1, 2, 3, 4, 5, 6, 7, 8, 9, 10, 11, 12, 13, 14, 15, 16, 17, 18, 19, 20], [0, 1, 2, 3, 4, 5, 6, 7, 8, 9, 10, 11, 12, 13, 14, 15, 16, 17, 18, 19, 20], [0, 1, 2, 3, 4, 5, 6, 7, 8, 9, 10, 11, 12, 13, 14, 15, 16, 17, 18, 19, 20], [0, 1, 2, 3, 4, 5, 6, 7, 8, 9, 10, 11, 12, 13, 14, 15, 16, 17, 18, 19, 20], [0, 1, 2, 3, 4, 5, 6, 7, 8, 9, 10, 11, 12, 13, 14, 15, 16, 17, 18, 19, 20], [0, 1, 2, 3, 4, 5, 6, 7, 8, 9, 10, 11, 12, 13, 14, 15, 16, 17, 18, 19, 20], [0, 1, 2, 3, 4, 5, 6, 7, 8, 9, 10, 11, 12, 13, 14, 15, 16, 17, 18, 19, 20], [0, 1, 2, 3, 4, 5, 6, 7, 8, 9, 10, 11, 12, 13, 14, 15, 16, 17, 18, 19, 20], [0, 1, 2, 3, 4, 5, 6, 7, 8, 9, 10, 11, 12, 13, 14, 15, 16, 17, 18, 19, 20]], "accuracies": [[12.98, 9.4, 10.0, 10.0, 10.0, 10.0, 10.0, 10.0, 13.17, 33.89, 49.48, 51.59, 56.03, 59.5, 61.58, 61.99, 63.84, 64.42, 65.86, 64.59, 66.87], [13.71, 10.0, 11.78, 12.88, 12.9, 10.65, 10.0, 11.09, 15.37, 28.34, 41.06, 51.15, 57.69, 58.58, 62.57, 60.83, 63.45, 63.27, 64.55, 63.37, 64.64], [12.11, 10.66, 10.17, 10.0, 10.01, 10.0, 10.0, 10.0, 10.32, 28.83, 40.29, 47.93, 52.63, 57.94, 60.58, 59.62, 63.25, 62.78, 64.68, 63.67, 65.5], [12.57, 19.13, 15.82, 20.71, 18.59, 14.8, 12.16, 11.24, 18.52, 44.13, 43.7, 50.52, 53.41, 57.11, 56.35, 61.81, 62.36, 62.63, 65.1, 63.87, 66.42], [12.83, 10.07, 16.36, 19.52, 17.16, 15.2, 12.96, 12.52, 17.38, 28.27, 42.19, 49.06, 52.59, 56.99, 61.66, 61.32, 63.69, 64.62, 65.43, 63.72, 66.56], [14.91, 17.08, 13.28, 17.8, 15.35, 13.32, 10.96, 14.06, 17.1, 35.9, 44.99, 51.66, 55.26, 60.56, 59.48, 63.1, 63.67, 62.85, 66.18, 64.33, 67.52], [8.34, 10.8, 16.21, 10.0, 10.0, 10.0, 10.0, 10.0, 12.5, 34.81, 37.97, 48.9, 52.76, 54.59, 58.39, 59.46, 61.29, 63.06, 63.64, 63.73, 65.04], [10.93, 10.09, 18.1, 13.11, 11.27, 10.11, 10.0, 10.0, 16.18, 35.42, 37.32, 47.81, 52.65, 57.69, 59.63, 60.94, 62.57, 64.12, 65.83, 63.9, 65.87], [11.02, 10.0, 10.0, 10.0, 10.0, 10.0, 10.0, 10.0, 10.67, 24.86, 42.87, 48.36, 58.04, 58.01, 63.07, 62.5, 64.54, 64.18, 65.72, 64.36, 66.55], [9.79, 24.12, 10.32, 19.85, 19.64, 18.71, 16.92, 17.58, 19.49, 36.46, 45.65, 48.96, 56.84, 59.28, 62.68, 62.02, 63.99, 64.11, 65.68, 64.4, 66.2]], "msds": [[0, 0.0005923345452174544, 1.889068698801566e-05, 1.977740566871944e-06, 1.185971882478043e-06, 1.1131030532851582e-06, 1.2309862995607546e-06, 1.420524540662882e-06, 1.5875932604103582e-06, 1.6412558352385531e-06, 1.6490520238221507e-06, 1.6886581306607695e-06, 1.7005074823828181e-06, 1.7512884369352832e-06, 1.8511321968617267e-06, 1.9918409179808805e-06, 2.0921552277286537e-06, 2.23857864511956e-06, 2.4110902359097963e-06, 2.404044607828837e-06, 2.54345900430053e-06], [0, 0.0005912689957767725, 1.865754347818438e-05, 1.8843626321540796e-06, 1.180360300168104e-06, 1.1564706028366345e-06, 1.2854189890276757e-06, 1.494963044024189e-06, 1.6315407265210524e-06, 1.7094137092499295e-06, 1.76559535702836e-06, 1.7723023120197468e-06, 1.7819859294831986e-06, 1.7026353589244536e-06, 1.6172024288607645e-06, 1.5389001646326506e-06, 1.5921090152914985e-06, 1.6337362467311323e-06, 1.6727561842344585e-06, 1.654949301155284e-06, 1.5457869722013129e-06], [0, 0.0005914554349146783, 1.9635712305898778e-05, 1.8552254914538935e-06, 1.1018753411917714e-06, 1.0647029284882592e-06, 1.1824175771835144e-06, 1.386690541949065e-06, 1.5669056665501557e-06, 1.5657145695513464e-06, 1.593582283021533e-06, 1.5779745581312454e-06, 1.5610891068718047e-06, 1.5337170680140844e-06, 1.4251074844651157e-06, 1.3715078921450186e-06, 1.3892063179810066e-06, 1.4959305190132e-06, 1.5620545354977367e-06, 1.6050407793954946e-06, 1.6536687326151878e-06], [0, 0.0005909421597607434, 1.8784769054036587e-05, 1.9991387034679065e-06, 1.2098350907763233e-06, 1.1584140793274855e-06, 1.2756032674587914e-06, 1.4931313216948183e-06, 1.6463674228361924e-06, 1.6968335785350064e-06, 1.7726978285281803e-06, 1.8016808098764159e-06, 1.7498276747573982e-06, 1.668951085775916e-06, 1.5765467651362997e-06, 1.6007275007723365e-06, 1.573435952195723e-06, 1.5718775330242352e-06, 1.57009094436944e-06, 1.5704039242336876e-06, 1.5709225635873736e-06], [0, 0.0005898391245864332, 1.8616903616930358e-05, 1.8730288502410986e-06, 1.1585782431211555e-06, 1.1447258430052898e-06, 1.2917495268993662e-06, 1.5053517472551903e-06, 1.6842823242768645e-06, 1.800507902771642e-06, 1.8494173446015338e-06, 1.805744545890775e-06, 1.7651068446866702e-06, 1.7392288782502874e-06, 1.7174453432744485e-06, 1.7021167195707676e-06, 1.667113338044146e-06, 1.6905847814996378e-06, 1.657133338994754e-06, 1.5355566347352578e-06, 1.482110064898734e-06], [0, 0.0005923362332396209, 1.8966757124871947e-05, 2.0272434539947426e-06, 1.2438651992852101e-06, 1.2051443718519295e-06, 1.3498213320417562e-06, 1.574490397615591e-06, 1.7784243482310558e-06, 1.8212084569313447e-06, 1.8706182345340494e-06, 1.8756849158307887e-06, 1.8365611822446226e-06, 1.8160973240810563e-06, 1.763119371389621e-06, 1.7270707530769869e-06, 1.7803506580094108e-06, 1.7722632037475705e-06, 1.895853074529441e-06, 1.935003865582985e-06, 1.965404180737096e-06], [0, 0.0005922082928009331, 1.894503839139361e-05, 1.9865442482114304e-06, 1.1678824876071303e-06, 1.0916123756032903e-06, 1.156652501776989e-06, 1.3664265452462132e-06, 1.561482235956646e-06, 1.741758524076431e-06, 1.834380668697122e-06, 1.806633235901245e-06, 1.832497218856588e-06, 1.8316152363695437e-06, 1.8152356915379642e-06, 1.787225301086437e-06, 1.72286968336266e-06, 1.6502875723745092e-06, 1.6784799754532287e-06, 1.7375344896208844e-06, 1.7654241446507513e-06], [0, 0.0005917795351706445, 1.885594792838674e-05, 2.0354455045890063e-06, 1.1907986845471896e-06, 1.1251077012275346e-06, 1.2504669939517044e-06, 1.4521629054797813e-06, 1.6546923689020332e-06, 1.7971133274841122e-06, 1.8533486354499473e-06, 1.9214637632103404e-06, 1.9588881059462437e-06, 1.8878154151025228e-06, 1.8318064576305915e-06, 1.7083698367059696e-06, 1.714975269351271e-06, 1.7183347154059447e-06, 1.7613423324291944e-06, 1.6631718153803376e-06, 1.6942063894020976e-06], [0, 0.0005918411770835519, 2.095287163683679e-05, 2.00540421246842e-06, 1.1802037533925613e-06, 1.1022025319107343e-06, 1.2056352716172114e-06, 1.3938409892944037e-06, 1.572709038555331e-06, 1.5318461237256997e-06, 1.625488266654429e-06, 1.6447775124106556e-06, 1.69045642905985e-06, 1.6894523469090927e-06, 1.7143114519058145e-06, 1.6798751403257484e-06, 1.7198576642840635e-06, 1.7623523262955132e-06, 1.8503425280869124e-06, 1.8892453681473853e-06, 1.8818772105078097e-06], [0, 0.0005921999108977616, 1.886005156848114e-05, 1.9413989775785012e-06, 1.1714728316292167e-06, 1.0931366887234617e-06, 1.1920591305170092e-06, 1.38788584536087e-06, 1.5498054608542589e-06, 1.5894279385975096e-06, 1.5920835494398489e-06, 1.604150384082459e-06, 1.5598961908835918e-06, 1.5393217154269223e-06, 1.5356777112174314e-06, 1.5636276202712907e-06, 1.5425897572640679e-06, 1.5448516705873772e-06, 1.6016426798159955e-06, 1.5851937860134058e-06, 1.6158217022166355e-06]]}