{"alpha": 0.75, "beta": 0.5, "gamma": 5.0, "num_samples": 1000, "node_count": 10, "density": 0.5, "startup_delay": 0.0, "forward_prob": 0, "epochs": [[0, 1, 2, 3, 4, 5, 6, 7, 8, 9, 10, 11, 12, 13, 14, 15, 16, 17, 18, 19, 20], [0, 1, 2, 3, 4, 5, 6, 7, 8, 9, 10, 11, 12, 13, 14, 15, 16, 17, 18, 19, 20], [0, 1, 2, 3, 4, 5, 6, 7, 8, 9, 10, 11, 12, 13, 14, 15, 16, 17, 18, 19, 20], [0, 1, 2, 3, 4, 5, 6, 7, 8, 9, 10, 11, 12, 13, 14, 15, 16, 17, 18, 19, 20], [0, 1, 2, 3, 4, 5, 6, 7, 8, 9, 10, 11, 12, 13, 14, 15, 16, 17, 18, 19, 20], [0, 1, 2, 3, 4, 5, 6, 7, 8, 9, 10, 11, 12, 13, 14, 15, 16, 17, 18, 19, 20], [0, 1, 2, 3, 4, 5, 6, 7, 8, 9, 10, 11, 12, 13, 14, 15, 16, 17, 18, 19, 20], [0, 1, 2, 3, 4, 5, 6, 7, 8, 9, 10, 11, 12, 13, 14, 15, 16, 17, 18, 19, 20], [0, 1, 2, 3, 4, 5, 6, 7, 8, 9, 10, 11, 12, 13, 14, 15, 16, 17, 18, 19, 20], [0, 1, 2, 3, 4, 5, 6, 7, 8, 9, 10, 11, 12, 13, 14, 15, 16, 17, 18, 19, 20]], "accuracies": [[9.62, 10.95, 71.33, 78.12, 80.88, 82.31, 83.28, 84.01, 84.67, 84.77, 85.09, 85.19, 85.33, 85.5, 85.58, 85.76, 85.82, 85.82, 85.88, 86.06, 85.82], [7.68, 15.19, 68.1, 77.66, 80.5, 82.19, 83.38, 84.31, 84.61, 84.87, 85.11, 85.14, 85.15, 85.28, 85.41, 85.55, 85.6, 85.95, 85.69, 85.88, 85.67], [9.03, 19.1, 65.57, 77.89, 80.36, 82.29, 83.34, 84.16, 84.58, 84.76, 85.09, 85.11, 85.05, 85.43, 85.61, 85.88, 85.71, 86.02, 85.98, 85.85, 85.71], [12.26, 17.72, 68.18, 78.01, 80.83, 82.11, 83.15, 84.18, 84.48, 84.71, 85.12, 85.28, 85.1, 85.42, 85.44, 85.69, 85.83, 86.03, 85.87, 85.9, 85.6], [3.76, 36.96, 63.04, 77.78, 80.56, 82.18, 82.96, 84.05, 84.68, 84.9, 85.12, 85.58, 85.14, 85.5, 85.7, 85.81, 85.93, 85.96, 85.88, 85.92, 86.2], [12.36, 17.43, 65.98, 77.0, 80.35, 82.29, 83.3, 83.96, 84.56, 84.98, 84.94, 85.03, 85.05, 85.56, 85.3, 85.83, 85.82, 85.95, 85.91, 85.77, 85.96], [4.4, 16.86, 67.8, 78.06, 80.58, 82.16, 83.52, 83.99, 84.56, 84.83, 85.23, 85.4, 85.29, 85.71, 85.48, 85.67, 85.66, 86.13, 85.57, 85.95, 85.73], [4.24, 22.02, 64.24, 77.51, 80.65, 82.36, 83.06, 83.87, 84.42, 84.71, 84.78, 85.16, 85.2, 85.51, 85.47, 85.86, 85.78, 85.94, 85.95, 85.98, 86.05], [4.84, 49.97, 79.14, 82.41, 84.12, 84.92, 84.73, 85.23, 85.51, 85.89, 85.84, 84.04, 84.07, 84.12, 84.18, 84.2, 84.16, 84.14, 84.18, 84.14, 84.11], [7.43, 56.56, 78.52, 82.3, 83.67, 83.83, 84.68, 85.04, 85.51, 85.62, 85.46, 83.52, 83.99, 82.56, 83.24, 83.42, 83.45, 83.55, 83.56, 83.51, 83.51]], "msds": [[0, 0.00086116575403139, 0.00029610469937324524, 0.00012984932982362807, 9.8697972134687e-05, 9.78057796601206e-05, 0.00010863332136068493, 0.00011232384713366628, 0.00012848990445490927, 0.00012056941341143101, 0.00012130511458963156, 0.00010765614570118487, 9.626660903450102e-05, 9.640637290431187e-05, 0.00011653274850687012, 8.776988397585228e-05, 9.934268018696457e-05, 8.153189264703542e-05, 8.160981087712571e-05, 8.296365558635443e-05, 7.220778934424743e-05], [0, 0.0008658658480271697, 0.0003226328990422189, 0.00014548967010341585, 0.00010182071127928793, 9.573512215865776e-05, 0.00010965708497678861, 0.00010864152864087373, 0.00011587297194637358, 0.00012395902012940496, 0.00011405134864617139, 0.00010501659562578425, 0.00010716730321291834, 9.908797073876485e-05, 0.0001247551990672946, 7.871453271945938e-05, 8.557240653317422e-05, 7.465403177775443e-05, 7.645969890290871e-05, 0.0001061837247107178, 9.754726488608867e-05], [0, 0.0008744116639718413, 0.0003345647419337183, 0.00014690794341731817, 0.00011079078103648499, 0.00010968290007440373, 0.00011626627383520827, 0.00011604031169554219, 0.00013310745998751372, 0.0001228027540491894, 0.00011980815179413185, 0.0001161728214356117, 0.00010015624138759449, 8.818176866043359e-05, 9.861480066319928e-05, 8.250215614680201e-05, 0.000108587701106444, 6.633792509092018e-05, 7.41597032174468e-05, 7.804789493093267e-05, 7.457011815859005e-05], [0, 0.0008435345371253788, 0.0003053637919947505, 0.00014762290811631829, 0.00010852928244275972, 0.00010501968063181266, 0.00010939565254375339, 0.00011356794857420027, 0.0001241990103153512, 0.00011792148870881647, 0.0001176800942630507, 0.00010944798123091459, 9.289098670706153e-05, 0.00010625582217471674, 0.00010629629832692444, 7.655592344235629e-05, 0.00010664141154848039, 7.03876867191866e-05, 8.798208000371233e-05, 9.368003520648926e-05, 7.466917304554954e-05], [0, 0.0008337878971360624, 0.00033220829209312797, 0.0001810017420211807, 0.00012105963833164424, 0.00011800567881437019, 0.00011838586942758411, 0.00011607880151132122, 0.00012575041910167783, 0.00013150846643839031, 0.00012040902220178396, 0.00011466413707239553, 8.853278268361464e-05, 0.00010488172847544774, 9.12947507458739e-05, 8.120031998259947e-05, 9.09774680621922e-05, 6.761426629964262e-05, 7.880030170781538e-05, 0.00010251171624986455, 6.657081394223496e-05], [0, 0.0008695140131749213, 0.0003578496107365936, 0.00017657724674791098, 0.00013200362445786595, 0.00012003714073216543, 0.00012536271242424846, 0.00011748842371162027, 0.00012395383964758366, 0.00014197327254805714, 0.00011327923857606947, 0.00011646560597000644, 9.648440754972398e-05, 0.00011296357843093574, 9.280107769882306e-05, 9.963144111679867e-05, 8.899590466171503e-05, 8.590479410486296e-05, 6.458300049416721e-05, 0.00010672157804947346, 7.514785102102906e-05], [0, 0.0008419266087003052, 0.0003134992439299822, 0.0001785932545317337, 0.00010837407899089158, 0.00011116842506453395, 0.00011011448805220425, 0.00011542213178472593, 0.00012033434904878959, 0.00012205389066366479, 0.0001153673292719759, 0.00012132338451920077, 9.845155727816746e-05, 0.00010457835014676675, 0.00010251513594994321, 7.923374505480751e-05, 8.61873195390217e-05, 8.074558718362823e-05, 8.073008939391002e-05, 0.00011862394603667781, 7.437701424350962e-05], [0, 0.0008516994421370327, 0.0003320042451377958, 0.0001797691802494228, 0.0001311520900344476, 0.00011784228263422847, 0.00011614851246122271, 0.00012044497270835564, 0.0001323648466495797, 0.00013383114128373563, 0.00011413943866500631, 0.00013093207962810993, 9.6059862698894e-05, 0.00010362286411691457, 0.00010228360770270228, 0.0001014354347717017, 9.359526302432641e-05, 7.526476110797375e-05, 7.488032133551314e-05, 0.00013164141273591667, 5.589470674749464e-05], [0, 0.0005738289328292012, 0.00022027188970241696, 0.00015488776261918247, 0.0001581837859703228, 0.00014455719792749733, 0.00012611458078026772, 0.00013105322432238609, 0.00012990468530915678, 0.00013933729496784508, 0.0001174734061351046, 0, 0, 0, 0, 0, 0, 0, 0, 0, 0], [0, 0.0005501999985426664, 0.00022974998864810914, 0.00014208305219653994, 0.00014766228559892625, 0.00014668016228824854, 0.0001304492325289175, 0.00013533492165151983, 0.0001289107749471441, 0.00015975772112142295, 9.719387162476778e-05, 0, 0, 0, 0, 0, 0, 0, 0, 0, 0]]}