{"alpha": 0.75, "beta": 0.5, "gamma": 2.0, "num_samples": 25, "node_count": 10, "density": 0.25, "startup_delay": 2.0, "forward_prob": 0, "epochs": [[0, 1, 2, 3, 4, 5, 6, 7, 8, 9, 10, 11, 12, 13, 14, 15, 16, 17, 18, 19, 20], [0, 1, 2, 3, 4, 5, 6, 7, 8, 9, 10, 11, 12, 13, 14, 15, 16, 17, 18, 19, 20], [0, 1, 2, 3, 4, 5, 6, 7, 8, 9, 10, 11, 12, 13, 14, 15, 16, 17, 18, 19, 20], [0, 1, 2, 3, 4, 5, 6, 7, 8, 9, 10, 11, 12, 13, 14, 15, 16, 17, 18, 19, 20], [0, 1, 2, 3, 4, 5, 6, 7, 8, 9, 10, 11, 12, 13, 14, 15, 16, 17, 18, 19, 20], [0, 1, 2, 3, 4, 5, 6, 7, 8, 9, 10, 11, 12, 13, 14, 15, 16, 17, 18, 19, 20], [0, 1, 2, 3, 4, 5, 6, 7, 8, 9, 10, 11, 12, 13, 14, 15, 16, 17, 18, 19, 20], [0, 1, 2, 3, 4, 5, 6, 7, 8, 9, 10, 11, 12, 13, 14, 15, 16, 17, 18, 19, 20], [0, 1, 2, 3, 4, 5, 6, 7, 8, 9, 10, 11, 12, 13, 14, 15, 16, 17, 18, 19, 20], [0, 1, 2, 3, 4, 5, 6, 7, 8, 9, 10, 11, 12, 13, 14, 15, 16, 17, 18, 19, 20]], "accuracies": [[4.77, 10.08, 28.18, 28.88, 17.36, 29.43, 38.6, 35.71, 36.75, 46.57, 27.75, 49.91, 28.6, 40.33, 50.6, 45.54, 53.61, 48.56, 52.09, 51.63, 45.43], [12.22, 18.59, 24.33, 26.15, 34.46, 28.44, 36.74, 43.56, 36.65, 37.77, 38.5, 37.95, 43.88, 40.68, 44.12, 47.78, 44.58, 48.5, 44.12, 49.25, 50.52], [5.84, 19.6, 28.18, 32.94, 17.36, 38.11, 46.48, 36.8, 36.75, 38.72, 32.31, 39.14, 40.23, 47.88, 42.73, 46.58, 47.25, 57.18, 43.76, 52.62, 47.67], [9.39, 10.0, 16.36, 32.08, 16.98, 29.44, 26.15, 45.83, 29.67, 42.92, 26.41, 54.11, 37.74, 38.86, 30.17, 30.91, 40.34, 43.8, 20.77, 45.52, 41.64], [8.38, 18.78, 19.48, 19.88, 19.92, 20.37, 21.79, 38.39, 33.07, 38.02, 33.19, 45.6, 36.1, 46.03, 48.71, 60.48, 44.52, 58.4, 58.0, 56.81, 51.25], [6.65, 25.49, 9.99, 11.04, 32.75, 29.23, 37.05, 38.37, 45.38, 37.33, 32.88, 50.38, 51.82, 51.0, 45.05, 50.18, 42.11, 54.8, 35.15, 51.86, 62.21], [9.59, 14.8, 21.87, 36.11, 21.16, 31.45, 39.99, 36.15, 34.36, 45.86, 41.56, 45.92, 45.03, 44.17, 33.34, 57.3, 57.55, 49.24, 49.34, 66.27, 56.46], [12.56, 10.0, 19.79, 36.5, 24.63, 47.12, 27.68, 44.39, 38.85, 44.94, 39.71, 44.61, 37.82, 55.24, 47.19, 53.39, 46.84, 53.37, 44.53, 54.22, 41.48], [9.13, 24.38, 13.35, 33.96, 34.55, 42.06, 36.2, 37.16, 39.77, 37.59, 45.41, 41.27, 46.92, 38.62, 48.0, 52.85, 44.16, 54.95, 45.33, 46.7, 42.56], [9.54, 18.17, 10.0, 19.82, 22.03, 20.12, 26.31, 27.66, 28.56, 35.35, 25.89, 36.1, 35.09, 38.46, 44.34, 41.77, 44.15, 47.88, 41.54, 31.63, 41.95]], "msds": [[0, 0.0006675474578514695, 0.00010782531171571463, 3.766855297726579e-05, 3.313356137368828e-05, 4.258550325175747e-05, 3.133416612399742e-05, 2.5927794922608882e-05, 2.203096664743498e-05, 3.184379238518886e-05, 2.7339061489328742e-05, 3.595868838601746e-05, 1.902812255138997e-05, 3.952283805119805e-05, 1.9587843780755065e-05, 1.212067945743911e-05, 7.784680747136008e-06, 1.266471099370392e-05, 9.432352271687705e-06, 1.4338303117256146e-05, 1.0920021850324702e-05], [0, 0.0004506777913775295, 9.650710126152262e-05, 3.82151483790949e-05, 2.996771399921272e-05, 3.046368328796234e-05, 2.7291102014714852e-05, 2.0384977688081563e-05, 2.3420612706104293e-05, 2.1707748601329513e-05, 2.6718329536379315e-05, 2.6468045689398423e-05, 1.858565883594565e-05, 2.7725000109057873e-05, 1.5687004633946344e-05, 1.4768977962376084e-05, 9.917534953274298e-06, 1.8842612917069346e-05, 1.1808517228928395e-05, 1.7531438061269e-05, 1.3304570529726334e-05], [0, 0.0006126541993580759, 8.803248783806339e-05, 5.0623501010704786e-05, 4.007487223134376e-05, 3.558064781827852e-05, 4.272045407560654e-05, 2.7318430511513725e-05, 3.2705698686186224e-05, 1.9510873244144022e-05, 3.2408010156359524e-05, 3.354586806381121e-05, 2.9992519557708874e-05, 2.173071334254928e-05, 2.2267391614150256e-05, 2.1810388716403395e-05, 1.4858803297101986e-05, 1.977784813789185e-05, 1.6838943338370882e-05, 1.4384141650225502e-05, 2.464029603288509e-05], [0, 0.00045532602234743536, 9.655659960117191e-05, 4.8815738409757614e-05, 3.26113477058243e-05, 4.0387578337686136e-05, 3.291127359261736e-05, 2.5915334845194593e-05, 2.681058322195895e-05, 2.0720288375741802e-05, 2.5210973035427742e-05, 2.7312757083564065e-05, 1.691780380497221e-05, 2.063090323645156e-05, 3.1394927646033466e-05, 1.1366974831616972e-05, 1.1157634617120493e-05, 1.023352706397418e-05, 1.3374951777223032e-05, 2.510552621970419e-05, 1.1433351573941763e-05], [0, 0.0005742905777879059, 0.00014640521840192378, 9.221908840117976e-05, 6.826504977652803e-05, 4.477939728531055e-05, 3.768044552998617e-05, 3.044110235350672e-05, 3.049929000553675e-05, 3.508715963107534e-05, 3.566734085325152e-05, 2.508584293536842e-05, 2.552507066866383e-05, 1.8960727174999192e-05, 2.1403373466455378e-05, 1.2991241419513244e-05, 2.9175895178923383e-05, 1.695151331659872e-05, 7.90365447755903e-06, 1.6580834198975936e-05, 1.3744025636697188e-05], [0, 0.0006582813221029937, 0.00016437991871498525, 0.0001045747339958325, 4.4274893298279494e-05, 6.543545896420255e-05, 4.344142143963836e-05, 3.895421832567081e-05, 4.281909787096083e-05, 5.19230161444284e-05, 4.5533150114351884e-05, 4.168299710727297e-05, 2.9679264116566628e-05, 2.466728983563371e-05, 2.331658652110491e-05, 3.150979318888858e-05, 3.3729698770912364e-05, 2.8725957236019894e-05, 1.7691481843939982e-05, 2.3336462618317455e-05, 2.2865609935251996e-05], [0, 0.0005484185530804098, 0.00014286054647527635, 6.435877730837092e-05, 5.9417336160549894e-05, 6.391650822479278e-05, 4.864914808422327e-05, 4.0120034100255e-05, 6.398872210411355e-05, 5.553033042815514e-05, 3.391741120140068e-05, 1.6740317732910626e-05, 2.031926305789966e-05, 4.427950261742808e-05, 4.277795960661024e-05, 3.8140147808007896e-05, 2.148398016288411e-05, 1.1138517947983928e-05, 2.6282074031769298e-05, 1.707653427729383e-05, 1.294960475206608e-05], [0, 0.0004880178312305361, 0.00012333849736023694, 7.605570863233879e-05, 3.8489713915623724e-05, 3.162007487844676e-05, 2.324450179003179e-05, 2.4605307771707885e-05, 2.4197634047595784e-05, 3.569131877156906e-05, 2.9951987016829662e-05, 2.673407652764581e-05, 2.4282415324705653e-05, 2.0404251699801534e-05, 1.2691486517724115e-05, 2.1794521671836264e-05, 1.8386199371889234e-05, 1.5415274901897646e-05, 2.609252078400459e-05, 2.3976566808414645e-05, 2.2062606149120256e-05], [0, 0.0005753745790570974, 0.0001513604074716568, 6.942886102478951e-05, 5.0441445637261495e-05, 5.525511005544104e-05, 3.91878311347682e-05, 2.6345847800257616e-05, 4.251870996085927e-05, 3.7259553209878504e-05, 3.1202525860862806e-05, 2.0293262423365377e-05, 1.8579119569039904e-05, 3.0243483706726693e-05, 4.953628740622662e-05, 2.6665018594940193e-05, 2.9691262170672417e-05, 1.1914063179574441e-05, 2.159450014005415e-05, 2.4940552975749597e-05, 1.1711334991559852e-05], [0, 0.000653191702440381, 0.00014775963791180402, 7.475669553969055e-05, 7.374602137133479e-05, 5.9251204220345244e-05, 4.433150024851784e-05, 4.211564737488516e-05, 3.820380516117439e-05, 5.860740930074826e-05, 3.770111652556807e-05, 3.7130423152120784e-05, 2.8240674510016106e-05, 2.463061173330061e-05, 2.267675517941825e-05, 3.362454299349338e-05, 2.3383992811432108e-05, 2.4012244466575794e-05, 2.0038551156176254e-05, 4.171497857896611e-05, 2.9937322324258275e-05]]}