{"alpha": 0.75, "beta": 0.5, "gamma": 1.0, "num_samples": 100, "node_count": 10, "density": 0.0, "startup_delay": 0.0, "forward_prob": 0, "epochs": [[0, 1, 2, 3, 4, 5, 6, 7, 8, 9, 10, 11, 12, 13, 14, 15, 16, 17, 18, 19, 20], [0, 1, 2, 3, 4, 5, 6, 7, 8, 9, 10, 11, 12, 13, 14, 15, 16, 17, 18, 19, 20], [0, 1, 2, 3, 4, 5, 6, 7, 8, 9, 10, 11, 12, 13, 14, 15, 16, 17, 18, 19, 20], [0, 1, 2, 3, 4, 5, 6, 7, 8, 9, 10, 11, 12, 13, 14, 15, 16, 17, 18, 19, 20], [0, 1, 2, 3, 4, 5, 6, 7, 8, 9, 10, 11, 12, 13, 14, 15, 16, 17, 18, 19, 20], [0, 1, 2, 3, 4, 5, 6, 7, 8, 9, 10, 11, 12, 13, 14, 15, 16, 17, 18, 19, 20], [0, 1, 2, 3, 4, 5, 6, 7, 8, 9, 10, 11, 12, 13, 14, 15, 16, 17, 18, 19, 20], [0, 1, 2, 3, 4, 5, 6, 7, 8, 9, 10, 11, 12, 13, 14, 15, 16, 17, 18, 19, 20], [0, 1, 2, 3, 4, 5, 6, 7, 8, 9, 10, 11, 12, 13, 14, 15, 16, 17, 18, 19, 20], [0, 1, 2, 3, 4, 5, 6, 7, 8, 9, 10, 11, 12, 13, 14, 15, 16, 17, 18, 19, 20]], "accuracies": [[15.49, 50.41, 41.21, 66.56, 57.8, 60.15, 69.3, 68.96, 72.1, 68.16, 74.26, 69.25, 72.36, 68.08, 71.17, 73.44, 73.38, 72.98, 73.57, 77.27, 75.41], [6.93, 51.84, 47.99, 73.08, 68.75, 71.53, 74.32, 73.93, 72.16, 72.03, 75.47, 73.86, 74.32, 74.81, 71.73, 72.57, 73.4, 73.21, 73.9, 75.57, 75.21], [10.18, 59.86, 54.17, 65.9, 72.57, 72.43, 73.25, 74.08, 74.77, 73.71, 74.19, 75.66, 74.97, 73.96, 75.04, 74.35, 75.42, 76.21, 75.82, 75.04, 75.28], [7.81, 12.54, 53.21, 55.01, 62.13, 66.95, 65.92, 67.21, 75.07, 69.6, 72.59, 74.72, 74.17, 75.25, 71.82, 74.24, 75.38, 76.46, 74.55, 76.11, 75.62], [14.46, 64.54, 46.08, 66.83, 73.04, 72.52, 74.55, 73.93, 74.34, 73.43, 74.02, 75.24, 74.88, 73.51, 74.41, 74.71, 74.94, 75.99, 74.84, 74.31, 75.55], [15.75, 19.13, 62.67, 67.78, 72.25, 64.42, 73.9, 75.01, 76.29, 63.15, 74.59, 72.74, 75.79, 71.83, 73.62, 75.42, 74.24, 74.91, 75.23, 75.34, 76.08], [6.95, 64.27, 53.33, 43.72, 64.23, 53.9, 69.12, 67.04, 72.52, 68.61, 72.06, 73.53, 74.17, 74.96, 75.19, 74.88, 74.88, 72.82, 75.1, 75.87, 74.16], [13.21, 51.81, 62.13, 63.49, 66.94, 73.2, 70.24, 74.48, 72.59, 70.38, 75.4, 72.93, 75.4, 69.26, 72.86, 71.43, 74.62, 73.02, 75.37, 74.65, 73.93], [4.72, 63.22, 59.07, 57.79, 66.75, 68.7, 68.29, 70.24, 69.2, 70.15, 71.6, 70.92, 72.92, 71.96, 72.56, 70.52, 72.92, 71.31, 72.46, 73.07, 73.15], [5.21, 51.18, 64.38, 63.61, 67.55, 69.11, 69.31, 70.44, 70.68, 70.51, 72.45, 72.26, 74.0, 72.59, 72.71, 73.21, 73.59, 73.04, 73.78, 73.72, 74.07]], "msds": [[0, 0.0007034786976873875, 0.0002905208966694772, 0.00011052266199840233, 0.00017221305461134762, 7.484856905648485e-05, 6.314969505183399e-05, 0.00012231888831593096, 9.918568684952334e-05, 0.00010007515083998442, 5.540862548514269e-05, 0.00014742533676326275, 3.414692764636129e-05, 3.321997064631432e-05, 3.659795765997842e-05, 5.038228482590057e-05, 1.94258591363905e-05, 1.8607426682137884e-05, 2.229855817859061e-05, 2.578538260422647e-05, 1.9984039681730792e-05], [0, 0.0006995273870415986, 0.00032845427631400526, 0.00012743612751364708, 5.6481720093870535e-05, 2.683411366888322e-05, 5.999349377816543e-05, 3.3374479244230315e-05, 2.8290007321629673e-05, 1.560542114020791e-05, 5.6257009418914095e-05, 2.195811794081237e-05, 2.5107141482294537e-05, 1.150911339209415e-05, 1.831940062402282e-05, 8.136627911881078e-06, 8.559451998735312e-06, 2.194314220105298e-06, 1.3960623618913814e-05, 1.5716765119577758e-05, 4.984054612577893e-06], [0, 0.0006890334188938141, 0.0003871044027619064, 0.00011086539598181844, 5.6481720093870535e-05, 2.683411366888322e-05, 2.103082078974694e-05, 3.21560182783287e-05, 2.163848330383189e-05, 2.386700907663908e-05, 2.482080162735656e-05, 2.9392342185019515e-05, 1.8431579519528896e-05, 2.0029487131978385e-05, 3.4810538636520505e-05, 3.925428609363735e-05, 2.2230598915484734e-05, 3.117931555607356e-05, 3.3072286896640435e-05, 2.6570769477984868e-05, 1.3876176126359496e-05], [0, 0.0006891795783303678, 0.00036490007187239826, 0.0002631421375554055, 0.00017221305461134762, 7.484856905648485e-05, 0.00010594102059258148, 3.0270432034740224e-05, 9.918568684952334e-05, 4.680945858126506e-05, 5.2730130846612155e-05, 2.2330144929583184e-05, 0.00010518210910959169, 3.657116394606419e-05, 4.418048047227785e-05, 5.502810381585732e-05, 5.8851539506576955e-05, 7.432429265463725e-05, 4.1528390283929184e-05, 4.1610022890381515e-05, 2.9650087526533753e-05], [0, 0.0006935873534530401, 0.00038720734301023185, 0.00011603582242969424, 5.628683720715344e-05, 4.6179251512512565e-05, 3.348708196426742e-05, 3.454725447227247e-05, 2.8290007321629673e-05, 1.560542114020791e-05, 1.2892539416498039e-05, 2.401632627879735e-05, 1.2479717042879201e-05, 1.150911339209415e-05, 5.390788373915711e-06, 1.3719923117605504e-05, 1.2092292308807373e-05, 7.2845746217353735e-06, 2.7225958547205664e-05, 8.321262612298597e-06, 4.236014319758397e-06], [0, 0.0007015027804300189, 0.0002135961694875732, 0.0001337330904789269, 7.490617281291634e-05, 0.00012438387784641236, 8.649992378195748e-05, 9.329956083092839e-05, 5.33835991518572e-05, 0.00010446621308801696, 9.962145850295201e-05, 8.366260590264574e-05, 3.594072040868923e-05, 2.9081415050313808e-05, 1.831940062402282e-05, 2.9259446819196455e-05, 8.559451998735312e-06, 2.194314220105298e-06, 1.1496913430164568e-05, 1.110949870053446e-05, 8.025049282878172e-06], [0, 0.0006924803019501269, 0.00035616231616586447, 0.00024874816881492734, 9.790554031496868e-05, 0.00015228833945002407, 0.00010191496403422207, 3.0270432034740224e-05, 1.8719074432738125e-05, 7.253674993989989e-05, 5.090794002171606e-05, 5.653111657011323e-05, 4.804871423402801e-05, 9.833851072471589e-05, 5.679788955603726e-05, 5.571961446548812e-05, 6.057593782315962e-05, 7.041301432764158e-05, 5.136448817211203e-05, 5.765012247138657e-05, 5.2873070671921596e-05], [0, 0.0006948972586542368, 0.0003821974096354097, 0.00023435434559360147, 0.00019918072212021798, 8.699812315171584e-05, 6.48257919237949e-05, 4.0634069591760635e-05, 0.00010941549408016726, 3.405098686926067e-05, 5.535713353310712e-05, 2.5577222913852893e-05, 5.634551780531183e-05, 8.107400935841724e-05, 0.00010556099005043507, 6.889266660436988e-05, 6.964331259950995e-05, 6.694356125080958e-05, 6.485786434495822e-05, 6.244699761737138e-05, 7.504470704589039e-05], [0, 0.0006902074092067778, 0.0003783830034080893, 0.00014031185128260404, 0.00019237874948885292, 8.265567157650366e-05, 3.176262180204503e-05, 2.9852575607947074e-05, 2.3681757738813758e-05, 7.805151108186692e-05, 4.8601796152070165e-05, 1.670635538175702e-05, 1.390014494973002e-05, 4.006106610177085e-05, 7.957614434417337e-05, 0.00010447258682688698, 8.191337838070467e-05, 7.822146289981902e-05, 6.23299929429777e-05, 7.416053995257244e-05, 0.00010724065214162692], [0, 0.0006948972586542368, 0.00024929409846663475, 0.00016704900190234184, 0.00020598260744009167, 9.134053107118234e-05, 3.918962102034129e-05, 3.88841908716131e-05, 3.0587732908315957e-05, 8.070500189205632e-05, 5.031509499531239e-05, 3.860596552840434e-05, 3.0103981771389954e-05, 4.355630881036632e-05, 7.781710883136839e-05, 0.0001081624795915559, 8.048550080275163e-05, 8.222817268688232e-05, 6.756492803106084e-05, 7.656974048586562e-05, 8.007264841580763e-05]]}