{"alpha": 0.9, "beta": 0.5, "gamma": 5.0, "num_samples": 6000, "node_count": 10, "density": 0.5, "startup_delay": 0.0, "forward_prob": 0, "epochs": [[0, 1, 2, 3, 4, 5, 6, 7, 8, 9, 10, 11, 12, 13, 14, 15, 16, 17, 18, 19, 20], [0, 1, 2, 3, 4, 5, 6, 7, 8, 9, 10, 11, 12, 13, 14, 15, 16, 17, 18, 19, 20], [0, 1, 2, 3, 4, 5, 6, 7, 8, 9, 10, 11, 12, 13, 14, 15, 16, 17, 18, 19, 20], [0, 1, 2, 3, 4, 5, 6, 7, 8, 9, 10, 11, 12, 13, 14, 15, 16, 17, 18, 19, 20], [0, 1, 2, 3, 4, 5, 6, 7, 8, 9, 10, 11, 12, 13, 14, 15, 16, 17, 18, 19, 20], [0, 1, 2, 3, 4, 5, 6, 7, 8, 9, 10, 11, 12, 13, 14, 15, 16, 17, 18, 19, 20], [0, 1, 2, 3, 4, 5, 6, 7, 8, 9, 10, 11, 12, 13, 14, 15, 16, 17, 18, 19, 20], [0, 1, 2, 3, 4, 5, 6, 7, 8, 9, 10, 11, 12, 13, 14, 15, 16, 17, 18, 19, 20], [0, 1, 2, 3, 4, 5, 6, 7, 8, 9, 10, 11, 12, 13, 14, 15, 16, 17, 18, 19, 20], [0, 1, 2, 3, 4, 5, 6, 7, 8, 9, 10, 11, 12, 13, 14, 15, 16, 17, 18, 19, 20]], "accuracies": [[12.6, 10.0, 69.29, 83.77, 86.0, 87.67, 88.53, 88.63, 89.33, 89.54, 90.04, 90.09, 90.43, 90.31, 90.24, 90.37, 90.64, 90.51, 90.53, 90.56, 90.75], [11.35, 10.73, 70.38, 82.24, 86.57, 87.27, 88.4, 88.83, 89.66, 90.0, 89.97, 90.13, 90.18, 90.35, 90.39, 90.95, 90.48, 90.47, 90.39, 90.64, 90.83], [6.54, 17.43, 71.82, 82.82, 86.66, 87.77, 88.5, 88.74, 89.63, 90.02, 90.35, 90.12, 90.48, 90.33, 90.39, 90.73, 90.62, 90.36, 90.68, 90.81, 90.57], [6.14, 10.01, 67.36, 83.14, 86.49, 87.67, 88.92, 89.23, 89.76, 90.06, 90.13, 89.99, 90.38, 90.25, 90.53, 90.83, 90.49, 90.58, 90.73, 90.61, 90.54], [17.6, 10.23, 68.99, 86.09, 87.55, 88.59, 89.14, 89.81, 89.86, 89.92, 90.14, 90.36, 90.47, 90.67, 90.55, 90.56, 90.53, 90.14, 89.17, 90.26, 90.24], [10.81, 10.16, 81.97, 86.73, 88.6, 88.89, 89.64, 90.1, 90.18, 90.18, 90.5, 90.7, 90.57, 90.59, 90.84, 90.68, 90.61, 90.01, 90.65, 90.56, 90.25], [7.43, 10.0, 81.62, 86.57, 88.52, 89.39, 89.64, 90.17, 90.43, 90.37, 90.6, 90.47, 90.45, 90.69, 90.69, 90.74, 90.71, 90.44, 89.7, 89.76, 88.77], [10.25, 73.53, 85.69, 87.4, 88.55, 89.55, 89.84, 90.11, 90.03, 90.38, 90.34, 90.53, 89.98, 90.25, 90.09, 90.44, 89.95, 88.49, 88.28, 89.37, 89.63], [13.1, 75.12, 85.61, 87.71, 88.53, 89.38, 89.68, 89.99, 90.09, 90.35, 90.37, 90.73, 90.2, 89.43, 88.92, 90.47, 90.56, 89.55, 89.09, 89.27, 88.66], [10.32, 68.44, 85.78, 87.87, 88.67, 89.33, 89.86, 90.22, 90.14, 90.45, 90.57, 90.78, 90.35, 90.29, 90.3, 90.36, 89.98, 88.67, 89.11, 89.36, 89.7]], "msds": [[0, 0.0011346654500812292, 0.0007523302338086069, 0.00032167017343454063, 0.00023629504721611738, 0.000193336236407049, 0.0002145648904843256, 0.00022358840215019882, 0.00022762933804187924, 0.00025515249581076205, 0.00026212140801362693, 0.00028690873296000063, 0.0002785143442451954, 0.0003020136209670454, 0.00027419047546572983, 0.0002857285726349801, 0.00028390364605002105, 0.0002541158755775541, 0.0002907397283706814, 0.00025970968999899924, 0.00028457248117774725], [0, 0.0010882761562243104, 0.0007653983775526285, 0.0003739319508895278, 0.00022543255181517452, 0.00022015783179085702, 0.00021447833569254726, 0.00022912195709068328, 0.0002276229643030092, 0.000251038814894855, 0.0002735346497502178, 0.0002779372734948993, 0.00026909232838079333, 0.00026199573767371476, 0.0002707755484152585, 0.0003090210084337741, 0.00025874265702441335, 0.0003353956271894276, 0.00021246600954327732, 0.0002921537379734218, 0.00022759898274671286], [0, 0.0011136664543300867, 0.0008260223548859358, 0.000345227075740695, 0.00021788882440887392, 0.00019880996842402965, 0.00020910684543196112, 0.0002242621558252722, 0.000226701726205647, 0.0002484391152393073, 0.0002637154539115727, 0.00025781436124816537, 0.00028633803594857454, 0.0002798478817567229, 0.0002810922742355615, 0.0003434624522924423, 0.00026428152341395617, 0.00027697961195372045, 0.00024115484848152846, 0.00028040268807671964, 0.00020602256699930876], [0, 0.0010913320584222674, 0.0008556190878152847, 0.0003637738118413836, 0.00022780791914556175, 0.00020456216589082032, 0.0002141559962183237, 0.00022815249394625425, 0.00024081461015157402, 0.000245729461312294, 0.00026023207465186715, 0.000274055841146037, 0.00032231849036179483, 0.0002647147630341351, 0.00025292436475865543, 0.00030383223202079535, 0.00026324932696297765, 0.00025722107966430485, 0.0002838078362401575, 0.00021047900372650474, 0.00023509339371230453], [0, 0.0011789256241172552, 0.0007518218480981886, 0.00027455444796942174, 0.00017536587256472558, 0.0002083902945742011, 0.00024357244546990842, 0.0002291936834808439, 0.0002477687085047364, 0.0002565892937127501, 0.0002848512667696923, 0.0002501560375094414, 0.00027183323982171714, 0.0002819329092744738, 0.00026483697001822293, 0.0002659554302226752, 0.0002732498396653682, 0.00022307461767923087, 0.0002696090377867222, 0.0002145883336197585, 0.00014548782201018184], [0, 0.0011271907715126872, 0.0005729115218855441, 0.00027791105094365776, 0.0002537535037845373, 0.00024180779291782528, 0.000257810577750206, 0.0002551748766563833, 0.00027365179266780615, 0.00027171714464202523, 0.0003157044411636889, 0.0002938294783234596, 0.00029382435604929924, 0.00020592313376255333, 0.00030994697590358555, 0.00024638386094011366, 0.0002455025678500533, 0.0002234890853287652, 0.00028869323432445526, 0.00013075847527943552, 0.0001578573719598353], [0, 0.0011242905166000128, 0.0005856694770045578, 0.00027956225676462054, 0.00025616545462980866, 0.0002653603733051568, 0.000255569932051003, 0.0002742763899732381, 0.0002934260119218379, 0.0002575466933194548, 0.00029103882843628526, 0.00028819916769862175, 0.0003398755507078022, 0.000250274344580248, 0.000251859804848209, 0.00025139201898127794, 0.0002220193564426154, 0.00016881627379916608, 0.00012124512431910262, 0.00014407458365894854, 0.00016454175056423992], [0, 0.0008691271068528295, 0.00036161518073640764, 0.000257867737673223, 0.00026314580463804305, 0.0002547629992477596, 0.0003035443078260869, 0.00028911588015034795, 0.00029321806505322456, 0.0003564140642993152, 0.00026653765235096216, 0.0002913589996751398, 0.00028353941161185503, 0.00024162541376426816, 0.00019293848890811205, 0.00011070017353631556, 0.00013658755051437765, 0.00010464592924108729, 0, 0, 0], [0, 0.0009245699038729072, 0.00037563187652267516, 0.0002579930587671697, 0.0002498776884749532, 0.0002800755901262164, 0.00027420936385169625, 0.0003026608028449118, 0.0002953811490442604, 0.0002867441507987678, 0.0002980903664138168, 0.00024956499692052603, 0.0002770998398773372, 0.0002366115659242496, 0.0004190428298898041, 0.0002737227769102901, 0.00010901426867349073, 0, 0, 0, 0], [0, 0.0008475126815028489, 0.00037448035436682403, 0.0002524375158827752, 0.00025777731207199395, 0.00025509647093713284, 0.0003006617771461606, 0.00029341012123040855, 0.00029515809728764, 0.00030107476050034165, 0.00025472400011494756, 0.0003006962942890823, 0.00023254881671164185, 0.00021050548821222037, 0.00026950924075208604, 0.00014561013085767627, 0.00024815279175527394, 0.0002431025932310149, 0, 0, 0]]}