{"alpha": 0.75, "beta": 0.5, "gamma": 2.0, "num_samples": 1000, "node_count": 10, "density": 1.0, "startup_delay": 2.0, "forward_prob": 0, "epochs": [[0, 1, 2, 3, 4, 5, 6, 7, 8, 9, 10, 11, 12, 13, 14, 15, 16, 17, 18, 19, 20], [0, 1, 2, 3, 4, 5, 6, 7, 8, 9, 10, 11, 12, 13, 14, 15, 16, 17, 18, 19, 20], [0, 1, 2, 3, 4, 5, 6, 7, 8, 9, 10, 11, 12, 13, 14, 15, 16, 17, 18, 19, 20], [0, 1, 2, 3, 4, 5, 6, 7, 8, 9, 10, 11, 12, 13, 14, 15, 16, 17, 18, 19, 20], [0, 1, 2, 3, 4, 5, 6, 7, 8, 9, 10, 11, 12, 13, 14, 15, 16, 17, 18, 19, 20], [0, 1, 2, 3, 4, 5, 6, 7, 8, 9, 10, 11, 12, 13, 14, 15, 16, 17, 18, 19, 20], [0, 1, 2, 3, 4, 5, 6, 7, 8, 9, 10, 11, 12, 13, 14, 15, 16, 17, 18, 19, 20], [0, 1, 2, 3, 4, 5, 6, 7, 8, 9, 10, 11, 12, 13, 14, 15, 16, 17, 18, 19, 20], [0, 1, 2, 3, 4, 5, 6, 7, 8, 9, 10, 11, 12, 13, 14, 15, 16, 17, 18, 19, 20], [0, 1, 2, 3, 4, 5, 6, 7, 8, 9, 10, 11, 12, 13, 14, 15, 16, 17, 18, 19, 20]], "accuracies": [[13.57, 10.89, 31.94, 32.74, 52.92, 50.31, 47.46, 50.53, 45.32, 52.22, 50.98, 41.66, 40.12, 50.54, 47.46, 43.84, 53.76, 67.18, 58.86, 40.39, 42.46], [4.84, 28.17, 30.83, 32.74, 52.92, 50.44, 47.46, 44.92, 33.36, 60.99, 56.12, 42.59, 40.72, 56.45, 40.32, 49.46, 53.76, 60.23, 54.89, 39.03, 43.08], [9.39, 9.94, 32.75, 19.38, 52.92, 41.38, 58.1, 49.7, 54.66, 52.62, 70.19, 60.08, 49.71, 48.07, 51.87, 43.84, 38.47, 50.49, 57.25, 62.28, 46.57], [10.97, 21.66, 36.61, 53.68, 68.8, 47.55, 60.57, 50.72, 66.97, 68.3, 71.26, 65.8, 58.45, 70.09, 58.53, 66.04, 63.17, 60.85, 57.99, 52.16, 61.67], [13.07, 36.16, 32.74, 44.2, 53.87, 35.21, 44.51, 43.89, 52.22, 56.12, 58.67, 40.12, 45.55, 45.37, 50.7, 58.89, 67.18, 46.74, 51.37, 58.25, 65.19], [12.81, 27.3, 44.1, 31.32, 47.46, 32.9, 38.85, 55.5, 58.09, 60.5, 44.17, 56.27, 43.35, 51.56, 57.59, 59.54, 50.78, 49.68, 46.18, 66.67, 56.37], [8.19, 20.1, 39.91, 47.03, 56.58, 50.06, 69.54, 53.48, 70.77, 68.47, 67.0, 58.01, 64.01, 65.29, 63.19, 76.99, 66.89, 69.97, 59.51, 69.02, 61.5], [3.84, 12.51, 34.13, 40.31, 54.1, 44.88, 64.15, 46.66, 62.86, 53.18, 58.35, 45.09, 60.08, 64.77, 63.62, 66.61, 56.85, 59.49, 58.94, 43.44, 55.7], [7.65, 44.1, 47.27, 46.97, 56.51, 41.58, 44.39, 47.67, 45.61, 41.71, 55.13, 54.93, 63.05, 71.89, 64.01, 71.88, 59.54, 64.46, 65.54, 62.55, 51.14], [8.97, 56.96, 48.27, 58.95, 53.09, 58.71, 63.66, 59.25, 67.02, 57.28, 70.41, 64.5, 69.87, 73.47, 60.28, 74.35, 53.96, 73.46, 61.53, 46.09, 28.79]], "msds": [[0, 0.0007502458756789565, 0.00020090883481316268, 0.00015612615970894694, 9.326137660536915e-05, 9.28396693780087e-05, 8.761510980548337e-05, 8.825909753795713e-05, 9.18832010938786e-05, 7.764346082694829e-05, 5.900460382690653e-05, 5.5352469644276425e-05, 8.621680171927437e-05, 6.918856524862349e-05, 7.398043817374855e-05, 8.989357593236491e-05, 0.00011170920333825052, 6.91391687723808e-05, 6.88394284225069e-05, 9.433264494873583e-05, 0.00010299248242517933], [0, 0.0007511597941629589, 0.0002171334926970303, 0.0001833199494285509, 0.0001153230041381903, 0.00010307454067515209, 0.00010679660044843331, 9.332735498901457e-05, 0.00013699983537662774, 8.645512571092695e-05, 9.461601439397782e-05, 7.314698450500146e-05, 0.00010363732872065157, 9.992294508265331e-05, 8.683468331582844e-05, 9.178384789265692e-05, 9.002564183901995e-05, 9.08991860342212e-05, 7.572351023554802e-05, 0.00010214965004706755, 9.947478247340769e-05], [0, 0.000746648118365556, 0.00020348250109236687, 0.00017081965052057058, 0.00012110618990845978, 0.00010606637806631625, 8.71722586452961e-05, 9.692578896647319e-05, 9.875456453301013e-05, 9.935232083080336e-05, 8.975142554845661e-05, 0.00010042442590929568, 8.407313725911081e-05, 0.00011816756887128577, 0.00010231755732093006, 0.00010095578181790188, 0.00010032431600848213, 0.00010668022878235206, 0.00012438635167200118, 9.958307055057958e-05, 9.766843868419528e-05], [0, 0.0006461674929596484, 0.00021883141016587615, 0.00016897000023163855, 0.00016182965191546828, 0.00015517974679823965, 0.00015001896827016026, 0.00015550199896097183, 0.00014469210873357952, 0.00013591491733677685, 0.00013255432713776827, 0.0001363810442853719, 0.00014594978711102158, 0.0001417168532498181, 0.0001455719320802018, 0.00013940950157120824, 0.00012556943693198264, 0.00011792648729169741, 0.00013717364345211536, 0.00013441912597045302, 0.0001271434302907437], [0, 0.0005987357581034303, 0.00020506490545812994, 0.00011455314961494878, 0.00011775856546591967, 9.871981455944479e-05, 0.00012833590153604746, 9.316012437921017e-05, 9.251025767298415e-05, 6.308033334789798e-05, 5.2865205361740664e-05, 5.815695840283297e-05, 8.96555429790169e-05, 0.0001077114648069255, 6.437215051846579e-05, 0.00010190549801336601, 5.8248453569831327e-05, 9.372585191158578e-05, 0.0001365925563732162, 8.08469922048971e-05, 0.00011545931920409203], [0, 0.0006596369203180075, 0.00022189512674231082, 0.0001413353020325303, 0.0001398067397531122, 0.00011507541785249487, 0.00013482813665177673, 0.00011667148646665737, 7.45618308428675e-05, 6.480442971223965e-05, 6.920163286849856e-05, 9.663376113167033e-05, 9.745817806106061e-05, 9.116606815950945e-05, 0.00010416968871140853, 6.686786218779162e-05, 6.050867887097411e-05, 9.616394527256489e-05, 0.00011126350000267848, 0.00010625575669109821, 0.00011280282342340797], [0, 0.0006809521582908928, 0.0002107526670442894, 0.00013235087681096047, 0.00010939893400063738, 0.00012488890206441283, 0.00010723091691033915, 0.00010867563833016902, 0.00011207193892914802, 9.178128675557673e-05, 9.967001096811146e-05, 0.00011112743959529325, 0.00012008961493847892, 9.525552013656124e-05, 0.00010915464372374117, 9.803196735447273e-05, 9.217810293193907e-05, 9.66094303294085e-05, 0.00010440699406899512, 0.00010198170639341697, 0.0001197473902720958], [0, 0.000690769637003541, 0.00020447021233849227, 0.00013221657718531787, 0.00013771504745818675, 0.0001486212422605604, 0.00013966319966129959, 0.0001357309811282903, 0.00013707556354347616, 0.00013251072959974408, 0.00014556122187059373, 0.000139258147100918, 0.0001359543384751305, 0.00015441265713889152, 0.0001500249345554039, 0.0001344382035313174, 0.0001479764614487067, 0.00014185134205035865, 0.00015545690257567912, 0.00015388007159344852, 0.00018579700554255396], [0, 0.0006635398603975773, 0.00019339658319950104, 0.00012011319631710649, 0.00011853726027766243, 0.00013433904678095132, 0.00010292881779605523, 8.937555685406551e-05, 6.852292426628992e-05, 8.715018338989466e-05, 0.00010083343659061939, 6.337820377666503e-05, 9.842908912105486e-05, 7.883996295277029e-05, 9.228977432940155e-05, 8.090466872090474e-05, 0.00012858478294219822, 9.245266846846789e-05, 0.00011215014092158526, 8.828876889310777e-05, 0.00017189359641633928], [0, 0.0006536913570016623, 0.0002002124529099092, 0.00012764957500621676, 0.00012824920122511685, 0.00012121677718823776, 0.00010838572052307427, 0.0001122940520872362, 9.994064748752862e-05, 0.00012157882156316191, 9.966674406314269e-05, 0.00012239643547218293, 0.0001227869070135057, 0.00011385604011593387, 0.0001171040566987358, 0.0001292045199079439, 0.00013180541282054037, 0.00012884143507108092, 0.00012263236567378044, 0.00015194436127785593, 0]]}