{"alpha": 0.75, "beta": 0.5, "gamma": 7.0, "num_samples": 1000, "node_count": 10, "density": 0.75, "startup_delay": 0.0, "forward_prob": 0, "epochs": [[0, 1, 2, 3, 4, 5, 6, 7, 8, 9, 10, 11, 12, 13, 14, 15, 16, 17, 18, 19, 20], [0, 1, 2, 3, 4, 5, 6, 7, 8, 9, 10, 11, 12, 13, 14, 15, 16, 17, 18, 19, 20], [0, 1, 2, 3, 4, 5, 6, 7, 8, 9, 10, 11, 12, 13, 14, 15, 16, 17, 18, 19, 20], [0, 1, 2, 3, 4, 5, 6, 7, 8, 9, 10, 11, 12, 13, 14, 15, 16, 17, 18, 19, 20], [0, 1, 2, 3, 4, 5, 6, 7, 8, 9, 10, 11, 12, 13, 14, 15, 16, 17, 18, 19, 20], [0, 1, 2, 3, 4, 5, 6, 7, 8, 9, 10, 11, 12, 13, 14, 15, 16, 17, 18, 19, 20], [0, 1, 2, 3, 4, 5, 6, 7, 8, 9, 10, 11, 12, 13, 14, 15, 16, 17, 18, 19, 20], [0, 1, 2, 3, 4, 5, 6, 7, 8, 9, 10, 11, 12, 13, 14, 15, 16, 17, 18, 19, 20], [0, 1, 2, 3, 4, 5, 6, 7, 8, 9, 10, 11, 12, 13, 14, 15, 16, 17, 18, 19, 20], [0, 1, 2, 3, 4, 5, 6, 7, 8, 9, 10, 11, 12, 13, 14, 15, 16, 17, 18, 19, 20]], "accuracies": [[5.77, 10.0, 62.14, 78.06, 81.62, 82.59, 83.74, 84.24, 84.5, 84.45, 85.1, 85.58, 85.45, 85.94, 86.05, 86.09, 86.06, 86.28, 86.28, 86.31, 86.42], [10.14, 15.48, 74.74, 80.38, 82.14, 82.91, 84.07, 84.21, 84.69, 85.04, 85.35, 85.7, 85.66, 86.08, 86.24, 86.07, 86.43, 86.44, 86.18, 86.53, 86.71], [13.62, 13.12, 72.24, 79.74, 81.45, 82.69, 83.83, 84.27, 84.85, 85.15, 85.57, 85.69, 85.8, 85.88, 86.11, 86.06, 86.5, 86.26, 86.11, 86.37, 86.47], [2.99, 20.28, 73.42, 80.15, 81.6, 82.58, 83.88, 84.39, 84.83, 84.94, 85.53, 85.79, 85.63, 86.16, 86.25, 86.23, 86.45, 86.22, 86.4, 86.28, 86.47], [0.38, 29.93, 70.13, 79.99, 82.14, 83.42, 84.2, 84.25, 84.92, 85.63, 85.68, 85.74, 85.99, 86.02, 85.92, 86.21, 86.3, 86.25, 86.39, 86.18, 86.0], [11.18, 21.7, 68.91, 78.4, 81.76, 83.33, 83.89, 84.6, 84.39, 85.0, 85.78, 85.83, 85.74, 85.94, 85.84, 86.29, 86.33, 86.27, 86.15, 85.69, 85.65], [8.58, 10.7, 72.26, 78.09, 81.57, 83.1, 84.03, 84.4, 84.6, 85.26, 85.67, 85.68, 85.63, 85.92, 86.17, 86.18, 86.12, 86.26, 86.22, 85.74, 85.98], [6.58, 16.17, 74.62, 80.28, 82.65, 83.86, 84.27, 84.66, 84.96, 85.77, 85.54, 85.95, 86.21, 86.15, 86.32, 86.51, 86.55, 86.09, 86.35, 86.08, 85.94], [8.53, 46.43, 77.76, 81.36, 83.62, 83.48, 84.7, 85.28, 85.46, 85.76, 85.84, 86.16, 86.45, 86.17, 86.48, 86.31, 85.84, 83.77, 84.68, 84.67, 84.77], [5.06, 58.36, 78.5, 82.17, 83.64, 84.37, 84.83, 85.36, 85.64, 86.18, 86.28, 86.15, 86.24, 86.32, 86.46, 86.03, 86.04, 85.3, 85.49, 85.54, 85.6]], "msds": [[0, 0.0008696701843291521, 0.00032916164491325617, 0.0001542372046969831, 9.908951324177906e-05, 9.985915676224977e-05, 0.0001055530592566356, 0.00011341222852934152, 0.0001033941880450584, 0.00010600709356367588, 0.00010973686585202813, 0.00010685381130315363, 9.65059080044739e-05, 9.856424730969593e-05, 9.103617048822343e-05, 7.915436435723677e-05, 8.570741192670539e-05, 8.352087752427906e-05, 9.024780592881143e-05, 5.246616274234839e-05, 9.092965046875179e-05], [0, 0.000877239799592644, 0.00026369141414761543, 0.00011840182560263202, 0.00010793870023917407, 0.00010557698260527104, 0.00010990150622092187, 0.00012096221325919032, 0.00011356046888977289, 0.00011959680705331266, 0.00011073036876041442, 9.667040285421535e-05, 0.0001096926280297339, 8.972735668066889e-05, 6.978683813940734e-05, 0.00010716643009800464, 9.931170643540099e-05, 7.51974293962121e-05, 6.523751653730869e-05, 7.701978756813332e-05, 5.205034904065542e-05], [0, 0.0008768720435909927, 0.00028439945890568197, 0.000125942868180573, 0.00010647784802131355, 0.00010725784522946924, 0.00011487789015518501, 0.00011276371515123174, 0.00011164416355313733, 0.00011724908836185932, 0.00010586215648800135, 0.00010043207294074818, 0.00010125285916728899, 0.00010076042963191867, 9.269383735954762e-05, 8.259414607891813e-05, 7.73533756728284e-05, 8.750797132961452e-05, 8.36869512568228e-05, 6.705280247842893e-05, 7.784660556353629e-05], [0, 0.0008706856169737875, 0.00026042453828267753, 0.00011906764848390594, 0.00010089400166179985, 9.476562263444066e-05, 0.00010833804117282853, 0.0001062639057636261, 0.0001093268656404689, 0.00011651527893263847, 9.935359412338585e-05, 0.00010609676974127069, 9.985946235246956e-05, 9.802571730688214e-05, 8.004001574590802e-05, 0.0001109317599912174, 8.178936695912853e-05, 8.026493742363527e-05, 7.885839295340702e-05, 7.326123886741698e-05, 6.033767931512557e-05], [0, 0.0008680936880409718, 0.0003113271959591657, 0.00013495357416104525, 0.00010183398990193382, 0.00010750984802143648, 0.00011448516306700185, 0.00011217236897209659, 0.0001171972107840702, 0.00011688406084431335, 0.00011550429917406291, 0.00010243798897136003, 8.99771330296062e-05, 7.917483162600547e-05, 9.7381736850366e-05, 8.999955025501549e-05, 9.188606782117859e-05, 6.2774503021501e-05, 7.364760676864535e-05, 7.651191845070571e-05, 5.8291974710300565e-05], [0, 0.0008849712903611362, 0.0003295024507679045, 0.00015059356519486755, 0.00010663295688573271, 0.00010820380703080446, 0.00010893811850110069, 0.000106227227661293, 0.00011071022163378075, 0.00011429674486862496, 0.0001002822391455993, 8.43051093397662e-05, 0.00010545802797423676, 6.924026820342988e-05, 9.972279076464474e-05, 8.855523628881201e-05, 7.397387525998056e-05, 6.814665539423004e-05, 6.625561945838854e-05, 8.755741873756051e-05, 7.365826604655012e-05], [0, 0.0008894671336747706, 0.0003196527250111103, 0.0001425739610567689, 0.00010163094702875242, 0.00011281752085778862, 0.00011338773038005456, 0.00010977294732583687, 0.00010802882025018334, 0.00010863469651667401, 0.00010437783930683509, 8.733865251997486e-05, 0.00010723118612077087, 8.510400220984593e-05, 8.724246436031535e-05, 9.807770402403548e-05, 6.85297345626168e-05, 6.361550913425162e-05, 5.232453622738831e-05, 8.530980994692072e-05, 7.453186844941229e-05], [0, 0.0008633278775960207, 0.00028651583124883473, 0.00012694996257778257, 9.562691411701962e-05, 0.00011341763456584886, 0.00010277365799993277, 0.00010738069977378473, 0.00011586983600864187, 9.990865510189906e-05, 0.00010619061504257843, 9.580133337294683e-05, 9.231625881511718e-05, 9.733266051625833e-05, 8.50832075229846e-05, 8.772514411248267e-05, 7.771206583129242e-05, 6.941810715943575e-05, 6.210283027030528e-05, 5.790885552414693e-05, 5.30942234036047e-05], [0, 0.0005942425923421979, 0.0001572897599544376, 9.507393406238407e-05, 0.00010974298493238166, 0.00011166778131155297, 0.0001260218268726021, 0.00012013801460852847, 0.00011559086124179885, 0.0001064125171978958, 9.903855243464932e-05, 7.702496077399701e-05, 0.00010938954073935747, 5.724403672502376e-05, 0.00010397937876405194, 6.632658187299967e-05, 6.0102167481090873e-05, 0, 0, 0, 0], [0, 0.0005710964323952794, 0.000152185297338292, 0.00010249191109323874, 0.00011541915591806173, 0.00010384202323621139, 0.00011898716184077784, 0.00011015024210792035, 0.0001046301331371069, 9.485950431553647e-05, 8.691208495292813e-05, 8.801936928648502e-05, 8.847216668073088e-05, 7.542855746578425e-05, 6.085186032578349e-05, 6.417914119083434e-05, 4.1462568333372474e-05, 0, 0, 0, 0]]}