{"alpha": 0.75, "beta": 0.5, "gamma": 8.0, "num_samples": 100, "node_count": 10, "density": 1.0, "startup_delay": 0.0, "forward_prob": 0, "epochs": [[0, 1, 2, 3, 4, 5, 6, 7, 8, 9, 10, 11, 12, 13, 14, 15, 16, 17, 18, 19, 20], [0, 1, 2, 3, 4, 5, 6, 7, 8, 9, 10, 11, 12, 13, 14, 15, 16, 17, 18, 19, 20], [0, 1, 2, 3, 4, 5, 6, 7, 8, 9, 10, 11, 12, 13, 14, 15, 16, 17, 18, 19, 20], [0, 1, 2, 3, 4, 5, 6, 7, 8, 9, 10, 11, 12, 13, 14, 15, 16, 17, 18, 19, 20], [0, 1, 2, 3, 4, 5, 6, 7, 8, 9, 10, 11, 12, 13, 14, 15, 16, 17, 18, 19, 20], [0, 1, 2, 3, 4, 5, 6, 7, 8, 9, 10, 11, 12, 13, 14, 15, 16, 17, 18, 19, 20], [0, 1, 2, 3, 4, 5, 6, 7, 8, 9, 10, 11, 12, 13, 14, 15, 16, 17, 18, 19, 20], [0, 1, 2, 3, 4, 5, 6, 7, 8, 9, 10, 11, 12, 13, 14, 15, 16, 17, 18, 19, 20], [0, 1, 2, 3, 4, 5, 6, 7, 8, 9, 10, 11, 12, 13, 14, 15, 16, 17, 18, 19, 20], [0, 1, 2, 3, 4, 5, 6, 7, 8, 9, 10, 11, 12, 13, 14, 15, 16, 17, 18, 19, 20]], "accuracies": [[10.95, 11.3, 53.87, 62.54, 68.31, 70.2, 70.63, 71.96, 73.45, 74.2, 74.86, 74.95, 75.39, 76.5, 77.46, 77.82, 77.12, 77.45, 77.76, 77.62, 78.18], [10.19, 10.41, 54.57, 61.88, 70.75, 70.1, 71.61, 73.03, 73.15, 74.47, 74.8, 75.65, 75.39, 76.61, 77.2, 77.97, 77.74, 78.16, 77.68, 78.15, 78.5], [11.02, 18.25, 59.76, 63.79, 69.57, 71.32, 71.42, 72.84, 73.27, 72.97, 74.55, 74.88, 75.32, 75.92, 76.78, 77.8, 77.66, 77.81, 77.11, 77.61, 77.45], [9.9, 14.17, 52.28, 63.01, 71.17, 70.96, 71.67, 73.51, 73.54, 74.34, 74.22, 74.73, 75.67, 76.62, 77.42, 77.97, 77.74, 77.34, 77.77, 78.21, 78.31], [14.21, 10.0, 57.14, 63.26, 69.91, 70.85, 71.6, 72.7, 73.58, 74.06, 74.1, 75.47, 74.75, 76.7, 77.28, 77.85, 78.1, 77.62, 77.56, 77.87, 78.6], [12.71, 10.03, 56.1, 63.22, 70.08, 70.79, 71.9, 73.27, 73.6, 74.17, 73.36, 75.58, 74.28, 76.89, 76.92, 77.79, 77.53, 77.83, 78.06, 77.62, 78.37], [10.29, 19.35, 53.32, 63.42, 69.88, 71.0, 71.97, 73.15, 73.49, 74.46, 75.18, 75.38, 75.39, 76.66, 77.4, 78.33, 77.51, 77.62, 78.06, 77.96, 78.57], [14.14, 19.06, 55.0, 63.32, 69.26, 70.71, 71.71, 73.66, 73.33, 74.1, 74.99, 75.77, 75.6, 76.38, 77.25, 77.64, 77.54, 77.85, 77.8, 77.8, 78.12], [10.59, 19.53, 53.32, 63.35, 69.74, 70.29, 71.32, 73.22, 73.37, 72.58, 74.05, 75.1, 75.15, 76.13, 76.89, 77.44, 77.22, 76.67, 76.8, 77.67, 77.76], [6.55, 19.59, 56.79, 63.68, 71.29, 71.8, 72.07, 73.65, 73.84, 73.99, 74.54, 75.76, 75.47, 76.82, 76.74, 78.07, 77.89, 78.21, 78.25, 78.04, 78.37]], "msds": [[0, 0.0007011595880612731, 9.313178452430293e-05, 5.626728670904413e-05, 3.4008098737103865e-05, 2.966271131299436e-05, 3.049470433325041e-05, 2.343821688555181e-05, 2.229225356131792e-05, 2.022625267272815e-05, 1.8735299818217754e-05, 2.3031649106997065e-05, 2.499302354408428e-05, 2.2260501282289624e-05, 2.227156437584199e-05, 1.5857567632338032e-05, 2.4692140868864954e-05, 2.12671857298119e-05, 1.8805008949129842e-05, 1.97330373339355e-05, 1.4953908248571679e-05], [0, 0.0007060657953843474, 9.185705857817084e-05, 5.5985714425332844e-05, 3.0923463782528415e-05, 2.5454906790400855e-05, 2.186986785090994e-05, 1.8771583199850284e-05, 2.1839350665686652e-05, 1.5584715583827347e-05, 2.0250354282325134e-05, 2.3454378606402315e-05, 2.292705721629318e-05, 2.324151500943117e-05, 1.7484881027485244e-05, 1.440839514543768e-05, 1.7039565136656165e-05, 1.4115656085778028e-05, 1.3781062989437487e-05, 1.2570606486406177e-05, 1.3289474736666307e-05], [0, 0.0007075018365867436, 9.338816744275391e-05, 5.258104647509754e-05, 3.578159521566704e-05, 2.9114346034475602e-05, 2.707476778596174e-05, 2.545606912462972e-05, 2.387705353612546e-05, 2.3535912987426855e-05, 2.3665596017963253e-05, 2.1945739717921242e-05, 2.0886012862320058e-05, 2.3536327717010863e-05, 2.6663228709367104e-05, 1.5754094420117326e-05, 2.1359273887355812e-05, 2.3509555830969475e-05, 2.4596309231128544e-05, 1.995447018998675e-05, 2.5789564460865222e-05], [0, 0.0006990258116275072, 9.566597873345017e-05, 5.430208329926245e-05, 3.390424171811901e-05, 2.6390676794108003e-05, 2.4513406970072538e-05, 1.935829277499579e-05, 2.5281309717684053e-05, 1.8822282072505914e-05, 1.859039366536308e-05, 1.817094198486302e-05, 1.728899405861739e-05, 2.5553468731231987e-05, 1.73908792930888e-05, 1.2718852303805761e-05, 1.745852750900667e-05, 2.239854438812472e-05, 2.06456479645567e-05, 1.2456428521545604e-05, 2.308327930222731e-05], [0, 0.0006984552601352334, 8.955091470852494e-05, 5.518717807717621e-05, 3.368203397258185e-05, 2.5436029318370856e-05, 2.52092595474096e-05, 2.149724605260417e-05, 1.982812500500586e-05, 2.4082530217128806e-05, 1.9831841200357303e-05, 1.9668186723720282e-05, 2.0121748093515635e-05, 2.1234711311990395e-05, 1.840540426201187e-05, 1.3866180779587012e-05, 1.712642188067548e-05, 1.6086583855212666e-05, 1.7219197616213933e-05, 2.2807371351518668e-05, 1.4967002243793104e-05], [0, 0.0006962069892324507, 9.103312186198309e-05, 5.5802782298997045e-05, 3.6095963878324255e-05, 3.139066757285036e-05, 2.4840730475261807e-05, 2.114831659127958e-05, 1.9404773411224596e-05, 1.8323886251891963e-05, 2.470268555043731e-05, 1.7951371773961e-05, 2.957782089652028e-05, 2.0089115423616022e-05, 3.5909153666580096e-05, 1.579815761942882e-05, 1.4827209270151798e-05, 1.5290383089450188e-05, 1.2864800737588666e-05, 1.430537122359965e-05, 1.360810438200133e-05], [0, 0.0006994596333242953, 9.581576159689575e-05, 5.6012795539572835e-05, 3.5644239687826484e-05, 2.793861312966328e-05, 2.2094744053902104e-05, 2.2073800209909678e-05, 2.3149919798015617e-05, 1.6660163964843377e-05, 1.6278909242828377e-05, 1.8145527064916678e-05, 2.4609633328509517e-05, 2.2158366846269928e-05, 1.9373124814592302e-05, 1.252834226761479e-05, 1.8493799871066585e-05, 2.1580046450253576e-05, 1.2891710866824724e-05, 1.2266643352631945e-05, 1.1540856576175429e-05], [0, 0.0007009074906818569, 8.992261427920312e-05, 5.037926894146949e-05, 3.103287235717289e-05, 2.388244502071757e-05, 2.1402083802968264e-05, 1.802856604626868e-05, 1.9269056792836636e-05, 1.687909934844356e-05, 1.606991281732917e-05, 1.718064049782697e-05, 1.974179394892417e-05, 1.995908678509295e-05, 2.0792409486602992e-05, 1.8155078578274697e-05, 2.5305827875854447e-05, 1.6761427104938775e-05, 1.3880233382224105e-05, 2.3315356884268112e-05, 2.199057962570805e-05], [0, 0.0006954852724447846, 9.078186849365011e-05, 5.6180117098847404e-05, 3.145231676171534e-05, 2.6755153157864697e-05, 2.6355193767813034e-05, 2.2355963665177114e-05, 2.149549800378736e-05, 1.995713682845235e-05, 1.873023938969709e-05, 1.950879959622398e-05, 1.975177292479202e-05, 2.3630722353118472e-05, 2.633235271787271e-05, 1.7337612007395364e-05, 2.2796351913711987e-05, 2.7422578568803146e-05, 2.1329789888113737e-05, 1.671119753154926e-05, 1.7148031474789605e-05], [0, 0.000709939282387495, 8.755960880080238e-05, 5.5220112699316815e-05, 3.289731830591336e-05, 2.6469877411727794e-05, 2.0550103727146052e-05, 1.9852945115417242e-05, 1.8595332221593708e-05, 1.7192831364809535e-05, 1.6974174286588095e-05, 1.4902706425345968e-05, 1.7165997633128427e-05, 1.76506564457668e-05, 2.2882519260747358e-05, 1.593191882420797e-05, 2.3529679310740903e-05, 2.2018772142473608e-05, 1.312075346504571e-05, 1.3504056369129103e-05, 1.6275384041364305e-05]]}