{"alpha": 0.9, "beta": 0.5, "gamma": 1.0, "num_samples": 100, "node_count": 10, "density": 0.0, "startup_delay": 0.0, "forward_prob": 0, "epochs": [[0, 1, 2, 3, 4, 5, 6, 7, 8, 9, 10, 11, 12, 13, 14, 15, 16, 17, 18, 19, 20], [0, 1, 2, 3, 4, 5, 6, 7, 8, 9, 10, 11, 12, 13, 14, 15, 16, 17, 18, 19, 20], [0, 1, 2, 3, 4, 5, 6, 7, 8, 9, 10, 11, 12, 13, 14, 15, 16, 17, 18, 19, 20], [0, 1, 2, 3, 4, 5, 6, 7, 8, 9, 10, 11, 12, 13, 14, 15, 16, 17, 18, 19, 20], [0, 1, 2, 3, 4, 5, 6, 7, 8, 9, 10, 11, 12, 13, 14, 15, 16, 17, 18, 19, 20], [0, 1, 2, 3, 4, 5, 6, 7, 8, 9, 10, 11, 12, 13, 14, 15, 16, 17, 18, 19, 20], [0, 1, 2, 3, 4, 5, 6, 7, 8, 9, 10, 11, 12, 13, 14, 15, 16, 17, 18, 19, 20], [0, 1, 2, 3, 4, 5, 6, 7, 8, 9, 10, 11, 12, 13, 14, 15, 16, 17, 18, 19, 20], [0, 1, 2, 3, 4, 5, 6, 7, 8, 9, 10, 11, 12, 13, 14, 15, 16, 17, 18, 19, 20], [0, 1, 2, 3, 4, 5, 6, 7, 8, 9, 10, 11, 12, 13, 14, 15, 16, 17, 18, 19, 20]], "accuracies": [[4.86, 19.38, 67.6, 66.96, 69.88, 70.02, 70.79, 72.8, 72.58, 73.93, 73.07, 74.25, 73.73, 73.86, 73.62, 74.25, 73.35, 72.2, 72.88, 73.08, 73.77], [10.44, 65.9, 63.2, 64.86, 66.51, 67.94, 66.94, 71.17, 68.23, 72.88, 73.32, 71.9, 72.16, 73.73, 73.37, 73.5, 73.84, 73.45, 73.17, 72.21, 73.64], [8.59, 15.86, 31.91, 62.31, 67.8, 67.79, 66.66, 71.28, 70.91, 73.93, 73.78, 73.86, 72.26, 73.82, 73.18, 73.5, 74.15, 73.56, 73.07, 72.07, 73.5], [3.75, 67.33, 61.4, 69.76, 70.41, 69.9, 70.86, 71.24, 70.96, 70.72, 72.73, 73.37, 73.36, 73.36, 73.24, 72.99, 73.64, 75.06, 74.21, 74.96, 73.8], [7.86, 70.23, 61.77, 68.49, 68.31, 68.95, 67.35, 71.4, 72.04, 75.1, 75.93, 76.33, 76.48, 73.26, 71.36, 72.81, 71.63, 72.11, 73.5, 72.43, 73.63], [13.45, 26.89, 72.28, 72.72, 75.8, 71.67, 73.52, 72.72, 74.81, 74.5, 74.92, 74.75, 74.64, 74.72, 75.45, 74.64, 76.0, 74.95, 75.5, 75.67, 76.07], [7.55, 65.12, 60.54, 70.61, 69.95, 71.69, 71.36, 71.39, 72.19, 70.98, 73.01, 73.66, 74.02, 73.16, 73.71, 73.44, 73.88, 75.31, 74.45, 74.99, 73.91], [9.92, 22.44, 62.6, 28.69, 62.03, 55.35, 54.87, 57.66, 70.5, 69.04, 64.74, 67.17, 61.94, 63.34, 67.07, 63.47, 68.78, 64.71, 69.94, 59.2, 66.31], [9.44, 67.61, 63.32, 64.9, 65.78, 68.2, 66.52, 71.61, 68.23, 72.94, 73.66, 72.02, 72.07, 74.16, 73.59, 73.67, 74.15, 73.63, 73.32, 72.57, 73.62], [12.58, 66.88, 70.16, 64.13, 61.11, 68.21, 65.96, 69.55, 70.71, 72.01, 72.6, 73.82, 74.83, 74.92, 70.72, 73.0, 71.13, 73.02, 71.22, 72.68, 69.8]], "msds": [[0, 0.0007362273754552007, 0.0004136840580031276, 0.00032847514376044273, 0.0002411679015494883, 0.0002547137555666268, 0.00022901671763975173, 0.00019339859136380255, 0.00017381102952640504, 0.00012840893759857863, 9.506243077339604e-05, 8.461763354716823e-05, 7.801741594448686e-05, 5.0516300689196214e-05, 4.6616703912150115e-05, 2.872155346267391e-05, 1.8709482901613228e-05, 3.991295670857653e-05, 2.389348082942888e-05, 2.8462203772505745e-05, 1.6083269656519406e-05], [0, 0.0007241686689667404, 0.0004605043795891106, 0.0003223502426408231, 0.000258352403761819, 0.0002547137555666268, 0.00022901671763975173, 0.0001886458194348961, 0.00017926374857779592, 0.000124701953609474, 9.506243077339604e-05, 8.461763354716823e-05, 7.801741594448686e-05, 5.0516300689196214e-05, 4.6616703912150115e-05, 2.872155346267391e-05, 1.8709482901613228e-05, 1.2086507922504097e-05, 3.2930198358371854e-05, 2.3409820641973056e-05, 1.6329498976119794e-05], [0, 0.0007146389689296484, 0.00044614775106310844, 0.0003159095358569175, 0.00024931385996751487, 0.00021115383424330503, 0.0002324442903045565, 0.00019815133418887854, 0.00017603156447876245, 0.00013842752377968282, 0.00011256318248342723, 0.00012483664613682777, 8.59625797602348e-05, 9.381870768265799e-05, 5.914949724683538e-05, 4.599622479872778e-05, 4.146329592913389e-05, 3.991295670857653e-05, 2.389348082942888e-05, 3.351458508404903e-05, 1.5837034879950806e-05], [0, 0.0007421438931487501, 0.0005606164922937751, 0.0004628269234672189, 0.00033932659425772727, 0.0002815122716128826, 0.00022815846023149788, 0.00021123499027453363, 0.00014969767653383315, 0.0001224205334438011, 8.221324969781563e-05, 5.305551167111844e-05, 3.4432803659001365e-05, 2.227020559075754e-05, 1.4427168025576975e-05, 3.521023245411925e-05, 2.2239129975787364e-05, 2.0056548237334937e-05, 1.1725891454261728e-05, 1.744926157698501e-05, 1.1575462849577889e-05], [0, 0.0007231869385577738, 0.0005254316492937505, 0.00029721882310695946, 0.0002574599056970328, 0.0002152373199351132, 0.00020482705440372229, 0.0002187854697695002, 0.00018370481848251075, 0.0001690728822723031, 0.00016295710520353168, 0.00012269271246623248, 8.859382069204003e-05, 0.00011950232874369249, 0.00012458287528716028, 7.982653187355027e-05, 7.5006035331171e-05, 5.617081478703767e-05, 5.245278953225352e-05, 5.706940282834694e-05, 6.041753658792004e-05], [0, 0.0007316558621823788, 0.0005606164922937751, 0.0004628269234672189, 0.00033932659425772727, 0.0002815122716128826, 0.00022815846023149788, 0.00021123499027453363, 0.00014969767653383315, 0.0001224205334438011, 8.221324969781563e-05, 5.305551167111844e-05, 3.4432803659001365e-05, 2.227020559075754e-05, 3.922617179341614e-05, 3.521023245411925e-05, 3.310718238935806e-05, 2.896574187616352e-05, 1.7495376596343704e-05, 1.7851514712674543e-05, 1.1575462849577889e-05], [0, 0.0007272664806805551, 0.00048287061508744955, 0.0005384483956731856, 0.0003973257844336331, 0.0002915876393672079, 0.0002493103966116905, 0.00020836178737226874, 0.0001888217229861766, 0.00015791117039043456, 0.00012021882139379159, 8.398971112910658e-05, 7.380590250249952e-05, 7.846632797736675e-05, 6.402513099601492e-05, 4.845574585488066e-05, 4.397526936372742e-05, 3.787491732509807e-05, 2.3264858100446872e-05, 1.825377512432169e-05, 1.3734099411522038e-05], [0, 0.0007398603484034538, 0.00042417470831424, 0.0003899092844221741, 0.00031533490982837975, 0.00031289143953472376, 0.0002998810086864978, 0.00029035366605967283, 0.0002724641817621887, 0.00024618810857646167, 0.00023206132755149156, 0.0002333229494979605, 0.00022120197536423802, 0.00022199773229658604, 0.00021025858586654067, 0.00022306569735519588, 0.00022104721574578434, 0.00021028800983913243, 0.00024374568602070212, 0.00024208033573813736, 0.0002347359259147197], [0, 0.0007469377014786005, 0.000460366572951898, 0.0003199964121449739, 0.0002741547650657594, 0.00023171809152700007, 0.0002348758716834709, 0.00020503699488472193, 0.00018892943626269698, 0.00015201442874968052, 0.00013044355728197843, 0.00012430497736204416, 0.000125412130728364, 9.317555668530986e-05, 7.619646930834278e-05, 7.075400208123028e-05, 6.913749530212954e-05, 5.329469422576949e-05, 6.975271389819682e-05, 6.923087494214997e-05, 5.270422843750566e-05], [0, 0.0007231869385577738, 0.0005541070713661611, 0.0004288811469450593, 0.0002868173469323665, 0.0002563200832810253, 0.00021807158191222697, 0.00020171164942439646, 0.00022751512005925179, 0.00019340665312483907, 0.00016295710520353168, 0.00011641519085969776, 0.00010400470637250692, 6.298956577666104e-05, 0.0001349960803054273, 0.00013100811338517815, 0.00010343840403947979, 0.00011751618148991838, 7.683353032916784e-05, 8.439211524091661e-05, 9.648030390962958e-05]]}