{"alpha": 0.75, "beta": 0.5, "gamma": 8.0, "num_samples": 25, "node_count": 10, "density": 1.0, "startup_delay": 0.0, "forward_prob": 0, "epochs": [[0, 1, 2, 3, 4, 5, 6, 7, 8, 9, 10, 11, 12, 13, 14, 15, 16, 17, 18, 19, 20], [0, 1, 2, 3, 4, 5, 6, 7, 8, 9, 10, 11, 12, 13, 14, 15, 16, 17, 18, 19, 20], [0, 1, 2, 3, 4, 5, 6, 7, 8, 9, 10, 11, 12, 13, 14, 15, 16, 17, 18, 19, 20], [0, 1, 2, 3, 4, 5, 6, 7, 8, 9, 10, 11, 12, 13, 14, 15, 16, 17, 18, 19, 20], [0, 1, 2, 3, 4, 5, 6, 7, 8, 9, 10, 11, 12, 13, 14, 15, 16, 17, 18, 19, 20], [0, 1, 2, 3, 4, 5, 6, 7, 8, 9, 10, 11, 12, 13, 14, 15, 16, 17, 18, 19, 20], [0, 1, 2, 3, 4, 5, 6, 7, 8, 9, 10, 11, 12, 13, 14, 15, 16, 17, 18, 19, 20], [0, 1, 2, 3, 4, 5, 6, 7, 8, 9, 10, 11, 12, 13, 14, 15, 16, 17, 18, 19, 20], [0, 1, 2, 3, 4, 5, 6, 7, 8, 9, 10, 11, 12, 13, 14, 15, 16, 17, 18, 19, 20], [0, 1, 2, 3, 4, 5, 6, 7, 8, 9, 10, 11, 12, 13, 14, 15, 16, 17, 18, 19, 20]], "accuracies": [[4.62, 10.0, 28.72, 57.46, 63.1, 64.95, 63.24, 65.38, 64.96, 63.81, 65.7, 68.02, 66.1, 65.56, 69.03, 70.79, 70.9, 70.97, 66.73, 69.62, 67.98], [5.74, 25.36, 34.47, 57.34, 56.35, 65.64, 56.92, 66.78, 58.44, 64.7, 60.94, 69.06, 61.02, 68.38, 66.1, 71.39, 69.92, 71.23, 70.8, 71.86, 69.58], [2.96, 10.02, 37.2, 54.78, 61.68, 62.03, 63.89, 61.22, 65.52, 61.44, 69.26, 65.09, 69.8, 64.56, 67.2, 68.97, 71.59, 70.66, 71.95, 68.77, 71.32], [11.12, 18.08, 38.83, 57.56, 60.3, 64.91, 62.76, 63.58, 62.09, 63.54, 63.63, 67.11, 65.08, 64.67, 64.42, 71.73, 65.72, 71.59, 66.24, 70.89, 65.2], [9.0, 14.75, 37.56, 54.8, 59.04, 64.45, 60.4, 64.46, 66.52, 63.34, 66.89, 67.72, 68.04, 67.11, 67.13, 71.23, 68.0, 71.79, 68.57, 71.02, 68.97], [10.33, 19.46, 37.57, 49.87, 60.08, 66.12, 61.71, 65.75, 61.6, 64.49, 62.5, 69.11, 63.03, 67.63, 64.54, 72.02, 66.67, 71.91, 65.63, 71.4, 66.65], [6.42, 10.0, 36.6, 56.45, 59.63, 64.87, 61.54, 66.22, 66.29, 63.47, 66.54, 68.83, 65.64, 67.89, 65.95, 71.64, 68.54, 72.07, 68.72, 71.88, 67.64], [9.17, 10.0, 36.64, 55.2, 61.87, 63.25, 63.57, 64.29, 66.54, 63.03, 66.71, 66.9, 69.16, 63.93, 68.49, 71.02, 71.85, 70.94, 70.85, 70.89, 70.67], [5.33, 10.0, 36.95, 59.37, 61.45, 64.87, 62.2, 63.7, 65.67, 63.16, 68.5, 66.11, 69.74, 66.78, 69.06, 70.16, 72.34, 71.57, 70.46, 70.64, 70.33], [10.81, 21.71, 37.33, 54.92, 58.39, 64.02, 60.17, 64.46, 60.42, 62.28, 61.83, 66.62, 62.96, 64.2, 63.23, 70.56, 65.8, 70.45, 64.62, 69.85, 64.19]], "msds": [[0, 0.000676348980050534, 8.412451279582456e-05, 4.0022881876211613e-05, 2.555939499870874e-05, 2.0411634977790527e-05, 1.531047200842295e-05, 1.8756742065306753e-05, 1.4143347470962908e-05, 1.7121423297794536e-05, 1.529545261291787e-05, 1.0562668649072293e-05, 1.0579630725260358e-05, 1.1762325812014751e-05, 1.911985600600019e-05, 8.278923814941663e-06, 6.630476491409354e-06, 4.838065251533408e-06, 6.937362286407733e-06, 6.8826011556666344e-06, 6.837802629888756e-06], [0, 0.0006916895508766174, 9.782745473785326e-05, 4.620411345968023e-05, 2.7474328817334026e-05, 2.14447827602271e-05, 1.3942597433924675e-05, 1.8789651221595705e-05, 1.4886139979353175e-05, 1.429225903848419e-05, 1.3328414752322715e-05, 8.731299203645904e-06, 9.801350643101614e-06, 9.077942195290234e-06, 1.7489184756414033e-05, 8.001903552212752e-06, 5.19468176207738e-06, 5.525897449842887e-06, 4.9166824283020105e-06, 5.233629508438753e-06, 5.172820237930864e-06], [0, 0.000683870748616755, 8.42904337332584e-05, 4.4725660700351e-05, 2.84930119960336e-05, 2.7446714739198796e-05, 1.6896552551770583e-05, 2.8198855943628587e-05, 1.693263948254753e-05, 2.710780427150894e-05, 1.635362787055783e-05, 1.6692732970113866e-05, 1.4309604921436403e-05, 1.5775745850987732e-05, 2.0709932869067416e-05, 1.1454826562840026e-05, 8.070695912465453e-06, 8.893159247236326e-06, 7.0062051236163825e-06, 9.273060641135089e-06, 6.9088596319488715e-06], [0, 0.0006907253409735858, 9.488066280027851e-05, 4.4203054130775854e-05, 2.8869444577139802e-05, 2.4951494197011925e-05, 1.7482117982581258e-05, 1.934804458869621e-05, 1.780105048965197e-05, 1.6507028703927062e-05, 1.6085738025140017e-05, 1.2992981282877736e-05, 1.3529054740502033e-05, 1.8207629182143137e-05, 1.7228221622644924e-05, 6.900705557200126e-06, 8.833662832330447e-06, 4.764635377796367e-06, 7.25702511772397e-06, 5.587710347754182e-06, 9.319311175204348e-06], [0, 0.0006902380264364183, 9.173148282570764e-05, 4.093775714864023e-05, 2.444796518830117e-05, 2.3275708372239023e-05, 1.3356886483961716e-05, 1.5542223991360515e-05, 1.665658965066541e-05, 1.5414007066283375e-05, 1.6575429981458e-05, 9.762037734617479e-06, 1.1881392310897354e-05, 9.97480583464494e-06, 1.5450517821591347e-05, 8.959756087278947e-06, 7.530015409429325e-06, 3.617113407017314e-06, 9.357896487927064e-06, 5.223535936238477e-06, 8.524496479367372e-06], [0, 0.0006772443884983659, 8.483828423777595e-05, 4.274267848813906e-05, 2.7080126528744586e-05, 2.2497180907521397e-05, 1.6189673260669224e-05, 1.7232479876838624e-05, 1.7734773791744374e-05, 1.7319924154435284e-05, 1.97164681594586e-05, 1.05192730188719e-05, 1.4993679542385507e-05, 1.0933960766124073e-05, 1.8176689991378225e-05, 8.042672561714426e-06, 8.071574484347366e-06, 4.750602329295361e-06, 1.0087375812872779e-05, 5.711378435080405e-06, 8.619764230388682e-06], [0, 0.0006932801334187388, 0.00010188269516220316, 4.3013995309593156e-05, 2.5060500774998218e-05, 1.8834687580238096e-05, 1.241838344867574e-05, 1.6432035408797674e-05, 1.4769065273867454e-05, 1.3933792615716811e-05, 1.3066634892311413e-05, 9.07907360669924e-06, 9.754726306709927e-06, 8.354766578122508e-06, 1.8243019439978525e-05, 9.448420314583927e-06, 6.417039458028739e-06, 3.3752496619854355e-06, 7.5648590609489474e-06, 4.246105163474567e-06, 7.73257761466084e-06], [0, 0.000684755330439657, 8.92767493496649e-05, 4.34981775470078e-05, 2.6177180188824423e-05, 2.466893056407571e-05, 1.5228737538564019e-05, 2.4543302060919814e-05, 1.4928227756172419e-05, 1.8471078874426894e-05, 1.4324546100397129e-05, 1.2507574865594506e-05, 8.6862055468373e-06, 1.952395359694492e-05, 1.512123617430916e-05, 7.529764843638986e-06, 5.183219855098287e-06, 6.165325430629309e-06, 5.086685632704757e-06, 7.169262516981689e-06, 5.43145733900019e-06], [0, 0.0006729785236530006, 8.662795880809426e-05, 4.2838131776079535e-05, 2.4033968657022342e-05, 2.0137154933763668e-05, 1.2752803741022944e-05, 1.6804815459181555e-05, 1.2625484487216454e-05, 1.7623588064452633e-05, 1.172976590169128e-05, 9.319812306785025e-06, 8.10008896223735e-06, 9.589217370375991e-06, 2.0933124687871896e-05, 9.0109797383775e-06, 4.9530108299222775e-06, 3.767019961742335e-06, 6.011686764395563e-06, 5.382040853874059e-06, 5.644844350172207e-06], [0, 0.000693133391905576, 9.083682380151004e-05, 4.577882282319479e-05, 3.0823517590761185e-05, 2.277247949677985e-05, 1.7180058421217836e-05, 1.9875800717272796e-05, 1.7750508050085045e-05, 1.7981295968638733e-05, 1.7334161384496838e-05, 1.1218738109164406e-05, 1.2676723599724937e-05, 1.6745021639508195e-05, 1.6180772945517674e-05, 8.444264494755771e-06, 7.27698579794378e-06, 5.848050022905227e-06, 8.217928552767262e-06, 6.788801329093985e-06, 9.240710824087728e-06]]}