{"alpha": 0.75, "beta": 0.5, "gamma": 2.0, "num_samples": 1000, "node_count": 10, "density": 0.25, "startup_delay": 2.0, "forward_prob": 0, "epochs": [[0, 1, 2, 3, 4, 5, 6, 7, 8, 9, 10, 11, 12, 13, 14, 15, 16, 17, 18, 19, 20], [0, 1, 2, 3, 4, 5, 6, 7, 8, 9, 10, 11, 12, 13, 14, 15, 16, 17, 18, 19, 20], [0, 1, 2, 3, 4, 5, 6, 7, 8, 9, 10, 11, 12, 13, 14, 15, 16, 17, 18, 19, 20], [0, 1, 2, 3, 4, 5, 6, 7, 8, 9, 10, 11, 12, 13, 14, 15, 16, 17, 18, 19, 20], [0, 1, 2, 3, 4, 5, 6, 7, 8, 9, 10, 11, 12, 13, 14, 15, 16, 17, 18, 19, 20], [0, 1, 2, 3, 4, 5, 6, 7, 8, 9, 10, 11, 12, 13, 14, 15, 16, 17, 18, 19, 20], [0, 1, 2, 3, 4, 5, 6, 7, 8, 9, 10, 11, 12, 13, 14, 15, 16, 17, 18, 19, 20], [0, 1, 2, 3, 4, 5, 6, 7, 8, 9, 10, 11, 12, 13, 14, 15, 16, 17, 18, 19, 20], [0, 1, 2, 3, 4, 5, 6, 7, 8, 9, 10, 11, 12, 13, 14, 15, 16, 17, 18, 19, 20], [0, 1, 2, 3, 4, 5, 6, 7, 8, 9, 10, 11, 12, 13, 14, 15, 16, 17, 18, 19, 20]], "accuracies": [[13.77, 18.03, 28.3, 28.16, 42.47, 35.05, 47.9, 35.09, 57.04, 37.95, 53.75, 37.46, 57.38, 38.54, 57.84, 38.22, 55.6, 47.05, 57.99, 38.9, 60.73], [10.5, 17.46, 29.08, 20.04, 33.45, 35.48, 37.2, 36.29, 48.35, 40.54, 49.99, 40.16, 48.94, 40.02, 48.68, 42.42, 56.07, 54.68, 59.21, 45.32, 56.79], [9.15, 10.95, 20.0, 38.57, 31.23, 46.21, 36.65, 53.7, 41.28, 47.37, 54.09, 47.42, 56.42, 60.58, 44.3, 55.21, 58.26, 61.09, 63.95, 65.04, 65.39], [10.56, 10.0, 22.05, 24.69, 33.62, 27.07, 33.81, 24.36, 35.77, 42.99, 49.4, 42.04, 52.79, 48.69, 55.48, 40.49, 43.36, 56.85, 47.81, 46.72, 53.54], [12.2, 10.0, 20.17, 30.24, 30.1, 45.16, 31.84, 45.73, 34.81, 50.19, 40.42, 43.44, 43.07, 41.86, 41.05, 39.13, 44.06, 47.1, 46.73, 41.37, 43.67], [9.1, 18.38, 19.87, 27.18, 38.09, 25.69, 30.69, 30.26, 39.37, 32.74, 43.38, 36.43, 56.39, 52.19, 41.56, 58.06, 66.0, 57.78, 45.08, 54.59, 54.15], [15.66, 17.42, 18.63, 28.28, 29.26, 39.29, 34.25, 32.01, 33.44, 45.45, 39.17, 50.96, 39.73, 47.83, 39.51, 57.6, 53.71, 57.22, 43.78, 56.23, 37.54], [6.01, 23.81, 23.47, 25.04, 25.69, 25.11, 26.49, 25.64, 37.77, 26.28, 35.23, 24.88, 44.07, 27.01, 37.35, 34.55, 48.22, 34.98, 51.36, 38.23, 40.09], [9.49, 26.31, 24.61, 46.76, 38.97, 53.99, 44.77, 54.33, 40.76, 56.36, 44.71, 46.38, 45.94, 46.8, 46.65, 58.91, 60.25, 57.38, 57.1, 31.15, 26.77], [10.25, 19.62, 19.72, 26.78, 44.48, 34.27, 52.81, 45.31, 59.03, 51.13, 57.58, 56.12, 55.51, 50.72, 59.14, 55.68, 61.27, 55.85, 61.16, 50.45, 35.23]], "msds": [[0, 0.0007893613656051457, 0.000180985894985497, 0.00019879115279763937, 0.00019232984050177038, 0.00018439687846694142, 0.00020067591685801744, 0.000179175243829377, 0.00014923297567293048, 0.00016120553482323885, 0.00015728997823316604, 0.00012699310900643468, 0.00013529373973142356, 9.626169048715383e-05, 9.871811926132068e-05, 0.00010516310430830345, 0.00010624815331539139, 7.490655116271228e-05, 8.462431287625805e-05, 7.568357250420377e-05, 9.53600465436466e-05], [0, 0.0005427810829132795, 0.00027455814415588975, 0.000211613965802826, 0.00015285128029063344, 9.669959399616346e-05, 0.00013944566308055073, 0.00015255405742209405, 0.0001099822111427784, 0.00013290638162288815, 0.00011767852265620604, 0.00011538418038981035, 8.555574459023774e-05, 8.918912499211729e-05, 6.20625214651227e-05, 0.00011163359158672392, 7.045007077977061e-05, 8.00523193902336e-05, 6.224200478754938e-05, 7.224271394079551e-05, 5.7295470469398424e-05], [0, 0.0007843766361474991, 0.0002481984265614301, 0.00022711703786626458, 0.00014972803182899952, 0.00014933494094293565, 0.00013264879817143083, 0.0001442402572138235, 0.00012261989468242973, 0.0001245957682840526, 0.00010495759488549083, 0.00011948706378461793, 0.00011854770127683878, 0.0001008501130854711, 0.00011197062849532813, 0.00014165650645736605, 0.00010494625894352794, 0.00012758662342093885, 0.0001245723251486197, 0.00014832282613497227, 0.00010794366244226694], [0, 0.000767576158978045, 0.0002736755704972893, 0.00021453296358231455, 0.00015515692939516157, 0.00012019542191410437, 0.00016156387573573738, 0.00012141124898334965, 0.00015114308916963637, 0.00010035621380666271, 0.0001298044080613181, 8.006839198060334e-05, 0.00014614022802561522, 0.00011898612865479663, 0.00011164101306349039, 0.0001567548606544733, 0.00015604810323566198, 0.00010814043343998492, 8.702353807166219e-05, 0.00010000607289839536, 9.606000821804628e-05], [0, 0.0007778777508065104, 0.00023764136130921543, 0.00015501970483455807, 0.00012885792239103466, 0.0001252909714821726, 0.00013000593753531575, 0.00010228624887531623, 0.0001313694956479594, 9.95444570435211e-05, 0.000124253288959153, 0.00011576103861443698, 0.00012286884884815663, 9.620634227758273e-05, 0.00010406180081190541, 0.00011798205377999693, 0.00012575826258398592, 9.431316721020266e-05, 9.407324978383258e-05, 0.00013780502195004374, 0.00011159206769661978], [0, 0.0006542893243022263, 0.00024230800045188516, 0.00016201988910324872, 0.00020658387802541256, 0.00018733469187282026, 0.00019274558871984482, 0.00016268983017653227, 0.0001536011986900121, 0.00013322834274731576, 0.00011108730541309342, 0.00013640242104884237, 0.00010859704343602061, 0.00011772310972446576, 0.00011394937610020861, 0.00016196485375985503, 0.00014340225607156754, 0.00010690622730180621, 0.00012593429710250348, 0.00012995449651498348, 0.0001227362226927653], [0, 0.0006224229582585394, 0.0002531717182137072, 0.00015974124835338444, 0.00012541624892037362, 0.00015603392967022955, 0.0001460767671233043, 8.786737453192472e-05, 0.00012166163651272655, 0.0001289708015974611, 0.0001202543280669488, 0.00010225435107713565, 9.27509245229885e-05, 6.128414679551497e-05, 0.00010224643483525142, 7.030913548078388e-05, 6.295378261711448e-05, 6.653412856394425e-05, 8.444717968814075e-05, 6.229607242858037e-05, 0.00018823052232619375], [0, 0.00032277408172376454, 0.00018366843869443983, 0.0001335979177383706, 0.00015116426220629364, 0.000221325593884103, 0.0002380770747549832, 0.00019672783673740923, 0.00020092185877729207, 0.00016541266813874245, 0.000178993446752429, 0.00015680668002460152, 0.00019634731870610267, 0.00013858283637091517, 0.00020094630599487573, 0.00014785252278670669, 0.00018694964819587767, 0.00012276408961042762, 0.0001385555078741163, 0.0001408313401043415, 0.00013812709948979318], [0, 0.0006087431684136391, 0.00018169483519159257, 0.00015485374024137855, 0.00017290550749748945, 0.00017548291361890733, 0.00017645132902543992, 0.0001677940017543733, 0.00017272443801630288, 0.00015637696196790785, 0.00016468801186420023, 0.00016599491937085986, 0.0001593162160133943, 0.0001863632642198354, 0.00015696088667027652, 0.0001584749697940424, 0.000147383296280168, 0.0001779724843800068, 0.00012275650806259364, 0.00018823052232619375, 0], [0, 0.0005959231057204306, 0.0002555041282903403, 0.0002521682472433895, 0.0001742009335430339, 0.00021144298079889268, 0.0001867201499408111, 0.00015094219997990876, 0.0001668377371970564, 0.00012654566671699286, 0.0001215217707795091, 0.000111121560621541, 0.0001068914498318918, 0.0001222770952153951, 0.00013879298057872802, 9.468624921282753e-05, 9.235527977580205e-05, 0.00011909943714272231, 0.0001303586468566209, 0.0001073454404831864, 0]]}