{"alpha": 0.9, "beta": 0.5, "gamma": 3.0, "num_samples": 100, "node_count": 10, "density": 0.25, "startup_delay": 0.0, "forward_prob": 0, "epochs": [[0, 1, 2, 3, 4, 5, 6, 7, 8, 9, 10, 11, 12, 13, 14, 15, 16, 17, 18, 19, 20], [0, 1, 2, 3, 4, 5, 6, 7, 8, 9, 10, 11, 12, 13, 14, 15, 16, 17, 18, 19, 20], [0, 1, 2, 3, 4, 5, 6, 7, 8, 9, 10, 11, 12, 13, 14, 15, 16, 17, 18, 19, 20], [0, 1, 2, 3, 4, 5, 6, 7, 8, 9, 10, 11, 12, 13, 14, 15, 16, 17, 18, 19, 20], [0, 1, 2, 3, 4, 5, 6, 7, 8, 9, 10, 11, 12, 13, 14, 15, 16, 17, 18, 19, 20], [0, 1, 2, 3, 4, 5, 6, 7, 8, 9, 10, 11, 12, 13, 14, 15, 16, 17, 18, 19, 20], [0, 1, 2, 3, 4, 5, 6, 7, 8, 9, 10, 11, 12, 13, 14, 15, 16, 17, 18, 19, 20], [0, 1, 2, 3, 4, 5, 6, 7, 8, 9, 10, 11, 12, 13, 14, 15, 16, 17, 18, 19, 20], [0, 1, 2, 3, 4, 5, 6, 7, 8, 9, 10, 11, 12, 13, 14, 15, 16, 17, 18, 19, 20], [0, 1, 2, 3, 4, 5, 6, 7, 8, 9, 10, 11, 12, 13, 14, 15, 16, 17, 18, 19, 20]], "accuracies": [[7.84, 13.41, 44.97, 66.56, 68.21, 73.13, 71.09, 73.43, 75.63, 76.24, 76.05, 74.78, 77.0, 76.06, 77.26, 76.03, 77.12, 76.79, 77.57, 75.3, 77.3], [12.66, 10.12, 40.03, 68.57, 69.7, 72.07, 72.71, 73.04, 75.07, 76.81, 75.75, 74.68, 77.01, 76.0, 76.08, 76.5, 77.66, 77.07, 77.02, 77.62, 76.79], [9.92, 30.27, 44.57, 64.89, 70.45, 70.86, 70.5, 74.12, 74.05, 74.35, 74.79, 75.17, 76.58, 72.99, 76.07, 76.01, 76.2, 76.31, 75.83, 76.55, 76.81], [9.82, 18.02, 48.99, 69.92, 70.42, 72.7, 72.54, 72.69, 73.94, 76.52, 75.99, 74.74, 76.96, 76.31, 76.77, 76.58, 77.4, 76.75, 77.46, 77.52, 77.27], [11.08, 22.24, 47.21, 63.55, 70.0, 72.92, 72.01, 74.06, 74.89, 75.07, 74.06, 75.07, 76.49, 75.42, 75.9, 75.37, 75.52, 76.24, 75.95, 73.67, 75.59], [9.85, 10.0, 60.61, 67.09, 68.59, 72.37, 71.6, 71.64, 74.21, 75.54, 73.95, 73.3, 76.31, 75.87, 75.06, 76.28, 77.35, 76.34, 76.41, 76.77, 75.72], [7.05, 10.05, 46.93, 67.65, 70.33, 71.63, 71.1, 73.82, 74.84, 76.59, 75.18, 76.91, 76.82, 75.97, 76.22, 76.71, 77.01, 77.31, 77.25, 76.43, 76.62], [14.1, 10.0, 48.94, 68.02, 69.6, 76.02, 76.82, 76.9, 77.43, 77.36, 77.2, 76.42, 75.9, 75.6, 75.74, 75.68, 75.8, 75.81, 75.73, 75.78, 75.81], [14.3, 21.21, 64.03, 67.47, 73.03, 74.77, 76.17, 75.36, 75.9, 76.21, 75.51, 75.68, 76.08, 75.48, 75.84, 75.77, 75.84, 75.92, 75.89, 75.89, 76.05], [10.4, 63.36, 69.77, 71.63, 72.59, 75.77, 76.23, 75.81, 76.19, 76.42, 76.35, 75.94, 75.82, 75.91, 75.85, 75.88, 75.85, 75.94, 75.8, 75.88, 75.93]], "msds": [[0, 0.0007333112880587578, 0.00017875217599794269, 0.00010155207564821467, 5.8921064919559285e-05, 4.45701734861359e-05, 4.8478945245733485e-05, 2.85730893665459e-05, 3.0722279916517437e-05, 2.4242763174697757e-05, 2.2189231458469294e-05, 2.2795002223574556e-05, 2.919773214671295e-05, 3.261163510615006e-05, 2.4600331016699784e-05, 1.7814681996242143e-05, 1.4584352356905583e-05, 9.415095519216266e-06, 9.359938303532545e-06, 2.1610831026919186e-05, 2.2425159841077402e-05], [0, 0.0007370327948592603, 0.00019953625451307744, 0.00010359412408433855, 7.750497752567753e-05, 5.109323683427647e-05, 4.321994128986262e-05, 3.0988925573183224e-05, 2.850099372153636e-05, 3.070607272093184e-05, 2.302680331922602e-05, 3.9485828892793506e-05, 2.90436037175823e-05, 2.415553535684012e-05, 2.01803140953416e-05, 2.5181225282722153e-05, 1.6673157006152906e-05, 2.6902791432803497e-05, 1.5153539607126731e-05, 1.3083330486551858e-05, 1.4232020475901663e-05], [0, 0.0007315640687011182, 0.00021405622828751802, 0.0001068264537025243, 6.011560617480427e-05, 4.006536983069964e-05, 3.649839709396474e-05, 3.444294634391554e-05, 2.7023103029932827e-05, 2.4576263967901468e-05, 2.866449358407408e-05, 3.0138568035908975e-05, 2.2982545488048345e-05, 2.8016160285915248e-05, 3.1021372706163675e-05, 2.973633490910288e-05, 2.1457906768773682e-05, 2.1162701159482822e-05, 1.3531210242945235e-05, 2.0563724319799803e-05, 8.842264833219815e-06], [0, 0.0007362411124631763, 0.0001974291808437556, 9.608508844394237e-05, 5.241103644948453e-05, 4.9601501814322546e-05, 4.3901574827032164e-05, 3.038342583749909e-05, 2.389943074376788e-05, 2.2508367692353204e-05, 2.0091045371373184e-05, 2.579039937700145e-05, 1.9925990272895433e-05, 3.72116883227136e-05, 3.160134656354785e-05, 2.6581201382214203e-05, 1.1834209544758778e-05, 1.0225064215774182e-05, 9.6555004347465e-06, 9.847783985605929e-06, 1.0546900739427656e-05], [0, 0.0007355771376751363, 0.00024340396339539438, 0.00012134521966800094, 7.032418216113001e-05, 4.951716982759535e-05, 3.929288504878059e-05, 4.07552724936977e-05, 3.12426891468931e-05, 3.297488729003817e-05, 3.5408706025918946e-05, 3.5512795875547454e-05, 3.537282827892341e-05, 2.3824948584660888e-05, 2.5353692763019353e-05, 3.5613167710835114e-05, 2.1534142433665693e-05, 3.629834100138396e-05, 2.2993432139628567e-05, 3.366779492353089e-05, 2.5395798729732633e-05], [0, 0.0007315331022255123, 0.00025142182130366564, 0.0001240721030626446, 7.523223030148074e-05, 4.5799177314620465e-05, 4.781299503520131e-05, 3.820603888016194e-05, 3.3872976928250864e-05, 3.093743362114765e-05, 3.245305924792774e-05, 2.6385276214568876e-05, 2.992273039126303e-05, 2.460879295540508e-05, 1.780305683496408e-05, 3.669047509902157e-05, 2.366242915741168e-05, 1.8887771148001775e-05, 1.8327642465010285e-05, 5.307490209816024e-05, 4.67380195914302e-05], [0, 0.0007350404630415142, 0.00018073830869980156, 9.879330900730565e-05, 5.8191639254800975e-05, 5.6711447541601956e-05, 4.233595609548502e-05, 2.6673264073906466e-05, 2.537070758990012e-05, 2.1704077880713157e-05, 2.519170993764419e-05, 3.1802283046999946e-05, 3.0781047826167196e-05, 1.9789151338045485e-05, 1.9364282707101665e-05, 3.275751805631444e-05, 1.1391167390684132e-05, 1.0521306649025064e-05, 9.043341378855985e-06, 2.4357990696444176e-05, 2.095663694490213e-05], [0, 0.0007347005303017795, 0.00026900178636424243, 8.975021046353504e-05, 5.490047624334693e-05, 5.174429315957241e-05, 3.617306720116176e-05, 4.4372500269673765e-05, 3.35164659190923e-05, 1.8679091226658784e-05, 3.4463111660443246e-05, 1.9778033674811013e-05, 4.163493940723129e-06, 3.0978990253061056e-06, 1.31760748445231e-06, 9.175670356853516e-07, 2.1505765346319095e-07, 1.7916975991738582e-07, 1.234910058656169e-07, 7.894114162354526e-08, 5.350560527972448e-08], [0, 0.0007389205857180059, 0.0001256529794773087, 9.920237789629027e-05, 5.981354843243025e-05, 6.231775478227064e-05, 6.119617319200188e-05, 4.402510967338458e-05, 3.328933598822914e-05, 4.4663058361038566e-05, 2.1215795641182922e-05, 6.350933290377725e-06, 6.060855866962811e-06, 1.8635082597029395e-06, 7.400619210784498e-07, 4.0646898469276493e-07, 3.486641162453452e-07, 2.1209075384831522e-07, 1.4936038894575177e-07, 9.130154410286195e-08, 1.2220908729432267e-07], [0, 0.00031851918902248144, 9.151760605163872e-05, 0.00012862533912993968, 4.895932215731591e-05, 4.279479253455065e-05, 7.45818906580098e-05, 4.826190343010239e-05, 5.575991599471308e-05, 2.5119810743490234e-05, 1.3297456462169066e-05, 4.831199930777075e-06, 4.349480605014833e-06, 1.164537593467685e-06, 1.1931538210774306e-06, 2.8486002179306524e-07, 3.0150434326969844e-07, 1.7667640861418477e-07, 1.4258080227591563e-07, 9.541323464645757e-08, 0]]}