{"alpha": 0.9, "beta": 0.5, "gamma": 3.0, "num_samples": 100, "node_count": 10, "density": 0.25, "startup_delay": 0.0, "forward_prob": 0, "epochs": [[0, 1, 2, 3, 4, 5, 6, 7, 8, 9, 10, 11, 12, 13, 14, 15, 16, 17, 18, 19, 20], [0, 1, 2, 3, 4, 5, 6, 7, 8, 9, 10, 11, 12, 13, 14, 15, 16, 17, 18, 19, 20], [0, 1, 2, 3, 4, 5, 6, 7, 8, 9, 10, 11, 12, 13, 14, 15, 16, 17, 18, 19, 20], [0, 1, 2, 3, 4, 5, 6, 7, 8, 9, 10, 11, 12, 13, 14, 15, 16, 17, 18, 19, 20], [0, 1, 2, 3, 4, 5, 6, 7, 8, 9, 10, 11, 12, 13, 14, 15, 16, 17, 18, 19, 20], [0, 1, 2, 3, 4, 5, 6, 7, 8, 9, 10, 11, 12, 13, 14, 15, 16, 17, 18, 19, 20], [0, 1, 2, 3, 4, 5, 6, 7, 8, 9, 10, 11, 12, 13, 14, 15, 16, 17, 18, 19, 20], [0, 1, 2, 3, 4, 5, 6, 7, 8, 9, 10, 11, 12, 13, 14, 15, 16, 17, 18, 19, 20], [0, 1, 2, 3, 4, 5, 6, 7, 8, 9, 10, 11, 12, 13, 14, 15, 16, 17, 18, 19, 20], [0, 1, 2, 3, 4, 5, 6, 7, 8, 9, 10, 11, 12, 13, 14, 15, 16, 17, 18, 19, 20]], "accuracies": [[10.72, 10.0, 55.94, 69.64, 74.07, 75.39, 76.28, 76.95, 77.11, 76.52, 77.39, 77.18, 76.6, 77.62, 76.6, 76.58, 76.87, 77.22, 77.31, 77.7, 77.26], [15.28, 10.0, 65.98, 68.45, 73.95, 74.72, 75.96, 75.94, 76.96, 75.93, 77.41, 76.98, 75.34, 76.11, 76.44, 76.99, 77.09, 77.41, 77.22, 77.62, 77.19], [14.61, 18.17, 59.92, 68.43, 73.55, 72.79, 75.14, 76.06, 76.52, 75.51, 76.41, 76.96, 76.7, 76.14, 76.5, 76.27, 77.02, 76.79, 76.79, 76.65, 76.73], [7.5, 22.91, 60.74, 68.0, 73.18, 73.09, 75.68, 76.45, 76.68, 75.88, 76.89, 77.29, 76.78, 76.92, 76.46, 77.38, 77.21, 76.94, 76.99, 77.13, 77.49], [13.08, 10.0, 59.48, 70.15, 73.38, 74.43, 75.8, 75.95, 76.23, 76.44, 76.48, 77.61, 77.54, 76.96, 77.38, 77.36, 77.5, 77.17, 77.15, 75.36, 76.07], [8.29, 13.38, 60.11, 69.65, 73.58, 72.51, 75.72, 76.45, 76.05, 77.05, 77.31, 76.71, 76.47, 77.25, 76.81, 76.94, 76.87, 77.13, 75.52, 76.37, 74.92], [10.9, 10.06, 66.29, 70.05, 73.89, 75.43, 76.06, 74.99, 75.49, 75.9, 76.95, 77.07, 76.83, 76.02, 75.69, 75.97, 76.02, 75.98, 75.88, 75.91, 75.8], [11.0, 62.71, 72.96, 76.17, 76.94, 75.53, 76.94, 76.6, 70.98, 73.41, 73.78, 75.3, 75.01, 75.31, 75.63, 75.64, 75.64, 75.68, 75.81, 75.97, 76.09], [9.06, 56.15, 73.84, 76.18, 76.91, 75.3, 76.78, 77.21, 76.33, 73.17, 73.54, 75.05, 74.92, 75.4, 75.77, 75.76, 75.7, 75.85, 74.99, 75.1, 75.2], [4.35, 67.52, 74.67, 74.86, 76.82, 76.07, 77.57, 77.35, 77.1, 75.59, 75.7, 75.93, 75.83, 75.86, 75.89, 75.84, 75.86, 75.95, 75.98, 75.9, 75.93]], "msds": [[0, 0.000737788446713239, 0.00023078915546648204, 9.031115041580051e-05, 7.150808232836425e-05, 7.198881212389097e-05, 4.439215990714729e-05, 3.1797731935512275e-05, 2.757731272140518e-05, 3.4669086744543165e-05, 2.765636963886209e-05, 1.9298317056382075e-05, 2.6725640054792166e-05, 3.086925789830275e-05, 2.8635342459892854e-05, 1.3904385923524387e-05, 1.3574652257375419e-05, 1.0708839909057133e-05, 2.6561750928522088e-05, 1.0577858120086603e-05, 8.230530511355028e-06], [0, 0.0007304623140953481, 0.00029598563560284674, 0.00012201176286907867, 6.53972674626857e-05, 5.419190711108968e-05, 4.5946570025989786e-05, 3.317900700494647e-05, 2.8057003873982467e-05, 3.404579547350295e-05, 2.5995921532739885e-05, 2.9022490707575344e-05, 3.1633586331736296e-05, 1.945283293025568e-05, 1.8397337044007145e-05, 1.3834493074682541e-05, 1.0513658708077855e-05, 1.1950734005949926e-05, 1.0819191629707348e-05, 1.640119262447115e-05, 7.848730092518963e-06], [0, 0.0007402952760457993, 0.00021095537522342056, 0.00011801689834101126, 8.480502583552152e-05, 7.073102460708469e-05, 4.5822733227396384e-05, 4.291348886908963e-05, 3.236496195313521e-05, 3.669603029266e-05, 3.8947669963818043e-05, 2.3515151042374782e-05, 2.8923701393068768e-05, 2.4896282411646098e-05, 1.8649605408427306e-05, 1.937755041581113e-05, 1.440147480025189e-05, 6.8315971475385595e-06, 1.3676260095962789e-05, 1.0893256330746226e-05, 2.3322569177253172e-05], [0, 0.0007267023320309818, 0.0002079269615933299, 0.00011500193068059161, 8.944801811594516e-05, 6.7546745412983e-05, 4.762279422720894e-05, 4.1410054109292105e-05, 3.5515182389644906e-05, 3.5502212995197624e-05, 3.093967097811401e-05, 2.6354271540185437e-05, 2.5315881430287845e-05, 2.387822314631194e-05, 1.900179631775245e-05, 1.0340952030674089e-05, 1.991237331822049e-05, 1.2628111107915174e-05, 2.2330350475385785e-05, 2.1830268451594748e-05, 2.402533391432371e-05], [0, 0.0007350321393460035, 0.00026993470964953303, 0.00012319626694079489, 9.755371866049245e-05, 7.127009303076193e-05, 6.071873212931678e-05, 4.375921344035305e-05, 3.663371171569452e-05, 2.6054249246953987e-05, 2.6165054805460386e-05, 1.5866886315052398e-05, 1.4198340068105608e-05, 2.8476430088630877e-05, 2.140585274901241e-05, 7.686742719670292e-06, 1.8680015273275785e-05, 1.563173827889841e-05, 3.721008397405967e-05, 1.688604970695451e-05, 3.202775042154826e-05], [0, 0.0007336328853853047, 0.00024753084289841354, 0.0001181597399408929, 8.170389628503472e-05, 6.411524373106658e-05, 5.606627746601589e-05, 3.14615317620337e-05, 3.330378604005091e-05, 1.6569336366956122e-05, 2.3905296984594315e-05, 1.8416805687593296e-05, 1.9917453755624592e-05, 1.4227575775294099e-05, 8.131376489473041e-06, 1.3794594451610465e-05, 1.2179244549770374e-05, 9.378224604006391e-06, 3.4716682421276346e-05, 1.688604970695451e-05, 1.4923180060577579e-05], [0, 0.0007249907939694822, 0.0001329280057689175, 0.00011175555846421048, 7.325049227802083e-05, 7.367378566414118e-05, 7.278277189470828e-05, 5.848488581250422e-05, 5.4633714171359316e-05, 3.289443702669814e-05, 5.3161893447395414e-05, 4.445158992893994e-05, 1.334276021225378e-05, 6.1475006987166125e-06, 2.3293607682717266e-06, 6.698246011183073e-07, 2.6895065730059287e-07, 5.252917745224295e-08, 1.3400324405665742e-08, 1.3260128994829756e-08, 5.865981034247625e-09], [0, 0.00037739102845080197, 0.00010565245611360297, 7.609494787175208e-05, 7.062951772240922e-05, 5.577484262175858e-05, 5.5197735491674393e-05, 4.865676964982413e-05, 6.479775765910745e-05, 4.034804442198947e-05, 2.218525332864374e-05, 3.831110916507896e-06, 1.5413983192047453e-06, 4.897186727248481e-07, 7.67636052501075e-08, 2.175406166315952e-08, 1.3118591546401603e-08, 1.0500998293139219e-08, 0, 0, 0], [0, 0.0003734132624231279, 0.00010245681187370792, 7.659347465960309e-05, 7.172065670602024e-05, 6.0054429923184216e-05, 5.692848208127543e-05, 3.601393473218195e-05, 5.015175338485278e-05, 3.815517629845999e-05, 1.96666060219286e-05, 3.1598999612469925e-06, 4.121035090065561e-06, 3.275520612078253e-06, 6.169839252834208e-06, 3.7400670862552943e-06, 4.191027528577251e-06, 7.924217243271414e-06, 0, 0, 0], [0, 0.0005011903122067451, 0.00010612636833684519, 6.109699461376294e-05, 4.8038913519121706e-05, 3.694619590532966e-05, 3.591512722778134e-05, 3.920989911421202e-05, 2.2641801479039714e-05, 0, 0, 0, 0, 0, 0, 0, 0, 0, 0, 0, 0]]}