{"alpha": 0.9, "beta": 0.0, "gamma": 4.0, "num_samples": 1000, "node_count": 10, "density": 1.0, "startup_delay": 0.0, "forward_prob": 0, "epochs": [[0, 1, 2, 3, 4, 5, 6, 7, 8, 9, 10, 11, 12, 13, 14, 15, 16, 17, 18, 19, 20], [0, 1, 2, 3, 4, 5, 6, 7, 8, 9, 10, 11, 12, 13, 14, 15, 16, 17, 18, 19, 20], [0, 1, 2, 3, 4, 5, 6, 7, 8, 9, 10, 11, 12, 13, 14, 15, 16, 17, 18, 19, 20], [0, 1, 2, 3, 4, 5, 6, 7, 8, 9, 10, 11, 12, 13, 14, 15, 16, 17, 18, 19, 20], [0, 1, 2, 3, 4, 5, 6, 7, 8, 9, 10, 11, 12, 13, 14, 15, 16, 17, 18, 19, 20], [0, 1, 2, 3, 4, 5, 6, 7, 8, 9, 10, 11, 12, 13, 14, 15, 16, 17, 18, 19, 20], [0, 1, 2, 3, 4, 5, 6, 7, 8, 9, 10, 11, 12, 13, 14, 15, 16, 17, 18, 19, 20], [0, 1, 2, 3, 4, 5, 6, 7, 8, 9, 10, 11, 12, 13, 14, 15, 16, 17, 18, 19, 20], [0, 1, 2, 3, 4, 5, 6, 7, 8, 9, 10, 11, 12, 13, 14, 15, 16, 17, 18, 19, 20], [0, 1, 2, 3, 4, 5, 6, 7, 8, 9, 10, 11, 12, 13, 14, 15, 16, 17, 18, 19, 20]], "accuracies": [[12.11, 10.0, 49.63, 66.46, 69.82, 72.14, 73.85, 75.18, 75.44, 76.06, 77.63, 77.9, 78.8, 79.64, 80.01, 81.01, 79.75, 81.12, 82.1, 82.29, 82.4], [9.25, 10.0, 49.63, 64.35, 70.22, 72.02, 73.55, 75.01, 75.47, 76.54, 77.71, 77.56, 78.78, 79.62, 80.67, 81.01, 81.31, 81.05, 81.92, 82.29, 82.4], [16.0, 23.08, 49.63, 64.79, 70.34, 72.14, 73.85, 74.6, 75.5, 76.54, 77.98, 77.98, 78.8, 79.58, 80.03, 81.01, 80.54, 81.08, 82.02, 82.29, 82.3], [10.64, 10.0, 51.62, 64.86, 69.79, 72.04, 73.85, 75.14, 75.5, 76.54, 77.66, 78.03, 78.78, 79.77, 80.07, 81.01, 81.02, 80.57, 82.07, 81.95, 82.62], [13.63, 10.0, 49.01, 64.74, 69.79, 71.9, 73.74, 75.01, 75.54, 76.54, 77.63, 78.05, 78.69, 79.62, 80.3, 80.75, 81.31, 81.1, 82.1, 82.29, 82.55], [12.35, 10.01, 50.26, 63.99, 69.79, 72.0, 73.85, 75.01, 75.5, 75.57, 77.63, 77.99, 78.78, 79.65, 80.6, 81.02, 80.18, 81.11, 81.99, 82.29, 82.62], [12.28, 10.0, 49.93, 66.65, 69.79, 71.94, 73.47, 74.65, 75.5, 76.28, 77.95, 77.9, 78.62, 79.23, 80.58, 81.2, 81.31, 80.91, 82.07, 82.21, 82.56], [4.61, 10.0, 48.67, 63.99, 69.86, 72.14, 73.6, 74.31, 75.5, 75.8, 77.82, 77.9, 78.4, 79.62, 80.6, 81.01, 79.82, 81.08, 81.88, 81.85, 82.62], [9.97, 10.0, 49.63, 63.99, 69.98, 72.14, 73.33, 74.23, 75.5, 75.69, 77.91, 77.9, 78.43, 79.62, 80.55, 81.09, 81.31, 81.06, 82.09, 82.3, 82.62], [7.91, 10.0, 49.37, 63.99, 69.34, 72.03, 73.83, 75.24, 76.02, 75.71, 77.63, 78.02, 78.7, 79.65, 80.58, 81.22, 81.31, 80.81, 82.09, 82.15, 82.62]], "msds": [[0, 0.0006731510511599481, 7.754551916150376e-05, 3.0854291253490373e-05, 1.0097254744323436e-05, 6.988504537730478e-06, 7.101790743035963e-06, 7.062564691295847e-06, 6.495152319985209e-06, 6.370992196025327e-06, 6.665872206212953e-06, 6.531648523377953e-06, 6.451614808611339e-06, 7.19672834748053e-06, 9.095809218706563e-06, 7.137554348446429e-06, 6.861981091788039e-06, 7.145291874621762e-06, 8.638555300422013e-06, 8.993465598905459e-06, 8.661840183776803e-06], [0, 0.0006786001031287014, 7.830124377505854e-05, 2.4225331799243577e-05, 1.0875133739318699e-05, 7.10846825313638e-06, 6.601520908589009e-06, 6.9378820626297966e-06, 5.643519216391724e-06, 5.939418770140037e-06, 5.62210016141762e-06, 7.2061507125908975e-06, 6.40851885691518e-06, 7.141054993553553e-06, 7.577318683615886e-06, 1.000899192149518e-05, 7.921031283331104e-06, 8.130665264616255e-06, 9.499595762463287e-06, 1.286258157051634e-05, 9.691499144537374e-06], [0, 0.0006774188950657845, 9.546455112285912e-05, 2.781770672299899e-05, 1.089722900360357e-05, 7.141272817534627e-06, 6.993411261646543e-06, 9.343449164589401e-06, 5.573757789534284e-06, 6.017297891958151e-06, 6.266443961067125e-06, 8.738724318391178e-06, 6.682177627226338e-06, 6.902732366143027e-06, 8.46455259306822e-06, 8.00757607066771e-06, 7.06417176843388e-06, 7.0426331149064936e-06, 8.014191735128406e-06, 9.203354238707107e-06, 9.587511158315465e-06], [0, 0.0006790547631680965, 8.775992318987846e-05, 2.9728233130299486e-05, 1.0231099622615147e-05, 6.9023913056298625e-06, 6.393313469743589e-06, 6.459478754550219e-06, 5.408263859862927e-06, 7.173003268690081e-06, 5.819310899823904e-06, 6.355384357448202e-06, 6.2014350987738e-06, 7.144124538172036e-06, 8.096193596429657e-06, 7.740612090856303e-06, 7.824908607290126e-06, 7.520656708948081e-06, 8.189223080989905e-06, 1.1516232916619629e-05, 1.041697305481648e-05], [0, 0.0006758435629308224, 7.857781747588888e-05, 2.8130856662755832e-05, 1.02354360933532e-05, 6.990140718698967e-06, 8.264410098490771e-06, 7.1025210672814865e-06, 5.882850018679164e-06, 6.445414783229353e-06, 8.010067176655866e-06, 7.61922183301067e-06, 7.229169568745419e-06, 8.098228136077523e-06, 8.46641523821745e-06, 8.723516657482833e-06, 7.981394446687773e-06, 7.186300535977352e-06, 9.065639460459352e-06, 9.089572813536506e-06, 1.0370328709541354e-05], [0, 0.000681767298374325, 8.147428889060393e-05, 2.7544181648408994e-05, 1.0052499419543892e-05, 7.122614988475107e-06, 6.3445181694987696e-06, 7.064917554089334e-06, 5.570300800172845e-06, 6.738528099958785e-06, 6.6537609200167935e-06, 6.642143944191048e-06, 7.56922099753865e-06, 7.814910532033537e-06, 8.120268830680288e-06, 7.883282705734018e-06, 8.196720045816619e-06, 7.649161489098333e-06, 7.393880423478549e-06, 9.962051080947276e-06, 9.817312275117729e-06], [0, 0.0006820131093263626, 7.516819459851831e-05, 2.8578324418049306e-05, 1.0967453818011563e-05, 7.1999984356807545e-06, 6.914000096003292e-06, 7.169931450334843e-06, 5.6549788496340625e-06, 6.095901426306227e-06, 6.853464128653286e-06, 6.805155862821266e-06, 6.0074148677813355e-06, 6.4712189669080544e-06, 7.577072210551705e-06, 8.096169949567411e-06, 7.054746674839407e-06, 6.843530627520522e-06, 7.904619451437611e-06, 9.332421541330405e-06, 8.693162271811161e-06], [0, 0.0006790891056880355, 7.144920527935028e-05, 2.3970922484295443e-05, 9.066137863555923e-06, 7.0489859353983775e-06, 6.342184860841371e-06, 6.209750154084759e-06, 5.487878297572024e-06, 6.199517429195112e-06, 6.115077212598408e-06, 6.996912361501018e-06, 6.285617928369902e-06, 7.3190567491110414e-06, 7.77980858401861e-06, 7.987458047864493e-06, 7.962698873598129e-06, 7.699602974753361e-06, 8.308124961331487e-06, 9.392473657499067e-06, 9.493137440585997e-06], [0, 0.0006734575144946575, 8.400667138630524e-05, 2.494324326107744e-05, 1.0992554962285794e-05, 7.476967766706366e-06, 6.46089529254823e-06, 6.054731784388423e-06, 5.612913810182363e-06, 5.9398889789008535e-06, 6.278801265580114e-06, 7.29842349755927e-06, 6.91755394655047e-06, 6.790816314605763e-06, 7.484503385057906e-06, 7.631761945958715e-06, 7.766281669319142e-06, 7.456548701156862e-06, 8.948836693889461e-06, 9.718135515868198e-06, 9.325574865215458e-06], [0, 0.0006755911163054407, 8.423447434324771e-05, 2.768988997559063e-05, 1.0589425073703751e-05, 7.499406365241157e-06, 7.850311703805346e-06, 7.197745617304463e-06, 5.4867914514034055e-06, 7.004345661698608e-06, 6.266134732868522e-06, 6.710719844704727e-06, 6.5740991885832045e-06, 7.98586643213639e-06, 7.914707566669676e-06, 7.467276191164274e-06, 8.370804607693572e-06, 7.149954399210401e-06, 8.436942152911797e-06, 1.0267935067531653e-05, 1.0466519597684965e-05]]}