{"alpha": 0.75, "beta": 0.5, "gamma": 8.0, "num_samples": 25, "node_count": 10, "density": 1.0, "startup_delay": 0.0, "forward_prob": 0, "epochs": [[0, 1, 2, 3, 4, 5, 6, 7, 8, 9, 10, 11, 12, 13, 14, 15, 16, 17, 18, 19, 20], [0, 1, 2, 3, 4, 5, 6, 7, 8, 9, 10, 11, 12, 13, 14, 15, 16, 17, 18, 19, 20], [0, 1, 2, 3, 4, 5, 6, 7, 8, 9, 10, 11, 12, 13, 14, 15, 16, 17, 18, 19, 20], [0, 1, 2, 3, 4, 5, 6, 7, 8, 9, 10, 11, 12, 13, 14, 15, 16, 17, 18, 19, 20], [0, 1, 2, 3, 4, 5, 6, 7, 8, 9, 10, 11, 12, 13, 14, 15, 16, 17, 18, 19, 20], [0, 1, 2, 3, 4, 5, 6, 7, 8, 9, 10, 11, 12, 13, 14, 15, 16, 17, 18, 19, 20], [0, 1, 2, 3, 4, 5, 6, 7, 8, 9, 10, 11, 12, 13, 14, 15, 16, 17, 18, 19, 20], [0, 1, 2, 3, 4, 5, 6, 7, 8, 9, 10, 11, 12, 13, 14, 15, 16, 17, 18, 19, 20], [0, 1, 2, 3, 4, 5, 6, 7, 8, 9, 10, 11, 12, 13, 14, 15, 16, 17, 18, 19, 20], [0, 1, 2, 3, 4, 5, 6, 7, 8, 9, 10, 11, 12, 13, 14, 15, 16, 17, 18, 19, 20]], "accuracies": [[7.28, 18.32, 22.02, 25.16, 33.74, 30.95, 33.87, 33.64, 33.3, 35.17, 41.95, 43.39, 53.3, 55.28, 57.9, 61.5, 61.29, 62.77, 63.26, 64.77, 65.29], [18.19, 12.9, 18.58, 17.26, 17.89, 17.54, 17.49, 20.56, 32.98, 35.94, 39.79, 42.62, 45.65, 55.36, 59.41, 61.32, 62.15, 63.22, 63.6, 63.79, 65.16], [5.61, 10.62, 24.0, 26.28, 26.57, 25.5, 21.56, 19.6, 29.5, 37.68, 42.12, 43.54, 54.42, 55.78, 57.95, 61.79, 62.1, 62.88, 64.42, 64.36, 65.98], [10.12, 10.0, 25.84, 19.9, 20.54, 21.43, 26.31, 30.65, 35.81, 38.58, 41.65, 46.65, 54.7, 56.11, 59.39, 60.47, 61.64, 61.86, 63.4, 64.2, 65.22], [7.1, 10.0, 11.35, 19.76, 22.6, 23.53, 24.46, 25.32, 26.27, 35.66, 43.59, 45.66, 52.89, 55.44, 56.77, 58.81, 60.52, 61.31, 62.91, 63.18, 64.71], [8.74, 9.94, 23.82, 25.19, 26.21, 20.89, 21.8, 21.61, 22.4, 32.45, 41.29, 43.16, 49.45, 54.98, 58.02, 60.85, 60.13, 63.62, 64.58, 65.4, 65.81], [9.87, 10.2, 19.72, 18.04, 21.74, 24.96, 22.6, 23.83, 26.74, 35.99, 40.64, 43.67, 51.69, 54.11, 57.54, 60.23, 61.22, 61.96, 62.78, 63.59, 64.31], [15.85, 22.57, 21.52, 19.19, 20.54, 32.37, 31.83, 34.11, 35.58, 36.26, 42.2, 39.37, 49.66, 53.45, 56.91, 60.31, 60.45, 61.86, 62.12, 62.96, 64.01], [9.66, 14.11, 20.01, 25.77, 26.58, 22.19, 26.6, 27.68, 31.43, 34.52, 40.69, 37.23, 45.28, 51.23, 52.13, 54.26, 53.76, 60.85, 58.77, 61.03, 61.77], [9.37, 21.15, 21.13, 23.05, 23.13, 22.65, 22.85, 25.38, 33.3, 35.28, 38.7, 37.05, 42.65, 53.04, 55.31, 58.89, 61.09, 62.1, 63.08, 63.43, 64.58]], "msds": [[0, 0.0005933506763540208, 1.899247945402749e-05, 2.0539403067232342e-06, 1.2546344123620656e-06, 1.1224158242839621e-06, 1.221262550643587e-06, 1.3934183016317547e-06, 1.585695144967758e-06, 1.6689880339981755e-06, 1.6194304635064327e-06, 1.6067983779066708e-06, 1.6183604429897969e-06, 1.6161753819687874e-06, 1.6610439388387022e-06, 1.6420584643128677e-06, 1.5441909226865391e-06, 1.3611719396067201e-06, 1.3349308574106544e-06, 1.316495854553068e-06, 1.0810657613546937e-06], [0, 0.0005932556814514101, 2.1082016246509738e-05, 2.082053015328711e-06, 1.2822525832234533e-06, 1.2447540029825177e-06, 1.4435051980399294e-06, 1.6341242599082761e-06, 1.8848429590434534e-06, 1.9360579699423397e-06, 1.7998755765802343e-06, 1.631785153222154e-06, 1.5927817003102973e-06, 1.6156792526089703e-06, 1.6698968465789221e-06, 1.729293103380769e-06, 1.6615804270259105e-06, 1.2226536227899487e-06, 1.1446272765169851e-06, 1.2404849485392333e-06, 1.127930659095e-06], [0, 0.0005922988057136536, 1.8942851966130547e-05, 1.9984745449619368e-06, 1.1998509990007733e-06, 1.0967220305246883e-06, 1.1896551086465479e-06, 1.3363404605115647e-06, 1.6301778487104457e-06, 1.7084556702684495e-06, 1.6803988955871318e-06, 1.6212343325605616e-06, 1.5817116718608304e-06, 1.5251072227329132e-06, 1.47636251313088e-06, 1.4375262935573119e-06, 1.3823189419781556e-06, 1.2162856819486478e-06, 1.2695578561761067e-06, 1.278503759749583e-06, 1.2374177913443418e-06], [0, 0.0005908207967877388, 1.888443330244627e-05, 2.113810751325218e-06, 1.298115421377588e-06, 1.2617035736184334e-06, 1.4271922736952547e-06, 1.7020062159645022e-06, 1.953680794031243e-06, 2.112810989274294e-06, 1.763370050866797e-06, 1.663158172959811e-06, 1.6969675016298424e-06, 1.6642707123537548e-06, 1.6521137240488315e-06, 1.6575708059463068e-06, 1.556850406814192e-06, 1.3790414641334792e-06, 1.3597378938356997e-06, 1.4189506600814639e-06, 1.369361257275159e-06], [0, 0.000592658412642777, 1.8898692360380664e-05, 1.9878734747180715e-06, 1.2146526842116145e-06, 1.019306523630803e-06, 1.125109179156425e-06, 1.3624085113406181e-06, 1.6253133026111755e-06, 1.7987472347158473e-06, 1.8054112160825753e-06, 1.6581209365540417e-06, 1.5917956943667377e-06, 1.5945547602314036e-06, 1.6286799109366257e-06, 1.5828987898203195e-06, 1.2383738976495806e-06, 1.0436549473524792e-06, 1.1632163250396843e-06, 1.1216010307180113e-06, 1.147015950664354e-06], [0, 0.000592720287386328, 1.9082328435615636e-05, 2.125863375113113e-06, 1.256918380931893e-06, 1.1376931752238306e-06, 1.2560659570226562e-06, 1.4860867167953984e-06, 1.7710854081087746e-06, 1.9975777831859887e-06, 2.001180064326036e-06, 1.9533954400685616e-06, 1.945682242876501e-06, 1.9302021883049747e-06, 1.7087103287849459e-06, 1.605072043275868e-06, 1.4359011402120814e-06, 1.2359269021544605e-06, 1.2463476650736993e-06, 1.2405428151396336e-06, 1.173603209281282e-06], [0, 0.0005920857656747103, 1.9039394828723744e-05, 2.039197397607495e-06, 1.1739159617718542e-06, 1.0396331617812393e-06, 1.0812450454977807e-06, 1.2456717968234443e-06, 1.4466509128396865e-06, 1.5498874290642561e-06, 1.4896795619279146e-06, 1.4389904663403286e-06, 1.4064005426916992e-06, 1.3948957757747849e-06, 1.4090928743826225e-06, 1.3759338344243588e-06, 1.2949244592164177e-06, 1.132126385527954e-06, 1.0740162679212517e-06, 1.1208378509763861e-06, 1.083218649000628e-06], [0, 0.0005924520082771778, 1.8891620129579678e-05, 2.0102181679249043e-06, 1.2552244470498408e-06, 1.1940131798837683e-06, 1.270431653210835e-06, 1.4659988210041774e-06, 1.6466703982587205e-06, 1.8248738342663273e-06, 1.602876636752626e-06, 1.5144860299187712e-06, 1.4609361187467584e-06, 1.4828671055511222e-06, 1.5361308669525897e-06, 1.5900095604592934e-06, 1.5222473166431882e-06, 1.3578120388046955e-06, 1.2996637224205188e-06, 1.3211217719799606e-06, 1.2353808642728836e-06], [0, 0.0005917030503042042, 1.9865203285007738e-05, 2.0310953914304264e-06, 1.2588252502609976e-06, 1.1797468459917582e-06, 1.3539337260226603e-06, 1.5950804481690284e-06, 1.8810898154697497e-06, 2.1089792880957248e-06, 2.1402709080575733e-06, 2.133337147824932e-06, 2.166874992326484e-06, 2.0419020074768923e-06, 2.0633353869925486e-06, 2.073296855087392e-06, 1.9350529782968806e-06, 1.0692447176552378e-06, 1.152395952885854e-06, 1.3594803931482602e-06, 1.164446871371183e-06], [0, 0.0005924266879446805, 1.8987024304806255e-05, 2.0148629573668586e-06, 1.2023073168165865e-06, 1.0087615009979345e-06, 1.0746457519417163e-06, 1.2713874184555607e-06, 1.5050494539536885e-06, 1.6542037428735057e-06, 1.7002258800857817e-06, 1.7965446659218287e-06, 1.8052503492071992e-06, 1.7851740494734258e-06, 1.7696268059808062e-06, 1.7605361790629104e-06, 1.2415222272466053e-06, 9.949684454113594e-07, 1.1615303492362727e-06, 1.4921722595317988e-06, 1.1684504670483875e-06]]}