{"alpha": 0.75, "beta": 0.5, "gamma": 5.0, "num_samples": 100, "node_count": 10, "density": 0.5, "startup_delay": 0.0, "forward_prob": 0, "epochs": [[0, 1, 2, 3, 4, 5, 6, 7, 8, 9, 10, 11, 12, 13, 14, 15, 16, 17, 18, 19, 20], [0, 1, 2, 3, 4, 5, 6, 7, 8, 9, 10, 11, 12, 13, 14, 15, 16, 17, 18, 19, 20], [0, 1, 2, 3, 4, 5, 6, 7, 8, 9, 10, 11, 12, 13, 14, 15, 16, 17, 18, 19, 20], [0, 1, 2, 3, 4, 5, 6, 7, 8, 9, 10, 11, 12, 13, 14, 15, 16, 17, 18, 19, 20], [0, 1, 2, 3, 4, 5, 6, 7, 8, 9, 10, 11, 12, 13, 14, 15, 16, 17, 18, 19, 20], [0, 1, 2, 3, 4, 5, 6, 7, 8, 9, 10, 11, 12, 13, 14, 15, 16, 17, 18, 19, 20], [0, 1, 2, 3, 4, 5, 6, 7, 8, 9, 10, 11, 12, 13, 14, 15, 16, 17, 18, 19, 20], [0, 1, 2, 3, 4, 5, 6, 7, 8, 9, 10, 11, 12, 13, 14, 15, 16, 17, 18, 19, 20], [0, 1, 2, 3, 4, 5, 6, 7, 8, 9, 10, 11, 12, 13, 14, 15, 16, 17, 18, 19, 20], [0, 1, 2, 3, 4, 5, 6, 7, 8, 9, 10, 11, 12, 13, 14, 15, 16, 17, 18, 19, 20]], "accuracies": [[7.59, 18.25, 48.51, 61.9, 68.67, 68.17, 71.97, 71.3, 73.29, 74.74, 75.35, 75.67, 76.23, 77.0, 77.34, 77.46, 77.44, 76.58, 76.68, 78.01, 76.19], [10.97, 10.0, 50.33, 61.45, 69.9, 69.27, 72.93, 72.53, 74.75, 75.34, 75.44, 74.99, 77.15, 76.82, 76.69, 76.65, 75.86, 76.45, 77.17, 76.73, 76.84], [10.16, 19.42, 51.02, 61.43, 66.93, 70.15, 72.16, 72.53, 73.49, 74.91, 76.04, 75.77, 76.69, 76.19, 76.88, 76.06, 76.83, 77.71, 76.21, 77.35, 77.23], [6.72, 10.34, 50.86, 62.84, 71.57, 71.93, 72.16, 73.19, 75.42, 76.48, 76.28, 77.01, 77.59, 76.82, 77.34, 77.31, 77.49, 77.43, 76.64, 77.99, 78.35], [9.75, 13.27, 50.24, 68.01, 68.99, 72.5, 74.35, 76.03, 75.45, 75.72, 77.13, 77.04, 76.8, 76.64, 76.04, 77.08, 77.22, 76.6, 76.76, 75.9, 75.64], [9.33, 10.0, 62.0, 68.01, 71.44, 71.37, 73.87, 74.76, 75.89, 77.04, 77.27, 76.54, 76.27, 76.28, 77.72, 77.23, 77.88, 77.35, 77.59, 77.16, 77.51], [8.3, 10.0, 61.3, 69.73, 73.0, 73.78, 75.22, 75.01, 75.46, 76.33, 76.84, 77.36, 75.56, 75.88, 77.3, 77.13, 76.96, 77.11, 76.6, 76.81, 76.4], [9.57, 52.61, 64.02, 69.85, 72.64, 74.24, 75.53, 77.03, 76.29, 77.59, 76.64, 77.24, 75.99, 77.51, 77.0, 77.42, 77.79, 77.67, 76.37, 77.04, 74.44], [17.22, 36.81, 65.83, 72.05, 71.14, 74.21, 73.68, 76.33, 76.62, 75.93, 76.18, 76.52, 76.93, 76.44, 76.04, 76.35, 77.02, 77.5, 75.43, 73.63, 73.62], [8.69, 54.95, 65.03, 69.87, 71.79, 73.68, 74.78, 76.41, 76.04, 75.54, 75.44, 75.94, 74.62, 76.97, 76.79, 75.34, 76.79, 76.23, 75.12, 75.44, 77.01]], "msds": [[0, 0.000694913964252919, 0.00010269904305459931, 6.142873462522402e-05, 3.770347757381387e-05, 3.272966205258854e-05, 2.8303280487307347e-05, 2.235402280348353e-05, 2.258614040329121e-05, 1.8919954527518712e-05, 1.8743035980151035e-05, 1.705941031104885e-05, 1.4302355339168571e-05, 1.681768480921164e-05, 9.389688784722239e-06, 1.3509646123566199e-05, 1.4999553059169557e-05, 1.8089085642714053e-05, 1.6062496797530912e-05, 1.2605150914168917e-05, 1.87292189366417e-05], [0, 0.0006870669312775135, 9.295607742387801e-05, 5.037564187659882e-05, 3.4244920243509114e-05, 2.7102709282189608e-05, 2.2826325221103616e-05, 2.343394407944288e-05, 2.1256852051010355e-05, 1.6659632819937542e-05, 1.5976109352777712e-05, 1.5462679584743455e-05, 1.0037559150077868e-05, 1.1237350918236189e-05, 1.585048266861122e-05, 1.6410758689744398e-05, 2.361865517741535e-05, 1.3308273082657252e-05, 1.4019095033290796e-05, 1.2034623978252057e-05, 1.0981108971463982e-05], [0, 0.0006907398346811533, 9.89695981843397e-05, 5.720584522350691e-05, 3.941860268241726e-05, 2.9982260457472876e-05, 2.5007111617014743e-05, 2.2557605916517787e-05, 1.8915210603154264e-05, 1.88680332939839e-05, 2.0426346964086406e-05, 1.981398236239329e-05, 1.4682666915177833e-05, 1.5479707144550048e-05, 1.9106586478301324e-05, 2.1913325326750055e-05, 2.1504281903617084e-05, 1.5120836906135082e-05, 2.5752840883797035e-05, 1.659410736465361e-05, 1.4248703337216284e-05], [0, 0.0006886442424729466, 8.848780998960137e-05, 4.8415909986943007e-05, 2.9341499612201005e-05, 2.6167726900894195e-05, 2.764532109722495e-05, 2.095168201776687e-05, 1.9735758542083204e-05, 1.7526888768770732e-05, 1.7980672055273317e-05, 1.3538076018448919e-05, 2.1042729713371955e-05, 1.891010469989851e-05, 1.6941645299084485e-05, 2.1411666239146143e-05, 3.072354957112111e-05, 1.6013824279070832e-05, 1.2450293070287444e-05, 1.0545164514041971e-05, 1.4793802620260976e-05], [0, 0.0006927236681804061, 9.086521458812058e-05, 4.8792007873998955e-05, 3.0770541343372315e-05, 2.921867235272657e-05, 2.103785845974926e-05, 2.1026846297900192e-05, 1.74955293914536e-05, 1.5540214008069597e-05, 1.4570272469427437e-05, 1.3249072253529448e-05, 2.1606007067020983e-05, 2.5172490495606326e-05, 1.751237505231984e-05, 1.1466800060588866e-05, 1.7227770513272844e-05, 1.9175506167812273e-05, 1.2154789146734402e-05, 1.4289968021330424e-05, 1.220742615259951e-05], [0, 0.0006968486704863608, 0.00010160157398786396, 4.293807069188915e-05, 2.9364589863689616e-05, 2.383965693297796e-05, 2.561740438977722e-05, 1.989897464227397e-05, 2.0920386305078864e-05, 1.796242213458754e-05, 1.6286510799545795e-05, 1.7286994989262894e-05, 2.3369439077214338e-05, 2.786605546134524e-05, 2.4253469746327028e-05, 2.0062991097802296e-05, 1.3089736967231147e-05, 1.1945564438065048e-05, 7.172712685132865e-06, 1.38345749292057e-05, 7.479276064259466e-06], [0, 0.0006905378540977836, 9.003749437397346e-05, 4.3627012928482145e-05, 3.111978367087431e-05, 2.730141750362236e-05, 2.4308108550030738e-05, 2.4068680431810208e-05, 1.9099466953775845e-05, 1.7344507796224207e-05, 2.1122503312653862e-05, 2.4944803953985684e-05, 3.006064252986107e-05, 2.1693154849344864e-05, 1.7068363376893103e-05, 1.694476122793276e-05, 1.5620813428540714e-05, 1.2431964933057316e-05, 8.070601325016469e-06, 1.0771265806397423e-05, 1.2120906831114553e-05], [0, 0.00044782806071452796, 7.156218634918332e-05, 3.983690476161428e-05, 3.0268030968727544e-05, 2.8960132112842984e-05, 2.456452784826979e-05, 2.252799276902806e-05, 2.4323970137629658e-05, 2.4023987862165086e-05, 2.295210651936941e-05, 2.2775242541683838e-05, 4.4253196392674e-05, 2.4496826881659217e-05, 1.532750866317656e-05, 1.461921874579275e-05, 1.1803780580521561e-05, 7.970113074406981e-06, 2.061674604192376e-05, 6.582251444342546e-06, 1.165780849987641e-05], [0, 0.0003878613351844251, 6.541739276144654e-05, 3.226787885068916e-05, 2.615513585624285e-05, 2.538277294661384e-05, 2.6596408133627847e-05, 1.4887980796629563e-05, 1.1478618944238406e-05, 2.121741636074148e-05, 2.05390988412546e-05, 1.4720309991389513e-05, 1.6447333109681495e-05, 2.5354926037834957e-05, 1.3786044291919097e-05, 8.896662620827556e-06, 5.360103841667296e-06, 5.340014467947185e-06, 1.0369156370870769e-05, 0, 0], [0, 0.0004618881503120065, 6.770692561985925e-05, 3.691752135637216e-05, 3.074171036132611e-05, 2.6018478820333257e-05, 2.2090174752520397e-05, 2.477938323863782e-05, 1.947974851645995e-05, 2.9418857593555003e-05, 2.4441767891403288e-05, 2.2515612727147527e-05, 4.300918953958899e-05, 2.2720440028933808e-05, 1.6076066458481364e-05, 1.709331445454154e-05, 1.1527608876349404e-05, 9.612554094928782e-06, 2.034420322161168e-05, 9.91511478787288e-06, 1.165780849987641e-05]]}