{"alpha": 0.75, "beta": 0.5, "gamma": 2.0, "num_samples": 100, "node_count": 10, "density": 1.0, "startup_delay": 2.0, "forward_prob": 0, "epochs": [[0, 1, 2, 3, 4, 5, 6, 7, 8, 9, 10, 11, 12, 13, 14, 15, 16, 17, 18, 19, 20], [0, 1, 2, 3, 4, 5, 6, 7, 8, 9, 10, 11, 12, 13, 14, 15, 16, 17, 18, 19, 20], [0, 1, 2, 3, 4, 5, 6, 7, 8, 9, 10, 11, 12, 13, 14, 15, 16, 17, 18, 19, 20], [0, 1, 2, 3, 4, 5, 6, 7, 8, 9, 10, 11, 12, 13, 14, 15, 16, 17, 18, 19, 20], [0, 1, 2, 3, 4, 5, 6, 7, 8, 9, 10, 11, 12, 13, 14, 15, 16, 17, 18, 19, 20], [0, 1, 2, 3, 4, 5, 6, 7, 8, 9, 10, 11, 12, 13, 14, 15, 16, 17, 18, 19, 20], [0, 1, 2, 3, 4, 5, 6, 7, 8, 9, 10, 11, 12, 13, 14, 15, 16, 17, 18, 19, 20], [0, 1, 2, 3, 4, 5, 6, 7, 8, 9, 10, 11, 12, 13, 14, 15, 16, 17, 18, 19, 20], [0, 1, 2, 3, 4, 5, 6, 7, 8, 9, 10, 11, 12, 13, 14, 15, 16, 17, 18, 19, 20], [0, 1, 2, 3, 4, 5, 6, 7, 8, 9, 10, 11, 12, 13, 14, 15, 16, 17, 18, 19, 20]], "accuracies": [[10.34, 10.0, 27.21, 17.52, 23.25, 40.3, 35.21, 47.2, 37.81, 43.76, 41.6, 58.83, 46.2, 57.04, 37.49, 37.32, 44.33, 39.28, 54.84, 65.87, 39.95], [5.05, 19.03, 30.4, 34.8, 24.15, 44.48, 27.49, 45.46, 39.83, 48.92, 37.62, 51.78, 52.51, 45.47, 39.24, 37.32, 37.42, 51.31, 37.37, 65.87, 49.43], [9.87, 10.0, 37.0, 34.8, 23.25, 40.53, 34.81, 49.85, 39.83, 44.59, 51.46, 58.83, 45.53, 47.65, 36.75, 33.38, 37.42, 39.61, 49.26, 43.46, 65.65], [14.66, 31.15, 34.8, 30.15, 37.59, 19.83, 44.9, 56.76, 45.09, 44.42, 58.83, 56.69, 54.19, 57.75, 39.03, 61.11, 53.39, 61.49, 49.18, 50.81, 41.02], [9.54, 22.08, 23.81, 39.78, 46.94, 47.33, 33.2, 54.66, 33.41, 62.21, 37.34, 53.92, 45.07, 52.88, 48.95, 55.67, 49.5, 53.63, 58.11, 51.69, 49.24], [13.95, 26.49, 23.75, 41.43, 23.02, 53.0, 42.13, 59.22, 37.98, 54.71, 50.99, 47.65, 36.7, 37.32, 45.58, 48.15, 59.6, 48.54, 39.43, 41.02, 63.82], [7.53, 19.83, 41.0, 38.55, 51.71, 38.71, 63.97, 32.95, 61.73, 40.6, 59.7, 55.04, 50.46, 58.51, 47.68, 49.62, 35.43, 60.69, 44.77, 64.49, 52.6], [13.32, 22.44, 37.19, 52.93, 42.68, 58.16, 43.76, 50.03, 39.39, 58.08, 57.18, 49.47, 43.09, 44.42, 53.88, 51.71, 33.96, 49.24, 22.44, 53.77, 42.23], [13.99, 21.69, 30.42, 37.01, 38.34, 50.25, 39.53, 60.55, 44.09, 64.06, 40.31, 50.48, 43.92, 62.75, 52.7, 51.32, 64.35, 47.42, 40.72, 52.6, 28.44], [10.81, 22.33, 47.25, 50.96, 61.97, 52.26, 55.9, 51.46, 57.45, 51.74, 63.3, 48.37, 58.98, 55.48, 62.7, 66.77, 52.55, 68.87, 54.98, 52.6, 45.05]], "msds": [[0, 0.000669912260491401, 9.372116619488224e-05, 8.159766730386764e-05, 7.523729436798021e-05, 4.010713018942624e-05, 3.230487709515728e-05, 4.4140095269540325e-05, 2.4938593924161978e-05, 3.341913179610856e-05, 2.9866559998481534e-05, 3.3015781809808686e-05, 2.5447285224799998e-05, 4.463636287255213e-05, 2.376359043410048e-05, 6.058684448362328e-05, 3.264656334067695e-05, 3.5355318686924875e-05, 4.488414924708195e-05, 3.299541640444659e-05, 4.1973133193096146e-05], [0, 0.000669635075610131, 9.026388579513878e-05, 7.579668454127386e-05, 5.9109363064635545e-05, 2.9674476536456496e-05, 3.6665962397819385e-05, 2.9251768864924088e-05, 3.365105658303946e-05, 2.5451228793826886e-05, 3.495188138913363e-05, 3.2213454687735066e-05, 2.8285170628805645e-05, 1.474956388847204e-05, 4.713314410764724e-05, 3.582852514227852e-05, 3.486272908048704e-05, 2.678252712939866e-05, 3.490686503937468e-05, 2.0338744434411637e-05, 3.1482191843679175e-05], [0, 0.0006682644016109407, 8.942307613324374e-05, 7.07097424310632e-05, 5.7871282479027286e-05, 3.976611696998589e-05, 3.19533355650492e-05, 3.2585587177891284e-05, 2.381373087700922e-05, 3.014323374372907e-05, 3.502015897538513e-05, 2.4674811356817372e-05, 2.592828059277963e-05, 1.7889553419081494e-05, 3.429213393246755e-05, 4.556531712296419e-05, 2.9525817808462307e-05, 3.892817039741203e-05, 2.6800562409334816e-05, 3.094047133345157e-05, 2.0289213352953084e-05], [0, 0.0004941829829476774, 9.347992454422638e-05, 4.862030255026184e-05, 4.181242184131406e-05, 3.265241684857756e-05, 5.2542935009114444e-05, 2.487650817784015e-05, 1.8911947336164303e-05, 2.1499425201909617e-05, 2.2754382371203974e-05, 1.720719774311874e-05, 1.7464022675994784e-05, 1.7083830243791454e-05, 3.7136775063117966e-05, 2.2200210878509097e-05, 2.688644417503383e-05, 2.29618490266148e-05, 2.823217073455453e-05, 2.0888628569082357e-05, 2.0020874217152596e-05], [0, 0.0005249268724583089, 0.00010245940211461857, 4.2702711652964354e-05, 4.0222872485173866e-05, 5.495199729921296e-05, 3.1095438316697255e-05, 2.7300886358716525e-05, 3.114549326710403e-05, 3.0263656299212016e-05, 2.9664386602235027e-05, 3.743090564967133e-05, 3.109680619672872e-05, 3.638186535681598e-05, 3.708235817612149e-05, 3.745088179130107e-05, 3.6135068512521684e-05, 3.225612090318464e-05, 3.314189234515652e-05, 2.8875223506474867e-05, 6.475758709711954e-05], [0, 0.000493599392939359, 8.750850247452036e-05, 3.8072939787525684e-05, 3.4822736779460683e-05, 4.086075205123052e-05, 3.092442420893349e-05, 3.1064191716723144e-05, 3.3218442695215344e-05, 3.072427352890372e-05, 3.5830624256050214e-05, 2.5183524485328235e-05, 3.4558855986688286e-05, 4.184010322205722e-05, 2.6656098270905204e-05, 3.249112705816515e-05, 3.081298200413585e-05, 2.9597249522339553e-05, 4.0257735236082226e-05, 3.510896203806624e-05, 4.8747289838502184e-05], [0, 0.0005103331059217453, 8.8565080659464e-05, 4.298224303056486e-05, 3.886764170601964e-05, 3.6444402212509885e-05, 3.325972647871822e-05, 3.246348933316767e-05, 3.385994932614267e-05, 4.042996806674637e-05, 2.7101661544293165e-05, 3.142386776744388e-05, 4.442641875357367e-05, 4.007982352050021e-05, 3.6644447391154245e-05, 3.551041299942881e-05, 3.55861775460653e-05, 2.9903372706030495e-05, 2.977525036840234e-05, 4.627697853720747e-05, 4.264886592864059e-05], [0, 0.0005142483278177679, 9.013327508000657e-05, 4.3373693188186735e-05, 3.982319321949035e-05, 2.183771903219167e-05, 3.0175540814525448e-05, 2.6012285161414184e-05, 2.4110517188091762e-05, 2.1083451429149136e-05, 2.333580778213218e-05, 2.4859473342075944e-05, 6.249001307878643e-05, 2.5242461560992524e-05, 3.8237081753322855e-05, 2.2238960809772834e-05, 2.649426824063994e-05, 4.524325777310878e-05, 2.7284353564027697e-05, 9.421195136383176e-05, 3.6293720768298954e-05], [0, 0.0004995533381588757, 8.493768109474331e-05, 3.922376345144585e-05, 2.7070122087025084e-05, 3.156136517645791e-05, 2.9274260668898933e-05, 2.5889905373333022e-05, 3.5671582736540586e-05, 2.852120087482035e-05, 3.173156073899008e-05, 3.892211680067703e-05, 3.438241401454434e-05, 2.83261360891629e-05, 3.0064555176068097e-05, 3.155306330882013e-05, 3.2734456908656284e-05, 2.8880125682917424e-05, 5.9610734751913697e-05, 4.823218841920607e-05, 5.541798236663453e-05], [0, 0.0004996206262148917, 9.812619828153402e-05, 4.9131915147881955e-05, 3.3677497413009405e-05, 3.278998701716773e-05, 2.603314169391524e-05, 3.528877641656436e-05, 2.738981129368767e-05, 3.3148593502119184e-05, 2.476428016962018e-05, 3.726769136846997e-05, 2.6976829758496024e-05, 3.0086164770182222e-05, 2.878070154110901e-05, 2.5947489120881073e-05, 2.7608617529040202e-05, 2.7012247301172465e-05, 5.157445775694214e-05, 3.153532452415675e-05, 5.541798236663453e-05]]}