{"alpha": 0.9, "beta": 0.5, "gamma": 1.0, "num_samples": 1000, "node_count": 10, "density": 0.0, "startup_delay": 0.0, "forward_prob": 0, "epochs": [[0, 1, 2, 3, 4, 5, 6, 7, 8, 9, 10, 11, 12, 13, 14, 15, 16, 17, 18, 19, 20], [0, 1, 2, 3, 4, 5, 6, 7, 8, 9, 10, 11, 12, 13, 14, 15, 16, 17, 18, 19, 20], [0, 1, 2, 3, 4, 5, 6, 7, 8, 9, 10, 11, 12, 13, 14, 15, 16, 17, 18, 19, 20], [0, 1, 2, 3, 4, 5, 6, 7, 8, 9, 10, 11, 12, 13, 14, 15, 16, 17, 18, 19, 20], [0, 1, 2, 3, 4, 5, 6, 7, 8, 9, 10, 11, 12, 13, 14, 15, 16, 17, 18, 19, 20], [0, 1, 2, 3, 4, 5, 6, 7, 8, 9, 10, 11, 12, 13, 14, 15, 16, 17, 18, 19, 20], [0, 1, 2, 3, 4, 5, 6, 7, 8, 9, 10, 11, 12, 13, 14, 15, 16, 17, 18, 19, 20], [0, 1, 2, 3, 4, 5, 6, 7, 8, 9, 10, 11, 12, 13, 14, 15, 16, 17, 18, 19, 20], [0, 1, 2, 3, 4, 5, 6, 7, 8, 9, 10, 11, 12, 13, 14, 15, 16, 17, 18, 19, 20], [0, 1, 2, 3, 4, 5, 6, 7, 8, 9, 10, 11, 12, 13, 14, 15, 16, 17, 18, 19, 20]], "accuracies": [[10.57, 37.24, 80.35, 79.99, 80.58, 81.31, 82.17, 81.0, 83.12, 85.06, 84.07, 83.64, 83.49, 83.71, 82.58, 83.75, 83.96, 83.87, 84.14, 84.38, 84.48], [6.61, 78.64, 76.98, 76.75, 82.0, 83.21, 82.12, 82.12, 84.19, 83.92, 84.43, 84.7, 83.44, 83.58, 83.9, 83.86, 84.19, 84.17, 84.97, 85.01, 84.44], [9.04, 34.45, 27.7, 79.43, 81.29, 82.39, 83.43, 84.25, 83.26, 85.4, 85.05, 83.77, 84.07, 83.72, 84.48, 84.44, 83.96, 84.84, 84.76, 84.46, 84.39], [13.28, 25.38, 75.92, 75.87, 80.94, 82.28, 83.98, 84.05, 83.62, 82.63, 83.15, 83.95, 83.33, 84.84, 84.5, 84.77, 84.72, 84.22, 84.15, 85.52, 84.69], [6.84, 78.01, 75.65, 78.54, 35.53, 78.64, 81.98, 82.15, 84.08, 82.9, 84.6, 83.44, 83.35, 83.82, 84.37, 83.98, 84.62, 84.53, 84.25, 84.5, 84.58], [10.0, 30.52, 42.6, 79.4, 81.08, 81.36, 82.15, 82.9, 82.94, 82.39, 84.44, 83.55, 83.42, 83.89, 85.89, 84.36, 84.32, 84.2, 84.09, 84.53, 84.65], [6.26, 77.4, 77.59, 79.67, 79.78, 82.45, 82.58, 81.44, 83.62, 83.64, 83.6, 83.79, 83.95, 83.59, 84.42, 83.87, 84.35, 84.52, 84.77, 84.49, 84.82], [10.28, 78.16, 77.28, 82.0, 81.05, 82.55, 82.77, 83.7, 82.93, 84.63, 84.21, 83.59, 85.36, 84.81, 84.92, 84.91, 85.4, 85.51, 84.82, 86.01, 85.44], [14.5, 19.14, 77.32, 81.1, 83.22, 80.17, 83.03, 80.71, 83.93, 83.72, 84.09, 85.01, 84.68, 84.65, 84.71, 85.94, 84.31, 85.09, 85.26, 84.92, 85.16], [8.7, 77.78, 77.96, 78.77, 80.62, 79.64, 82.15, 83.17, 82.36, 83.98, 83.18, 84.12, 83.04, 84.16, 83.26, 84.23, 84.44, 84.72, 84.56, 84.96, 84.06]], "msds": [[0, 0.0008896716171875596, 0.0007758120191283524, 0.0008469430613331497, 0.0007299660937860608, 0.0006324595306068659, 0.0005999707500450313, 0.0006241017254069448, 0.0005557352560572326, 0.0005114473751746118, 0.0004578626248985529, 0.0003752638294827193, 0.0003438499406911433, 0.0005397045752033591, 0.0004820722679141909, 0.00041544350096955895, 0.0003363987780176103, 0.0002751703723333776, 0.0002774764725472778, 0.00018441257998347282, 0.00014291472325567156], [0, 0.0008947663009166718, 0.0008831064333207905, 0.0006551456172019243, 0.0006969249225221574, 0.0006249406724236906, 0.000625820888672024, 0.0006241017254069448, 0.0005557352560572326, 0.0004981884849257767, 0.0004698646371252835, 0.00036936215474270284, 0.00057579594431445, 0.00045797674101777375, 0.0004017076571471989, 0.00041544350096955895, 0.0003277109353803098, 0.00026470364537090063, 0.00023881066590547562, 0.000181624258402735, 0.00014291472325567156], [0, 0.0008752079447731376, 0.0008102069841697812, 0.0006551456172019243, 0.0006638835766352713, 0.0006552074337378144, 0.0006151588750071824, 0.0005266111111268401, 0.0005594766116701066, 0.0005624639452435076, 0.0004730149812530726, 0.0005236584693193436, 0.0004864591173827648, 0.00036527286283671856, 0.0003478836442809552, 0.00026753402198664844, 0.0003277109353803098, 0.0002815008629113436, 0.0002320610947208479, 0.00017883587861433625, 0.00012065807095495984], [0, 0.0008844383410178125, 0.0007167073781602085, 0.0007100233342498541, 0.0007167772855609655, 0.0007115365006029606, 0.0006147825624793768, 0.0005417030770331621, 0.0004861181660089642, 0.0006112281698733568, 0.0006123275379650295, 0.00048760540084913373, 0.00040478777373209596, 0.0003505838685669005, 0.0002690676774363965, 0.00022362270101439208, 0.0001900924398796633, 0.0002982979058288038, 0.0002639771846588701, 0.00026910475571639836, 0.00019147816055919975], [0, 0.0008845775155350566, 0.0008706717635504901, 0.0007820429163984954, 0.0008373393793590367, 0.0007116741617210209, 0.0006869252538308501, 0.0006119490717537701, 0.0006138457101769745, 0.0005361283547244966, 0.00045298688928596675, 0.0004268554039299488, 0.0003958404704462737, 0.0003638835623860359, 0.0005440657841973007, 0.0004834903811570257, 0.0004127629508730024, 0.0003255563788115978, 0.00034647484426386654, 0.00030255503952503204, 0.00025775868562050164], [0, 0.000842653214931488, 0.0006953405099920928, 0.0006157149909995496, 0.0007755245314911008, 0.0006971421535126865, 0.000640998943708837, 0.0005687323864549398, 0.0004923645174130797, 0.0005665530916303396, 0.0005253754206933081, 0.0004031516145914793, 0.0005646932986564934, 0.00047953444300219417, 0.00041889268322847784, 0.0003325819852761924, 0.0002915186923928559, 0.00037074857391417027, 0.0002797362394630909, 0.0002477234520483762, 0.00023737706942483783], [0, 0.0008887167787179351, 0.0007782345055602491, 0.000619955244474113, 0.0008241017931140959, 0.0007678648107685149, 0.0006250682636164129, 0.0005618004943244159, 0.0005137088010087609, 0.0004558322543743998, 0.0006123275379650295, 0.00048760540084913373, 0.00040478777373209596, 0.00033589513623155653, 0.0002440757816657424, 0.00021175517758820206, 0.00018719553190749139, 0.00017203731113113463, 0.00034251672332175076, 0.0003178749466314912, 0.00020825928368140012], [0, 0.0008675864664837718, 0.0007615126669406891, 0.0007192617049440742, 0.000656348594930023, 0.0005584053578786552, 0.0010504703968763351, 0.0008522161515429616, 0.0007015368901193142, 0.000601226813159883, 0.0005324477097019553, 0.000587421644013375, 0.00047314551193267107, 0.0004600966931320727, 0.0005530118942260742, 0.00042762613156810403, 0.0003560605109669268, 0.00035871146246790886, 0.00033082105801440775, 0.00037028698716312647, 0.0003077668370679021], [0, 0.0008589500794187188, 0.0006533737177960575, 0.0006813660729676485, 0.0006143528735265136, 0.0009562153718434274, 0.0007731004152446985, 0.0006659040227532387, 0.0005909035098738968, 0.0005104662850499153, 0.0005800765356980264, 0.00045334245078265667, 0.0004380921018309891, 0.0005679622991010547, 0.00045063873403705657, 0.00032452624873258173, 0.00034684702404774725, 0.00032581324921920896, 0.00036926596658304334, 0.0002864708658307791, 0.0002925621811300516], [0, 0.0008741156780160964, 0.0009747201111167669, 0.0007621913682669401, 0.0007615878130309284, 0.0006767195300199091, 0.0007758320425637066, 0.0007161754765547812, 0.0006190981948748231, 0.0006001412984915078, 0.0005172831588424742, 0.00048171429079957306, 0.00043766849557869136, 0.0004181719268672168, 0.00038383674109354615, 0.0005413779290392995, 0.0004496344190556556, 0.0003848090418614447, 0.0003338392125442624, 0.0003473973192740232, 0.0003083937044721097]]}