{"alpha": 0.75, "beta": 0.5, "gamma": 2.0, "num_samples": 25, "node_count": 10, "density": 0.25, "startup_delay": 2.0, "forward_prob": 0, "epochs": [[0, 1, 2, 3, 4, 5, 6, 7, 8, 9, 10, 11, 12, 13, 14, 15, 16, 17, 18, 19, 20], [0, 1, 2, 3, 4, 5, 6, 7, 8, 9, 10, 11, 12, 13, 14, 15, 16, 17, 18, 19, 20], [0, 1, 2, 3, 4, 5, 6, 7, 8, 9, 10, 11, 12, 13, 14, 15, 16, 17, 18, 19, 20], [0, 1, 2, 3, 4, 5, 6, 7, 8, 9, 10, 11, 12, 13, 14, 15, 16, 17, 18, 19, 20], [0, 1, 2, 3, 4, 5, 6, 7, 8, 9, 10, 11, 12, 13, 14, 15, 16, 17, 18, 19, 20], [0, 1, 2, 3, 4, 5, 6, 7, 8, 9, 10, 11, 12, 13, 14, 15, 16, 17, 18, 19, 20], [0, 1, 2, 3, 4, 5, 6, 7, 8, 9, 10, 11, 12, 13, 14, 15, 16, 17, 18, 19, 20], [0, 1, 2, 3, 4, 5, 6, 7, 8, 9, 10, 11, 12, 13, 14, 15, 16, 17, 18, 19, 20], [0, 1, 2, 3, 4, 5, 6, 7, 8, 9, 10, 11, 12, 13, 14, 15, 16, 17, 18, 19, 20], [0, 1, 2, 3, 4, 5, 6, 7, 8, 9, 10, 11, 12, 13, 14, 15, 16, 17, 18, 19, 20]], "accuracies": [[11.74, 11.61, 25.03, 28.7, 24.78, 37.02, 31.83, 45.74, 44.09, 47.35, 49.56, 49.57, 43.59, 44.94, 52.85, 49.4, 49.82, 43.53, 48.03, 39.64, 47.47], [10.88, 10.55, 19.94, 25.19, 27.09, 33.19, 28.88, 48.9, 32.98, 42.04, 40.63, 47.38, 34.55, 52.19, 49.42, 45.98, 48.26, 41.08, 50.11, 45.52, 35.41], [5.73, 10.06, 17.71, 33.8, 31.55, 31.64, 27.1, 45.7, 45.08, 37.49, 37.72, 44.14, 34.42, 44.47, 45.07, 42.96, 48.59, 47.23, 51.94, 50.33, 50.98], [12.07, 10.39, 15.74, 18.82, 26.5, 18.93, 32.48, 30.56, 31.95, 31.39, 51.04, 31.5, 27.25, 26.16, 33.87, 43.17, 43.19, 43.22, 42.7, 37.18, 48.52], [3.47, 14.1, 25.27, 12.02, 34.5, 36.75, 39.13, 31.08, 36.9, 46.6, 38.5, 48.53, 49.85, 48.75, 52.43, 41.49, 37.5, 38.35, 42.0, 43.86, 41.54], [12.34, 14.8, 19.45, 22.92, 23.11, 24.4, 21.05, 27.86, 25.94, 26.56, 28.74, 27.58, 38.72, 39.87, 55.88, 45.46, 51.53, 48.55, 38.02, 26.55, 39.84], [8.27, 10.18, 11.83, 16.68, 36.64, 25.64, 36.19, 31.07, 46.6, 35.11, 49.93, 44.23, 45.52, 47.01, 43.88, 53.43, 44.82, 53.07, 50.05, 53.86, 60.42], [5.04, 10.01, 19.62, 35.41, 33.05, 43.63, 28.21, 39.5, 41.98, 42.11, 36.58, 51.49, 35.7, 35.89, 39.69, 38.79, 43.61, 38.31, 40.3, 46.97, 48.23], [8.95, 21.09, 18.16, 21.44, 25.98, 40.41, 38.86, 38.01, 42.68, 42.78, 42.66, 34.3, 32.05, 29.37, 34.83, 33.43, 35.73, 42.18, 41.15, 46.57, 42.58], [10.69, 27.73, 19.56, 19.96, 29.69, 28.1, 30.65, 27.72, 38.96, 41.92, 52.34, 48.65, 57.6, 57.58, 60.52, 42.81, 45.55, 52.34, 45.91, 49.22, 38.65]], "msds": [[0, 0.0005701094632968307, 9.497819701209664e-05, 7.206753070931882e-05, 4.6677349018864334e-05, 4.734130561701022e-05, 3.133638165309094e-05, 2.8655327696469612e-05, 2.6336017981520854e-05, 2.5618001018301584e-05, 3.71047826774884e-05, 2.9094602723489515e-05, 2.7862462957273237e-05, 3.2781015761429444e-05, 3.83988517569378e-05, 3.294069756520912e-05, 4.004476068075746e-05, 2.4238248442998156e-05, 2.435388887533918e-05, 2.335841600142885e-05, 1.687300573394168e-05], [0, 0.0004390049434732646, 0.00011318418546579778, 7.083997479639947e-05, 4.084312604391016e-05, 3.889454819727689e-05, 2.454677269270178e-05, 2.2863510821480304e-05, 2.0804329324164428e-05, 2.6912872272077948e-05, 2.6954143322655e-05, 2.800497350108344e-05, 2.2030240870662965e-05, 3.164729423588142e-05, 2.525407398934476e-05, 2.2352382075041533e-05, 1.6145366316777654e-05, 1.9260463886894286e-05, 2.2883978090249002e-05, 2.504065378161613e-05, 2.4764667614363134e-05], [0, 0.0004391567490529269, 8.672030526213348e-05, 5.664742275257595e-05, 3.475756966508925e-05, 3.421595101826824e-05, 2.593420140328817e-05, 3.149019175907597e-05, 2.5130764697678387e-05, 2.798799869196955e-05, 3.8743972254451364e-05, 2.5595798433641903e-05, 2.3265129129868e-05, 2.8861029932159e-05, 2.590240546851419e-05, 2.3886619601398706e-05, 2.1845580704393797e-05, 1.967962452908978e-05, 1.3994944310979918e-05, 1.4154841665003914e-05, 1.839893593569286e-05], [0, 0.0005591945955529809, 0.0001603002310730517, 0.00011435154738137498, 6.052881872165017e-05, 4.880585765931755e-05, 6.846895848866552e-05, 5.613965913653374e-05, 5.812022209283896e-05, 3.292024484835565e-05, 3.54145813616924e-05, 2.3079268430592492e-05, 3.717314757523127e-05, 2.6405343305668794e-05, 4.3618671043077484e-05, 2.060287442873232e-05, 3.7872468965360895e-05, 3.244666368118487e-05, 3.571574416127987e-05, 3.573348658392206e-05, 3.784148066188209e-05], [0, 0.0006578582106158137, 0.0001119022344937548, 0.00011092957720393315, 6.0275189753156155e-05, 5.670924292644486e-05, 3.649326026788913e-05, 5.1360220822971314e-05, 4.214494038023986e-05, 3.064352858928032e-05, 1.9103948943666182e-05, 4.044654269819148e-05, 3.469376315479167e-05, 3.664038376882672e-05, 2.826288982760161e-05, 2.6645460820873268e-05, 4.7263307351386175e-05, 3.953111809096299e-05, 3.9841172110754997e-05, 3.941958857467398e-05, 3.9430138713214546e-05], [0, 0.0002265173097839579, 0.0001574589841766283, 5.932862768531777e-05, 5.941028211964294e-05, 5.4554682719754055e-05, 5.50162949366495e-05, 4.9686077545629814e-05, 3.5638760891743004e-05, 3.458026549196802e-05, 4.453956353245303e-05, 4.026488750241697e-05, 4.906608955934644e-05, 4.706427353085019e-05, 3.2571049814578146e-05, 4.520754737313837e-05, 4.4392214476829395e-05, 3.897259375662543e-05, 3.762196865864098e-05, 4.5603486796608195e-05, 2.934766780526843e-05], [0, 0.0005225223139859736, 0.00014083500718697906, 9.987209341488779e-05, 7.433842256432399e-05, 5.240697646513581e-05, 5.8798839745577425e-05, 3.290915265097283e-05, 3.129974356852472e-05, 1.8657407053979114e-05, 2.623356158437673e-05, 2.267029049107805e-05, 2.9325528885237873e-05, 2.8012995244353078e-05, 4.058846752741374e-05, 4.611234544427134e-05, 2.757856054813601e-05, 3.932061736122705e-05, 2.6580941266729496e-05, 4.110424197278917e-05, 2.726663660723716e-05], [0, 0.0005228285444900393, 0.0001555456401547417, 8.769818668952212e-05, 6.74469702062197e-05, 6.421343277906999e-05, 5.340551433619112e-05, 5.486058580572717e-05, 4.9764770665206015e-05, 4.3746174924308434e-05, 2.9384802473941818e-05, 4.661460843635723e-05, 3.30554939864669e-05, 7.621126860613003e-05, 5.530058479052968e-05, 5.284140934236348e-05, 3.172789729433134e-05, 2.890938048949465e-05, 3.1666437280364335e-05, 1.9307966795167886e-05, 3.907848440576345e-05], [0, 0.0005716844461858273, 0.00012409263581503183, 7.992505561560392e-05, 5.979111301712692e-05, 5.2392588258953765e-05, 3.952721817768179e-05, 4.939068094245158e-05, 3.8513659092132e-05, 2.747291000559926e-05, 2.8482470952440053e-05, 2.528044569771737e-05, 2.669794048415497e-05, 4.0692309994483367e-05, 4.229340993333608e-05, 3.101872789557092e-05, 2.385240441071801e-05, 1.6357527783839032e-05, 2.09909412660636e-05, 2.928514004452154e-05, 3.7992878787918016e-05], [0, 0.0006506643840111792, 0.0001742109889164567, 8.522425923729315e-05, 3.975205254391767e-05, 5.29924982402008e-05, 5.019846503273584e-05, 3.875653783325106e-05, 3.488303627818823e-05, 2.5452156478422694e-05, 1.2894589417555835e-05, 1.9178707589162514e-05, 1.8878117771237157e-05, 1.782971594366245e-05, 1.609468563401606e-05, 2.81640313914977e-05, 3.1885945645626634e-05, 2.1167308659642003e-05, 1.9072103896178305e-05, 1.8851129425456747e-05, 2.5275761800003238e-05]]}