{"alpha": 0.75, "beta": 0.5, "gamma": 4.0, "num_samples": 1000, "node_count": 10, "density": 0.75, "startup_delay": 2.0, "forward_prob": 0, "epochs": [[0, 1, 2, 3, 4, 5, 6, 7, 8, 9, 10, 11, 12, 13, 14, 15, 16, 17, 18, 19, 20], [0, 1, 2, 3, 4, 5, 6, 7, 8, 9, 10, 11, 12, 13, 14, 15, 16, 17, 18, 19, 20], [0, 1, 2, 3, 4, 5, 6, 7, 8, 9, 10, 11, 12, 13, 14, 15, 16, 17, 18, 19, 20], [0, 1, 2, 3, 4, 5, 6, 7, 8, 9, 10, 11, 12, 13, 14, 15, 16, 17, 18, 19, 20], [0, 1, 2, 3, 4, 5, 6, 7, 8, 9, 10, 11, 12, 13, 14, 15, 16, 17, 18, 19, 20], [0, 1, 2, 3, 4, 5, 6, 7, 8, 9, 10, 11, 12, 13, 14, 15, 16, 17, 18, 19, 20], [0, 1, 2, 3, 4, 5, 6, 7, 8, 9, 10, 11, 12, 13, 14, 15, 16, 17, 18, 19, 20], [0, 1, 2, 3, 4, 5, 6, 7, 8, 9, 10, 11, 12, 13, 14, 15, 16, 17, 18, 19, 20], [0, 1, 2, 3, 4, 5, 6, 7, 8, 9, 10, 11, 12, 13, 14, 15, 16, 17, 18, 19, 20], [0, 1, 2, 3, 4, 5, 6, 7, 8, 9, 10, 11, 12, 13, 14, 15, 16, 17, 18, 19, 20]], "accuracies": [[9.7, 20.9, 29.38, 32.92, 36.08, 30.35, 51.04, 42.13, 53.21, 46.95, 61.99, 52.7, 66.15, 50.48, 65.98, 54.21, 65.79, 52.13, 68.11, 52.52, 64.54], [9.4, 24.43, 39.35, 51.78, 50.75, 42.48, 47.81, 58.69, 57.27, 62.93, 52.88, 73.01, 63.35, 58.8, 67.92, 67.53, 71.73, 67.06, 54.38, 57.82, 71.23], [8.92, 17.13, 40.55, 36.24, 47.46, 42.94, 50.44, 37.0, 59.12, 50.58, 62.29, 58.88, 52.31, 52.54, 62.92, 54.91, 70.28, 70.13, 54.6, 53.41, 72.62], [10.18, 15.33, 28.76, 44.98, 54.69, 49.67, 53.85, 52.57, 67.13, 68.47, 71.11, 69.82, 66.13, 57.7, 65.39, 71.7, 73.16, 69.46, 61.63, 66.87, 73.84], [15.43, 28.28, 27.77, 42.63, 49.24, 42.72, 38.31, 38.6, 64.35, 45.64, 72.78, 59.67, 58.34, 51.31, 62.84, 54.36, 76.09, 60.3, 57.26, 53.3, 64.31], [9.96, 28.78, 36.61, 29.33, 41.21, 42.58, 52.31, 46.42, 56.74, 45.78, 63.45, 54.53, 54.02, 75.64, 51.32, 53.98, 63.72, 60.8, 52.69, 70.6, 41.29], [8.16, 15.09, 30.48, 30.31, 43.87, 41.8, 47.25, 47.15, 49.09, 52.89, 46.0, 68.29, 48.84, 74.77, 48.34, 70.07, 50.08, 68.08, 50.35, 61.5, 53.05], [8.94, 19.59, 22.3, 24.74, 43.52, 27.89, 51.06, 30.59, 60.15, 36.52, 60.96, 56.67, 67.85, 34.52, 69.18, 52.26, 68.79, 34.7, 57.76, 62.28, 56.79], [9.85, 20.64, 27.32, 33.24, 35.29, 52.91, 46.51, 54.48, 53.37, 64.34, 61.7, 57.05, 58.02, 62.04, 52.43, 65.88, 51.72, 44.57, 37.57, 53.86, 49.01], [14.41, 28.41, 42.83, 33.77, 50.26, 37.24, 51.49, 40.76, 60.76, 35.17, 63.18, 53.45, 61.88, 50.9, 63.25, 47.96, 63.94, 48.27, 69.64, 69.02, 55.3]], "msds": [[0, 0.0006045633926987648, 0.00021930458024144173, 0.0001389546087011695, 0.00013525084068533033, 0.00011660383461276069, 0.00013264520384836942, 0.0001385973155265674, 0.0001161937034339644, 0.00011007575085386634, 0.00010364576883148402, 0.00011630653170868754, 0.0001243643055204302, 0.00012723702820949256, 0.00010391337127657607, 0.0001376747532049194, 7.953723252285272e-05, 8.939126564655453e-05, 8.627349598100409e-05, 0.0001696755352895707, 0.00027424932341091335], [0, 0.0006560134352184832, 0.00024300538643728942, 0.000173172855284065, 0.00014522511628456414, 0.0001166059955721721, 0.00013736792607232928, 0.00011516373342601582, 0.00010892099817283452, 8.690256072441116e-05, 0.00010217951785307378, 9.955606219591573e-05, 0.0001053066662279889, 9.05072083696723e-05, 9.736823267303407e-05, 9.391636558575556e-05, 8.437263750238344e-05, 7.97231332398951e-05, 7.605944847455248e-05, 0.00014344570809043944, 0.00013424183998722583], [0, 0.0007886715466156602, 0.0002422632824163884, 0.00017515332729090005, 0.0001576470531290397, 0.00011904118582606316, 0.00011577834084164351, 0.0001234831433976069, 9.66975130722858e-05, 0.00010724350431701168, 7.598368392791599e-05, 0.00013875676086172462, 9.318925003753975e-05, 0.00015067237836774439, 8.287662785733119e-05, 0.00011556833487702534, 6.881952140247449e-05, 8.727255044505e-05, 8.861612877808511e-05, 0.0001596220681676641, 0.00015314055781345814], [0, 0.0006372376228682697, 0.00025414369883947074, 0.00018719315994530916, 0.00017537488020025194, 0.00013705113087780774, 0.00015272382006514817, 0.0001458402693970129, 0.00013739382848143578, 0.00011738581815734506, 0.0001290755026275292, 0.00012757221702486277, 0.00011559188715182245, 0.00012590207916218787, 0.00010178449883824214, 0.00010781691526062787, 8.285538933705539e-05, 0.00010486366954864934, 9.726268035592511e-05, 0.00013395851419772953, 0.00022188405273482203], [0, 0.0007176772342063487, 0.0002462803095113486, 0.0001455996825825423, 0.00013676079106517136, 0.00010599741654004902, 0.0001050521241268143, 0.00013025187945459038, 9.934065019479021e-05, 9.881194273475558e-05, 9.45532665355131e-05, 0.00010515488247619942, 0.00010342164023313671, 0.00012121803592890501, 7.058442133711651e-05, 0.0001249398192157969, 6.040751759428531e-05, 0.0001120219676522538, 5.550473360926844e-05, 0.00013448875688482076, 0.00018839175754692405], [0, 0.0006978350575082004, 0.0002569023927208036, 0.00016105313261505216, 0.00014202191960066557, 0.00011847046698676422, 0.00014171168731991202, 0.00012023004819639027, 0.00011331638233968988, 0.0001075032923836261, 9.552585834171623e-05, 0.00014631665544584394, 9.723359835334122e-05, 9.378258982906118e-05, 0.00011532911594258621, 7.183576963143423e-05, 9.634936577640474e-05, 7.390436803689227e-05, 7.644527067895979e-05, 9.334263450000435e-05, 0.0003337319940328598], [0, 0.0007796722347848117, 0.0002627942303661257, 0.00018025808094535023, 0.000152591586811468, 0.00012735628115478903, 0.00013185410352889448, 0.0001521056838100776, 0.00011908444867003709, 0.00010267772449878976, 0.0001157943916041404, 9.612098801881075e-05, 0.00013760573347099125, 8.782497752690688e-05, 0.0001313469692831859, 8.684526255819947e-05, 9.895217226585373e-05, 6.420744466595352e-05, 0.0001326405763393268, 0.00010089547868119553, 0.00034674289054237306], [0, 0.0006351028569042683, 0.00019610898743849248, 0.0001580206153448671, 0.00014069861208554357, 0.00013393092376645654, 0.00014164696040097624, 0.00014095936785452068, 0.00012192837311886251, 0.00011594261741265655, 0.00010848698730114847, 0.00011566135799512267, 0.00010591556929284707, 0.00010651618504198268, 9.796619269764051e-05, 8.862900722306222e-05, 8.766454993747175e-05, 0.0001227560278493911, 0.00012193348084110767, 0.00029326725052669644, 0.00016193260671570897], [0, 0.0006365024601109326, 0.0002220073074568063, 0.00014835935144219548, 0.00013765599578619003, 0.00014404355897568166, 0.0001448383991373703, 0.00012879830319434404, 0.0001252673682756722, 0.0001118270811275579, 0.0001209563561133109, 0.00011354452726664022, 9.237395715899765e-05, 9.836203389568254e-05, 0.00010699556878535077, 9.406380559084937e-05, 9.480019798502326e-05, 8.653521945234388e-05, 0.00017545507580507547, 0.00045119496644474566, 0.00020727209630422294], [0, 0.0006179146002978086, 0.0002484033175278455, 0.00016200599202420563, 0.00012475962284952402, 0.0001298197021242231, 0.00010831539839273319, 0.0001417018793290481, 9.824039443628863e-05, 0.0001191345218103379, 0.00010933214798569679, 0.00010937150364043191, 9.826956375036389e-05, 0.00012697417696472257, 8.174098184099421e-05, 0.0001277839910471812, 8.483401325065643e-05, 0.00012937159044668078, 0.00012910118675790727, 0.00027485127793624997, 0.0001739584404276684]]}