{"alpha": 0.75, "beta": 0.5, "gamma": 8.0, "num_samples": 100, "node_count": 10, "density": 1.0, "startup_delay": 0.0, "forward_prob": 0, "epochs": [[0, 1, 2, 3, 4, 5, 6, 7, 8, 9, 10, 11, 12, 13, 14, 15, 16, 17, 18, 19, 20], [0, 1, 2, 3, 4, 5, 6, 7, 8, 9, 10, 11, 12, 13, 14, 15, 16, 17, 18, 19, 20], [0, 1, 2, 3, 4, 5, 6, 7, 8, 9, 10, 11, 12, 13, 14, 15, 16, 17, 18, 19, 20], [0, 1, 2, 3, 4, 5, 6, 7, 8, 9, 10, 11, 12, 13, 14, 15, 16, 17, 18, 19, 20], [0, 1, 2, 3, 4, 5, 6, 7, 8, 9, 10, 11, 12, 13, 14, 15, 16, 17, 18, 19, 20], [0, 1, 2, 3, 4, 5, 6, 7, 8, 9, 10, 11, 12, 13, 14, 15, 16, 17, 18, 19, 20], [0, 1, 2, 3, 4, 5, 6, 7, 8, 9, 10, 11, 12, 13, 14, 15, 16, 17, 18, 19, 20], [0, 1, 2, 3, 4, 5, 6, 7, 8, 9, 10, 11, 12, 13, 14, 15, 16, 17, 18, 19, 20], [0, 1, 2, 3, 4, 5, 6, 7, 8, 9, 10, 11, 12, 13, 14, 15, 16, 17, 18, 19, 20], [0, 1, 2, 3, 4, 5, 6, 7, 8, 9, 10, 11, 12, 13, 14, 15, 16, 17, 18, 19, 20]], "accuracies": [[9.52, 19.71, 52.48, 65.67, 68.81, 72.59, 73.72, 74.32, 76.01, 77.51, 77.5, 78.07, 78.35, 78.97, 78.8, 79.33, 79.17, 79.68, 79.41, 78.66, 79.33], [6.25, 20.17, 58.92, 64.06, 70.26, 71.65, 73.96, 74.12, 76.11, 77.51, 78.27, 77.97, 78.49, 79.39, 78.68, 79.1, 79.15, 79.52, 79.62, 78.86, 79.76], [10.15, 25.54, 61.92, 63.71, 68.33, 72.38, 74.17, 75.14, 75.99, 77.37, 78.51, 78.0, 78.45, 79.3, 78.51, 78.58, 78.61, 79.59, 79.3, 78.57, 79.53], [14.48, 32.3, 55.29, 63.71, 69.21, 72.28, 73.88, 74.21, 76.31, 76.48, 77.4, 78.2, 78.56, 78.88, 78.89, 79.22, 79.11, 79.68, 79.29, 79.01, 79.48], [10.0, 27.05, 56.89, 66.14, 69.58, 72.56, 74.05, 75.48, 76.56, 77.48, 78.33, 78.13, 78.53, 79.19, 78.77, 79.01, 78.94, 79.75, 79.59, 78.91, 79.51], [10.1, 10.01, 54.7, 63.36, 70.63, 72.62, 74.51, 74.83, 76.35, 77.39, 77.88, 78.36, 78.61, 79.59, 78.18, 79.55, 78.82, 79.6, 79.31, 79.29, 79.36], [5.14, 14.02, 56.41, 66.23, 69.1, 71.49, 73.85, 73.81, 75.92, 76.2, 78.25, 78.33, 78.87, 79.41, 78.6, 79.09, 78.9, 79.63, 78.9, 79.24, 79.51], [9.55, 10.0, 53.91, 66.19, 69.11, 72.07, 73.46, 75.05, 75.91, 77.64, 78.47, 78.59, 78.56, 79.09, 78.46, 79.41, 79.27, 79.59, 79.26, 79.12, 79.37], [10.78, 35.02, 55.56, 66.45, 69.09, 72.31, 74.36, 75.02, 76.08, 77.49, 77.93, 77.92, 78.57, 79.01, 78.82, 79.14, 78.18, 79.59, 79.38, 78.52, 79.21], [7.84, 18.33, 53.12, 64.55, 68.85, 72.46, 73.55, 75.03, 76.23, 77.45, 78.2, 78.27, 78.72, 79.2, 78.53, 79.39, 79.49, 79.87, 79.06, 79.25, 79.39]], "msds": [[0, 0.0007322717574425042, 0.00012093756959075108, 7.94954685261473e-05, 4.5584758481709287e-05, 3.572831701603718e-05, 3.39656398864463e-05, 3.4886368666775525e-05, 2.9445298423524946e-05, 3.30983275489416e-05, 2.5739465854712762e-05, 3.3101747249020264e-05, 3.0375780625035986e-05, 2.2081230781623162e-05, 2.1750056475866586e-05, 1.807943954190705e-05, 2.0882704120595008e-05, 1.4709242350363638e-05, 2.2194275516085327e-05, 4.6309844037750736e-05, 2.145325197489001e-05], [0, 0.0007266169413924217, 0.00011656298738671467, 7.946912955958396e-05, 4.589320451486856e-05, 4.6088960516499355e-05, 3.4277891245437786e-05, 4.018819163320586e-05, 3.6876350350212306e-05, 4.012760109617375e-05, 2.8645719794440083e-05, 3.228386412956752e-05, 3.5214241506764665e-05, 2.0989045879105106e-05, 3.764440771192312e-05, 2.35308070841711e-05, 2.679394674487412e-05, 1.9629786038422026e-05, 2.094425326504279e-05, 4.293462188798003e-05, 1.674800478213001e-05], [0, 0.0007430998957715929, 0.00012313933984842151, 8.223977783927694e-05, 4.720483048004098e-05, 4.050815914524719e-05, 3.300850949017331e-05, 3.5759258025791496e-05, 3.537300290190615e-05, 3.200180071871728e-05, 2.9699167498620227e-05, 3.6306289985077456e-05, 3.5223121813032776e-05, 2.227464210591279e-05, 2.9413868105621077e-05, 2.9374614314292558e-05, 2.7048623451264575e-05, 2.6007865017163567e-05, 2.1527655917452648e-05, 2.8969883715035394e-05, 1.6831687389640138e-05], [0, 0.000737117778044194, 0.00012865258031524718, 7.776539132464677e-05, 4.695146708399989e-05, 3.659016510937363e-05, 3.45781008945778e-05, 3.416002800804563e-05, 3.3307620469713584e-05, 4.0883111068978906e-05, 3.391914287931286e-05, 3.45316730090417e-05, 2.685203253349755e-05, 2.6761534172692336e-05, 2.108813168888446e-05, 1.9853270714520477e-05, 2.3669408619753085e-05, 1.3984392353449948e-05, 2.0973520804545842e-05, 2.092934664688073e-05, 1.5051149603095837e-05], [0, 0.0007343115285038948, 0.0001255494571523741, 8.065158181125298e-05, 4.746463309857063e-05, 3.710107193910517e-05, 3.134145663352683e-05, 3.393042425159365e-05, 2.9621565772686154e-05, 3.106511940131895e-05, 2.7508363928063773e-05, 3.15716715704184e-05, 3.2607887987978756e-05, 2.5821946110227145e-05, 2.223992851213552e-05, 2.942922765214462e-05, 2.3453736503142864e-05, 2.046864028670825e-05, 4.093113602721132e-05, 2.7185171347809955e-05, 1.889511440822389e-05], [0, 0.0007427975069731474, 0.0001254913950106129, 9.073253750102594e-05, 5.629413135466166e-05, 4.531853483058512e-05, 3.8991951441857964e-05, 4.313481622375548e-05, 4.0350791095988825e-05, 4.46356316388119e-05, 2.8046553779859096e-05, 4.072176670888439e-05, 3.294754060334526e-05, 2.0667206626967527e-05, 3.6934507079422474e-05, 1.9417311705183238e-05, 3.515198841341771e-05, 1.840790173446294e-05, 5.2269799198256806e-05, 2.857616163964849e-05, 1.8658742192201316e-05], [0, 0.0007394446292892098, 0.00013049178232904524, 8.357259503100067e-05, 4.955603799317032e-05, 4.105547850485891e-05, 3.47193781635724e-05, 3.57188364432659e-05, 3.183964145136997e-05, 3.460623702267185e-05, 2.726194725255482e-05, 3.603181539801881e-05, 2.8222026230650954e-05, 2.252830017823726e-05, 3.474504410405643e-05, 3.4943448554258794e-05, 2.9229810024844483e-05, 2.9912351237726398e-05, 3.2753781852079555e-05, 2.20348247239599e-05, 1.5096075003384613e-05], [0, 0.0007315843249671161, 0.00012585111835505813, 8.30821882118471e-05, 5.056943336967379e-05, 4.372535113361664e-05, 4.137520591029897e-05, 3.47840650647413e-05, 4.2322761146351695e-05, 3.643685704446398e-05, 2.621038402139675e-05, 4.108786743017845e-05, 4.084503234480508e-05, 2.0597095499397255e-05, 2.744334051385522e-05, 1.6659332686685957e-05, 2.898350612667855e-05, 1.5000094208517112e-05, 1.9189323211321607e-05, 2.0847619452979416e-05, 1.570330096001271e-05], [0, 0.0007393623236566782, 0.0001317796704825014, 8.74974939506501e-05, 4.579074084176682e-05, 4.483665179577656e-05, 3.208409179933369e-05, 3.801215279963799e-05, 3.781060877372511e-05, 3.1146573746809736e-05, 2.575060716480948e-05, 4.1348448576172814e-05, 2.614163349790033e-05, 1.957739186764229e-05, 2.1805977667099796e-05, 1.9831493773381226e-05, 6.611313438042998e-05, 1.7134336303570308e-05, 1.95399989024736e-05, 3.229330468457192e-05, 6.193854642333463e-05], [0, 0.0007337321876548231, 0.00011956096568610519, 7.993999315658584e-05, 4.930345312459394e-05, 3.924582779291086e-05, 3.862053927150555e-05, 3.276264760643244e-05, 3.4452368709025905e-05, 3.190672578057274e-05, 2.8484573704190552e-05, 3.1960473279468715e-05, 2.2920810806681402e-05, 2.0279745513107628e-05, 3.225788168492727e-05, 1.771884853951633e-05, 2.135667637048755e-05, 1.3046788808424026e-05, 4.208189784549177e-05, 2.1921667212154716e-05, 1.3981682968733367e-05]]}