{"alpha": 0.0, "beta": 1.0, "gamma": 3.0, "num_samples": 1000, "node_count": 10, "density": 0.2, "startup_delay": 0.0, "forward_prob": 0, "epochs": [[0, 1, 2, 3, 4, 5, 6, 7, 8, 9, 10, 11, 12, 13, 14, 15, 16, 17, 18, 19, 20], [0, 1, 2, 3, 4, 5, 6, 7, 8, 9, 10, 11, 12, 13, 14, 15, 16, 17, 18, 19, 20], [0, 1, 2, 3, 4, 5, 6, 7, 8, 9, 10, 11, 12, 13, 14, 15, 16, 17, 18, 19, 20], [0, 1, 2, 3, 4, 5, 6, 7, 8, 9, 10, 11, 12, 13, 14, 15, 16, 17, 18, 19, 20], [0, 1, 2, 3, 4, 5, 6, 7, 8, 9, 10, 11, 12, 13, 14, 15, 16, 17, 18, 19, 20], [0, 1, 2, 3, 4, 5, 6, 7, 8, 9, 10, 11, 12, 13, 14, 15, 16, 17, 18, 19, 20], [0, 1, 2, 3, 4, 5, 6, 7, 8, 9, 10, 11, 12, 13, 14, 15, 16, 17, 18, 19, 20], [0, 1, 2, 3, 4, 5, 6, 7, 8, 9, 10, 11, 12, 13, 14, 15, 16, 17, 18, 19, 20], [0, 1, 2, 3, 4, 5, 6, 7, 8, 9, 10, 11, 12, 13, 14, 15, 16, 17, 18, 19, 20], [0, 1, 2, 3, 4, 5, 6, 7, 8, 9, 10, 11, 12, 13, 14, 15, 16, 17, 18, 19, 20]], "accuracies": [[1.71, 10.13, 70.0, 74.34, 79.88, 80.62, 82.57, 83.03, 83.71, 83.67, 82.89, 84.73, 84.7, 84.78, 84.52, 85.12, 85.61, 85.53, 85.54, 85.55, 85.51], [10.01, 26.32, 38.26, 64.33, 75.26, 76.88, 80.26, 82.02, 82.72, 83.1, 83.09, 84.34, 84.74, 84.1, 84.64, 84.41, 85.44, 85.19, 85.27, 84.99, 85.65], [16.97, 10.0, 60.44, 66.74, 77.04, 80.39, 82.16, 83.13, 83.34, 83.67, 84.73, 84.74, 84.78, 84.41, 85.12, 85.19, 85.53, 84.99, 85.55, 85.51, 85.73], [6.15, 20.92, 42.86, 76.47, 77.94, 82.35, 83.1, 83.43, 84.18, 84.3, 84.02, 84.41, 85.24, 84.63, 85.25, 85.5, 84.99, 85.76, 86.03, 86.03, 85.98], [6.13, 18.48, 69.98, 79.65, 82.9, 83.25, 83.52, 84.98, 85.0, 85.4, 85.49, 85.89, 86.01, 85.8, 85.26, 85.23, 85.16, 85.12, 84.68, 84.59, 84.98], [9.95, 77.07, 82.09, 83.85, 84.14, 84.9, 84.83, 85.07, 85.31, 85.58, 85.26, 85.23, 85.16, 85.12, 84.68, 84.59, 84.98, 84.97, 84.33, 84.34, 84.31], [2.94, 41.18, 78.22, 82.4, 83.12, 84.11, 85.03, 85.05, 85.28, 85.33, 85.86, 85.83, 85.82, 85.04, 85.23, 85.07, 85.19, 85.21, 85.24, 85.2, 85.2], [10.17, 70.77, 80.59, 81.64, 83.52, 84.11, 84.66, 85.27, 85.28, 85.12, 85.33, 85.52, 85.22, 84.73, 84.82, 84.84, 84.88, 84.84, 84.86, 84.89, 84.89], [9.01, 35.1, 78.31, 81.86, 83.31, 84.42, 84.74, 85.27, 85.39, 85.65, 85.26, 85.25, 85.09, 85.06, 85.07, 85.19, 85.2, 85.23, 85.24, 85.23, 85.2], [12.65, 70.33, 80.94, 81.91, 83.43, 84.27, 84.61, 84.93, 85.03, 85.02, 85.16, 85.19, 84.72, 83.6, 83.9, 83.92, 83.89, 83.98, 83.94, 83.97, 83.9]], "msds": [[0, 0.0008458073134534061, 0.0003958047309424728, 0.0002892793563660234, 0.0001811863185139373, 0.00012806661834474653, 0.00012026919284835458, 0.00014242912584450096, 0.00013126936391927302, 0.00012732716277241707, 0.00014736915181856602, 0.00011142842413391918, 0.00012148804671596736, 9.777271043276414e-05, 0.00013686763122677803, 0.00010804202611325309, 6.54995019431226e-05, 0.00012426835019141436, 8.140078716678545e-05, 0.00010607680451357737, 0.00013310305075719953], [0, 0.0008510812185704708, 0.0005856434581801295, 0.0004020923806820065, 0.00024276418844237924, 0.00016460748156532645, 0.00012234934547450393, 0.00011325960076646879, 0.000129599473439157, 0.00013119805953465402, 0.00014212558744475245, 0.0001232343929586932, 0.00011800016363849863, 0.00012821253039874136, 0.00011347468534950167, 0.00010772145469672978, 0.00011408102727727965, 7.701291178818792e-05, 8.965006418293342e-05, 6.628813571296632e-05, 0.0001122542962548323], [0, 0.0008584102033637464, 0.0004628755559679121, 0.000348238623701036, 0.0002058700774796307, 0.00012395947123877704, 0.00012286394485272467, 0.00011764403461711481, 0.0001291519292863086, 0.0001255144306924194, 0.00010896995081566274, 0.00014768660184927285, 0.00010390821262262762, 0.00012489844812080264, 0.00010046536044683307, 7.994493353180587e-05, 9.938334551407024e-05, 6.630062125623226e-05, 0.00010157465294469148, 0.00010937904880847782, 7.794458360876888e-05], [0, 0.0008464451530016959, 0.0005685036885552108, 0.00021219700283836573, 0.00014485442079603672, 0.0001378512679366395, 0.0001162942498922348, 0.00015943740436341614, 0.00014368955453392118, 0.00015850705676712096, 0.00014940302935428917, 0.00015079521108418703, 0.00014180877769831568, 0.00010268356709275395, 0.0001413891586707905, 7.627028389833868e-05, 0.00010479302727617323, 0.0001249810156878084, 9.25919011933729e-05, 5.722958667320199e-05, 5.818338831886649e-05], [0, 0.000859319930896163, 0.0004428876854944974, 0.00019164032710250467, 0.00016086656250990927, 0.00014477437071036547, 0.0001330501545453444, 0.0001367180811939761, 0.00012662251538131386, 0.00010322227171855047, 8.663836342748255e-05, 0.00010071909491671249, 9.282334212912247e-05, 5.277137825032696e-05, 8.196126873372123e-05, 2.044942266365979e-05, 5.0025364544126205e-06, 3.347908932482824e-05, 7.765341433696449e-05, 6.937295256648213e-05, 1.3263536857266445e-05], [0, 0.0004510300059337169, 0.00025374823599122465, 0.00019624867127276957, 0.00017361307982355356, 0.00015888368943706155, 0.00013114092871546745, 0.00010860920883715153, 0.00014908320736140013, 9.538876474834979e-05, 8.196126873372123e-05, 2.044942266365979e-05, 5.0025364544126205e-06, 3.347908932482824e-05, 7.765341433696449e-05, 6.937295256648213e-05, 1.3263536857266445e-05, 5.321509888744913e-06, 0, 0, 0], [0, 0.0006612481665797532, 0.00027826696168631315, 0.00021377192751970142, 0.00021279233624227345, 0.00021101126912981272, 0.00022860920580569655, 0.00019567426352296025, 0.00018745478882919997, 0.0001572121836943552, 0.0001167386508313939, 6.160615157568827e-05, 8.348386472789571e-05, 3.8446694816229865e-05, 3.805018059210852e-05, 9.398021575179882e-06, 1.1096321941295173e-06, 3.4932017456412723e-07, 2.826752734108595e-07, 2.6683198939281283e-07, 3.3214050176866294e-07], [0, 0.0005792792653664947, 0.000209799109143205, 0.00016595232591498643, 0.00018470473878551275, 0.00017481861868873239, 0.00013995225890539587, 0.00015135537250898778, 0.00010246990132145584, 0.0001100097069866024, 5.692549530067481e-05, 3.2503263355465606e-05, 0.00010835505236173049, 0, 0, 0, 0, 0, 0, 0, 0], [0, 0.0007406725781038404, 0.00030698359478265047, 0.000228401375352405, 0.00023495008645113558, 0.0002274481812492013, 0.00021786712750326842, 0.00019429356325417757, 0.00014452950563281775, 0.00013805326307192445, 0.00010378230217611417, 7.093778549460694e-05, 5.827949644299224e-05, 3.407478652661666e-05, 3.0128723665256985e-05, 2.7681817300617695e-06, 4.7495564103883225e-07, 2.3088290390660404e-07, 1.9496619074743649e-07, 1.915031333510342e-07, 3.3214050176866294e-07], [0, 0.0005267712404020131, 0.00022565478866454214, 0.00017728761304169893, 0.0001875658199423924, 0.00017126563761848956, 0.00014160788850858808, 0.00015064998297020793, 0.00015175815497059375, 0.00017660764569882303, 7.804660708643496e-05, 5.008619700674899e-05, 0.00012272698222659528, 0, 0, 0, 0, 0, 0, 0, 0]]}