{"alpha": 0.75, "beta": 0.5, "gamma": 1.0, "num_samples": 25, "node_count": 10, "density": 0.0, "startup_delay": 0.0, "forward_prob": 0, "epochs": [[0, 1, 2, 3, 4, 5, 6, 7, 8, 9, 10, 11, 12, 13, 14, 15, 16, 17, 18, 19, 20], [0, 1, 2, 3, 4, 5, 6, 7, 8, 9, 10, 11, 12, 13, 14, 15, 16, 17, 18, 19, 20], [0, 1, 2, 3, 4, 5, 6, 7, 8, 9, 10, 11, 12, 13, 14, 15, 16, 17, 18, 19, 20], [0, 1, 2, 3, 4, 5, 6, 7, 8, 9, 10, 11, 12, 13, 14, 15, 16, 17, 18, 19, 20], [0, 1, 2, 3, 4, 5, 6, 7, 8, 9, 10, 11, 12, 13, 14, 15, 16, 17, 18, 19, 20], [0, 1, 2, 3, 4, 5, 6, 7, 8, 9, 10, 11, 12, 13, 14, 15, 16, 17, 18, 19, 20], [0, 1, 2, 3, 4, 5, 6, 7, 8, 9, 10, 11, 12, 13, 14, 15, 16, 17, 18, 19, 20], [0, 1, 2, 3, 4, 5, 6, 7, 8, 9, 10, 11, 12, 13, 14, 15, 16, 17, 18, 19, 20], [0, 1, 2, 3, 4, 5, 6, 7, 8, 9, 10, 11, 12, 13, 14, 15, 16, 17, 18, 19, 20], [0, 1, 2, 3, 4, 5, 6, 7, 8, 9, 10, 11, 12, 13, 14, 15, 16, 17, 18, 19, 20]], "accuracies": [[14.88, 10.0, 19.65, 55.29, 40.04, 53.83, 58.06, 58.29, 59.21, 57.12, 61.36, 56.35, 58.41, 60.99, 62.2, 61.36, 62.96, 62.36, 62.7, 62.44, 63.21], [15.75, 24.63, 32.92, 40.17, 46.5, 55.07, 56.51, 57.98, 58.21, 56.07, 57.93, 56.98, 58.6, 59.33, 61.3, 58.54, 57.54, 61.22, 58.35, 59.88, 61.43], [4.61, 51.47, 54.85, 50.5, 54.78, 55.08, 57.58, 56.95, 58.94, 60.1, 59.94, 61.1, 60.03, 60.79, 60.67, 62.94, 64.68, 64.0, 59.93, 62.01, 60.77], [8.65, 34.64, 48.41, 59.1, 52.02, 54.64, 58.54, 57.4, 54.3, 53.59, 59.32, 58.67, 57.27, 58.16, 60.75, 58.94, 60.75, 58.89, 61.06, 60.35, 61.41], [13.34, 46.03, 49.53, 53.18, 56.26, 54.04, 58.12, 59.54, 59.66, 59.69, 60.61, 59.17, 58.03, 57.05, 61.75, 61.18, 60.06, 58.81, 61.53, 60.73, 63.61], [7.78, 50.18, 48.38, 49.65, 49.08, 57.51, 54.08, 54.64, 52.77, 52.6, 50.22, 54.3, 54.33, 56.9, 58.92, 59.07, 57.66, 56.25, 60.47, 59.98, 59.26], [2.23, 28.68, 48.36, 50.97, 52.87, 53.37, 59.18, 59.88, 59.56, 57.71, 60.48, 58.78, 56.48, 56.31, 61.81, 59.26, 58.59, 59.49, 61.31, 59.93, 60.8], [7.67, 40.66, 43.73, 49.78, 56.31, 56.66, 55.47, 59.07, 62.44, 59.98, 60.14, 62.51, 62.18, 62.41, 62.85, 64.29, 64.47, 64.81, 64.6, 65.25, 64.34], [7.6, 18.89, 49.42, 59.76, 50.05, 58.23, 59.75, 61.37, 60.47, 59.52, 61.18, 60.37, 60.88, 60.73, 60.98, 61.25, 60.28, 62.86, 60.72, 62.78, 63.14], [9.17, 41.7, 47.45, 55.28, 58.95, 61.58, 62.21, 61.24, 57.18, 59.63, 60.31, 59.55, 59.34, 62.82, 60.99, 60.19, 63.16, 61.96, 63.43, 59.43, 63.35]], "msds": [[0, 0.0006722428952343762, 0.00031757858232595026, 9.041275188792497e-05, 0.00012639290071092546, 6.698587094433606e-05, 2.5648052542237565e-05, 1.4571543943020515e-05, 1.0911725439655129e-05, 1.239806351804873e-05, 1.1339522643538658e-05, 1.1259872735536192e-05, 9.383440556121059e-06, 1.6493389921379276e-05, 1.2102418622816913e-05, 1.1269233255006839e-05, 6.620291969738901e-06, 6.862339887447888e-06, 7.729901881248225e-06, 6.092176136007765e-06, 5.011058874515584e-06], [0, 0.000694779388140887, 0.0003264165425207466, 0.00016021227929741144, 5.44763715879526e-05, 2.6417115805088542e-05, 1.6480707927257754e-05, 9.581355698173866e-06, 8.792699190962594e-06, 3.600112904678099e-06, 3.4701015465543605e-06, 7.253202511492418e-06, 6.027164545230335e-06, 1.3751076039625332e-05, 1.0624242349877022e-05, 1.6932359358179383e-05, 9.16812859941274e-06, 4.79831487609772e-06, 1.01585901575163e-05, 5.329966825229349e-06, 3.2775731142464792e-06], [0, 0.0006774087669327855, 0.00019707725732587278, 0.00016524952661711723, 5.803655585623346e-05, 2.7857948225573637e-05, 7.230618211906403e-05, 2.109182059939485e-05, 2.1073648895253427e-05, 2.7939178835367784e-05, 1.9873989003826864e-05, 1.975482882698998e-05, 1.8770077076624148e-05, 1.8719249055720866e-05, 1.790987516869791e-05, 1.9505709133227356e-05, 1.645325573917944e-05, 1.656820131756831e-05, 1.4607052435167134e-05, 1.8051012375508435e-05, 1.710242941044271e-05], [0, 0.0006833975785411894, 0.00031738303368911147, 0.00016021227929741144, 5.44763715879526e-05, 3.1916810257826e-05, 2.41443940467434e-05, 1.2076455277565401e-05, 8.792699190962594e-06, 3.600112904678099e-06, 7.404811185551807e-06, 9.256538760382682e-06, 7.705300049565267e-06, 6.026294158800738e-06, 1.054949370882241e-05, 1.1414481377869379e-05, 1.1535837074916344e-05, 9.735425010148901e-06, 9.927260180120356e-06, 6.002273494232213e-06, 4.3343652578187175e-06], [0, 0.0006774087669327855, 0.0003177741600666195, 9.000475984066725e-05, 2.9088980227243155e-05, 9.65552098932676e-05, 1.9488015823299065e-05, 1.6170026356121525e-05, 2.3704891646048054e-05, 2.2940386770642363e-05, 2.3949512979015708e-05, 2.364967076573521e-05, 2.571390177763533e-05, 2.4268720153486356e-05, 1.3655348084284924e-05, 1.1269233255006839e-05, 6.620291969738901e-06, 3.989254309999524e-06, 5.763882199971704e-06, 5.509777111001313e-06, 1.0866693628486246e-05], [0, 0.0007044675294309855, 0.00018759687372948974, 0.00022321169672068208, 0.00010504789679544047, 3.807594839599915e-05, 3.030194238817785e-05, 2.4896220566006377e-05, 2.3904887711978517e-05, 2.326727371837478e-05, 2.2476187950815074e-05, 2.1046147594461218e-05, 2.6182695364695974e-05, 2.416761708445847e-05, 1.4312350685941055e-05, 9.815154044190422e-06, 2.5435807401663624e-05, 2.7527699785423465e-05, 2.391148154856637e-05, 3.210773866157979e-05, 2.4920436771935783e-05], [0, 0.0006846640026196837, 0.0001707031624391675, 0.00012105979840271175, 7.766410271869972e-05, 0.00010812237451318651, 3.038525755982846e-05, 2.678088094398845e-05, 3.0072404115344398e-05, 2.5266817829106003e-05, 2.5122821170953102e-05, 2.3079141101334244e-05, 2.6041494493256323e-05, 2.3345510271610692e-05, 2.3771524865878746e-05, 1.6285475794575177e-05, 2.0338136891950853e-05, 1.7976173694478348e-05, 1.7504784409538843e-05, 1.6014380889828317e-05, 1.6218551536439918e-05], [0, 0.000696989824064076, 0.00018324347911402583, 4.9226433475269005e-05, 3.9081740396795794e-05, 6.78015494486317e-05, 8.206853817682713e-05, 2.9494472983060405e-05, 2.463070268277079e-05, 2.6932091714115813e-05, 2.4353405024157837e-05, 2.5283281502197497e-05, 2.284490255988203e-05, 2.3896272978163324e-05, 2.4709192075533792e-05, 2.265356306452304e-05, 2.1165600628592074e-05, 2.2551208530785516e-05, 1.7977214156417176e-05, 1.7280579413636588e-05, 2.0353329091449268e-05], [0, 0.0006807454628869891, 0.0001773544354364276, 0.00011690091923810542, 6.962672341614962e-05, 5.2407373004825786e-05, 2.731687345658429e-05, 2.4635302906972356e-05, 2.3912227334221825e-05, 2.303502151335124e-05, 2.2641745090368204e-05, 2.3290293029276654e-05, 2.0411596779013053e-05, 2.0644629330490716e-05, 2.262664565932937e-05, 2.3315753423958085e-05, 1.7975793525693007e-05, 1.7428637875127606e-05, 1.9699302356457338e-05, 1.8392560377833433e-05, 1.4422489584831055e-05], [0, 0.0006780943949706852, 0.00017690799722913653, 5.451533797895536e-05, 4.2029500036733225e-05, 5.1823928515659645e-05, 3.690222365548834e-05, 2.6619429263519123e-05, 2.2757420083507895e-05, 1.944635914696846e-05, 1.753431570250541e-05, 2.034832323261071e-05, 1.5882797015365213e-05, 1.8860910131479613e-05, 1.8629381884238683e-05, 1.7458363799960352e-05, 2.2158710635267198e-05, 2.091069836751558e-05, 1.5257925952028017e-05, 2.167551610909868e-05, 1.3567565474659204e-05]]}