{"alpha": 0.75, "beta": 0.5, "gamma": 1.0, "num_samples": 100, "node_count": 10, "density": 0.0, "startup_delay": 2.0, "forward_prob": 0, "epochs": [[0, 1, 2, 3, 4, 5, 6, 7, 8, 9, 10, 11, 12, 13, 14, 15, 16, 17, 18, 19, 20], [0, 1, 2, 3, 4, 5, 6, 7, 8, 9, 10, 11, 12, 13, 14, 15, 16, 17, 18, 19, 20], [0, 1, 2, 3, 4, 5, 6, 7, 8, 9, 10, 11, 12, 13, 14, 15, 16, 17, 18, 19, 20], [0, 1, 2, 3, 4, 5, 6, 7, 8, 9, 10, 11, 12, 13, 14, 15, 16, 17, 18, 19, 20], [0, 1, 2, 3, 4, 5, 6, 7, 8, 9, 10, 11, 12, 13, 14, 15, 16, 17, 18, 19, 20], [0, 1, 2, 3, 4, 5, 6, 7, 8, 9, 10, 11, 12, 13, 14, 15, 16, 17, 18, 19, 20], [0, 1, 2, 3, 4, 5, 6, 7, 8, 9, 10, 11, 12, 13, 14, 15, 16, 17, 18, 19, 20], [0, 1, 2, 3, 4, 5, 6, 7, 8, 9, 10, 11, 12, 13, 14, 15, 16, 17, 18, 19, 20], [0, 1, 2, 3, 4, 5, 6, 7, 8, 9, 10, 11, 12, 13, 14, 15, 16, 17, 18, 19, 20], [0, 1, 2, 3, 4, 5, 6, 7, 8, 9, 10, 11, 12, 13, 14, 15, 16, 17, 18, 19, 20]], "accuracies": [[9.59, 28.13, 27.97, 28.22, 28.69, 32.02, 37.59, 36.92, 37.41, 37.55, 37.6, 37.61, 37.65, 42.53, 41.4, 37.31, 37.32, 19.36, 22.09, 50.84, 55.03], [10.2, 27.53, 26.45, 25.57, 28.76, 37.17, 36.07, 33.76, 32.11, 40.12, 45.93, 31.79, 48.27, 50.09, 40.35, 42.71, 37.99, 42.91, 39.54, 42.67, 48.83], [8.37, 10.0, 28.06, 28.82, 40.42, 36.79, 37.27, 37.33, 37.97, 28.34, 55.69, 57.6, 39.39, 48.32, 62.91, 54.64, 44.61, 44.52, 40.48, 47.52, 28.38], [13.18, 27.85, 26.53, 28.73, 28.81, 28.92, 29.09, 29.19, 29.38, 31.12, 29.21, 48.37, 39.76, 51.94, 58.13, 58.19, 61.35, 35.12, 42.18, 30.73, 65.46], [7.68, 26.68, 25.35, 27.72, 27.94, 28.0, 27.73, 28.01, 27.53, 29.59, 30.57, 37.0, 34.11, 49.71, 48.61, 59.63, 28.67, 33.74, 27.46, 29.35, 25.05], [2.44, 17.55, 19.8, 19.68, 24.37, 25.39, 23.91, 26.41, 26.64, 28.29, 31.47, 29.1, 42.2, 35.76, 40.62, 40.91, 28.38, 30.06, 30.46, 42.49, 42.41], [7.84, 23.28, 19.9, 19.92, 24.39, 24.91, 25.16, 27.11, 25.79, 27.85, 28.6, 25.8, 28.71, 39.83, 25.04, 37.64, 32.04, 25.02, 41.38, 27.93, 41.4], [6.83, 19.69, 26.66, 31.24, 27.53, 33.05, 28.94, 30.77, 33.04, 36.31, 36.2, 35.76, 36.11, 33.54, 32.31, 33.14, 28.35, 29.5, 43.95, 37.81, 31.5], [8.35, 27.35, 27.14, 27.75, 28.03, 28.41, 27.95, 28.68, 29.11, 39.46, 41.4, 45.04, 47.66, 53.28, 52.35, 59.87, 29.49, 51.33, 28.39, 29.04, 29.01], [9.32, 28.69, 28.09, 29.05, 28.87, 29.04, 29.26, 32.98, 29.26, 37.76, 47.85, 33.76, 39.94, 41.91, 56.01, 39.18, 37.04, 31.78, 42.71, 33.42, 29.41]], "msds": [[0, 0.0006673996103927493, 0.0002548281045164913, 0.00012730377784464508, 6.041922461008653e-05, 9.554585267324e-05, 7.844634092180058e-05, 4.859571345150471e-05, 6.357737584039569e-05, 5.414383485913277e-05, 5.124478411744349e-05, 4.748832361656241e-05, 7.398303569061682e-05, 4.4273929233895615e-05, 4.4986652937950566e-05, 7.594392081955448e-05, 8.930853073252365e-05, 8.413543400820345e-05, 5.9522386436583474e-05, 5.9653928474290296e-05, 3.6939232813892886e-05], [0, 0.0006673996103927493, 0.0002548281045164913, 0.00012730377784464508, 0.00010732759983511642, 9.554585267324e-05, 7.844634092180058e-05, 8.063323912210763e-05, 5.7880854001268744e-05, 4.4493936002254486e-05, 4.04545571655035e-05, 8.678665471961722e-05, 5.782793232356198e-05, 3.6697245377581567e-05, 5.1286555390106514e-05, 6.745744758518413e-05, 8.930853073252365e-05, 5.5152875575004146e-05, 7.722149166511372e-05, 6.623891385970637e-05, 4.394687493913807e-05], [0, 0.0006352721247822046, 0.00026669763610698283, 0.00010732759983511642, 0.000103802012745291, 8.894122584024444e-05, 8.063323912210763e-05, 5.7880854001268744e-05, 4.4493936002254486e-05, 0.00011060572433052585, 9.110139217227697e-05, 4.524570613284595e-05, 3.415218088775873e-05, 4.73213403893169e-05, 4.8375219193985686e-05, 3.749438837985508e-05, 6.398945697583258e-05, 5.005039929528721e-05, 6.776231748517603e-05, 5.764366505900398e-05, 9.735451021697372e-05], [0, 0.0006778720999136567, 0.00024189102987293154, 0.0002525779709685594, 0.00012018749839626253, 7.275825191754848e-05, 0.00010271033534081653, 0.00011272957635810599, 0.00010489036503713578, 0.00011060572433052585, 9.541618055664003e-05, 6.698518700432032e-05, 4.994701157556847e-05, 4.295702819945291e-05, 3.1432755349669605e-05, 2.232556653325446e-05, 1.5664034435758367e-05, 6.000600114930421e-05, 8.928216266212985e-05, 7.45867655496113e-05, 0.00010131275485036895], [0, 0.000610430957749486, 0.00030624779174104333, 0.00014637781714554876, 8.908444578992203e-05, 0.00012313033221289515, 0.00011640314187388867, 0.00010881751222768798, 0.00010413950076326728, 0.00010126020788447931, 7.890391134424135e-05, 7.953461317811161e-05, 7.550923328381032e-05, 6.631646101595834e-05, 6.842236325610429e-05, 5.547820182982832e-05, 9.694270556792617e-05, 8.456508658127859e-05, 0.00010527110134717077, 7.832139817764983e-05, 3.9010275941109285e-05], [0, 0.0005501635605469346, 0.0002169077197322622, 0.0001444830559194088, 0.00010042396752396598, 0.00010322748130420223, 0.00010774245311040431, 0.0001100890658563003, 0.00010825438221218064, 9.869999485090375e-05, 7.523686508648098e-05, 8.121958671836182e-05, 7.967691635712981e-05, 8.705246727913618e-05, 6.891824887134135e-05, 5.76969760004431e-05, 9.972900443244725e-05, 8.895822247723117e-05, 7.832139817764983e-05, 6.222381489351392e-05, 5.073173451819457e-05], [0, 0.0006597760948352516, 0.00030623897328041494, 0.0001960898080142215, 0.00019240553956478834, 0.000137819821247831, 0.00014065521827433258, 0.0001348194055026397, 0.00015038416313473135, 0.00014253832341637462, 0.00010703745647333562, 8.795109897619113e-05, 9.455148392589763e-05, 7.420783367706463e-05, 8.766166138229892e-05, 9.91802298813127e-05, 7.25160280126147e-05, 0.00010472920985193923, 0.0001080170477507636, 8.54374302434735e-05, 5.073173451819457e-05], [0, 0.000587107555475086, 0.0001199336038553156, 6.943420885363594e-05, 0.0001009683110169135, 8.878773223841563e-05, 8.00972047727555e-05, 8.239527960540727e-05, 8.560412243241444e-05, 8.490511390846223e-05, 8.033335325308144e-05, 9.17278157430701e-05, 6.555564323207363e-05, 6.095288335927762e-05, 8.070980402408168e-05, 8.413543400820345e-05, 5.9522386436583474e-05, 5.306887760525569e-05, 4.3628373532556e-05, 0, 0], [0, 0.0005231064278632402, 0.00018550461390987039, 0.00013203108392190188, 8.697980956640095e-05, 0.00011370930587872863, 0.00012188674008939415, 0.00011237028957111761, 0.00011733235442079604, 8.515181980328634e-05, 4.994701157556847e-05, 3.859267962980084e-05, 3.357251625857316e-05, 1.5585634173476137e-05, 9.45199190027779e-06, 1.1691213330777828e-05, 6.179253978189081e-05, 8.528550097253174e-05, 7.550516602350399e-05, 0, 0], [0, 0.0005492533673532307, 0.00011394221655791625, 6.838991976110265e-05, 8.667678775964305e-05, 8.914781938074157e-05, 8.245286153396592e-05, 7.117483619367704e-05, 0.0001151890101027675, 7.240828563226387e-05, 5.483303539222106e-05, 7.967233250383288e-05, 6.780429248465225e-05, 6.06431822234299e-05, 5.080668051959947e-05, 8.5597021097783e-05, 7.616535003762692e-05, 9.001107537187636e-05, 8.971986244432628e-05, 0, 0]]}