{"alpha": 0.75, "beta": 0.5, "gamma": 5.0, "num_samples": 25, "node_count": 10, "density": 0.5, "startup_delay": 0.0, "forward_prob": 0, "epochs": [[0, 1, 2, 3, 4, 5, 6, 7, 8, 9, 10, 11, 12, 13, 14, 15, 16, 17, 18, 19, 20], [0, 1, 2, 3, 4, 5, 6, 7, 8, 9, 10, 11, 12, 13, 14, 15, 16, 17, 18, 19, 20], [0, 1, 2, 3, 4, 5, 6, 7, 8, 9, 10, 11, 12, 13, 14, 15, 16, 17, 18, 19, 20], [0, 1, 2, 3, 4, 5, 6, 7, 8, 9, 10, 11, 12, 13, 14, 15, 16, 17, 18, 19, 20], [0, 1, 2, 3, 4, 5, 6, 7, 8, 9, 10, 11, 12, 13, 14, 15, 16, 17, 18, 19, 20], [0, 1, 2, 3, 4, 5, 6, 7, 8, 9, 10, 11, 12, 13, 14, 15, 16, 17, 18, 19, 20], [0, 1, 2, 3, 4, 5, 6, 7, 8, 9, 10, 11, 12, 13, 14, 15, 16, 17, 18, 19, 20], [0, 1, 2, 3, 4, 5, 6, 7, 8, 9, 10, 11, 12, 13, 14, 15, 16, 17, 18, 19, 20], [0, 1, 2, 3, 4, 5, 6, 7, 8, 9, 10, 11, 12, 13, 14, 15, 16, 17, 18, 19, 20], [0, 1, 2, 3, 4, 5, 6, 7, 8, 9, 10, 11, 12, 13, 14, 15, 16, 17, 18, 19, 20]], "accuracies": [[8.63, 15.21, 36.99, 61.17, 65.74, 68.91, 64.38, 65.42, 68.91, 66.69, 69.24, 69.75, 68.84, 69.98, 69.05, 72.0, 71.85, 71.12, 70.23, 72.44, 70.41], [8.0, 10.03, 36.18, 55.63, 63.16, 66.1, 68.94, 66.92, 67.8, 64.97, 67.99, 70.86, 66.47, 67.84, 70.0, 70.68, 71.22, 70.75, 70.08, 71.59, 71.98], [10.0, 17.85, 44.4, 65.0, 68.02, 67.42, 66.29, 68.48, 69.44, 69.64, 70.31, 71.27, 65.68, 69.23, 71.82, 71.56, 69.41, 70.44, 72.4, 72.06, 71.25], [10.53, 10.0, 39.0, 55.87, 59.01, 64.6, 65.9, 65.69, 66.66, 66.47, 68.09, 67.6, 65.18, 69.43, 71.31, 68.55, 69.28, 71.1, 70.78, 70.41, 69.14], [7.83, 10.0, 40.17, 62.12, 65.38, 66.99, 65.28, 69.33, 65.78, 70.08, 67.39, 70.27, 68.07, 71.99, 68.37, 71.77, 68.33, 71.43, 68.49, 63.17, 63.73], [12.52, 10.0, 36.47, 59.9, 64.35, 66.88, 67.08, 68.57, 67.4, 69.92, 68.69, 69.71, 72.02, 71.16, 71.53, 71.55, 72.23, 70.15, 67.01, 61.53, 67.39], [8.21, 20.22, 49.47, 65.13, 66.41, 65.79, 69.11, 70.31, 71.13, 67.91, 71.03, 72.06, 72.0, 71.63, 72.72, 72.65, 72.24, 66.13, 64.68, 71.99, 72.38], [13.44, 17.94, 46.96, 64.9, 67.79, 68.41, 70.32, 70.78, 69.48, 70.46, 72.64, 71.97, 72.63, 72.24, 72.42, 72.83, 71.72, 66.35, 69.05, 71.74, 69.08], [12.96, 28.32, 58.65, 62.05, 65.46, 69.39, 68.35, 69.28, 68.7, 70.67, 70.38, 70.36, 70.41, 71.61, 70.79, 67.19, 65.98, 70.99, 68.18, 67.42, 66.83], [13.53, 53.13, 60.47, 64.24, 68.97, 70.38, 69.49, 71.67, 70.92, 71.63, 71.64, 71.25, 71.44, 73.29, 70.87, 68.22, 69.67, 71.65, 71.24, 67.88, 68.31]], "msds": [[0, 0.0006904011825099587, 9.964722994482145e-05, 4.3536347220651805e-05, 2.7100322768092155e-05, 2.8048594685969874e-05, 1.7780990674509667e-05, 2.1699146600440145e-05, 1.6985661204671487e-05, 1.5781737602083012e-05, 1.4321791240945458e-05, 9.838031473918818e-06, 1.1853877367684618e-05, 1.0056717655970715e-05, 1.0998812285833992e-05, 1.1125840501335915e-05, 5.0737348828988615e-06, 5.104779575049179e-06, 1.0379982995800674e-05, 5.272549515211722e-06, 6.193833087309031e-06], [0, 0.0006766635924577713, 9.50120811467059e-05, 4.463128061615862e-05, 2.4302029487444088e-05, 1.895505192806013e-05, 1.6937541658990085e-05, 1.502317809354281e-05, 1.3209884855314158e-05, 1.2953881196153816e-05, 1.1101008567493409e-05, 1.0158476470678579e-05, 1.2133809832448605e-05, 1.3874787327949889e-05, 7.23164248483954e-06, 5.496526227943832e-06, 4.851898665947374e-06, 5.861644240212627e-06, 4.2294977902201936e-06, 7.089627160894452e-06, 6.6029524532496e-06], [0, 0.0006755352951586246, 0.00010624740389175713, 4.5140066504245624e-05, 2.2121002984931692e-05, 1.8001508578890935e-05, 1.7416114133084193e-05, 1.5042593986436259e-05, 1.3639290955325123e-05, 1.3521810615202412e-05, 9.795994628802873e-06, 1.1379653187759686e-05, 1.1225544767512474e-05, 1.0178251613979228e-05, 9.990199032472447e-06, 8.08143613539869e-06, 6.534587555506732e-06, 5.485589099407662e-06, 5.2894133659719955e-06, 4.87917213831679e-06, 6.015054168528877e-06], [0, 0.0006819913978688419, 0.00010373342229286209, 4.359163358458318e-05, 2.648294685059227e-05, 1.785212407412473e-05, 1.9492395949782804e-05, 1.321665240539005e-05, 1.282832363358466e-05, 1.997257822949905e-05, 1.0718883459048811e-05, 8.403910214838106e-06, 1.732257987896446e-05, 8.460795470455196e-06, 3.834888048004359e-06, 4.487266323849326e-06, 7.399458809231874e-06, 5.494712240761146e-06, 3.4691438486333936e-06, 4.229525529808598e-06, 4.7874145820969716e-06], [0, 0.0006803382420912385, 0.00010383571498095989, 4.267047188477591e-05, 2.550017052271869e-05, 2.1230011043371633e-05, 1.9941546270274557e-05, 1.585389873071108e-05, 2.1654641386703588e-05, 1.1971624189754948e-05, 1.3792747267871164e-05, 7.58362557462533e-06, 1.2110662282793783e-05, 6.166842013044516e-06, 1.2200286619190592e-05, 5.0008543439616915e-06, 9.207833500113338e-06, 2.9835596251359675e-06, 1.0548859791015275e-05, 1.9801964299404062e-05, 3.536324584274553e-05], [0, 0.0006900089792907238, 9.936094284057617e-05, 4.003429057775065e-05, 2.4565393687225878e-05, 1.8671331417863257e-05, 1.6677189705660567e-05, 1.4694517631141935e-05, 1.602139491296839e-05, 1.0532997293921653e-05, 1.1374323548807297e-05, 1.135797629103763e-05, 4.396295935293892e-06, 7.802112122590188e-06, 3.7566853734460892e-06, 4.919807906844653e-06, 3.429668367971317e-06, 5.6167082220781595e-06, 1.681007597653661e-05, 2.841611967596691e-05, 1.2031507139909081e-05], [0, 0.0006882738671265543, 0.00010342268069507554, 4.415789226186462e-05, 2.7171621695742942e-05, 2.427032268315088e-05, 1.7879756342153996e-05, 1.6896137822186574e-05, 1.3457258319249377e-05, 1.5847719623707235e-05, 1.2659461390285287e-05, 9.478721949562896e-06, 7.7847789725638e-06, 8.999536476039793e-06, 5.663411684508901e-06, 7.2034308686852455e-06, 6.700750418531243e-06, 1.2157851415395271e-05, 3.5990975447930396e-05, 1.6088195479824208e-05, 6.4341493271058425e-06], [0, 0.0006855875253677368, 9.930911619449034e-05, 4.093058669241145e-05, 2.4787537768133916e-05, 1.7300451872870326e-05, 1.7408086932846345e-05, 1.3103249330015387e-05, 1.1640491720754653e-05, 1.3647127161675598e-05, 9.04560147318989e-06, 5.440640961751342e-06, 8.22837682790123e-06, 6.895506430737441e-06, 6.215643679752247e-06, 5.1916435950261075e-06, 8.03807870397577e-06, 2.9390434065135196e-05, 2.422733450657688e-05, 6.888255029480206e-06, 6.773092991352314e-06], [0, 0.0004474019515328109, 6.67554049869068e-05, 3.364334406796843e-05, 2.0080533431610093e-05, 1.6715488527552225e-05, 1.4709337847307324e-05, 1.2292479368625209e-05, 1.318736576649826e-05, 8.671458999742754e-06, 7.563050985481823e-06, 1.0118308637174778e-05, 8.216355126933195e-06, 4.8968163355311844e-06, 6.8672406996483915e-06, 2.4543165636714548e-05, 2.7518979550222866e-05, 1.1775535313063301e-05, 7.780764462950174e-06, 4.679176072386326e-06, 4.115348929190077e-06], [0, 0.000445107783889398, 6.553576531587169e-05, 2.8766638934030198e-05, 2.2194531993591227e-05, 1.8070761143462732e-05, 1.626129051146563e-05, 1.3672224667971022e-05, 1.3719547496293671e-05, 1.2237192095199134e-05, 7.657544301764574e-06, 1.2175027222838253e-05, 7.377251222351333e-06, 5.604332272923784e-06, 1.7769390979083255e-05, 1.4840505173197016e-05, 1.9288150724605657e-05, 8.233429070969578e-06, 7.276927590282867e-06, 4.679176072386326e-06, 4.115348929190077e-06]]}