{"alpha": 0.75, "beta": 0.5, "gamma": 1.0, "num_samples": 1000, "node_count": 10, "density": 0.0, "startup_delay": 2.0, "forward_prob": 0, "epochs": [[0, 1, 2, 3, 4, 5, 6, 7, 8, 9, 10, 11, 12, 13, 14, 15, 16, 17, 18, 19, 20], [0, 1, 2, 3, 4, 5, 6, 7, 8, 9, 10, 11, 12, 13, 14, 15, 16, 17, 18, 19, 20], [0, 1, 2, 3, 4, 5, 6, 7, 8, 9, 10, 11, 12, 13, 14, 15, 16, 17, 18, 19, 20], [0, 1, 2, 3, 4, 5, 6, 7, 8, 9, 10, 11, 12, 13, 14, 15, 16, 17, 18, 19, 20], [0, 1, 2, 3, 4, 5, 6, 7, 8, 9, 10, 11, 12, 13, 14, 15, 16, 17, 18, 19, 20], [0, 1, 2, 3, 4, 5, 6, 7, 8, 9, 10, 11, 12, 13, 14, 15, 16, 17, 18, 19, 20], [0, 1, 2, 3, 4, 5, 6, 7, 8, 9, 10, 11, 12, 13, 14, 15, 16, 17, 18, 19, 20], [0, 1, 2, 3, 4, 5, 6, 7, 8, 9, 10, 11, 12, 13, 14, 15, 16, 17, 18, 19, 20], [0, 1, 2, 3, 4, 5, 6, 7, 8, 9, 10, 11, 12, 13, 14, 15, 16, 17, 18, 19, 20], [0, 1, 2, 3, 4, 5, 6, 7, 8, 9, 10, 11, 12, 13, 14, 15, 16, 17, 18, 19, 20]], "accuracies": [[11.84, 28.86, 27.62, 28.54, 28.14, 29.78, 29.14, 47.01, 38.38, 49.51, 47.0, 48.82, 54.27, 55.7, 56.44, 49.35, 36.76, 61.7, 66.02, 43.66, 44.87], [16.37, 27.86, 29.61, 29.54, 29.63, 29.67, 38.73, 36.04, 44.45, 44.13, 48.48, 48.16, 48.07, 51.04, 52.95, 49.46, 46.94, 47.14, 53.98, 49.04, 54.11], [10.01, 28.1, 28.21, 28.34, 37.57, 25.83, 26.93, 26.91, 27.21, 53.94, 27.91, 29.12, 35.49, 40.94, 30.38, 40.89, 31.18, 42.18, 42.02, 35.98, 45.74], [3.81, 28.51, 28.24, 28.16, 28.82, 28.61, 28.12, 28.81, 28.67, 31.04, 35.78, 43.15, 31.46, 33.4, 28.62, 47.68, 44.5, 40.29, 46.38, 53.84, 43.09], [13.7, 20.89, 30.45, 32.58, 29.43, 29.88, 29.4, 28.99, 37.99, 39.49, 40.98, 40.34, 39.69, 40.67, 41.96, 39.31, 40.64, 41.75, 59.22, 39.7, 42.3], [9.62, 13.32, 19.08, 27.56, 28.85, 25.79, 28.83, 28.49, 28.5, 34.09, 37.03, 42.96, 35.97, 41.73, 29.16, 45.33, 40.92, 38.4, 42.7, 55.11, 43.37], [8.44, 29.21, 20.77, 19.92, 23.79, 19.64, 22.65, 19.78, 19.6, 16.4, 20.06, 17.2, 20.65, 23.11, 20.56, 27.9, 20.41, 28.23, 22.18, 30.68, 25.98], [10.66, 28.66, 28.69, 25.92, 28.42, 28.58, 36.32, 36.98, 36.87, 37.03, 37.56, 38.1, 42.76, 37.65, 43.95, 41.77, 44.74, 43.35, 40.87, 51.39, 56.34], [15.41, 25.45, 27.7, 27.79, 28.6, 27.97, 34.19, 34.83, 34.21, 39.86, 38.16, 40.33, 37.31, 39.76, 35.51, 41.32, 38.43, 42.6, 48.02, 58.88, 50.98], [12.07, 10.66, 18.37, 29.62, 31.56, 33.11, 34.08, 33.56, 35.81, 30.15, 43.42, 34.01, 33.74, 37.7, 54.85, 52.97, 40.68, 56.27, 59.64, 58.76, 52.74]], "msds": [[0, 0.0007632100605405867, 0.0004716321418527514, 0.0003334551292937249, 0.00018942015594802797, 0.0001349048689007759, 0.00010560759983491153, 9.215158206643537e-05, 7.601986726513132e-05, 6.527326331706718e-05, 6.087298606871627e-05, 5.761039938079193e-05, 0.00011850856390083209, 9.537064033793285e-05, 9.038555435836315e-05, 6.770165055058897e-05, 0.0001541939127491787, 0.0001755793346092105, 0.00011386693950043991, 0.00011546866880962625, 0.0001249634806299582], [0, 0.0007632100605405867, 0.0004716321418527514, 0.0003334551292937249, 0.00018942015594802797, 0.0001349048689007759, 0.00010560759983491153, 9.215158206643537e-05, 7.601986726513132e-05, 6.527326331706718e-05, 6.087298606871627e-05, 5.761039938079193e-05, 5.7605579058872536e-05, 7.446110976161435e-05, 7.488072878913954e-05, 6.770165055058897e-05, 6.731785833835602e-05, 0.0001645549200475216, 7.961261144373566e-05, 5.6416825827909634e-05, 0.00013502396177500486], [0, 0.000755343702621758, 0.00036404182901605964, 0.00025348702911287546, 0.00016272459470201284, 0.0003788371686823666, 0.000461216812254861, 0.00027562747709453106, 0.00027306642732582986, 0.0002782754600048065, 0.0002300966007169336, 0.0002195648557972163, 0.0001657964603509754, 0.00016477282042615116, 0.00015179331239778548, 0.00023379888443741947, 0.00020988761389162391, 0.00017374783055856824, 0.00014581256255041808, 0.0001369928941130638, 0.00016813680122140795], [0, 0.0007534789037890732, 0.0003942730836570263, 0.00023937546939123422, 0.00017928937450051308, 0.0002034096251009032, 0.00018454428936820477, 0.0003465092449914664, 0.0005737824249081314, 0.0004689950728788972, 0.0003987056843470782, 0.00025345614994876087, 0.00031053158454596996, 0.0002751205174718052, 0.00028088130056858063, 0.0002709032269194722, 0.00025986722903326154, 0.00026180624263361096, 0.0002712705754674971, 0.00015104800695553422, 0.00031235418282449245], [0, 0.000754411390516907, 0.0003791574272327125, 0.0002464311255607754, 0.00016272459470201284, 0.00013893473078496754, 0.000406103819841519, 0.00048548742779530585, 0.0003791745693888515, 0.00036368079599924386, 0.00016820948803797364, 0.0002787729608826339, 0.0002434359776088968, 0.00024519849102944136, 0.0002110866189468652, 0.00022811070084571838, 0.0002364610554650426, 0.0002475512446835637, 0.00022864648781251162, 0.00019782957679126412, 0.00022607858409173787], [0, 0.0007725864415988326, 0.0003674062609206885, 0.0003848157939501107, 0.00028094096342101693, 0.0002874220663215965, 0.00024728631251491606, 0.0004002955975010991, 0.000561776221729815, 0.00043502848711796105, 0.0003462780441623181, 0.00027928021154366434, 0.00031653480255044997, 0.0002758022747002542, 0.000259160966379568, 0.0002566795446909964, 0.00024454298545606434, 0.0002494310901965946, 0.0002662076149135828, 0.00018852596986107528, 0.00032754155108705163], [0, 0, 0.00033666257513687015, 0.00024109163496177644, 0.0004833184357266873, 0.00034305750159546733, 0.00020539341494441032, 0.00028194254264235497, 0.0003431263903621584, 0.0005077843088656664, 0.0004379005986265838, 0.00042286503594368696, 0.0003467853821348399, 0.00036962193553335965, 0.0003303098783362657, 0.00031129937269724905, 0.00026320916367694736, 0.00028748277691192925, 0.0002522726426832378, 0.0002853464684449136, 0.0002774460590444505], [0, 0, 0, 0.00045482083805836737, 0.00045579185825772583, 0.0004324507317505777, 0.000269931711954996, 0.0002477996167726815, 0.00017604131426196545, 0.00019296602113172412, 0.00019938909099437296, 0.00014700469910167158, 0.00013488529657479376, 0.00017211816157214344, 0.0002533376682549715, 0.00024540472077205777, 0.00016794694238342345, 0.000142602642881684, 0.00017470636521466076, 0.0001343391340924427, 9.970519749913365e-05], [0, 0, 0.00047865803935565054, 0.0003946322249248624, 0.0004170819011051208, 0.0002717306197155267, 0.000266885181190446, 0.00019828051154036075, 0.00020391464931890368, 0.00022089089907240123, 0.00020659450092352927, 0.00018811710469890386, 0.00021093565737828612, 0.0002631241804920137, 0.00024772193864919245, 0.00017462170217186213, 0.00016881295596249402, 0.0002574060345068574, 0.0001596655638422817, 0.0001352633989881724, 8.771743887336925e-05], [0, 0.000801360176410526, 0.00042874127393588424, 0.00034802849404513836, 0.00018851943605113775, 0.0001685564056970179, 0.00018600236217025667, 0.00016977799532469362, 0.00017941152327694, 0.00015783461276441813, 0.00012644752860069275, 8.469196473015472e-05, 0.0001541939127491787, 0.00018660376372281462, 0.0002465630532242358, 0.00017128435138147324, 0.0001249634806299582, 0.00021605612710118294, 0.00015404717123601586, 0.00011748424003599212, 8.771743887336925e-05]]}