{"alpha": 0.75, "beta": 0.5, "gamma": 1.0, "num_samples": 100, "node_count": 10, "density": 0.0, "startup_delay": 0.0, "forward_prob": 0, "epochs": [[0, 1, 2, 3, 4, 5, 6, 7, 8, 9, 10, 11, 12, 13, 14, 15, 16, 17, 18, 19, 20], [0, 1, 2, 3, 4, 5, 6, 7, 8, 9, 10, 11, 12, 13, 14, 15, 16, 17, 18, 19, 20], [0, 1, 2, 3, 4, 5, 6, 7, 8, 9, 10, 11, 12, 13, 14, 15, 16, 17, 18, 19, 20], [0, 1, 2, 3, 4, 5, 6, 7, 8, 9, 10, 11, 12, 13, 14, 15, 16, 17, 18, 19, 20], [0, 1, 2, 3, 4, 5, 6, 7, 8, 9, 10, 11, 12, 13, 14, 15, 16, 17, 18, 19, 20], [0, 1, 2, 3, 4, 5, 6, 7, 8, 9, 10, 11, 12, 13, 14, 15, 16, 17, 18, 19, 20], [0, 1, 2, 3, 4, 5, 6, 7, 8, 9, 10, 11, 12, 13, 14, 15, 16, 17, 18, 19, 20], [0, 1, 2, 3, 4, 5, 6, 7, 8, 9, 10, 11, 12, 13, 14, 15, 16, 17, 18, 19, 20], [0, 1, 2, 3, 4, 5, 6, 7, 8, 9, 10, 11, 12, 13, 14, 15, 16, 17, 18, 19, 20], [0, 1, 2, 3, 4, 5, 6, 7, 8, 9, 10, 11, 12, 13, 14, 15, 16, 17, 18, 19, 20]], "accuracies": [[3.52, 18.26, 56.38, 58.73, 48.85, 63.12, 70.66, 70.88, 73.0, 72.8, 73.72, 73.39, 73.33, 73.98, 76.92, 75.72, 76.03, 76.38, 75.87, 77.6, 76.83], [7.0, 63.15, 47.38, 67.75, 61.08, 61.01, 64.41, 69.56, 71.83, 73.91, 72.78, 73.97, 71.62, 74.62, 73.64, 74.46, 73.83, 74.75, 74.16, 75.71, 76.97], [3.83, 27.9, 49.54, 61.72, 64.21, 57.15, 63.69, 69.18, 72.16, 73.76, 72.32, 74.03, 72.48, 74.3, 73.23, 74.34, 74.49, 74.76, 74.55, 76.94, 76.52], [14.2, 19.65, 53.18, 57.18, 68.37, 68.58, 72.08, 74.06, 74.55, 73.33, 72.95, 73.32, 71.42, 75.7, 75.19, 75.66, 73.3, 75.21, 74.18, 75.19, 76.76], [9.39, 30.41, 38.38, 60.16, 65.32, 54.52, 62.62, 70.74, 71.81, 73.98, 74.33, 73.7, 72.79, 75.49, 74.26, 75.46, 74.47, 75.69, 75.61, 76.2, 76.97], [10.58, 48.41, 56.78, 57.14, 65.21, 68.25, 65.26, 66.53, 66.11, 72.26, 71.19, 74.18, 71.5, 73.45, 74.06, 74.77, 75.2, 73.41, 74.25, 76.11, 75.08], [9.64, 59.27, 42.16, 68.4, 70.41, 71.31, 73.18, 73.67, 74.06, 73.84, 73.95, 74.76, 74.63, 74.7, 75.32, 74.71, 75.44, 73.64, 75.73, 76.21, 76.6], [8.7, 56.41, 60.77, 58.65, 69.36, 67.65, 71.68, 73.15, 74.14, 72.75, 73.64, 75.26, 75.23, 74.58, 75.35, 75.69, 75.74, 75.66, 75.07, 75.36, 75.98], [10.57, 45.23, 50.67, 68.47, 69.51, 73.52, 66.8, 67.65, 70.02, 72.87, 74.71, 73.89, 74.84, 74.7, 75.49, 75.33, 76.4, 75.87, 76.37, 76.22, 76.5], [9.21, 54.92, 48.03, 64.87, 69.09, 68.75, 74.09, 70.38, 69.04, 70.31, 74.87, 75.05, 74.49, 75.19, 74.68, 74.71, 74.71, 75.36, 75.58, 74.76, 74.46]], "msds": [[0, 0.0006941251340322196, 0.00017240374290850013, 0.00010509875573916361, 0.0002165289333788678, 0.00017467918223701417, 0.00016508759290445596, 8.825792610878125e-05, 4.0403101593256e-05, 1.823948696255684e-05, 1.6134285033331253e-05, 1.1511488992255181e-05, 3.1654064514441416e-05, 1.8886430552811362e-05, 3.2172927603824064e-05, 2.0915163986501284e-05, 2.110269088007044e-05, 1.5088165127963293e-05, 1.2909943507111166e-05, 9.65977869782364e-06, 4.835675554204499e-06], [0, 0.0006984100909903646, 0.00018943854956887662, 5.63658177270554e-05, 3.806611130130477e-05, 0.00011951386841246858, 4.987590364180505e-05, 0.00013417705486062914, 4.9382470024283975e-05, 5.3602234402205795e-05, 3.562101483112201e-05, 4.1952818719437346e-05, 3.5672546800924465e-05, 3.6636691220337525e-05, 4.264643939677626e-05, 2.2182097382028587e-05, 3.30180446326267e-05, 2.114790004270617e-05, 4.201800493319752e-06, 7.316807113966206e-06, 7.440878562192665e-06], [0, 0.0006862740847282112, 0.00018190735136158764, 8.989340858533978e-05, 5.59954896743875e-05, 0.0001535953488200903, 5.2240291552152485e-05, 0.00013192801270633936, 8.33318117656745e-05, 8.873296610545367e-05, 4.187891317997128e-05, 4.7801295295357704e-05, 4.923139204038307e-05, 2.4026874598348513e-05, 2.3300777684198692e-05, 2.9310227546375245e-05, 2.6154431907343678e-05, 4.0275575884152204e-05, 2.1618096070596948e-05, 2.019753446802497e-05, 1.7607280824449845e-05], [0, 0.0007045272504910827, 0.00019487562531139702, 0.0001144927809946239, 8.996187534648925e-05, 4.227707177051343e-05, 1.655235610087402e-05, 2.797547676891554e-05, 2.4587896405137144e-05, 1.823948696255684e-05, 1.6134285033331253e-05, 1.1511488992255181e-05, 1.4076682418817654e-05, 1.6028639947762713e-05, 1.0541004485276062e-05, 8.776815775490832e-06, 1.5084910046425648e-05, 2.185975063184742e-05, 7.098665719240671e-06, 7.937969712656923e-06, 5.11690222992911e-06], [0, 0.0006956990109756589, 0.0001926772529259324, 0.0002077548997476697, 9.971714462153614e-05, 0.00021065484907012433, 4.9283349653705955e-05, 0.00013078105985186994, 2.9998240279383026e-05, 4.244870797265321e-05, 2.694754039112013e-05, 2.9312683182070032e-05, 2.5483506760792807e-05, 2.4029788619372994e-05, 2.169942672480829e-05, 2.0915163986501284e-05, 9.187315299641341e-06, 9.028434760693926e-06, 6.794858109060442e-06, 7.467876002920093e-06, 4.5544575186795555e-06], [0, 0.0006905559566803277, 0.00020030092855449766, 6.554665742442012e-05, 4.0540977352065966e-05, 2.5254281354136765e-05, 0.00013122273958288133, 7.149164594011381e-05, 0.00012454694660846144, 3.680623194668442e-05, 8.168679050868377e-05, 6.838324043201283e-05, 5.534945012186654e-05, 5.8622888900572434e-05, 4.705589162767865e-05, 4.069875649292953e-05, 3.599502451834269e-05, 4.0209113649325445e-05, 3.13971504510846e-05, 2.839231638063211e-05, 2.518461042200215e-05], [0, 0.0007099063950590789, 0.0003056845162063837, 0.00011129630729556084, 8.996187534648925e-05, 4.227707177051343e-05, 1.655235610087402e-05, 1.1363191333657596e-05, 8.772678484092467e-06, 1.8059819922200404e-05, 1.5540039385086857e-05, 1.4526075574394781e-05, 1.1278653801127803e-05, 1.831134795793332e-05, 1.1371481377864257e-05, 3.657299657788826e-06, 7.1731906245986465e-06, 2.3400001737172715e-05, 1.680824971117545e-05, 2.2788583009969443e-05, 1.1224259651498869e-05], [0, 0.0007059423951432109, 0.0003910941886715591, 0.00011129630729556084, 5.0894785090349615e-05, 6.175559246912599e-05, 2.8477470550569706e-05, 2.9067705327179283e-05, 3.0420907933148555e-05, 3.073807602049783e-05, 3.384467345313169e-05, 4.080192593391985e-05, 3.4397264244034886e-05, 2.500541268091183e-05, 3.2165495213121176e-05, 3.393061342649162e-05, 2.023499291681219e-05, 1.7585762179805897e-05, 3.644056778284721e-05, 3.499286322039552e-05, 2.368816058151424e-05], [0, 0.0006944459746591747, 0.000391712092095986, 0.0001536073541501537, 8.164959581336007e-05, 4.0226415876531973e-05, 0.00015200884081423283, 6.721036334056407e-05, 0.00012430452625267208, 5.1788276323350146e-05, 5.114246596349403e-05, 4.090979928150773e-05, 4.790756065631285e-05, 5.044481804361567e-05, 4.9391052016289905e-05, 5.479168248712085e-05, 4.1322677134303376e-05, 4.07020743296016e-05, 3.118060340057127e-05, 2.6477897336008027e-05, 3.580628981580958e-05], [0, 0.0006927655194886029, 0.000391712092095986, 0.0001536073541501537, 6.358200334943831e-05, 4.1794566641328856e-05, 2.727458195295185e-05, 0.00011691490362863988, 8.197619899874553e-05, 0.00012048734060954303, 7.241087587317452e-05, 5.948908437858336e-05, 5.20847606821917e-05, 5.64640540687833e-05, 4.9983314966084436e-05, 6.74450202495791e-05, 4.876265666098334e-05, 3.5510529414750636e-05, 3.0273664378910325e-05, 3.625081080826931e-05, 4.743773024529219e-05]]}