{"alpha": 0.9, "beta": 0.5, "gamma": 3.0, "num_samples": 1000, "node_count": 10, "density": 0.25, "startup_delay": 0.0, "forward_prob": 0, "epochs": [[0, 1, 2, 3, 4, 5, 6, 7, 8, 9, 10, 11, 12, 13, 14, 15, 16, 17, 18, 19, 20], [0, 1, 2, 3, 4, 5, 6, 7, 8, 9, 10, 11, 12, 13, 14, 15, 16, 17, 18, 19, 20], [0, 1, 2, 3, 4, 5, 6, 7, 8, 9, 10, 11, 12, 13, 14, 15, 16, 17, 18, 19, 20], [0, 1, 2, 3, 4, 5, 6, 7, 8, 9, 10, 11, 12, 13, 14, 15, 16, 17, 18, 19, 20], [0, 1, 2, 3, 4, 5, 6, 7, 8, 9, 10, 11, 12, 13, 14, 15, 16, 17, 18, 19, 20], [0, 1, 2, 3, 4, 5, 6, 7, 8, 9, 10, 11, 12, 13, 14, 15, 16, 17, 18, 19, 20], [0, 1, 2, 3, 4, 5, 6, 7, 8, 9, 10, 11, 12, 13, 14, 15, 16, 17, 18, 19, 20], [0, 1, 2, 3, 4, 5, 6, 7, 8, 9, 10, 11, 12, 13, 14, 15, 16, 17, 18, 19, 20], [0, 1, 2, 3, 4, 5, 6, 7, 8, 9, 10, 11, 12, 13, 14, 15, 16, 17, 18, 19, 20], [0, 1, 2, 3, 4, 5, 6, 7, 8, 9, 10, 11, 12, 13, 14, 15, 16, 17, 18, 19, 20]], "accuracies": [[11.09, 10.0, 73.32, 77.43, 80.81, 82.71, 84.14, 84.76, 84.31, 85.36, 85.17, 85.85, 85.78, 85.55, 86.24, 85.6, 85.95, 85.82, 85.82, 85.86, 85.93], [13.54, 13.64, 73.9, 76.61, 80.33, 82.19, 83.6, 84.15, 84.19, 84.92, 85.0, 85.23, 85.35, 85.64, 85.41, 85.08, 85.37, 85.58, 85.48, 84.97, 85.61], [10.12, 19.14, 64.62, 77.67, 80.47, 82.66, 83.83, 84.54, 83.51, 84.86, 84.73, 85.19, 85.59, 85.57, 85.6, 85.57, 85.49, 85.75, 85.6, 85.31, 85.72], [10.04, 15.74, 70.42, 77.83, 80.79, 82.14, 83.82, 84.57, 84.56, 85.02, 85.46, 85.54, 85.45, 85.66, 85.66, 85.56, 85.34, 85.79, 85.37, 85.36, 85.82], [1.96, 17.96, 64.03, 76.78, 81.0, 82.53, 83.78, 84.65, 84.92, 85.16, 85.06, 85.3, 85.42, 85.61, 85.9, 85.67, 85.9, 85.63, 85.93, 85.68, 85.78], [18.06, 19.27, 70.77, 75.68, 80.28, 82.23, 83.97, 84.22, 84.92, 85.37, 85.4, 85.9, 85.93, 85.96, 86.04, 86.08, 85.95, 86.17, 86.01, 86.08, 85.8], [12.12, 20.73, 75.65, 77.27, 80.7, 82.51, 84.09, 84.65, 84.17, 85.22, 85.33, 85.52, 85.76, 85.69, 85.76, 85.88, 85.96, 86.07, 85.93, 84.93, 84.7], [9.62, 23.25, 72.89, 81.74, 84.2, 85.24, 85.89, 85.71, 85.69, 86.13, 84.2, 85.33, 85.17, 85.36, 85.44, 85.59, 85.4, 85.39, 85.28, 85.25, 85.39], [14.02, 68.44, 82.4, 83.84, 85.16, 85.93, 85.64, 85.5, 86.03, 84.99, 84.94, 84.8, 84.71, 84.71, 84.76, 84.76, 84.71, 84.67, 84.67, 84.7, 84.67], [9.59, 53.47, 79.97, 83.26, 84.92, 85.61, 85.54, 85.86, 85.73, 85.85, 85.17, 85.82, 85.36, 85.13, 85.49, 85.19, 85.31, 85.26, 85.35, 84.81, 85.23]], "msds": [[0, 0.0008618129650130868, 0.0004702487785834819, 0.00025612793979234993, 0.00018226723477710038, 0.00012531942047644407, 0.00012063120084349066, 0.00012980545579921454, 0.00011772292054956779, 0.00011599536810535938, 0.000100293880677782, 0.00012377389066386968, 0.00010644912981661037, 8.265925134764984e-05, 0.00013005928485654294, 0.00010471007408341393, 7.765883492538705e-05, 6.818036490585655e-05, 9.397606481797993e-05, 0.0001317448914051056, 6.183564255479723e-05], [0, 0.0008573438972234726, 0.00043347827158868313, 0.00021082184684928507, 0.0001596048241481185, 0.00011638545402092859, 0.00011282037303317338, 0.0001205263179144822, 0.00010758732241811231, 0.0001160207248176448, 0.00010080003266921267, 0.00010326969641027972, 0.00010668901813915, 8.317590254591778e-05, 9.475110709900036e-05, 9.745978604769334e-05, 9.600317571312189e-05, 6.817530083935708e-05, 8.771478314884007e-05, 7.987405842868611e-05, 6.312227196758613e-05], [0, 0.0008640168816782534, 0.0004673694202210754, 0.00030017385142855346, 0.0002089122572215274, 0.00013899446639698, 0.0001303011376876384, 0.00013232788478489965, 0.00012858386617153883, 0.00011251834075665101, 0.00012474377581384033, 0.0001084218529285863, 0.00010237393144052476, 0.00010379841842222959, 9.908202628139406e-05, 0.00011292075214441866, 8.571205398766324e-05, 9.657895134296268e-05, 7.932046719361097e-05, 0.00010912348079727963, 7.537328929174691e-05], [0, 0.0008615198894403875, 0.00042265039519406855, 0.00021982249745633453, 0.000159858915139921, 0.00011634202382992953, 0.00011823954264400527, 0.00012585047807078809, 0.00011884156265296042, 0.0001141278917202726, 0.00011495641228975728, 0.0001186277877422981, 0.00010420724720461294, 8.569800411351025e-05, 8.884754061000422e-05, 0.00010300520807504654, 8.092898497125134e-05, 6.717895303154364e-05, 7.229137554531917e-05, 9.631807188270614e-05, 8.738438918953761e-05], [0, 0.0008603548631072044, 0.0004529729194473475, 0.00028632848989218473, 0.00019807112403213978, 0.0001311025844188407, 0.00011868312139995396, 0.00012347282608971, 0.00011647798964986578, 0.00011480082321213558, 0.0001090085570467636, 0.00010286342148901895, 0.0001104798648157157, 9.126857185037807e-05, 8.66822520038113e-05, 8.51510776556097e-05, 9.132544073509052e-05, 8.19261185824871e-05, 0.00010581062088022009, 7.726768672000617e-05, 6.932245014468208e-05], [0, 0.0008659707382321358, 0.0004742829769384116, 0.00030657256138511, 0.0002145797188859433, 0.00014866342826280743, 0.00014023957191966474, 0.00013422686606645584, 0.00012841756688430905, 0.00011605999316088855, 0.00010892713908106089, 0.00012194424198241904, 0.00010046066745417193, 9.86018858384341e-05, 0.00012072134268237278, 0.00010122030653292313, 9.530235547572374e-05, 9.930317173711956e-05, 9.656827023718506e-05, 6.878437125124037e-05, 6.285823474172503e-05], [0, 0.0008645724155940115, 0.0004950783913955092, 0.0002919735270552337, 0.00022096610337030143, 0.00014829877181909978, 0.0001168141097878106, 0.00012548471568152308, 0.00012761463585775346, 0.00011380197247490287, 0.00010246132296742871, 0.00010722081788117066, 0.00010611135803628713, 8.837028144625947e-05, 0.00010655917867552489, 7.221929263323545e-05, 8.005091513041407e-05, 0.00011159206769661978, 7.483700755983591e-05, 8.393664757022634e-05, 0], [0, 0.0008633423713035882, 0.00029981930856592953, 0.00024134783598128706, 0.00017860029765870422, 0.00016624182171653956, 0.00015434951637871563, 0.0001240296842297539, 0.00013291156210470945, 9.070510714082047e-05, 0, 0.00011455414642114192, 0.00012888337369076908, 0.00011037956574000418, 9.102081094169989e-05, 6.968515663174912e-05, 5.715368752134964e-05, 4.677273682318628e-05, 4.0206876292359084e-05, 3.059287337237038e-05, 3.666560223791748e-05], [0, 0.0005327766994014382, 0.0003437079139985144, 0.0001271670189453289, 0.00019991594308521599, 0.00014069715689402074, 0.0001462220388930291, 0.0001496012118877843, 0.000107403720903676, 9.454695100430399e-05, 0, 0, 0, 0, 0, 0, 0, 0, 0, 0, 0], [0, 0.00047511985758319497, 0.0003115246072411537, 0.00023194860841613263, 0.00022053475549910218, 0.00020126729214098305, 0.0001828699023462832, 0.00016407054499723017, 0.00017291857511736453, 0.00012727486318908632, 0.00011455414642114192, 0.00012888337369076908, 0.00011037956574000418, 9.102081094169989e-05, 6.968515663174912e-05, 5.715368752134964e-05, 4.677273682318628e-05, 4.0206876292359084e-05, 3.059287337237038e-05, 3.666560223791748e-05, 0]]}