{"alpha": 0.9, "beta": 0.5, "gamma": 5.0, "num_samples": 100, "node_count": 10, "density": 0.5, "startup_delay": 0.0, "forward_prob": 0, "epochs": [[0, 1, 2, 3, 4, 5, 6, 7, 8, 9, 10, 11, 12, 13, 14, 15, 16, 17, 18, 19, 20], [0, 1, 2, 3, 4, 5, 6, 7, 8, 9, 10, 11, 12, 13, 14, 15, 16, 17, 18, 19, 20], [0, 1, 2, 3, 4, 5, 6, 7, 8, 9, 10, 11, 12, 13, 14, 15, 16, 17, 18, 19, 20], [0, 1, 2, 3, 4, 5, 6, 7, 8, 9, 10, 11, 12, 13, 14, 15, 16, 17, 18, 19, 20], [0, 1, 2, 3, 4, 5, 6, 7, 8, 9, 10, 11, 12, 13, 14, 15, 16, 17, 18, 19, 20], [0, 1, 2, 3, 4, 5, 6, 7, 8, 9, 10, 11, 12, 13, 14, 15, 16, 17, 18, 19, 20], [0, 1, 2, 3, 4, 5, 6, 7, 8, 9, 10, 11, 12, 13, 14, 15, 16, 17, 18, 19, 20], [0, 1, 2, 3, 4, 5, 6, 7, 8, 9, 10, 11, 12, 13, 14, 15, 16, 17, 18, 19, 20], [0, 1, 2, 3, 4, 5, 6, 7, 8, 9, 10, 11, 12, 13, 14, 15, 16, 17, 18, 19, 20], [0, 1, 2, 3, 4, 5, 6, 7, 8, 9, 10, 11, 12, 13, 14, 15, 16, 17, 18, 19, 20]], "accuracies": [[16.85, 10.0, 61.58, 68.94, 72.23, 74.26, 74.43, 73.52, 76.1, 77.58, 77.87, 78.79, 77.75, 78.35, 78.69, 79.21, 78.91, 78.54, 78.59, 79.07, 79.12], [7.46, 9.64, 63.19, 68.96, 71.9, 73.77, 74.65, 75.69, 77.28, 78.05, 78.34, 78.22, 78.43, 78.6, 78.67, 78.8, 78.33, 78.66, 78.95, 79.14, 78.81], [11.39, 10.0, 63.38, 70.28, 74.16, 74.37, 74.65, 76.43, 77.55, 77.63, 78.49, 78.58, 78.51, 78.91, 78.67, 78.19, 78.39, 78.81, 78.86, 77.65, 78.94], [5.32, 10.58, 61.49, 68.45, 72.01, 74.05, 74.62, 74.32, 77.78, 78.22, 77.82, 78.46, 78.28, 78.88, 78.47, 78.05, 78.66, 78.88, 79.01, 78.43, 77.6], [9.96, 11.66, 63.54, 68.75, 72.12, 74.64, 72.77, 75.79, 77.97, 77.74, 78.3, 78.36, 78.66, 78.73, 78.32, 78.64, 78.8, 79.11, 77.25, 78.68, 78.33], [12.32, 10.38, 58.74, 72.48, 74.31, 75.3, 76.2, 77.68, 78.03, 78.58, 79.05, 78.34, 78.99, 78.94, 78.43, 78.45, 73.72, 77.23, 78.16, 77.77, 78.09], [10.19, 21.96, 69.21, 75.21, 75.63, 77.86, 77.93, 78.31, 78.28, 78.67, 78.05, 78.82, 78.82, 77.17, 78.27, 78.79, 77.41, 78.37, 78.27, 78.33, 78.37], [5.21, 5.71, 68.49, 70.48, 74.32, 75.87, 78.16, 78.19, 78.12, 78.41, 78.98, 79.09, 78.46, 79.0, 78.93, 78.02, 78.65, 77.38, 78.36, 78.05, 74.49], [9.46, 64.24, 72.55, 75.77, 77.48, 78.14, 78.7, 79.18, 78.42, 79.29, 78.3, 78.59, 78.55, 76.99, 78.55, 78.45, 78.31, 77.93, 77.85, 73.8, 74.1], [12.91, 65.54, 71.33, 74.53, 77.31, 77.66, 78.55, 78.17, 78.82, 78.41, 78.39, 77.67, 77.44, 77.34, 77.66, 77.97, 78.08, 75.77, 75.89, 75.88, 76.04]], "msds": [[0, 0.0007282996084541082, 0.00015697878552600741, 8.616252307547256e-05, 5.3822968766326085e-05, 3.891292726621032e-05, 2.8959548217244446e-05, 3.7933561543468386e-05, 2.480713555996772e-05, 2.527878859837074e-05, 2.5166389605146833e-05, 2.1285570255713537e-05, 1.753131982695777e-05, 1.538863216410391e-05, 1.9227225493523292e-05, 1.1171341611770913e-05, 1.1140023161715362e-05, 3.300280513940379e-05, 2.0080848116776906e-05, 1.5286615962395445e-05, 1.3024481631873641e-05], [0, 0.0007278146222233772, 0.00016537368355784565, 7.687140896450728e-05, 4.837437518290244e-05, 3.093238774454221e-05, 3.2554587960476056e-05, 4.09122985729482e-05, 3.5063094401266426e-05, 2.6167532269028015e-05, 1.882877950265538e-05, 2.1386191292549483e-05, 1.4156068573356606e-05, 1.9368699213373475e-05, 8.928796887630597e-06, 1.3115573892719112e-05, 1.7081614714697935e-05, 2.030197902058717e-05, 1.174788940261351e-05, 4.300853834138252e-05, 1.7375698007526807e-05], [0, 0.0007264020969159901, 0.00016616580251138657, 7.810488023096696e-05, 4.416549563757144e-05, 3.144247239106335e-05, 3.453348472248763e-05, 2.8741002097376622e-05, 3.330585968797095e-05, 3.269130320404656e-05, 1.874058216344565e-05, 1.65544479386881e-05, 2.1388119421317242e-05, 1.2224724741827231e-05, 1.389770295645576e-05, 1.5796395018696785e-05, 2.19151952478569e-05, 1.4755033589608502e-05, 1.4238488802220672e-05, 1.528006214357447e-05, 1.2000443348370027e-05], [0, 0.0007316864794120193, 0.0001789656962500885, 8.604870527051389e-05, 4.457380055100657e-05, 3.757912782020867e-05, 2.918860991485417e-05, 3.0566181521862745e-05, 2.7377593141864054e-05, 2.787394987535663e-05, 1.904709824884776e-05, 1.4365670722327195e-05, 1.6631987818982452e-05, 1.4315950465970673e-05, 1.2875845641246997e-05, 2.2788604837842286e-05, 5.295262235449627e-05, 1.624434116820339e-05, 1.440078722225735e-05, 1.4914528037479613e-05, 9.129414138442371e-06], [0, 0.0007336230482906103, 0.0001637171662878245, 8.483095734845847e-05, 3.9693604776402935e-05, 2.6920110030914657e-05, 3.465681220404804e-05, 2.977104850288015e-05, 2.571265031292569e-05, 2.1968733562971465e-05, 2.8322443540673703e-05, 1.4783418919250835e-05, 1.2364200301817618e-05, 1.2358200365270022e-05, 1.5717640053480864e-05, 3.963904964621179e-05, 2.4806440706015565e-05, 1.4905222087691072e-05, 1.2364366739348043e-05, 1.6809945009299554e-05, 1.050661740009673e-05], [0, 0.0007404735079035163, 0.0001782202598406002, 6.292765465332195e-05, 3.870534055749886e-05, 3.1931678677210584e-05, 3.0254992452682927e-05, 2.5118255507550202e-05, 2.6164063456235453e-05, 2.3320348191191442e-05, 1.3470163139572833e-05, 2.5139252102235332e-05, 1.4994712728366721e-05, 1.3561711057263892e-05, 1.5622994396835566e-05, 1.0093386663356796e-05, 2.7810112442239188e-05, 1.9073646399192512e-05, 8.10439814813435e-06, 1.8864469893742353e-05, 4.6571576604037546e-06], [0, 0.0007301490986719728, 0.0001204277214128524, 6.89802473061718e-05, 4.848017852054909e-05, 3.5002165532205254e-05, 2.470669824106153e-05, 1.9683962818817236e-05, 2.6621051802067086e-05, 1.562866964377463e-05, 2.4501858206349425e-05, 1.4941182598704472e-05, 1.1882675607921556e-05, 1.875330781331286e-05, 1.5588033420499414e-05, 1.1536907550180331e-05, 1.7189178834087215e-05, 1.617111047380604e-05, 1.1699538845277857e-05, 5.066426183475414e-06, 4.650704795494676e-06], [0, 0.0007344501791521907, 0.00013084393867757171, 7.038856711005792e-05, 4.0938990423455834e-05, 3.889159415848553e-05, 4.1162387788062915e-05, 2.2328416889649816e-05, 3.3957923733396456e-05, 2.136308467015624e-05, 1.9588360373745672e-05, 1.3090310858387966e-05, 1.9467644960968755e-05, 1.1360158168827184e-05, 9.896142728393897e-06, 2.438773663016036e-05, 1.0284665222570766e-05, 1.5083456673892215e-05, 5.258405053609749e-06, 3.3815567803685553e-06, 4.128346972720465e-06], [0, 0.0004222805437166244, 6.920794839970767e-05, 4.9096728616859764e-05, 5.716564191970974e-05, 3.0152563340379857e-05, 2.9956008802400902e-05, 2.1624613509629853e-05, 3.216295954189263e-05, 1.7610924260225147e-05, 2.4325927370227873e-05, 1.644745316298213e-05, 1.1704210919560865e-05, 2.367382330703549e-05, 1.0143906365556177e-05, 1.5790921679581515e-05, 4.822996743314434e-06, 2.105958856191137e-06, 4.128346972720465e-06, 0, 0], [0, 0.00043334937072359025, 0.0001010667547234334, 5.465501453727484e-05, 4.8495745431864634e-05, 3.597146860556677e-05, 2.8098853363189846e-05, 3.2075608032755554e-05, 2.8699247195618227e-05, 4.640935003408231e-05, 2.400324956397526e-05, 1.715109647193458e-05, 9.51989113673335e-06, 2.8665943318628706e-05, 7.912530236353632e-06, 5.9187173064856324e-06, 8.771452485234477e-06, 0, 0, 0, 0]]}