{"alpha": 0.75, "beta": 0.5, "gamma": 2.0, "num_samples": 25, "node_count": 10, "density": 0.25, "startup_delay": 2.0, "forward_prob": 0, "epochs": [[0, 1, 2, 3, 4, 5, 6, 7, 8, 9, 10, 11, 12, 13, 14, 15, 16, 17, 18, 19, 20], [0, 1, 2, 3, 4, 5, 6, 7, 8, 9, 10, 11, 12, 13, 14, 15, 16, 17, 18, 19, 20], [0, 1, 2, 3, 4, 5, 6, 7, 8, 9, 10, 11, 12, 13, 14, 15, 16, 17, 18, 19, 20], [0, 1, 2, 3, 4, 5, 6, 7, 8, 9, 10, 11, 12, 13, 14, 15, 16, 17, 18, 19, 20], [0, 1, 2, 3, 4, 5, 6, 7, 8, 9, 10, 11, 12, 13, 14, 15, 16, 17, 18, 19, 20], [0, 1, 2, 3, 4, 5, 6, 7, 8, 9, 10, 11, 12, 13, 14, 15, 16, 17, 18, 19, 20], [0, 1, 2, 3, 4, 5, 6, 7, 8, 9, 10, 11, 12, 13, 14, 15, 16, 17, 18, 19, 20], [0, 1, 2, 3, 4, 5, 6, 7, 8, 9, 10, 11, 12, 13, 14, 15, 16, 17, 18, 19, 20], [0, 1, 2, 3, 4, 5, 6, 7, 8, 9, 10, 11, 12, 13, 14, 15, 16, 17, 18, 19, 20], [0, 1, 2, 3, 4, 5, 6, 7, 8, 9, 10, 11, 12, 13, 14, 15, 16, 17, 18, 19, 20]], "accuracies": [[10.28, 10.23, 22.9, 28.96, 27.02, 19.51, 28.74, 37.32, 39.26, 29.55, 36.27, 36.81, 37.02, 33.16, 35.72, 39.84, 34.72, 41.38, 29.45, 35.81, 32.53], [13.1, 26.97, 10.0, 29.15, 24.72, 30.02, 29.75, 35.08, 45.43, 30.28, 29.38, 22.99, 42.25, 32.46, 37.14, 42.88, 45.28, 51.19, 54.13, 40.68, 54.59], [12.18, 27.85, 30.54, 42.86, 22.44, 41.18, 44.69, 35.11, 35.47, 53.11, 39.8, 38.7, 34.14, 40.99, 47.68, 42.31, 42.75, 46.35, 47.39, 53.69, 45.19], [12.62, 19.76, 28.27, 37.0, 27.33, 29.28, 33.4, 38.36, 27.68, 29.33, 38.11, 27.11, 34.05, 37.35, 37.78, 33.5, 35.49, 45.06, 42.24, 36.11, 43.44], [11.37, 14.38, 12.21, 22.29, 30.05, 26.77, 34.23, 32.98, 27.93, 35.96, 36.0, 40.8, 42.71, 43.65, 40.73, 42.38, 37.32, 39.12, 30.22, 42.01, 40.69], [10.17, 14.67, 19.06, 19.78, 23.5, 26.79, 36.98, 40.62, 29.55, 33.09, 34.99, 31.74, 43.96, 33.69, 41.52, 43.53, 44.97, 39.97, 29.47, 29.82, 41.45], [7.71, 25.34, 31.73, 24.68, 28.41, 26.64, 42.88, 40.62, 27.71, 36.27, 31.24, 31.79, 47.29, 33.89, 41.99, 35.02, 44.67, 29.45, 46.72, 33.8, 46.46], [10.28, 20.71, 21.88, 19.94, 33.85, 30.58, 25.21, 36.58, 31.48, 26.53, 30.94, 42.51, 35.18, 40.01, 55.01, 38.16, 31.09, 44.09, 49.66, 28.32, 34.85], [10.6, 10.0, 10.0, 15.41, 28.78, 33.3, 34.97, 32.26, 29.71, 34.92, 37.72, 30.98, 34.64, 36.79, 41.26, 38.92, 51.77, 31.26, 41.76, 28.82, 27.33], [16.49, 27.23, 14.65, 25.98, 25.73, 29.31, 32.64, 29.17, 42.44, 36.27, 34.3, 42.59, 37.44, 42.55, 38.0, 37.02, 30.91, 40.1, 38.96, 30.46, 21.56]], "msds": [[0, 0.0006651637959294021, 0.00011955378431593999, 6.53029783279635e-05, 4.843568240175955e-05, 4.81490496895276e-05, 4.028658440802246e-05, 2.2220216123969294e-05, 2.481299998180475e-05, 3.047553400392644e-05, 3.613787703216076e-05, 2.751474858087022e-05, 3.2917989301495254e-05, 4.355694545665756e-05, 2.8501133783720434e-05, 2.2945665477891453e-05, 4.195930159767158e-05, 1.8315729903406464e-05, 2.5616365746827796e-05, 5.716848681913689e-05, 5.510533810593188e-05], [0, 0.00044302406604401767, 7.903508230810985e-05, 4.842055568587966e-05, 5.4181862651603296e-05, 5.2217736083548516e-05, 5.269091343507171e-05, 3.676121195894666e-05, 2.885696267185267e-05, 4.848956814385019e-05, 3.014585490745958e-05, 3.8919322832953185e-05, 3.643105083028786e-05, 3.3603682823013514e-05, 3.6368946894071996e-05, 2.3463508114218712e-05, 2.5203940822393633e-05, 2.209167359978892e-05, 1.6027979654609226e-05, 3.171762000420131e-05, 3.03961023746524e-05], [0, 0.0005614135880023241, 6.376310193445534e-05, 5.3272258810466155e-05, 4.645116860046983e-05, 5.9794769185828045e-05, 3.329858009237796e-05, 3.73073089576792e-05, 3.4987064282177016e-05, 2.289796611876227e-05, 2.4114771804306656e-05, 3.557066520443186e-05, 2.788363599393051e-05, 3.6344456020742655e-05, 4.184210047242232e-05, 2.017343467741739e-05, 2.5657178412075154e-05, 1.7812040823628195e-05, 2.1658579498762265e-05, 1.6228164895437658e-05, 2.9674862162210047e-05], [0, 0.00043544164509512484, 7.633967470610514e-05, 2.987420157296583e-05, 2.263175520056393e-05, 4.256574538885616e-05, 2.9790766348014586e-05, 2.6759717002278194e-05, 3.190248389728367e-05, 3.820112033281475e-05, 3.3140797313535586e-05, 3.4097476600436494e-05, 5.0697453843895346e-05, 2.320913517905865e-05, 3.232717062928714e-05, 2.265719376737252e-05, 3.0065093596931547e-05, 1.7191876395372674e-05, 1.7542950445204042e-05, 2.3761438569636084e-05, 2.8752308935509063e-05], [0, 0.0004522329836618155, 8.687181252753362e-05, 6.284277333179489e-05, 3.685737101477571e-05, 3.1621628295397386e-05, 2.3436250558006577e-05, 1.9437613445916213e-05, 2.145290454791393e-05, 3.7692461773986e-05, 2.1169833416934125e-05, 2.7452413633000106e-05, 2.760891402431298e-05, 2.1817315428052098e-05, 2.1841369743924588e-05, 2.2282769350567833e-05, 1.2216994036862161e-05, 2.3866590709076263e-05, 1.8431543139740825e-05, 4.423069185577333e-05, 1.9360320948180743e-05], [0, 0.00045447598677128553, 7.386480865534395e-05, 5.402415627031587e-05, 5.0360224122414365e-05, 2.823315116984304e-05, 2.3342132408288307e-05, 2.325043169548735e-05, 2.875883728847839e-05, 3.129489778075367e-05, 1.828947824833449e-05, 2.226120159320999e-05, 4.094783798791468e-05, 2.5687571906019002e-05, 2.7161722755408846e-05, 1.7787802789825946e-05, 1.1337121577525977e-05, 1.536791751277633e-05, 2.0680225134128705e-05, 5.5068940127966926e-05, 2.7130578018841334e-05], [0, 0.00048542130389250815, 7.335991540458053e-05, 5.210926610743627e-05, 4.774355693371035e-05, 4.1409803088754416e-05, 3.636387555161491e-05, 3.512765761115588e-05, 3.7287223676685244e-05, 3.7883015465922654e-05, 2.3145774321164936e-05, 2.7599220629781485e-05, 3.906003257725388e-05, 2.5715660740388557e-05, 3.343464049976319e-05, 2.5344756068079732e-05, 2.0023997421958484e-05, 2.6630470529198647e-05, 3.159591506118886e-05, 4.190063555142842e-05, 2.8464250135584734e-05], [0, 0.0004595923819579184, 8.923341374611482e-05, 5.312385837896727e-05, 5.465713547891937e-05, 4.758192881126888e-05, 5.041154508944601e-05, 7.269516936503351e-05, 4.244609590386972e-05, 6.641814979957417e-05, 4.645524677471258e-05, 4.257380714989267e-05, 2.057980054814834e-05, 2.323079934285488e-05, 2.6335788788856007e-05, 1.5813591744517908e-05, 2.4118253350025043e-05, 5.3855015721637756e-05, 2.9598675610031933e-05, 2.483532443875447e-05, 0], [0, 0.0005758042680099607, 0.000139214243972674, 6.670645234407857e-05, 4.851731864619069e-05, 3.298958108644001e-05, 2.4067780032055452e-05, 3.0848023016005754e-05, 3.1575684261042625e-05, 2.1509295038413256e-05, 3.5089953598799184e-05, 3.5860019124811515e-05, 3.612800719565712e-05, 4.072023875778541e-05, 2.3540191250503995e-05, 2.723062971199397e-05, 2.185704215662554e-05, 3.59709192707669e-05, 1.91712624655338e-05, 1.986134702747222e-05, 2.2290287233772688e-05], [0, 0.0003253773902542889, 7.568269211333245e-05, 3.521197140798904e-05, 2.6194629754172638e-05, 2.295238482474815e-05, 1.9731551219592802e-05, 2.6662255550036207e-05, 2.1468784325406887e-05, 2.1520889276871458e-05, 2.141445474990178e-05, 2.208710793638602e-05, 2.6249239454045892e-05, 1.538203468953725e-05, 2.1606576410704292e-05, 2.214767664554529e-05, 3.260753510403447e-05, 2.7101703381049447e-05, 2.7328422220307402e-05, 2.0461246094782837e-05, 0]]}