{"alpha": 0.75, "beta": 0.5, "gamma": 5.0, "num_samples": 1000, "node_count": 10, "density": 0.5, "startup_delay": 0.0, "forward_prob": 0, "epochs": [[0, 1, 2, 3, 4, 5, 6, 7, 8, 9, 10, 11, 12, 13, 14, 15, 16, 17, 18, 19, 20], [0, 1, 2, 3, 4, 5, 6, 7, 8, 9, 10, 11, 12, 13, 14, 15, 16, 17, 18, 19, 20], [0, 1, 2, 3, 4, 5, 6, 7, 8, 9, 10, 11, 12, 13, 14, 15, 16, 17, 18, 19, 20], [0, 1, 2, 3, 4, 5, 6, 7, 8, 9, 10, 11, 12, 13, 14, 15, 16, 17, 18, 19, 20], [0, 1, 2, 3, 4, 5, 6, 7, 8, 9, 10, 11, 12, 13, 14, 15, 16, 17, 18, 19, 20], [0, 1, 2, 3, 4, 5, 6, 7, 8, 9, 10, 11, 12, 13, 14, 15, 16, 17, 18, 19, 20], [0, 1, 2, 3, 4, 5, 6, 7, 8, 9, 10, 11, 12, 13, 14, 15, 16, 17, 18, 19, 20], [0, 1, 2, 3, 4, 5, 6, 7, 8, 9, 10, 11, 12, 13, 14, 15, 16, 17, 18, 19, 20], [0, 1, 2, 3, 4, 5, 6, 7, 8, 9, 10, 11, 12, 13, 14, 15, 16, 17, 18, 19, 20], [0, 1, 2, 3, 4, 5, 6, 7, 8, 9, 10, 11, 12, 13, 14, 15, 16, 17, 18, 19, 20]], "accuracies": [[13.47, 27.06, 70.87, 77.35, 79.45, 81.93, 82.4, 83.05, 84.42, 84.65, 85.28, 85.03, 85.48, 85.69, 85.76, 85.85, 85.54, 85.87, 85.97, 85.92, 86.06], [11.65, 18.8, 65.52, 77.53, 80.28, 82.21, 82.5, 82.76, 84.34, 84.72, 85.12, 85.21, 85.72, 85.7, 85.63, 85.81, 85.72, 85.91, 86.12, 85.85, 86.25], [10.67, 10.01, 71.1, 77.41, 79.42, 81.89, 82.81, 83.14, 84.56, 85.1, 85.35, 85.66, 85.64, 85.78, 85.8, 85.7, 86.11, 86.13, 85.87, 86.23, 86.32], [8.94, 27.66, 55.77, 77.71, 81.92, 82.34, 84.1, 84.73, 84.76, 85.74, 85.59, 85.68, 85.73, 86.01, 85.86, 85.86, 85.84, 85.67, 85.91, 85.49, 85.33], [4.91, 15.92, 71.89, 79.54, 81.42, 82.62, 84.34, 85.08, 85.02, 85.58, 85.72, 85.96, 86.05, 86.12, 85.98, 86.28, 86.31, 86.19, 86.46, 85.92, 86.34], [5.02, 25.14, 75.68, 80.15, 82.44, 82.44, 84.36, 84.91, 85.01, 85.61, 85.89, 85.82, 85.93, 86.03, 85.97, 86.06, 85.72, 86.18, 85.95, 85.55, 85.56], [8.07, 10.0, 73.64, 79.85, 82.88, 84.49, 85.21, 85.54, 85.85, 85.79, 85.87, 85.94, 86.06, 86.02, 86.04, 85.9, 86.14, 86.02, 85.82, 85.38, 85.87], [10.7, 23.43, 73.78, 80.33, 82.88, 84.08, 84.93, 85.55, 85.64, 85.89, 86.16, 86.25, 86.23, 86.48, 86.22, 86.09, 86.26, 85.94, 86.1, 86.06, 86.28], [7.93, 33.62, 77.75, 81.97, 83.13, 85.1, 85.24, 85.89, 86.03, 86.22, 86.35, 85.91, 85.95, 85.87, 86.16, 86.05, 86.01, 85.98, 85.79, 85.95, 85.94], [9.83, 62.95, 78.85, 81.7, 83.88, 84.29, 85.0, 85.67, 86.0, 86.01, 86.14, 86.07, 85.98, 86.09, 85.95, 86.15, 86.04, 85.52, 86.04, 84.88, 85.01]], "msds": [[0, 0.0008406148408539593, 0.00030278321355581284, 0.00015837170940358192, 0.00012213384616188705, 0.00011471889592939988, 0.0001210367918247357, 0.00012774142669513822, 0.00012013613013550639, 0.0001306657213717699, 0.00011298275785520673, 0.0001296708214795217, 0.00010457998723722994, 9.685847908258438e-05, 8.617828279966488e-05, 9.317639342043549e-05, 0.00011787638504756615, 5.5315103963948786e-05, 7.688216282986104e-05, 0.00010203524288954213, 6.631514406763017e-05], [0, 0.0008632938261143863, 0.000351466063875705, 0.00017701943579595536, 0.00011943429126404226, 0.00012301224342081696, 0.00012126006913604215, 0.00012850861821789294, 0.0001281553559238091, 0.00012595514999702573, 0.00011935704242205247, 0.00012130410323152319, 0.00010003511124523357, 0.00010305047180736437, 0.00011270973482169211, 7.53915446694009e-05, 8.869798330124468e-05, 6.209238199517131e-05, 7.265644671861082e-05, 9.232179581886157e-05, 7.166027353378013e-05], [0, 0.000854768673889339, 0.0003523002378642559, 0.0001825662184273824, 0.00013312327791936696, 0.00011083248682552949, 0.00012644995877053589, 0.00012803506979253143, 0.00011871827155118808, 0.00012821302516385913, 0.0001525862462585792, 9.410247002961114e-05, 9.978374873753637e-05, 9.679261711426079e-05, 9.864191088126972e-05, 0.00010713015217334032, 6.062330794520676e-05, 7.307100167963654e-05, 7.8460099757649e-05, 6.298886728473008e-05, 4.682656435761601e-05], [0, 0.0008537838002666831, 0.00033697436447255313, 0.00015525017806794494, 0.00010882328206207603, 0.00012271574814803898, 0.0001209899564855732, 0.00011524404544616118, 0.00012645799142774194, 0.00011085576988989487, 9.981352923205122e-05, 0.00010697502148104832, 9.965282515622675e-05, 6.57462005619891e-05, 9.451437654206529e-05, 6.514541018987074e-05, 6.28974667051807e-05, 6.711164314765483e-05, 4.1111543396255e-05, 7.4413837864995e-05, 5.6339304137509316e-05], [0, 0.0008681227336637676, 0.0003284351550973952, 0.00016325595788657665, 0.00012679857900366187, 0.00013274593220558017, 0.0001363298506475985, 0.0001398987660650164, 0.00014336901949718595, 0.00012067886564182118, 9.438442793907598e-05, 0.00010033214493887499, 9.779383981367573e-05, 7.055023888824508e-05, 0.00012442146544344723, 6.952288094907999e-05, 6.180049967952073e-05, 4.6647212002426386e-05, 4.632515265257098e-05, 8.916170190786943e-05, 4.105463813175447e-05], [0, 0.000850507989525795, 0.00026573624927550554, 0.00014880385424476117, 0.0001224676234414801, 0.0001272850058740005, 0.00013165350537747145, 0.00011981092393398285, 0.00012315101048443466, 0.0001130928285419941, 0.00010291231592418626, 0.00010429799294797704, 8.507876918883994e-05, 8.507387974532321e-05, 9.21625251066871e-05, 7.017068128334358e-05, 7.232180360006168e-05, 5.435043931356631e-05, 7.304688188014552e-05, 5.033775232732296e-05, 2.060135011561215e-05], [0, 0.0008683136547915637, 0.0002514962980058044, 0.0001349828380625695, 0.00011575860116863623, 0.000133533583721146, 0.00012078010331606492, 0.00012514191621448845, 0.00010861404734896496, 9.41435428103432e-05, 0.00010181132529396564, 7.931501022540033e-05, 7.504240784328431e-05, 8.982847793959081e-05, 5.3345524065662175e-05, 6.021558147040196e-05, 5.3970736189512536e-05, 5.687326120096259e-05, 6.132798444014043e-05, 9.211772703565657e-05, 2.1587335140793584e-05], [0, 0.0008588713244535029, 0.0002980404533445835, 0.00016566485282965004, 0.00013017814490012825, 0.0001389995450153947, 0.0001454279845347628, 0.000144875084515661, 0.00013371070963330567, 0.00010426553490106016, 0.00011647696373984218, 9.170095290755853e-05, 0.00010396190918982029, 8.358909690286964e-05, 5.614730980596505e-05, 6.359699182212353e-05, 4.410578549141064e-05, 7.920595089672133e-05, 3.489295340841636e-05, 4.975678530172445e-05, 3.656409899122082e-05], [0, 0.0005585364415310323, 0.0002067775058094412, 0.00014585698954761028, 0.0001373138657072559, 0.00014649349031969905, 0.00014699361054226756, 0.00011971870844718069, 0.00011893582995980978, 9.79195028776303e-05, 8.512090425938368e-05, 0.00011210046795895323, 8.204746700357646e-05, 7.887832907726988e-05, 4.260981586412527e-05, 6.22709994786419e-05, 7.167991134338081e-05, 5.949800834059715e-05, 4.349168011685833e-05, 0, 0], [0, 0.0005452434998005629, 0.00020335610315669328, 0.00011936420196434483, 0.00015459064161404967, 0.00012119564780732617, 0.00014050898607820272, 0.00011034962517442182, 0.00014188031491357833, 0.00010480507626198232, 7.90030971984379e-05, 0.00010623387788655236, 6.466244667535648e-05, 7.436706800945103e-05, 5.061933916294947e-05, 7.022872159723192e-05, 4.337811333243735e-05, 5.641725147143006e-05, 3.530781395966187e-05, 0, 0]]}