{"alpha": 0.75, "beta": 0.5, "gamma": 3.0, "num_samples": 25, "node_count": 10, "density": 0.5, "startup_delay": 0.0, "forward_prob": 0, "epochs": [[0, 1, 2, 3, 4, 5, 6, 7, 8, 9, 10, 11, 12, 13, 14, 15, 16, 17, 18, 19, 20], [0, 1, 2, 3, 4, 5, 6, 7, 8, 9, 10, 11, 12, 13, 14, 15, 16, 17, 18, 19, 20], [0, 1, 2, 3, 4, 5, 6, 7, 8, 9, 10, 11, 12, 13, 14, 15, 16, 17, 18, 19, 20], [0, 1, 2, 3, 4, 5, 6, 7, 8, 9, 10, 11, 12, 13, 14, 15, 16, 17, 18, 19, 20], [0, 1, 2, 3, 4, 5, 6, 7, 8, 9, 10, 11, 12, 13, 14, 15, 16, 17, 18, 19, 20], [0, 1, 2, 3, 4, 5, 6, 7, 8, 9, 10, 11, 12, 13, 14, 15, 16, 17, 18, 19, 20], [0, 1, 2, 3, 4, 5, 6, 7, 8, 9, 10, 11, 12, 13, 14, 15, 16, 17, 18, 19, 20], [0, 1, 2, 3, 4, 5, 6, 7, 8, 9, 10, 11, 12, 13, 14, 15, 16, 17, 18, 19, 20], [0, 1, 2, 3, 4, 5, 6, 7, 8, 9, 10, 11, 12, 13, 14, 15, 16, 17, 18, 19, 20], [0, 1, 2, 3, 4, 5, 6, 7, 8, 9, 10, 11, 12, 13, 14, 15, 16, 17, 18, 19, 20]], "accuracies": [[5.24, 10.0, 34.42, 58.46, 62.21, 63.98, 63.82, 62.65, 57.74, 65.92, 64.86, 64.76, 66.65, 61.9, 66.81, 64.26, 65.0, 66.74, 67.23, 65.62, 67.25], [8.55, 18.79, 37.24, 51.13, 65.9, 65.86, 64.17, 67.01, 55.66, 63.97, 66.07, 66.64, 61.41, 65.16, 65.49, 65.86, 66.33, 65.23, 65.03, 67.24, 69.68], [16.9, 10.0, 50.83, 62.34, 59.36, 65.94, 64.94, 63.2, 62.59, 62.88, 65.76, 62.7, 67.92, 64.27, 67.71, 66.02, 65.29, 62.55, 69.28, 64.2, 68.84], [13.34, 12.71, 27.35, 58.94, 60.97, 64.21, 56.86, 62.72, 63.38, 66.05, 66.99, 62.81, 68.23, 67.27, 68.23, 66.66, 65.9, 64.01, 68.63, 63.55, 67.81], [10.21, 14.49, 51.34, 53.3, 55.72, 58.87, 59.2, 61.09, 61.7, 62.85, 62.75, 61.91, 65.13, 65.03, 66.52, 65.43, 62.95, 65.22, 65.32, 64.78, 68.13], [5.14, 10.0, 41.48, 55.66, 66.07, 66.96, 66.81, 61.66, 60.34, 61.88, 68.71, 66.11, 68.25, 66.56, 66.71, 66.3, 67.8, 66.87, 65.41, 66.05, 69.45], [13.33, 24.05, 43.56, 57.2, 62.1, 65.12, 58.22, 62.21, 62.94, 62.86, 63.51, 61.94, 66.98, 63.18, 67.71, 64.99, 66.06, 64.73, 61.43, 64.44, 69.18], [3.7, 10.0, 38.28, 51.13, 58.53, 63.43, 60.44, 62.85, 59.29, 64.15, 65.13, 63.26, 66.71, 64.55, 68.61, 66.23, 64.57, 66.49, 64.65, 66.03, 68.71], [12.19, 10.08, 32.9, 47.57, 62.66, 58.26, 63.73, 67.44, 57.37, 68.61, 66.42, 67.76, 66.2, 66.5, 65.19, 67.82, 65.01, 68.86, 65.25, 68.23, 68.76], [15.16, 13.71, 42.21, 61.63, 58.71, 67.29, 65.12, 59.74, 60.35, 61.93, 67.05, 63.36, 68.05, 62.69, 66.97, 62.92, 63.08, 63.79, 68.16, 63.5, 68.95]], "msds": [[0, 0.0006864028400741518, 0.00012170000991318375, 4.9358892283635214e-05, 3.068508522119373e-05, 2.4282713638967834e-05, 1.4675058082502801e-05, 1.2186353160359431e-05, 1.3989330000185873e-05, 1.5676827388233505e-05, 9.401682291354518e-06, 8.466106010018848e-06, 1.1161698239448015e-05, 1.1418271242291667e-05, 1.3164970368961804e-05, 7.107349119905848e-06, 1.998615152842831e-05, 9.219435014529154e-06, 5.62241802981589e-06, 7.260355687321862e-06, 7.945905053929891e-06], [0, 0.0006962871411815286, 0.00010553316678851843, 5.413489998318255e-05, 3.225350155844353e-05, 2.4113151084748097e-05, 1.9867957234964706e-05, 1.7035143173416145e-05, 2.0136409148108214e-05, 1.8390534023637883e-05, 1.567632170917932e-05, 1.0982189451169688e-05, 1.3591500646725763e-05, 1.3833094271831214e-05, 1.4551292224496137e-05, 1.2927553143526893e-05, 1.4878305591992103e-05, 9.289434274251107e-06, 8.468798114336096e-06, 5.0814451242331415e-06, 5.527338089450495e-06], [0, 0.0006883048918098211, 0.00010250703780911863, 4.787646685144864e-05, 2.162346208933741e-05, 2.2192165488377213e-05, 1.2950575182912871e-05, 1.5690104191889986e-05, 1.2051365047227591e-05, 1.3681725249625742e-05, 8.812104169919621e-06, 1.4898576409905218e-05, 9.680356015451252e-06, 1.1911778528883588e-05, 1.0749188732006587e-05, 1.2431162758730352e-05, 1.5508965589106083e-05, 1.1568286026886199e-05, 6.54562063573394e-06, 6.8189001467544585e-06, 4.755369900522055e-06], [0, 0.000684127036947757, 0.00012326129944995046, 4.8156111006392166e-05, 3.537566590239294e-05, 2.7294165192870423e-05, 2.425342427159194e-05, 2.1846790332347155e-05, 1.7530343029648066e-05, 1.812307891668752e-05, 1.7302205378655344e-05, 1.6179881640709937e-05, 1.45077710840269e-05, 2.0943874915246852e-05, 1.888144834083505e-05, 1.847208295657765e-05, 1.256385712622432e-05, 1.1679650015139487e-05, 8.268167221103795e-06, 8.576997061027214e-06, 7.5691764322982635e-06], [0, 0.0006779944524168968, 0.00013913902512285858, 4.284088936401531e-05, 2.8176176783745177e-05, 2.7105103072244674e-05, 1.666865500737913e-05, 1.5776804502820596e-05, 1.6358811990357935e-05, 1.3670624866790604e-05, 1.1306194210192189e-05, 1.4753443792869803e-05, 1.3716166904487181e-05, 1.2946441529493313e-05, 1.6256448361673392e-05, 1.0263417607347947e-05, 1.2481162229960319e-05, 1.2572082596307155e-05, 7.612279659952037e-06, 1.1410669685574248e-05, 9.53396283875918e-06], [0, 0.0006804005824960768, 9.302049147663638e-05, 5.4414220358012244e-05, 2.8008207664242946e-05, 2.800188485707622e-05, 1.8110073142452165e-05, 1.8534432456362993e-05, 1.95674438145943e-05, 1.6034298823797144e-05, 1.1226909919059835e-05, 1.5904928659438156e-05, 1.3696878340851981e-05, 1.4075213584874291e-05, 2.4373122869292274e-05, 1.0415271390229464e-05, 1.6161720850504935e-05, 1.0997390745615121e-05, 7.9896672104951e-06, 6.414229574147612e-06, 1.531803354737349e-05], [0, 0.0006988122477196157, 0.00010727396875154227, 4.6901659516151994e-05, 2.2784566681366414e-05, 2.0820416466449387e-05, 1.3207088159106206e-05, 1.3373702131502796e-05, 1.2593674910021946e-05, 1.2524728845164645e-05, 9.768510608409997e-06, 1.0602250767988153e-05, 8.246834113379009e-06, 9.452830454392824e-06, 8.516830348526128e-06, 6.590038992726477e-06, 1.068398887582589e-05, 8.964955668488983e-06, 5.913967470405623e-06, 6.9503948907367885e-06, 1.0725138963607606e-05], [0, 0.000700534728821367, 0.0001292065135203302, 4.786537465406582e-05, 3.55950505763758e-05, 2.5127639673883095e-05, 2.1081921659060754e-05, 1.928323763422668e-05, 1.65205910889199e-05, 1.794669333321508e-05, 1.5743940821266733e-05, 1.528124812466558e-05, 1.3741770089836791e-05, 1.913230516947806e-05, 1.4821113836660516e-05, 1.4455104974331334e-05, 1.6130778021761216e-05, 1.497621360613266e-05, 8.088698450592346e-06, 9.603302714822348e-06, 9.068585313798394e-06], [0, 0.0006876310217194259, 0.00011438206274760887, 5.832219903822988e-05, 2.978037082357332e-05, 2.4237981051555835e-05, 1.7352094801026396e-05, 1.2531685570138507e-05, 1.3099067473376635e-05, 1.4943942915124353e-05, 8.767151484789792e-06, 1.1206459930690471e-05, 9.370455700263847e-06, 1.2274507753318176e-05, 1.862905810412485e-05, 9.950870662578382e-06, 1.3983005374029744e-05, 7.271600225067232e-06, 5.284247890813276e-06, 1.2105186215194408e-05, 7.600833214382874e-06], [0, 0.000686533865518868, 0.00010137108620256186, 4.61722411273513e-05, 2.663292980287224e-05, 2.6868203349295072e-05, 1.5153974345594179e-05, 1.7788395780371502e-05, 1.75363620655844e-05, 1.5240022548823617e-05, 1.1103541510237847e-05, 1.2865421012975276e-05, 1.0780439879454207e-05, 1.0328433745598886e-05, 1.4808261767029762e-05, 1.0980924344039522e-05, 1.3037923054071143e-05, 1.597957088961266e-05, 8.364567293028813e-06, 5.386476004787255e-06, 8.335183338203933e-06]]}