{"alpha": 0.75, "beta": 0.5, "gamma": 5.0, "num_samples": 1000, "node_count": 10, "density": 0.5, "startup_delay": 0.0, "forward_prob": 0, "epochs": [[0, 1, 2, 3, 4, 5, 6, 7, 8, 9, 10, 11, 12, 13, 14, 15, 16, 17, 18, 19, 20], [0, 1, 2, 3, 4, 5, 6, 7, 8, 9, 10, 11, 12, 13, 14, 15, 16, 17, 18, 19, 20], [0, 1, 2, 3, 4, 5, 6, 7, 8, 9, 10, 11, 12, 13, 14, 15, 16, 17, 18, 19, 20], [0, 1, 2, 3, 4, 5, 6, 7, 8, 9, 10, 11, 12, 13, 14, 15, 16, 17, 18, 19, 20], [0, 1, 2, 3, 4, 5, 6, 7, 8, 9, 10, 11, 12, 13, 14, 15, 16, 17, 18, 19, 20], [0, 1, 2, 3, 4, 5, 6, 7, 8, 9, 10, 11, 12, 13, 14, 15, 16, 17, 18, 19, 20], [0, 1, 2, 3, 4, 5, 6, 7, 8, 9, 10, 11, 12, 13, 14, 15, 16, 17, 18, 19, 20], [0, 1, 2, 3, 4, 5, 6, 7, 8, 9, 10, 11, 12, 13, 14, 15, 16, 17, 18, 19, 20], [0, 1, 2, 3, 4, 5, 6, 7, 8, 9, 10, 11, 12, 13, 14, 15, 16, 17, 18, 19, 20], [0, 1, 2, 3, 4, 5, 6, 7, 8, 9, 10, 11, 12, 13, 14, 15, 16, 17, 18, 19, 20]], "accuracies": [[13.09, 18.63, 66.17, 76.38, 79.15, 81.48, 83.06, 83.36, 83.96, 83.95, 84.08, 84.93, 84.78, 85.26, 84.73, 84.86, 85.04, 84.93, 84.99, 85.2, 85.33], [11.3, 23.58, 60.15, 76.49, 79.2, 81.5, 83.22, 83.51, 84.06, 84.09, 84.79, 84.38, 85.14, 85.0, 85.12, 84.85, 84.96, 84.99, 85.14, 85.07, 85.47], [7.36, 10.97, 62.72, 77.01, 79.28, 81.51, 82.9, 83.56, 83.7, 83.98, 84.92, 84.54, 85.06, 85.07, 84.81, 84.99, 84.86, 84.97, 84.98, 85.27, 85.21], [8.08, 12.09, 68.75, 77.2, 79.62, 81.83, 83.22, 83.95, 83.99, 84.56, 84.78, 85.0, 85.23, 85.16, 85.16, 85.07, 85.05, 85.29, 85.26, 85.49, 85.07], [5.34, 24.93, 65.74, 78.74, 81.67, 83.23, 83.77, 83.87, 84.54, 84.68, 84.74, 85.01, 85.09, 84.91, 85.23, 85.15, 85.12, 85.39, 85.01, 84.72, 84.8], [10.12, 28.08, 76.01, 79.4, 81.81, 83.35, 83.92, 83.75, 84.72, 84.82, 84.72, 85.04, 84.67, 84.89, 84.76, 84.98, 84.98, 84.63, 84.8, 84.56, 84.27], [10.47, 9.95, 75.69, 81.28, 83.27, 83.94, 84.22, 84.72, 85.07, 85.07, 84.96, 85.11, 85.04, 85.12, 85.15, 84.93, 84.75, 84.86, 84.76, 84.75, 84.29], [7.38, 36.65, 78.55, 82.31, 83.76, 84.52, 84.61, 84.92, 84.41, 84.65, 84.42, 84.91, 84.68, 84.25, 84.31, 84.5, 84.77, 84.59, 84.24, 83.88, 84.35], [10.82, 44.45, 77.59, 82.54, 83.68, 84.55, 84.76, 85.05, 84.73, 84.88, 84.7, 85.17, 85.34, 84.75, 84.6, 84.62, 84.61, 84.84, 83.93, 84.0, 84.25], [10.01, 72.04, 80.39, 82.79, 83.72, 84.22, 84.44, 85.08, 84.99, 84.63, 85.15, 85.26, 85.19, 85.41, 83.92, 84.35, 84.07, 84.26, 84.29, 84.34, 84.38]], "msds": [[0, 0.0008684593485668302, 0.00029470084700733423, 0.00013971673615742475, 0.00010660041880328208, 9.349212632514536e-05, 0.00010020662739407271, 0.00011051116598537192, 0.00011533320503076538, 0.00011561455903574824, 0.00011978942347923294, 0.00011021432874258608, 9.739794040797278e-05, 9.026773477671668e-05, 0.00010973252938129008, 7.707766781095415e-05, 9.476372360950336e-05, 8.060336404014379e-05, 6.31233851891011e-05, 6.411561480490491e-05, 7.316626579267904e-05], [0, 0.0008751656860113144, 0.0003225041145924479, 0.00015704805264249444, 0.00010888276301557198, 9.897552081383765e-05, 0.00010623557318467647, 0.00010960867075482383, 0.00011070244363509119, 0.00012512208195403218, 0.00011069745232816786, 0.00010476093302713707, 0.00010456766176503152, 9.825473534874618e-05, 0.00010363652836531401, 8.858174260240048e-05, 8.027853618841618e-05, 8.477566007059067e-05, 6.306549767032266e-05, 9.349353786092252e-05, 9.769397729542106e-05], [0, 0.0008732223650440574, 0.0003181936335749924, 0.00015751337923575193, 9.883844177238643e-05, 9.517031867289916e-05, 0.00010179217497352511, 0.00011852163152070716, 0.00011079478281317279, 0.00011283221829216927, 0.00010840016329893842, 9.800347470445558e-05, 9.398111433256418e-05, 9.364201832795516e-05, 8.660580351715907e-05, 9.254478936782107e-05, 7.530456787208095e-05, 9.628595580579713e-05, 7.234668737510219e-05, 7.061607902869582e-05, 8.297690510516986e-05], [0, 0.000874686986207962, 0.000309501017909497, 0.00015306253044400364, 0.00010675260273274034, 9.364206198370084e-05, 0.00010813033441081643, 0.00011332493158988655, 0.00011308575631119311, 0.00011085205187555403, 0.000106813371530734, 9.8941229225602e-05, 8.62933520693332e-05, 8.402827370446175e-05, 9.184943337459117e-05, 7.414463470922783e-05, 7.98409164417535e-05, 7.867004023864865e-05, 7.743869355181232e-05, 6.327237497316673e-05, 6.660980579908937e-05], [0, 0.000854897138196975, 0.0003272634348832071, 0.00014282616029959172, 0.0001075312975444831, 0.00011469128367025405, 0.00012120624160161242, 0.00011364864622009918, 0.00011148623161716387, 0.00010998258949257433, 0.00010466294042998925, 9.643709199735895e-05, 8.712056296644732e-05, 0.00010409333481220528, 7.257065590238199e-05, 7.5135612860322e-05, 8.361281652469188e-05, 7.252514478750527e-05, 7.49080500099808e-05, 4.5625940401805565e-05, 3.101357651758008e-05], [0, 0.0008496299851685762, 0.00023832664010114968, 0.00011834014730993658, 0.00010217158705927432, 0.00011729398829629645, 0.00012282704119570553, 0.00011276260192971677, 0.00010505113459657878, 0.00011179008288308978, 9.196211613016203e-05, 9.994724678108469e-05, 9.104055061470717e-05, 9.531407704344019e-05, 6.072900941944681e-05, 0.00010379695595474914, 0.00010000305337598547, 7.651172927580774e-05, 4.83625044580549e-05, 5.433829210232943e-05, 7.5741454566014e-06], [0, 0.0008557058754377067, 0.0002510999911464751, 0.00014111309428699315, 0.00012163928477093577, 0.00012989778770133853, 0.00013321565347723663, 0.00011894083581864834, 0.00011546518362592906, 0.00010055899474537, 0.00010445447696838528, 8.123948646243662e-05, 8.548567711841315e-05, 8.146040636347607e-05, 7.114883919712156e-05, 7.672946958336979e-05, 7.442677451763302e-05, 3.4219301596749574e-05, 2.8897091397084296e-05, 5.238238372839987e-05, 4.7243480366887525e-05], [0, 0.0007167079602368176, 0.0001744612236507237, 0.00014142582949716598, 0.00012673065066337585, 0.00014520618424285203, 0.0001223327562911436, 0.00013878282334189862, 0.00010606135765556246, 0.00010069387644762173, 0.0001338147121714428, 0.00010795919661177322, 0.00011004426778526977, 9.484603651799262e-05, 5.460021930048242e-05, 3.637601912487298e-05, 2.3149637854658067e-05, 3.472678508842364e-05, 3.928221121896058e-05, 4.813785926671699e-05, 1.148411047324771e-05], [0, 0.0006456595729105175, 0.0001703286252450198, 0.00015106386854313314, 0.00012116834113840014, 0.0001532856549602002, 0.00013383034092839807, 0.0001368395023746416, 0.00011379455827409402, 0.00013363755715545267, 0.00010812022810569033, 9.402333671459928e-05, 8.254950807895511e-05, 8.667299698572606e-05, 4.416267984197475e-05, 3.1579511414747685e-05, 4.569991506286897e-05, 2.058846439467743e-05, 4.479948984226212e-05, 1.8998392988578416e-05, 0], [0, 0.0005759600317105651, 0.00014611892402172089, 0.0001219838741235435, 0.00011321822967147455, 0.00011738932516891509, 0.0001119655353249982, 9.425044117961079e-05, 9.181258064927533e-05, 0.00011662593169603497, 7.90587582741864e-05, 9.539664461044595e-05, 7.081930380081758e-05, 4.455497764865868e-05, 5.62595269002486e-05, 3.683073373395018e-05, 0, 0, 0, 0, 0]]}