{"alpha": 0.75, "beta": 0.5, "gamma": 1.0, "num_samples": 1000, "node_count": 10, "density": 0.0, "startup_delay": 0.0, "forward_prob": 0, "epochs": [[0, 1, 2, 3, 4, 5, 6, 7, 8, 9, 10, 11, 12, 13, 14, 15, 16, 17, 18, 19, 20], [0, 1, 2, 3, 4, 5, 6, 7, 8, 9, 10, 11, 12, 13, 14, 15, 16, 17, 18, 19, 20], [0, 1, 2, 3, 4, 5, 6, 7, 8, 9, 10, 11, 12, 13, 14, 15, 16, 17, 18, 19, 20], [0, 1, 2, 3, 4, 5, 6, 7, 8, 9, 10, 11, 12, 13, 14, 15, 16, 17, 18, 19, 20], [0, 1, 2, 3, 4, 5, 6, 7, 8, 9, 10, 11, 12, 13, 14, 15, 16, 17, 18, 19, 20], [0, 1, 2, 3, 4, 5, 6, 7, 8, 9, 10, 11, 12, 13, 14, 15, 16, 17, 18, 19, 20], [0, 1, 2, 3, 4, 5, 6, 7, 8, 9, 10, 11, 12, 13, 14, 15, 16, 17, 18, 19, 20], [0, 1, 2, 3, 4, 5, 6, 7, 8, 9, 10, 11, 12, 13, 14, 15, 16, 17, 18, 19, 20], [0, 1, 2, 3, 4, 5, 6, 7, 8, 9, 10, 11, 12, 13, 14, 15, 16, 17, 18, 19, 20], [0, 1, 2, 3, 4, 5, 6, 7, 8, 9, 10, 11, 12, 13, 14, 15, 16, 17, 18, 19, 20]], "accuracies": [[10.71, 75.3, 76.07, 76.92, 80.38, 80.85, 83.25, 83.62, 83.8, 84.38, 83.98, 84.93, 84.47, 84.51, 84.51, 84.69, 85.08, 85.17, 85.64, 85.47, 85.46], [8.63, 14.82, 52.69, 78.03, 76.29, 81.12, 82.17, 82.8, 83.46, 83.94, 83.59, 83.98, 83.77, 83.6, 83.23, 84.68, 84.78, 85.51, 86.08, 85.07, 85.6], [8.46, 10.0, 74.19, 78.62, 82.47, 82.99, 83.24, 83.88, 84.27, 84.7, 84.63, 84.36, 84.25, 84.09, 84.55, 84.93, 84.9, 85.18, 85.48, 84.77, 85.6], [11.62, 68.32, 72.87, 78.86, 80.53, 82.22, 82.12, 82.56, 83.25, 83.73, 83.58, 83.9, 83.76, 83.5, 83.23, 84.75, 84.69, 84.91, 85.05, 82.44, 85.17], [16.04, 72.9, 76.04, 71.38, 80.24, 82.22, 82.93, 82.51, 83.46, 83.82, 83.93, 83.84, 84.1, 83.39, 83.69, 83.96, 84.21, 84.4, 84.2, 83.9, 84.69], [11.95, 19.95, 67.81, 78.27, 79.93, 82.15, 82.23, 82.23, 84.19, 84.24, 84.13, 84.27, 83.92, 83.33, 83.24, 84.62, 84.73, 85.09, 84.85, 82.46, 85.7], [7.7, 76.14, 71.24, 78.88, 79.85, 82.33, 81.98, 82.43, 83.33, 83.79, 83.79, 84.15, 83.96, 83.72, 83.56, 84.72, 84.5, 84.83, 85.03, 82.43, 84.97], [10.0, 19.49, 73.87, 74.9, 80.63, 83.12, 78.04, 81.75, 83.68, 84.36, 83.7, 85.27, 84.31, 84.27, 84.37, 85.42, 84.83, 85.45, 85.46, 85.38, 85.53], [10.96, 59.82, 72.99, 78.73, 80.39, 82.41, 81.4, 82.34, 80.86, 83.96, 83.98, 84.19, 84.75, 84.53, 84.08, 84.85, 85.62, 84.76, 85.15, 85.19, 85.53], [9.8, 71.58, 65.79, 81.26, 79.21, 82.33, 81.22, 82.55, 80.03, 83.99, 84.23, 84.18, 85.27, 84.79, 84.05, 84.8, 85.52, 84.95, 85.25, 85.31, 85.49]], "msds": [[0, 0.000880199484527111, 0.0005174619727768004, 0.0003523810300976038, 0.0005664160125888884, 0.00024190364638343453, 0.0002873644989449531, 0.00022763297602068633, 0.00019849397358484566, 0.00017076412041205913, 0.00016261200653389096, 0.00015231424185913056, 0.00015901245933491737, 0.00014657345309387892, 0.0001660773268667981, 0.0001919666538015008, 0.0001402903435518965, 0.00015672994777560234, 9.492198296356946e-05, 3.760191611945629e-05, 6.753827619832009e-05], [0, 0.000867112074047327, 0.0004982153186574578, 0.0005654292181134224, 0.0005219221930019557, 0.0003569871769286692, 0.00016366054478567094, 0.00014845353143755347, 0.00013600988313555717, 0.00011798179912148044, 0.0001107547213905491, 0.00011436577187851071, 8.99689766811207e-05, 0.00012458510173019022, 0.0001494453172199428, 8.139626879710704e-05, 6.632185977650806e-05, 0.00015672994777560234, 9.6188421593979e-05, 9.871290967566893e-05, 6.753827619832009e-05], [0, 0.0008711425471119583, 0.0005486518493853509, 0.00036734281457029283, 0.00023162596335168928, 0.0001567103754496202, 0.00011358732444932684, 0.00010953966557281092, 0.00010151979222428054, 8.809870632831007e-05, 9.044525359058753e-05, 0.00011436577187851071, 0.00015168340178206563, 7.751939847366884e-05, 0.000127593579236418, 6.897831917740405e-05, 5.405728370533325e-05, 3.0112250897218473e-05, 9.745477291289717e-05, 0.00025483526405878365, 8.729485853109509e-05], [0, 0.0008771278662607074, 0.00048201950266957283, 0.0004764893965329975, 0.00025535980239510536, 0.00015114861889742315, 0.0001189246540889144, 9.131423576036468e-05, 0.00010214687063125893, 6.24459280516021e-05, 7.985787669895217e-05, 5.695720756193623e-05, 0.00015206712123472244, 0.00011905009887414053, 0.0001568370353197679, 9.187542309518903e-05, 4.063895539729856e-05, 5.777435944764875e-05, 6.318121450021863e-05, 0.0002543659065850079, 0.00013217396917752922], [0, 0.0008824539254419506, 0.0005376412300392985, 0.0005124471499584615, 0.0002697284799069166, 0.00017352501163259149, 0.00016897960449568927, 0.0001453871955163777, 0.00014298070163931698, 6.892228702781722e-05, 7.841180195100605e-05, 6.484126060968265e-05, 5.3406205552164465e-05, 0.00020431949815247208, 0.00017127844330389053, 0.00019795369007624686, 0.0001318667782470584, 0.00015546841314062476, 0.00016187653818633407, 0.0001400964247295633, 0.00023707935179118067], [0, 0.0008891692268662155, 0.0005486518493853509, 0.00036734281457029283, 0.00020789216796401888, 0.00016227214655373245, 0.00010825008939718828, 9.458121348870918e-05, 0.00012081490422133356, 7.317154086194932e-05, 8.661323226988316e-05, 7.439943146891892e-05, 0.00015689323481637985, 0.0001619701215531677, 0.00016947615949902683, 0.00011837029160233214, 7.940339128253981e-05, 9.310765017289668e-05, 9.792072523850948e-05, 0.00027640542248263955, 0.0001704839669400826], [0, 0.0008770564454607666, 0.0004962868988513947, 0.00048453532508574426, 0.00027026483439840376, 0.00020050151215400547, 0.00016496286843903363, 0.00014272340922616422, 0.00010376361751696095, 9.45465435506776e-05, 9.66630395851098e-05, 7.991819438757375e-05, 0.00015168340178206563, 7.751939847366884e-05, 7.6498523412738e-05, 4.608123344951309e-05, 4.179277675575577e-05, 1.26778841149644e-05, 9.194237463816535e-06, 0.00032827636459842324, 0.00010582490358501673], [0, 0.0008616776904091239, 0.0005870605818927288, 0.0004274630337022245, 0.00040430977242067456, 0.00023439020151272416, 0.0003880355798173696, 0.0005975666572339833, 0.00025385417393408716, 0.00021326850401237607, 0.0001859007024904713, 0.0002091900387313217, 0.0001844636135501787, 0.00019879364117514342, 0.00019767745106946677, 0.00021780918177682906, 0.000150056483107619, 0.00019518927729222924, 0.00018738854851108044, 0.00014496094081550837, 0.00017022131942212582], [0, 0.000861461681779474, 0.000488898775074631, 0.000380882149329409, 0.00025065249064937234, 0.0001626519369892776, 0.00012118541053496301, 0.00019785673066508025, 0.0006552653503604233, 0.00036918619298376143, 0.00025893334532156587, 0.00021580014436040074, 0.00011102556163677946, 0.00021865824237465858, 0.0002039842220256105, 0.00023164460435509682, 0.00010089101851917803, 0.00019959737255703658, 0.00010085137910209596, 0.0001803003397071734, 0.00019159687508363277], [0, 0.0008632080280221999, 0.0005870605818927288, 0.000345271808328107, 0.0002548340999055654, 0.00016902131028473377, 0.00012105817586416379, 0.0002283104695379734, 0.0006528145167976618, 0.00037579573108814657, 0.0002534367667976767, 0.0002304841036675498, 0.00011821976659120992, 0.00020186601614113897, 0.00020178472914267331, 0.00020889453298877925, 0.00012163607607362792, 0.00022304819140117615, 0.00015108603111002594, 0.00020388718985486776, 0.0001875763264251873]]}