{"alpha": 0.75, "beta": 0.5, "gamma": 5.0, "num_samples": 1000, "node_count": 10, "density": 1.0, "startup_delay": 2.0, "forward_prob": 0, "epochs": [[0, 1, 2, 3, 4, 5, 6, 7, 8, 9, 10, 11, 12, 13, 14, 15, 16, 17, 18, 19, 20], [0, 1, 2, 3, 4, 5, 6, 7, 8, 9, 10, 11, 12, 13, 14, 15, 16, 17, 18, 19, 20], [0, 1, 2, 3, 4, 5, 6, 7, 8, 9, 10, 11, 12, 13, 14, 15, 16, 17, 18, 19, 20], [0, 1, 2, 3, 4, 5, 6, 7, 8, 9, 10, 11, 12, 13, 14, 15, 16, 17, 18, 19, 20], [0, 1, 2, 3, 4, 5, 6, 7, 8, 9, 10, 11, 12, 13, 14, 15, 16, 17, 18, 19, 20], [0, 1, 2, 3, 4, 5, 6, 7, 8, 9, 10, 11, 12, 13, 14, 15, 16, 17, 18, 19, 20], [0, 1, 2, 3, 4, 5, 6, 7, 8, 9, 10, 11, 12, 13, 14, 15, 16, 17, 18, 19, 20], [0, 1, 2, 3, 4, 5, 6, 7, 8, 9, 10, 11, 12, 13, 14, 15, 16, 17, 18, 19, 20], [0, 1, 2, 3, 4, 5, 6, 7, 8, 9, 10, 11, 12, 13, 14, 15, 16, 17, 18, 19, 20], [0, 1, 2, 3, 4, 5, 6, 7, 8, 9, 10, 11, 12, 13, 14, 15, 16, 17, 18, 19, 20]], "accuracies": [[8.47, 12.14, 30.42, 35.49, 38.13, 50.53, 38.98, 54.98, 56.17, 47.06, 64.17, 56.08, 67.46, 56.49, 74.66, 52.76, 76.87, 68.31, 72.88, 52.65, 64.55], [7.06, 11.46, 28.02, 48.4, 42.98, 47.0, 47.92, 42.08, 68.74, 36.78, 73.57, 45.33, 75.51, 46.8, 76.66, 49.11, 77.54, 54.6, 74.25, 49.12, 71.89], [8.76, 15.1, 21.79, 28.55, 58.86, 52.09, 59.57, 58.9, 45.41, 62.83, 54.69, 61.41, 64.32, 68.61, 56.0, 68.08, 60.05, 66.03, 54.02, 60.81, 59.33], [11.58, 10.0, 27.58, 41.5, 49.83, 61.33, 63.42, 62.22, 60.41, 57.57, 53.99, 56.17, 62.24, 61.61, 65.87, 68.75, 60.92, 70.1, 60.45, 61.82, 72.65], [9.42, 20.25, 21.62, 47.71, 61.54, 43.38, 63.14, 45.86, 71.14, 42.77, 69.96, 47.53, 69.26, 48.31, 75.31, 54.31, 71.41, 58.81, 73.16, 51.07, 76.87], [8.98, 10.16, 19.17, 42.81, 39.56, 47.22, 55.88, 55.32, 52.86, 53.31, 62.61, 71.45, 49.79, 65.63, 76.04, 66.37, 73.82, 71.18, 73.72, 59.45, 74.36], [5.06, 10.02, 33.12, 62.01, 43.76, 70.63, 57.06, 65.88, 62.15, 64.44, 67.21, 68.28, 71.11, 62.07, 67.96, 58.97, 67.64, 62.97, 69.0, 68.42, 60.51], [8.38, 19.13, 29.1, 36.89, 30.91, 40.79, 41.73, 57.74, 35.6, 44.44, 48.43, 71.19, 51.69, 76.46, 69.29, 76.0, 44.95, 76.72, 32.41, 76.74, 60.51], [9.68, 19.11, 28.2, 28.21, 68.36, 52.9, 52.34, 46.25, 43.99, 58.17, 56.86, 58.43, 64.0, 69.7, 69.14, 77.91, 57.89, 73.26, 62.33, 68.37, 60.51], [15.38, 53.11, 44.69, 50.32, 64.05, 48.26, 72.28, 54.26, 68.78, 55.8, 73.04, 57.4, 72.7, 66.86, 75.4, 68.13, 70.61, 62.36, 70.26, 60.51, 29.58]], "msds": [[0, 0.0007704431191086769, 0.0002438455994706601, 0.0001679258275544271, 0.00012076279381290078, 0.00012577118468470871, 0.00010628624295350164, 0.00011442496906965971, 0.00011182431626366451, 0.0001318587746936828, 0.00011069445463363081, 0.00010332265810575336, 0.00010496136383153498, 0.00010490144632058218, 0.00011238304432481527, 8.675269054947421e-05, 0.00011979685223195702, 0.00010663243301678449, 6.429032509913668e-05, 0.0001119716398534365, 8.792028529569507e-05], [0, 0.0007593121845275164, 0.00022656607325188816, 0.00018050885410048068, 0.00013667957682628185, 0.00012749116285704076, 0.00010697355173761025, 0.00013863304047845304, 8.607633935753256e-05, 0.00013654667418450117, 9.537093137623742e-05, 0.00011256184370722622, 9.0081783127971e-05, 0.00011531088239280507, 8.56576079968363e-05, 0.00011024453124264255, 9.798719838727266e-05, 0.00010718066187109798, 5.1193201215937734e-05, 7.106715929694474e-05, 8.358807099284604e-05], [0, 0.0007576174102723598, 0.000234040868235752, 0.00018330728926230222, 0.00010359509178670123, 0.0001194976139231585, 9.625399979995564e-05, 9.892285015666857e-05, 8.637508290121332e-05, 0.00010475307499291375, 0.00010351722448831424, 8.338152838405222e-05, 8.736804011277854e-05, 9.008925553644076e-05, 0.00010502074292162433, 6.246996053960174e-05, 0.00013954042515251786, 6.892435339977965e-05, 9.421801951248199e-05, 6.189858686411753e-05, 0.00017563014989718795], [0, 0.0007618246017955244, 0.0002214367559645325, 0.00016102928202599287, 0.00012349251483101398, 0.00012045876064803451, 0.00012267587590031326, 0.00011773340520448983, 0.00011809656280092895, 0.00012930281809531152, 0.00012673420133069158, 0.00013247849710751325, 0.00011494772479636595, 9.891737863654271e-05, 0.00011179510329384357, 9.61215264396742e-05, 0.0001060332142515108, 9.576235606800765e-05, 8.598164276918396e-05, 7.965187251102179e-05, 9.636668983148411e-05], [0, 0.0007595404167659581, 0.00024081382434815168, 0.00018187728710472584, 0.0001294288958888501, 0.00014406359696295112, 9.879603749141097e-05, 0.00011864874977618456, 0.00011614244431257248, 0.00016251027409452945, 0.00011313024151604623, 9.70646578934975e-05, 0.00012025970499962568, 9.951831452781335e-05, 7.808482769178227e-05, 9.243380191037431e-05, 7.183070556493476e-05, 0.00012291102029848844, 5.0640115659916773e-05, 0.00010763714817585424, 7.22437325748615e-05], [0, 0.0007678769761696458, 0.0002248970849905163, 0.00018059117428492755, 0.00013777623826172203, 0.00013475757441483438, 0.00013087929983157665, 0.00013256109377834946, 0.0001316154666710645, 0.00013465330994222313, 0.0001225404703291133, 0.00011869880836457014, 0.00011094517685705796, 0.00010601959365885705, 0.0001052596271620132, 9.425293683307245e-05, 0.0001073325693141669, 0.00010266542085446417, 7.94764855527319e-05, 8.434550545644015e-05, 0.00010515674512134865], [0, 0.000562414585147053, 0.0001961269590537995, 0.00011020753299817443, 0.0001112260069930926, 9.014997340273112e-05, 0.00010154143819818273, 9.564769425196573e-05, 0.00011214335972908884, 9.700201189843938e-05, 0.00010305307660019025, 8.962136053014547e-05, 8.576786058256403e-05, 8.608525240560994e-05, 5.8488854847382754e-05, 0.00013180775567889214, 6.410537753254175e-05, 7.366598583757877e-05, 5.656956273014657e-05, 0.00011515634105307981, 5.044725912739523e-05], [0, 0.0006074258126318455, 0.00021447007020469755, 0.00013001311162952334, 0.0001469265844207257, 0.0001355613931082189, 0.00013501165085472167, 0.0001484825334046036, 0.0001641188282519579, 0.00010967427078867331, 0.00012334377970546484, 0.00011168488708790392, 0.00012051322846673429, 9.673777822172269e-05, 9.154266444966197e-05, 0.00011806491238530725, 0.0001079730354831554, 6.931696407264099e-05, 0.00011048243322875351, 0.00010111994197359309, 8.059096580836922e-05], [0, 0.0005882385303266346, 0.00019994800095446408, 0.00012270147271919996, 0.00013122193922754377, 0.00011941449338337407, 0.00011173262464581057, 0.00013014362775720656, 0.00011582808656385168, 0.00011583136802073568, 0.00010252746142214164, 0.00010967895650537685, 9.082496399059892e-05, 8.938799874158576e-05, 6.828408368164673e-05, 9.274921467294917e-05, 0.00010270063648931682, 7.761473534628749e-05, 9.930918895406649e-05, 8.618158608442172e-05, 5.866595893166959e-05], [0, 0.0006003650487400591, 0.0002078067627735436, 0.000159145551151596, 0.0001368415105389431, 0.00014785393432248384, 0.00011329475091770291, 0.00012661794607993215, 0.00010763406316982582, 0.00011493971396703273, 0.00011111687490483746, 0.00010163138358620927, 9.293430048273876e-05, 8.691624680068344e-05, 8.4912076999899e-05, 7.933579036034644e-05, 6.543587369378656e-05, 8.948270260589197e-05, 9.020089783007279e-05, 5.879333184566349e-05, 0]]}