{"alpha": 0.75, "beta": 0.5, "gamma": 7.0, "num_samples": 100, "node_count": 10, "density": 0.75, "startup_delay": 0.0, "forward_prob": 0, "epochs": [[0, 1, 2, 3, 4, 5, 6, 7, 8, 9, 10, 11, 12, 13, 14, 15, 16, 17, 18, 19, 20], [0, 1, 2, 3, 4, 5, 6, 7, 8, 9, 10, 11, 12, 13, 14, 15, 16, 17, 18, 19, 20], [0, 1, 2, 3, 4, 5, 6, 7, 8, 9, 10, 11, 12, 13, 14, 15, 16, 17, 18, 19, 20], [0, 1, 2, 3, 4, 5, 6, 7, 8, 9, 10, 11, 12, 13, 14, 15, 16, 17, 18, 19, 20], [0, 1, 2, 3, 4, 5, 6, 7, 8, 9, 10, 11, 12, 13, 14, 15, 16, 17, 18, 19, 20], [0, 1, 2, 3, 4, 5, 6, 7, 8, 9, 10, 11, 12, 13, 14, 15, 16, 17, 18, 19, 20], [0, 1, 2, 3, 4, 5, 6, 7, 8, 9, 10, 11, 12, 13, 14, 15, 16, 17, 18, 19, 20], [0, 1, 2, 3, 4, 5, 6, 7, 8, 9, 10, 11, 12, 13, 14, 15, 16, 17, 18, 19, 20], [0, 1, 2, 3, 4, 5, 6, 7, 8, 9, 10, 11, 12, 13, 14, 15, 16, 17, 18, 19, 20], [0, 1, 2, 3, 4, 5, 6, 7, 8, 9, 10, 11, 12, 13, 14, 15, 16, 17, 18, 19, 20]], "accuracies": [[13.45, 24.55, 53.25, 65.25, 69.46, 69.57, 70.57, 73.49, 74.39, 70.3, 75.43, 77.35, 77.9, 78.29, 78.65, 78.7, 78.72, 78.56, 78.75, 78.45, 78.61], [9.14, 13.79, 54.63, 67.61, 70.12, 72.4, 72.38, 74.49, 73.37, 74.7, 76.6, 77.73, 77.64, 78.22, 78.69, 78.82, 78.95, 78.61, 78.46, 78.48, 79.08], [10.87, 17.05, 50.31, 68.05, 69.71, 72.27, 71.61, 73.93, 72.71, 74.42, 76.15, 77.45, 77.24, 78.1, 78.46, 78.77, 78.75, 79.21, 78.74, 78.58, 79.17], [15.23, 10.04, 56.64, 67.2, 70.2, 72.66, 72.01, 74.43, 72.77, 73.89, 76.0, 77.49, 77.83, 77.57, 78.39, 77.27, 77.87, 79.1, 78.49, 78.03, 78.9], [8.57, 15.28, 62.97, 69.12, 72.08, 71.92, 74.54, 73.7, 75.84, 77.01, 77.93, 78.3, 78.93, 79.04, 79.16, 79.43, 79.58, 79.59, 78.67, 79.35, 79.39], [6.59, 13.86, 64.53, 68.96, 71.05, 71.21, 74.15, 72.24, 75.48, 77.42, 77.2, 76.68, 77.82, 78.49, 78.43, 78.63, 78.21, 78.2, 78.32, 78.9, 79.01], [10.05, 22.16, 60.18, 69.47, 71.51, 72.69, 72.35, 74.27, 76.24, 77.46, 77.33, 77.14, 78.32, 78.68, 78.59, 76.72, 77.65, 78.7, 77.17, 77.39, 78.08], [10.56, 10.01, 65.52, 69.06, 72.52, 73.96, 73.38, 75.84, 77.76, 77.89, 79.02, 78.42, 78.86, 79.15, 79.02, 78.21, 78.2, 78.26, 77.68, 77.49, 77.61], [14.72, 47.1, 66.93, 72.04, 71.8, 73.33, 74.57, 77.26, 77.75, 78.43, 78.91, 78.64, 78.84, 78.66, 79.2, 78.01, 77.15, 76.84, 77.64, 77.48, 77.23], [9.45, 40.47, 67.66, 70.67, 71.05, 72.05, 74.03, 76.77, 77.6, 78.51, 78.12, 78.52, 78.98, 78.01, 79.3, 79.22, 78.72, 78.63, 78.59, 76.7, 77.38]], "msds": [[0, 0.0006985963555052876, 8.814732427708805e-05, 5.7143282901961356e-05, 2.79975138255395e-05, 2.1919608116149902e-05, 2.752834370767232e-05, 2.140030119335279e-05, 2.0613291781046428e-05, 2.6057694412884302e-05, 1.992737452383153e-05, 2.1083784304209985e-05, 1.9051718481932767e-05, 1.692464684310835e-05, 1.7011299860314466e-05, 1.977948886633385e-05, 2.004332418437116e-05, 1.7925356587511487e-05, 1.8216227545053698e-05, 1.752270691213198e-05, 1.9589142539189197e-05], [0, 0.0006946671637706459, 9.60058969212696e-05, 5.1912567869294435e-05, 2.8120746719650924e-05, 2.2345951947499998e-05, 2.0386522010085173e-05, 1.9753841115743853e-05, 2.1739377189078368e-05, 2.1696816475014202e-05, 1.8311800886294805e-05, 1.620121292944532e-05, 2.720342126849573e-05, 1.7234035112778656e-05, 1.8651648133527488e-05, 1.2473688002501149e-05, 1.2600277841556817e-05, 2.5582256057532504e-05, 1.708127456367947e-05, 1.8821534467861056e-05, 1.1242401342315134e-05], [0, 0.000690438668243587, 8.845356205711141e-05, 5.6795572163537145e-05, 3.226348417229019e-05, 2.5179630029015243e-05, 2.528472941776272e-05, 2.084680090774782e-05, 2.74687245109817e-05, 1.878885450423695e-05, 1.9667111700982787e-05, 1.8467884729034267e-05, 2.2808617359260097e-05, 1.922265801113099e-05, 2.126950494130142e-05, 1.6690792108420283e-05, 2.3031187083688565e-05, 1.667374453973025e-05, 1.7703834600979462e-05, 1.8772871044347994e-05, 1.8559307136456482e-05], [0, 0.0007031142013147473, 8.902207628125325e-05, 4.6272503823274747e-05, 2.602393396955449e-05, 2.2303847799776122e-05, 2.35305506066652e-05, 2.422861689410638e-05, 1.9866325601469725e-05, 1.991155295399949e-05, 1.9635424905573018e-05, 1.6418354789493605e-05, 1.788992085494101e-05, 1.904010059661232e-05, 1.979023545573e-05, 1.5002311556600034e-05, 2.3440434233634733e-05, 1.9233137209084816e-05, 2.1509031284949742e-05, 1.9826513380394317e-05, 1.4605394426325802e-05], [0, 0.0006996967713348567, 8.052630437305197e-05, 3.863900565193035e-05, 2.6420344511279836e-05, 2.51810961344745e-05, 2.153320747311227e-05, 2.1055573597550392e-05, 2.1077157725812867e-05, 2.0394767489051446e-05, 2.3698245058767498e-05, 2.3350852643488906e-05, 1.9007451555808075e-05, 1.8610515326145105e-05, 1.751769923430402e-05, 2.1621306586894207e-05, 1.735255318635609e-05, 1.4811596884101164e-05, 2.4279395802295767e-05, 1.8177315723733045e-05, 1.9509352569002658e-05], [0, 0.0006951662944629788, 0.00010050781565951183, 4.3556887248996645e-05, 2.465521356498357e-05, 2.3336113372351974e-05, 2.2932739739189856e-05, 2.023922024818603e-05, 2.1702708181692287e-05, 1.9940051060984842e-05, 2.1836900486960076e-05, 1.7980890334001742e-05, 1.780156890163198e-05, 1.2723496183753014e-05, 1.5331328540924005e-05, 1.4000519513501786e-05, 2.1061026927782223e-05, 1.7693637346383184e-05, 1.4942239431547932e-05, 1.0961000043607783e-05, 9.210274583892897e-06], [0, 0.0006966418586671352, 8.839920337777585e-05, 4.083629391971044e-05, 2.4179638785426505e-05, 2.4139979359460995e-05, 2.470125946274493e-05, 2.1974698029225692e-05, 1.7942484191735275e-05, 2.060712722595781e-05, 1.747033638821449e-05, 2.2210833776625805e-05, 1.6143309039762244e-05, 1.4446934073930606e-05, 1.3465714800986461e-05, 3.0019873520359397e-05, 1.4406533409783151e-05, 1.4886417375237215e-05, 1.440775395167293e-05, 1.0129894690180663e-05, 3.8151761145854834e-06], [0, 0.0006977150915190578, 9.519952436676249e-05, 4.333387914812192e-05, 2.5472329070908017e-05, 2.5640794774517417e-05, 2.2838832592242397e-05, 1.987968607863877e-05, 1.735181467665825e-05, 2.0347770259832032e-05, 1.5607285604346544e-05, 1.779377089405898e-05, 1.6131956726894714e-05, 1.549586158944294e-05, 1.770261769706849e-05, 1.5056852134875953e-05, 1.7619768186705187e-05, 0, 1.4369612472364679e-05, 7.14063799023279e-06, 5.762856744695455e-06], [0, 0.00043791066855192184, 6.480704905698076e-05, 3.2227664632955566e-05, 2.904101347667165e-05, 2.7894699087482877e-05, 2.7731628506444395e-05, 2.6162875656154938e-05, 2.7080750442110002e-05, 2.290896918566432e-05, 2.599000981717836e-05, 2.1645508240908384e-05, 1.927954872371629e-05, 2.108778244291898e-05, 1.806843101803679e-05, 1.8890044884756207e-05, 1.9837758372887038e-05, 9.702810530143324e-06, 4.042708951601526e-06, 2.736984015427879e-06, 5.480142135638744e-07], [0, 0.00044237752445042133, 7.382352487184107e-05, 3.257476055296138e-05, 2.4021575882215984e-05, 2.4686463802936487e-05, 2.157236849598121e-05, 2.7351430617272854e-05, 2.398986543994397e-05, 2.1142377590877004e-05, 2.4266964828711934e-05, 2.0567382307490334e-05, 2.46312210947508e-05, 2.343243068025913e-05, 1.516979045845801e-05, 1.9666875232360326e-05, 2.08771089091897e-05, 7.171971901698271e-06, 4.250644451531116e-06, 1.5497951153520262e-06, 0]]}