{"alpha": 0.75, "beta": 0.5, "gamma": 7.0, "num_samples": 100, "node_count": 10, "density": 0.75, "startup_delay": 0.0, "forward_prob": 0, "epochs": [[0, 1, 2, 3, 4, 5, 6, 7, 8, 9, 10, 11, 12, 13, 14, 15, 16, 17, 18, 19, 20], [0, 1, 2, 3, 4, 5, 6, 7, 8, 9, 10, 11, 12, 13, 14, 15, 16, 17, 18, 19, 20], [0, 1, 2, 3, 4, 5, 6, 7, 8, 9, 10, 11, 12, 13, 14, 15, 16, 17, 18, 19, 20], [0, 1, 2, 3, 4, 5, 6, 7, 8, 9, 10, 11, 12, 13, 14, 15, 16, 17, 18, 19, 20], [0, 1, 2, 3, 4, 5, 6, 7, 8, 9, 10, 11, 12, 13, 14, 15, 16, 17, 18, 19, 20], [0, 1, 2, 3, 4, 5, 6, 7, 8, 9, 10, 11, 12, 13, 14, 15, 16, 17, 18, 19, 20], [0, 1, 2, 3, 4, 5, 6, 7, 8, 9, 10, 11, 12, 13, 14, 15, 16, 17, 18, 19, 20], [0, 1, 2, 3, 4, 5, 6, 7, 8, 9, 10, 11, 12, 13, 14, 15, 16, 17, 18, 19, 20], [0, 1, 2, 3, 4, 5, 6, 7, 8, 9, 10, 11, 12, 13, 14, 15, 16, 17, 18, 19, 20], [0, 1, 2, 3, 4, 5, 6, 7, 8, 9, 10, 11, 12, 13, 14, 15, 16, 17, 18, 19, 20]], "accuracies": [[7.89, 10.23, 55.58, 63.95, 70.94, 72.29, 73.8, 74.97, 76.04, 74.86, 76.38, 76.61, 77.37, 76.93, 78.22, 78.86, 78.56, 79.0, 79.12, 79.23, 79.09], [11.03, 17.48, 60.29, 63.56, 71.22, 71.22, 73.83, 73.82, 75.66, 74.67, 76.39, 76.91, 76.35, 77.65, 78.05, 78.82, 78.72, 78.75, 79.23, 79.5, 79.68], [11.34, 10.0, 50.99, 62.67, 70.68, 72.33, 74.28, 75.09, 76.13, 76.73, 76.54, 77.74, 77.69, 77.67, 78.51, 79.27, 78.05, 78.91, 79.12, 79.24, 79.47], [13.8, 18.84, 54.19, 62.88, 71.57, 72.16, 73.96, 72.53, 75.61, 75.19, 74.87, 76.3, 75.57, 77.35, 78.24, 78.67, 77.39, 78.99, 79.49, 79.07, 78.5], [7.41, 10.07, 54.56, 63.99, 69.3, 71.51, 73.61, 74.97, 75.91, 75.25, 76.4, 76.96, 77.39, 77.59, 78.58, 78.78, 77.75, 79.0, 79.46, 79.08, 79.29], [10.04, 18.83, 54.33, 63.71, 71.27, 72.36, 73.46, 75.04, 76.06, 75.11, 75.88, 76.35, 76.57, 77.61, 78.3, 78.76, 77.95, 78.63, 78.69, 79.24, 79.09], [10.92, 17.14, 51.2, 63.29, 71.29, 71.47, 73.51, 73.97, 75.56, 75.44, 76.18, 76.75, 76.77, 78.24, 78.77, 78.76, 78.87, 79.01, 79.13, 79.11, 78.27], [8.29, 10.0, 52.4, 70.9, 72.75, 73.26, 74.11, 75.48, 74.04, 75.49, 75.92, 75.58, 77.26, 78.01, 78.12, 78.75, 78.76, 79.26, 78.63, 78.88, 77.86], [12.83, 40.12, 65.3, 70.91, 74.25, 75.63, 75.61, 76.85, 76.18, 77.53, 78.66, 78.55, 78.24, 79.09, 71.49, 74.08, 74.68, 75.04, 75.06, 74.85, 75.03], [7.95, 30.19, 69.85, 71.7, 73.11, 75.72, 75.92, 76.98, 77.15, 77.7, 77.61, 78.91, 79.28, 78.38, 78.29, 77.66, 77.2, 77.98, 78.03, 78.19, 78.11]], "msds": [[0, 0.0006921569001860917, 9.100223542191088e-05, 5.5125467042671517e-05, 3.107389420620166e-05, 2.5526402168907225e-05, 2.4108321667881683e-05, 1.9730408894247375e-05, 1.903571501316037e-05, 1.887202961370349e-05, 1.8207347238785587e-05, 1.8982977053383365e-05, 1.662597969698254e-05, 2.6471565433894284e-05, 1.5600146070937626e-05, 1.4501675650535617e-05, 1.8303737306268886e-05, 1.587573206052184e-05, 1.7008718714350834e-05, 1.1194324542884715e-05, 1.7309825125266798e-05], [0, 0.0006948097143322229, 9.726163261802867e-05, 5.351787694962695e-05, 3.3491927752038464e-05, 2.6394018277642317e-05, 2.3920687453937717e-05, 1.945595613506157e-05, 1.929506288433913e-05, 2.176732050429564e-05, 1.9147737475577742e-05, 1.8594402718008496e-05, 1.857426468632184e-05, 1.622847958060447e-05, 1.6238156604231335e-05, 1.3598406439996324e-05, 2.63616402662592e-05, 2.087574830511585e-05, 1.6475829397677444e-05, 1.3708982805837877e-05, 1.2253570275788661e-05], [0, 0.0006958839949220419, 8.95308330655098e-05, 5.682564733433537e-05, 3.278993972344324e-05, 2.696464434848167e-05, 2.856036189768929e-05, 2.0260149540263228e-05, 2.056058838206809e-05, 1.9320756109664217e-05, 2.3059792511048727e-05, 2.109766865032725e-05, 1.9154485926264897e-05, 1.795846583263483e-05, 2.1251733414828777e-05, 1.4994900084275287e-05, 2.0806224711122923e-05, 1.6342246453859843e-05, 2.472675078024622e-05, 1.2733104995277245e-05, 1.4841426491329912e-05], [0, 0.0006980985635891557, 8.350214193342254e-05, 5.788033740827814e-05, 3.233177267247811e-05, 2.6488480216357857e-05, 2.4952812964329496e-05, 2.2508527763420716e-05, 2.5482442651991732e-05, 1.9979348508059047e-05, 2.133847556251567e-05, 2.4497401682310738e-05, 2.291898272233084e-05, 1.9231099940952845e-05, 1.6312569641740993e-05, 1.557824361952953e-05, 2.2728421754436567e-05, 2.2827802240499295e-05, 1.3876182492822409e-05, 1.2991576113563497e-05, 2.143218989658635e-05], [0, 0.0007016705931164324, 8.685694774612784e-05, 5.961260831099935e-05, 3.762006963370368e-05, 2.620511622808408e-05, 2.8519791158032604e-05, 1.8073013052344322e-05, 1.9650980902952142e-05, 2.446189319016412e-05, 1.830444307415746e-05, 2.334410419280175e-05, 1.6353205865016207e-05, 1.507309661974432e-05, 1.628804784559179e-05, 1.390633133269148e-05, 3.274723349022679e-05, 1.721479566185735e-05, 1.276939656236209e-05, 1.2133050404372625e-05, 1.3472073078446556e-05], [0, 0.0006937645957805216, 9.346406295662746e-05, 5.7930152252083644e-05, 3.453299359534867e-05, 2.920680162787903e-05, 2.541731191740837e-05, 2.1843998183612712e-05, 2.0667799617513083e-05, 2.0997318642912433e-05, 2.2755157260689884e-05, 2.2182322936714627e-05, 2.4591856345068663e-05, 1.704632450127974e-05, 1.9532897567842156e-05, 1.5105450074770488e-05, 2.6517087462707423e-05, 1.573266854393296e-05, 2.0302155462559313e-05, 1.5139389688556548e-05, 1.799970596039202e-05], [0, 0.0007008988177403808, 8.86915804585442e-05, 5.647054058499634e-05, 3.1364619644591585e-05, 2.825925730576273e-05, 2.3493010303354822e-05, 2.095248237310443e-05, 1.9579752915888093e-05, 1.684977178229019e-05, 1.9293742298032157e-05, 2.2651513063465245e-05, 2.115656025125645e-05, 1.4292698324425146e-05, 1.9425513528403826e-05, 1.8840139091480523e-05, 2.082624996546656e-05, 2.1326608475646935e-05, 1.60996823979076e-05, 1.6525313185411505e-05, 1.4504224054689985e-05], [0, 0.0006956862634979188, 8.692613482708111e-05, 4.4666448957286775e-05, 2.8691711122519337e-05, 2.3153159418143332e-05, 2.702864549064543e-05, 2.1367797671700828e-05, 2.0937481167493388e-05, 1.8842170902644284e-05, 2.723380021052435e-05, 2.8068228857591748e-05, 2.248716918984428e-05, 1.660137604631018e-05, 1.734028774080798e-05, 1.9848423107760027e-05, 1.8114489648723975e-05, 1.5294579498004168e-05, 2.1922158339293674e-05, 2.24893847189378e-05, 1.5540710592176765e-05], [0, 0.0003671854210551828, 6.83008911437355e-05, 3.11095172946807e-05, 2.754249726422131e-05, 1.8693064703256823e-05, 2.1216324967099354e-05, 2.056310222542379e-05, 2.2323954908642918e-05, 1.6844182027853094e-05, 1.3796502571494784e-05, 1.7796406609704718e-05, 1.6266641978290863e-05, 1.4531095985148568e-05, 2.805155236274004e-05, 0, 0, 0, 0, 0, 0], [0, 0.0003659511567093432, 6.479385774582624e-05, 2.8486210794653744e-05, 2.2594791516894475e-05, 1.9478105969028547e-05, 1.6320835129590705e-05, 1.8933515093522146e-05, 1.789131056284532e-05, 1.5222431102301925e-05, 1.9047476598643698e-05, 1.7121083146776073e-05, 1.2238112503837328e-05, 2.1772559193777852e-05, 1.5284011169569567e-05, 0, 0, 0, 0, 0, 0]]}