{"alpha": 0.9, "beta": 0.5, "gamma": 5.0, "num_samples": 1000, "node_count": 10, "density": 0.5, "startup_delay": 0.0, "forward_prob": 0, "epochs": [[0, 1, 2, 3, 4, 5, 6, 7, 8, 9, 10, 11, 12, 13, 14, 15, 16, 17, 18, 19, 20], [0, 1, 2, 3, 4, 5, 6, 7, 8, 9, 10, 11, 12, 13, 14, 15, 16, 17, 18, 19, 20], [0, 1, 2, 3, 4, 5, 6, 7, 8, 9, 10, 11, 12, 13, 14, 15, 16, 17, 18, 19, 20], [0, 1, 2, 3, 4, 5, 6, 7, 8, 9, 10, 11, 12, 13, 14, 15, 16, 17, 18, 19, 20], [0, 1, 2, 3, 4, 5, 6, 7, 8, 9, 10, 11, 12, 13, 14, 15, 16, 17, 18, 19, 20], [0, 1, 2, 3, 4, 5, 6, 7, 8, 9, 10, 11, 12, 13, 14, 15, 16, 17, 18, 19, 20], [0, 1, 2, 3, 4, 5, 6, 7, 8, 9, 10, 11, 12, 13, 14, 15, 16, 17, 18, 19, 20], [0, 1, 2, 3, 4, 5, 6, 7, 8, 9, 10, 11, 12, 13, 14, 15, 16, 17, 18, 19, 20], [0, 1, 2, 3, 4, 5, 6, 7, 8, 9, 10, 11, 12, 13, 14, 15, 16, 17, 18, 19, 20], [0, 1, 2, 3, 4, 5, 6, 7, 8, 9, 10, 11, 12, 13, 14, 15, 16, 17, 18, 19, 20]], "accuracies": [[14.73, 17.85, 56.44, 77.3, 80.62, 82.69, 83.29, 84.31, 84.69, 85.15, 84.59, 85.46, 85.23, 85.33, 85.88, 85.52, 85.75, 85.76, 85.84, 86.06, 85.99], [10.32, 9.77, 57.53, 76.77, 80.43, 82.01, 82.36, 83.58, 84.53, 84.72, 84.74, 85.24, 85.34, 85.65, 85.65, 85.54, 85.93, 85.85, 85.89, 86.03, 85.91], [10.21, 10.0, 62.11, 77.93, 80.64, 82.16, 83.33, 84.09, 84.72, 85.04, 84.95, 85.37, 85.27, 85.72, 85.77, 85.52, 85.59, 85.76, 85.76, 85.91, 85.9], [10.2, 33.19, 53.97, 77.61, 80.09, 82.28, 83.39, 84.33, 84.77, 85.0, 84.82, 85.23, 85.66, 85.61, 85.91, 85.65, 85.87, 85.82, 85.79, 85.85, 85.68], [15.45, 15.29, 55.87, 75.99, 79.77, 81.58, 83.35, 84.18, 85.03, 85.15, 84.77, 85.15, 85.3, 85.66, 85.63, 85.47, 85.51, 86.09, 85.72, 85.95, 86.07], [11.94, 10.05, 60.47, 78.59, 80.49, 81.57, 83.41, 84.32, 84.4, 84.91, 84.39, 84.98, 84.91, 85.61, 85.27, 85.33, 85.66, 85.74, 85.61, 85.64, 85.76], [14.5, 10.96, 60.97, 78.04, 80.91, 82.48, 83.44, 84.24, 84.83, 85.13, 84.66, 85.22, 85.33, 85.6, 85.86, 85.6, 85.73, 85.8, 85.8, 85.95, 85.98], [7.19, 19.79, 60.93, 78.58, 80.19, 82.6, 83.78, 84.2, 84.66, 84.97, 85.02, 85.42, 85.39, 85.6, 85.71, 85.75, 85.7, 85.82, 85.78, 85.89, 85.85], [8.93, 10.0, 54.5, 76.97, 80.61, 82.6, 83.41, 84.5, 84.93, 84.93, 84.94, 85.33, 85.39, 85.4, 86.03, 85.4, 85.6, 85.68, 85.77, 85.64, 86.04], [12.6, 66.31, 80.25, 81.96, 84.48, 84.18, 85.2, 85.56, 85.79, 85.95, 85.98, 84.35, 84.19, 84.27, 84.17, 84.17, 84.21, 84.19, 84.18, 84.17, 84.16]], "msds": [[0, 0.0008377489284612238, 0.0003749124298337847, 0.00015633449947927147, 9.6709314675536e-05, 9.101515024667606e-05, 9.948764636646956e-05, 0.00010288108023814857, 0.00011142125731566921, 0.00011415360495448112, 0.00011374919267836958, 0.00011716815788531676, 0.00011521622218424454, 0.00010564368130872026, 0.00010707449109759182, 8.343883382622153e-05, 9.991055412683636e-05, 9.98101822915487e-05, 9.68136519077234e-05, 0.00010854998981812969, 6.814590597059578e-05], [0, 0.000856443599332124, 0.00040507156518287957, 0.00019184000848326832, 0.00012128865637350827, 8.673415140947327e-05, 9.409293852513656e-05, 0.00010462196223670617, 0.00011987242032773793, 0.00012065875489497557, 0.00012212809815537184, 0.00011905086284969002, 0.00011687126243487, 0.00011438749061198905, 0.00010215039947070181, 0.00010429769463371485, 9.868835331872106e-05, 9.347932791570202e-05, 0.00011194293620064855, 0.00010112333984579891, 7.427346281474456e-05], [0, 0.000842588022351265, 0.00035589109756983817, 0.00015586080553475767, 9.488789510214701e-05, 8.461636753054336e-05, 9.471936209592968e-05, 0.00010242380085401237, 0.00011789875134127215, 0.00011165320756845176, 0.00011202199675608426, 0.0001235557720065117, 0.00011913502385141328, 0.00010481471690582111, 8.953675569500774e-05, 8.990288915811107e-05, 9.09397131181322e-05, 9.416081593371928e-05, 0.00010596267384244129, 9.944870544131845e-05, 6.487711652880535e-05], [0, 0.0008435234194621444, 0.00037038486334495246, 0.00019574208999983966, 0.00010637868399498984, 9.589758701622486e-05, 0.00010088034468935803, 0.00010667352034943178, 0.00012050965597154573, 0.00011720151815097779, 0.00012333573249634355, 0.0001274306559935212, 0.00011527159222168848, 0.00011205210466869175, 0.00011214357800781727, 0.0001058140624081716, 0.00011009823356289417, 8.22035945020616e-05, 0.00012665506801567972, 0.00011138455738546327, 6.57129057799466e-05], [0, 0.000856821658089757, 0.00036594850826077163, 0.00020123414287809283, 0.00010683920845622197, 0.0001008335966616869, 0.0001060299837263301, 0.00011387965059839189, 0.00012108700320823118, 0.00012978063023183495, 0.00013343717728275806, 0.00012902042362838984, 0.00011810722207883373, 0.00011486205767141655, 0.0001298397983191535, 0.00011233569239266217, 0.00010486700193723664, 0.00010440605547046289, 0.0001306258054682985, 8.506332233082503e-05, 7.812813419150189e-05], [0, 0.0008431392489001155, 0.0003880508884321898, 0.00018670488498173654, 0.00010462989303050563, 9.500373562332243e-05, 9.459634748054668e-05, 0.00010795833804877475, 0.00011358507617842406, 0.00011065319995395839, 0.00011079345131292939, 0.00011932505003642291, 0.00011730656842701137, 0.00012571383558679372, 9.439020504942164e-05, 9.196234168484807e-05, 9.807139576878399e-05, 9.146163210971281e-05, 9.614614100428298e-05, 0.00010005152580561116, 7.47189624235034e-05], [0, 0.000856683065649122, 0.00034955129376612604, 0.00016995541227515787, 0.00010212788765784353, 9.741869143908843e-05, 0.00010691836359910667, 0.00010809685045387596, 0.00011646461643977091, 0.00012291097664274275, 0.00011848310532514006, 0.000109183180029504, 0.00011514250945765525, 0.00011654901754809543, 0.00011711986735463142, 9.035851689986885e-05, 0.00010080375068355352, 0.00010497189941816032, 9.964764467440546e-05, 8.38322812342085e-05, 8.329907723236829e-05], [0, 0.0008642097236588597, 0.00038339136517606676, 0.00020562521240208298, 0.0001163932029157877, 9.927392966346815e-05, 0.00010298243432771415, 0.0001185365254059434, 0.00012135355791542679, 0.00013719953130930662, 0.00012866991164628416, 0.00011979702685493976, 0.00011574575182748958, 0.00012632393918465823, 0.00010736563126556575, 8.998448174679652e-05, 9.474500257056206e-05, 9.607331594452262e-05, 0.00011777783220168203, 0.00010769614164019004, 9.578406024957076e-05], [0, 0.0008519917028024793, 0.00037913440610282123, 0.00017042479885276407, 0.0001052952284226194, 9.905608021654189e-05, 0.0001086817283066921, 0.00010936301259789616, 0.00012157998571638018, 0.00012249837163835764, 0.0001236509851878509, 0.00011561543942661956, 0.00011288829409750178, 0.00012007236364297569, 0.0001270064531126991, 8.671760588185862e-05, 0.00011074315989390016, 8.818625792628154e-05, 0.00012088901712559164, 8.545527816750109e-05, 7.935122994240373e-05], [0, 0.000520970846991986, 0.00016870658146217465, 0.00013753122766502202, 0.00013684779696632177, 0.00015409271873068064, 0.00013976122136227787, 0.00014381521032191813, 0.00012630228593479842, 0.0001315859262831509, 0.00012261437950655818, 0, 0, 0, 0, 0, 0, 0, 0, 0, 0]]}