{"alpha": 0.75, "beta": 0.5, "gamma": 3.0, "num_samples": 25, "node_count": 10, "density": 0.5, "startup_delay": 0.0, "forward_prob": 0, "epochs": [[0, 1, 2, 3, 4, 5, 6, 7, 8, 9, 10, 11, 12, 13, 14, 15, 16, 17, 18, 19, 20], [0, 1, 2, 3, 4, 5, 6, 7, 8, 9, 10, 11, 12, 13, 14, 15, 16, 17, 18, 19, 20], [0, 1, 2, 3, 4, 5, 6, 7, 8, 9, 10, 11, 12, 13, 14, 15, 16, 17, 18, 19, 20], [0, 1, 2, 3, 4, 5, 6, 7, 8, 9, 10, 11, 12, 13, 14, 15, 16, 17, 18, 19, 20], [0, 1, 2, 3, 4, 5, 6, 7, 8, 9, 10, 11, 12, 13, 14, 15, 16, 17, 18, 19, 20], [0, 1, 2, 3, 4, 5, 6, 7, 8, 9, 10, 11, 12, 13, 14, 15, 16, 17, 18, 19, 20], [0, 1, 2, 3, 4, 5, 6, 7, 8, 9, 10, 11, 12, 13, 14, 15, 16, 17, 18, 19, 20], [0, 1, 2, 3, 4, 5, 6, 7, 8, 9, 10, 11, 12, 13, 14, 15, 16, 17, 18, 19, 20], [0, 1, 2, 3, 4, 5, 6, 7, 8, 9, 10, 11, 12, 13, 14, 15, 16, 17, 18, 19, 20], [0, 1, 2, 3, 4, 5, 6, 7, 8, 9, 10, 11, 12, 13, 14, 15, 16, 17, 18, 19, 20]], "accuracies": [[12.39, 10.0, 29.71, 58.35, 63.9, 64.84, 64.99, 64.03, 50.72, 65.88, 66.86, 65.63, 69.18, 67.31, 67.9, 64.47, 67.06, 67.19, 70.6, 67.73, 69.26], [9.81, 10.01, 43.37, 53.96, 47.45, 59.22, 56.85, 64.1, 60.62, 63.94, 56.57, 65.91, 57.25, 62.24, 58.52, 66.95, 61.44, 67.66, 66.37, 67.86, 65.99], [16.63, 20.33, 27.88, 51.83, 59.82, 63.71, 61.56, 65.57, 55.16, 67.16, 61.97, 65.72, 65.72, 70.17, 65.0, 69.85, 59.47, 70.08, 66.32, 69.03, 68.54], [9.86, 10.46, 47.17, 62.81, 65.67, 61.59, 62.67, 63.98, 60.01, 63.14, 64.3, 64.39, 61.77, 64.6, 65.69, 63.24, 67.61, 66.3, 68.75, 68.61, 66.66], [10.17, 11.32, 50.45, 59.74, 62.55, 62.4, 60.71, 64.01, 58.77, 65.06, 60.37, 65.04, 61.58, 65.64, 60.81, 65.16, 61.5, 65.47, 64.56, 68.3, 67.05], [12.26, 10.0, 49.46, 53.2, 61.69, 63.96, 60.08, 63.68, 57.17, 67.38, 60.61, 64.72, 64.71, 68.87, 63.12, 67.93, 59.48, 69.02, 62.72, 67.89, 63.01], [9.68, 19.26, 32.28, 56.89, 64.26, 66.03, 66.23, 64.01, 49.17, 66.65, 66.12, 65.76, 68.81, 65.99, 69.15, 68.94, 69.41, 66.59, 70.94, 67.05, 70.15], [10.49, 19.23, 29.27, 53.8, 62.48, 65.48, 61.29, 64.47, 65.69, 64.26, 69.39, 65.98, 70.2, 69.33, 70.36, 67.92, 61.83, 65.86, 70.85, 68.03, 70.98], [9.3, 10.23, 37.79, 56.76, 63.25, 65.64, 62.0, 64.72, 53.63, 65.2, 60.9, 65.27, 63.4, 65.93, 64.98, 66.15, 65.29, 65.98, 64.48, 68.04, 64.24], [6.82, 10.0, 31.67, 60.24, 68.05, 66.22, 68.94, 66.9, 59.25, 66.5, 69.27, 65.59, 70.6, 70.41, 70.55, 68.4, 67.1, 69.69, 70.17, 64.42, 70.14]], "msds": [[0, 0.0006813683430664241, 0.00012167770910309628, 5.4970158089417964e-05, 2.8432474209694192e-05, 2.1588966774288565e-05, 1.7481543181929737e-05, 1.4115192243480124e-05, 2.6411853468744084e-05, 2.1014633603044786e-05, 1.4804923921474256e-05, 1.1884185369126499e-05, 1.3432746527541894e-05, 8.017044820007868e-06, 8.54144491313491e-06, 9.377040441904683e-06, 1.5018056728877127e-05, 1.529142537037842e-05, 9.522915206616744e-06, 6.046491307643009e-06, 6.849024885013932e-06], [0, 0.000690174987539649, 0.00012122580665163696, 6.869828212074935e-05, 3.53388131770771e-05, 3.101347465417348e-05, 1.9027105736313388e-05, 2.0825746105401777e-05, 2.2652215193375014e-05, 2.5475106667727232e-05, 2.3587541363667697e-05, 1.6342370145139284e-05, 1.7715425201458856e-05, 1.2825161320506595e-05, 1.2285073353268672e-05, 1.546612475067377e-05, 1.5621772035956383e-05, 1.8910433936980553e-05, 1.2049379620293621e-05, 1.3612955626740586e-05, 8.585920113546308e-06], [0, 0.0006787205347791314, 0.00010373115219408646, 4.790876118931919e-05, 2.3369868358713575e-05, 2.4236873287009075e-05, 1.823769707698375e-05, 1.4449432455876376e-05, 2.6255534976371564e-05, 1.5155388609855436e-05, 1.2904498362331651e-05, 1.4494449715130031e-05, 1.002724911813857e-05, 6.20707305643009e-06, 9.196493920171633e-06, 6.37925813862239e-06, 1.7685004422673956e-05, 1.4681112588732503e-05, 1.012599477689946e-05, 6.191886313899886e-06, 8.484280442644376e-06], [0, 0.0006739377859048545, 0.00015541973698418587, 4.605632057064213e-05, 3.715242200996727e-05, 2.3791388230165467e-05, 1.9618550140876323e-05, 1.9464074284769595e-05, 2.4574719645897858e-05, 1.9359147700015455e-05, 1.7357233446091413e-05, 1.3063553524261806e-05, 1.3348532775125932e-05, 1.2858987247454934e-05, 9.729526027513202e-06, 1.1656124115688726e-05, 1.6303674783557653e-05, 1.783956031431444e-05, 8.160178367688786e-06, 5.77644323129789e-06, 7.3087790042336565e-06], [0, 0.0006783499266020954, 0.00012340107059571892, 5.393091851146892e-05, 3.770042894757353e-05, 2.5645829737186432e-05, 1.7313275748165324e-05, 2.078792567772325e-05, 2.2739930500392802e-05, 2.1473593733389862e-05, 2.2884825739311054e-05, 1.3952648259873968e-05, 1.9509443518472835e-05, 1.2005457392660901e-05, 1.4851224477752112e-05, 1.4229661246645264e-05, 2.0673905964940786e-05, 2.0268633306841366e-05, 1.34916917886585e-05, 9.87058137980057e-06, 1.0526172445679549e-05], [0, 0.0006838547415100038, 0.00010416762961540371, 4.374032505438663e-05, 2.4386234144913033e-05, 2.5332717996207066e-05, 1.9514638552209362e-05, 1.6620806491118856e-05, 2.5200541131198406e-05, 1.6230704204645008e-05, 1.4640956578659825e-05, 1.3241212400316726e-05, 1.0360432497691363e-05, 7.948593520268332e-06, 7.211279807961546e-06, 7.482839009753661e-06, 1.8278124116477557e-05, 2.056843732134439e-05, 1.0300338544766419e-05, 6.705913619953208e-06, 7.188975359895267e-06], [0, 0.0006848499178886414, 0.00013905535161029547, 4.570900273392908e-05, 2.8093696528230794e-05, 2.0063534975633956e-05, 1.6885032891877927e-05, 1.3581635357695632e-05, 2.6056168280774727e-05, 1.9220933609176427e-05, 1.4241361895983573e-05, 9.025474355439655e-06, 1.0592423677735496e-05, 7.11149004928302e-06, 8.652981705381535e-06, 5.1988890845677815e-06, 1.0930345524684526e-05, 1.8536638890509494e-05, 7.875835763115901e-06, 7.340247520915e-06, 9.261075319955125e-06], [0, 0.0006794274086132646, 0.00012463171151466668, 4.2335181205999106e-05, 2.7232612410443835e-05, 1.940615584317129e-05, 1.5658104530302808e-05, 1.6050673366407864e-05, 1.4932356862118468e-05, 1.4281659787229728e-05, 9.619628144719172e-06, 8.965286724560428e-06, 7.211634510895237e-06, 3.842030309897382e-06, 4.785385954164667e-06, 3.697033207572531e-06, 2.607061105663888e-05, 2.2795413315179758e-05, 7.035782346065389e-06, 3.7268316646077437e-06, 4.6287800614663865e-06], [0, 0.0006891301018185914, 0.00016054885054472834, 5.373587555368431e-05, 2.5993376766564324e-05, 2.6564721338218078e-05, 1.658777728152927e-05, 1.482891366322292e-05, 2.4745697373873554e-05, 1.543225153000094e-05, 1.9031283954973333e-05, 1.2103713743272237e-05, 1.4360075510921888e-05, 9.112330189964268e-06, 1.1243037079111673e-05, 7.12291921445285e-06, 1.4822125194768887e-05, 1.3555732948589139e-05, 1.2231400432938244e-05, 6.955632215976948e-06, 8.236064786615316e-06], [0, 0.0006809546030126512, 0.0001227876782650128, 5.3031923016533256e-05, 2.818631946865935e-05, 2.166323974961415e-05, 1.4497630218102131e-05, 1.403612350259209e-05, 1.808104570955038e-05, 1.6802132449811324e-05, 1.4971806194807868e-05, 8.903576599550433e-06, 1.1965747034992091e-05, 6.634959390794393e-06, 5.551032245421084e-06, 7.084982371452497e-06, 1.835741386457812e-05, 2.0336450688773766e-05, 8.731237358006183e-06, 8.518244612787385e-06, 1.0421164915896952e-05]]}