{"alpha": 0.75, "beta": 0.5, "gamma": 2.0, "num_samples": 100, "node_count": 10, "density": 0.25, "startup_delay": 2.0, "forward_prob": 0, "epochs": [[0, 1, 2, 3, 4, 5, 6, 7, 8, 9, 10, 11, 12, 13, 14, 15, 16, 17, 18, 19, 20], [0, 1, 2, 3, 4, 5, 6, 7, 8, 9, 10, 11, 12, 13, 14, 15, 16, 17, 18, 19, 20], [0, 1, 2, 3, 4, 5, 6, 7, 8, 9, 10, 11, 12, 13, 14, 15, 16, 17, 18, 19, 20], [0, 1, 2, 3, 4, 5, 6, 7, 8, 9, 10, 11, 12, 13, 14, 15, 16, 17, 18, 19, 20], [0, 1, 2, 3, 4, 5, 6, 7, 8, 9, 10, 11, 12, 13, 14, 15, 16, 17, 18, 19, 20], [0, 1, 2, 3, 4, 5, 6, 7, 8, 9, 10, 11, 12, 13, 14, 15, 16, 17, 18, 19, 20], [0, 1, 2, 3, 4, 5, 6, 7, 8, 9, 10, 11, 12, 13, 14, 15, 16, 17, 18, 19, 20], [0, 1, 2, 3, 4, 5, 6, 7, 8, 9, 10, 11, 12, 13, 14, 15, 16, 17, 18, 19, 20], [0, 1, 2, 3, 4, 5, 6, 7, 8, 9, 10, 11, 12, 13, 14, 15, 16, 17, 18, 19, 20], [0, 1, 2, 3, 4, 5, 6, 7, 8, 9, 10, 11, 12, 13, 14, 15, 16, 17, 18, 19, 20]], "accuracies": [[11.69, 10.08, 20.9, 21.26, 25.86, 32.29, 24.03, 37.37, 23.69, 36.23, 25.95, 41.39, 36.72, 36.36, 38.3, 42.44, 39.34, 44.56, 41.5, 45.57, 42.95], [11.11, 10.0, 10.0, 21.81, 30.09, 36.54, 31.68, 36.83, 22.89, 37.92, 26.58, 39.73, 29.44, 41.92, 34.6, 43.0, 36.31, 47.46, 40.37, 51.23, 38.63], [6.22, 9.42, 22.46, 28.8, 21.94, 34.08, 22.23, 29.22, 26.06, 46.91, 27.35, 44.25, 33.74, 36.01, 36.01, 54.39, 39.0, 54.33, 41.88, 55.86, 37.81], [10.47, 13.85, 25.17, 26.31, 25.0, 32.53, 24.4, 36.83, 22.2, 36.23, 34.24, 43.96, 29.44, 37.1, 30.02, 43.0, 44.65, 46.64, 39.65, 52.75, 40.65], [10.14, 11.64, 22.1, 23.53, 19.92, 32.38, 31.68, 27.1, 26.3, 30.25, 33.43, 41.78, 34.4, 43.64, 35.13, 44.03, 37.79, 55.51, 52.32, 47.86, 49.31], [15.96, 13.29, 28.28, 25.93, 33.72, 26.72, 30.07, 35.33, 37.37, 36.37, 40.07, 43.06, 41.21, 37.47, 38.31, 48.04, 43.77, 43.58, 37.86, 38.75, 41.45], [8.05, 19.74, 20.92, 24.4, 32.92, 33.82, 34.63, 41.81, 32.96, 44.66, 38.86, 44.57, 36.14, 41.79, 40.24, 39.19, 41.89, 43.52, 37.43, 53.37, 54.41], [15.76, 20.82, 20.39, 18.69, 28.31, 20.0, 29.1, 35.19, 34.55, 35.8, 35.95, 35.54, 41.95, 36.36, 41.3, 37.04, 45.49, 47.25, 45.08, 48.11, 53.87], [7.8, 18.9, 21.68, 28.62, 33.22, 25.85, 32.67, 31.24, 29.21, 30.19, 32.24, 29.35, 33.9, 29.46, 32.32, 31.6, 39.46, 32.94, 33.7, 41.02, 28.87], [10.5, 19.78, 23.75, 24.23, 23.0, 24.66, 24.46, 23.39, 24.46, 29.18, 29.22, 29.28, 29.31, 29.3, 29.3, 29.29, 29.32, 29.31, 29.31, 29.31, 29.3]], "msds": [[0, 0.00044531136518344283, 0.00010314756946172565, 7.441451452905312e-05, 5.988555130898021e-05, 5.015491842641495e-05, 4.195455403532833e-05, 4.193297354504466e-05, 4.635944787878543e-05, 4.359411832410842e-05, 3.1536641472484916e-05, 3.0699891794938594e-05, 2.221338581875898e-05, 2.7957452402915806e-05, 5.280714685795829e-05, 2.9564193027908914e-05, 4.209641338093206e-05, 3.252705209888518e-05, 3.2363139325752854e-05, 2.760835013759788e-05, 3.16158912028186e-05], [0, 0.0005644391640089452, 0.00013354224211070687, 6.884703179821372e-05, 8.155015530064702e-05, 5.945430166320875e-05, 4.945318869431503e-05, 4.213693682686426e-05, 4.629823888535611e-05, 3.750385076273233e-05, 2.6262763640261255e-05, 2.7567404686124064e-05, 2.5259463654947467e-05, 2.000751373998355e-05, 4.182523480267264e-05, 4.230313061270863e-05, 4.340877785580233e-05, 3.1925912480801344e-05, 3.357897367095575e-05, 2.7168813176103868e-05, 2.7743801183532923e-05], [0, 0.0004757543792948127, 0.00012020223948638886, 9.551370749250054e-05, 0.00010126129927812144, 6.831460632383823e-05, 6.50396614219062e-05, 5.5520766181871295e-05, 6.892115925438702e-05, 4.914279998047277e-05, 4.946262561134063e-05, 5.206463174545206e-05, 4.0346774767385796e-05, 5.2938266890123487e-05, 4.457602699403651e-05, 6.323232082650065e-05, 4.543826071312651e-05, 5.200665327720344e-05, 3.3594500564504415e-05, 3.238832869101316e-05, 2.71978133241646e-05], [0, 0.0006627956172451377, 0.00014404678950086236, 6.124896026449278e-05, 6.443291931645945e-05, 5.3060557547723874e-05, 3.899263174389489e-05, 5.033113120589405e-05, 5.2171879360685125e-05, 5.8146219089394435e-05, 2.952738395833876e-05, 4.0402428567176685e-05, 2.3124674044083804e-05, 3.348684185766615e-05, 4.176152651780285e-05, 4.650680421036668e-05, 2.9164933948777616e-05, 3.376575477886945e-05, 1.981300738407299e-05, 2.6549452741164714e-05, 2.1000736524001695e-05], [0, 0.0006692736642435193, 0.00014101424312684685, 0.0001075110340025276, 8.236560825025663e-05, 4.573760452331044e-05, 4.441382407094352e-05, 4.421012272359803e-05, 4.2127368942601606e-05, 5.1663049816852435e-05, 3.202318839612417e-05, 3.970739271608181e-05, 2.779654460027814e-05, 3.131776975351386e-05, 3.041313902940601e-05, 5.578843047260307e-05, 3.5864821256836876e-05, 4.206264566164464e-05, 2.8811073207180016e-05, 2.5346656912006438e-05, 2.439563650113996e-05], [0, 0.0004578335501719266, 8.659831655677408e-05, 5.452276673167944e-05, 4.932489900966175e-05, 4.9067617510445416e-05, 4.740167787531391e-05, 5.565335595747456e-05, 3.3389002055628225e-05, 4.218207686790265e-05, 2.469115497660823e-05, 3.8208261685213074e-05, 3.157367609674111e-05, 4.32267552241683e-05, 4.356924182502553e-05, 3.7719146348536015e-05, 2.6866387997870333e-05, 2.079617843264714e-05, 2.535213207011111e-05, 3.854070382658392e-05, 4.528246427071281e-05], [0, 0.0006062095053493977, 0.00014933217607904226, 7.597581861773506e-05, 6.47262204438448e-05, 5.0089205615222454e-05, 5.7492612540954724e-05, 4.654551958083175e-05, 4.257414911990054e-05, 4.9565827794140205e-05, 4.071872172062285e-05, 4.6182402002159506e-05, 4.961255399393849e-05, 5.4958934924798086e-05, 4.668379187933169e-05, 5.464482819661498e-05, 4.5474229409592226e-05, 4.270325734978542e-05, 4.465961319510825e-05, 5.1366263505769894e-05, 6.356441735988483e-05], [0, 0.00028045050567016006, 0.00010165249841520563, 8.76758131198585e-05, 6.971082621021196e-05, 5.3410698455991223e-05, 4.8119796701939777e-05, 5.527449320652522e-05, 4.319768413552083e-05, 4.775741763296537e-05, 3.559518518159166e-05, 4.320749576436356e-05, 3.590750930015929e-05, 4.7783156333025545e-05, 4.1189494368154556e-05, 4.4341879402054474e-05, 3.2246040063910186e-05, 2.7235470042796806e-05, 2.5933242795872502e-05, 3.142424611723982e-05, 5.3989198931958526e-05], [0, 0.0005194482509978116, 0.00012140004400862381, 8.654522389406338e-05, 6.537773151649162e-05, 6.140401819720864e-05, 5.923617572989315e-05, 5.106471508042887e-05, 6.148583634058014e-05, 4.8792910092743114e-05, 5.378743662731722e-05, 5.934052751399577e-05, 5.400890586315654e-05, 6.164742080727592e-05, 5.2967116062063724e-05, 5.102080831420608e-05, 4.0859693399397656e-05, 3.3185180654982105e-05, 3.572132482076995e-05, 7.227118476293981e-05, 0], [0, 0.0002744186494965106, 0.0002656139258760959, 0.00011003107647411525, 0.00010629810276441276, 9.408127516508102e-05, 8.508645260008052e-05, 8.380250801565126e-05, 7.445824303431436e-05, 0, 0, 0, 0, 0, 0, 0, 0, 0, 0, 0, 0]]}