{"alpha": 0.75, "beta": 0.5, "gamma": 1.0, "num_samples": 100, "node_count": 10, "density": 0.0, "startup_delay": 2.0, "forward_prob": 0, "epochs": [[0, 1, 2, 3, 4, 5, 6, 7, 8, 9, 10, 11, 12, 13, 14, 15, 16, 17, 18, 19, 20], [0, 1, 2, 3, 4, 5, 6, 7, 8, 9, 10, 11, 12, 13, 14, 15, 16, 17, 18, 19, 20], [0, 1, 2, 3, 4, 5, 6, 7, 8, 9, 10, 11, 12, 13, 14, 15, 16, 17, 18, 19, 20], [0, 1, 2, 3, 4, 5, 6, 7, 8, 9, 10, 11, 12, 13, 14, 15, 16, 17, 18, 19, 20], [0, 1, 2, 3, 4, 5, 6, 7, 8, 9, 10, 11, 12, 13, 14, 15, 16, 17, 18, 19, 20], [0, 1, 2, 3, 4, 5, 6, 7, 8, 9, 10, 11, 12, 13, 14, 15, 16, 17, 18, 19, 20], [0, 1, 2, 3, 4, 5, 6, 7, 8, 9, 10, 11, 12, 13, 14, 15, 16, 17, 18, 19, 20], [0, 1, 2, 3, 4, 5, 6, 7, 8, 9, 10, 11, 12, 13, 14, 15, 16, 17, 18, 19, 20], [0, 1, 2, 3, 4, 5, 6, 7, 8, 9, 10, 11, 12, 13, 14, 15, 16, 17, 18, 19, 20], [0, 1, 2, 3, 4, 5, 6, 7, 8, 9, 10, 11, 12, 13, 14, 15, 16, 17, 18, 19, 20]], "accuracies": [[10.02, 28.86, 29.12, 29.31, 29.33, 28.48, 31.26, 29.25, 38.39, 37.83, 38.4, 43.17, 40.3, 33.59, 39.9, 43.43, 44.38, 37.68, 29.56, 34.17, 41.05], [12.91, 27.46, 27.44, 27.64, 28.12, 36.45, 33.88, 41.83, 37.38, 46.94, 39.24, 48.36, 39.74, 41.19, 47.81, 43.48, 44.52, 37.28, 45.57, 46.79, 45.18], [3.91, 28.35, 24.1, 26.97, 28.06, 28.37, 32.76, 32.43, 32.78, 32.3, 34.43, 34.37, 34.63, 36.17, 17.35, 21.29, 27.8, 22.76, 34.62, 45.86, 28.25], [9.97, 27.23, 27.19, 22.86, 27.58, 31.83, 17.09, 24.74, 25.55, 24.64, 18.33, 25.4, 24.22, 22.43, 26.02, 25.55, 27.51, 29.59, 27.34, 40.78, 32.91], [9.6, 20.64, 15.3, 17.84, 17.32, 28.98, 30.55, 32.24, 32.77, 33.88, 33.24, 36.25, 36.27, 41.16, 41.75, 23.03, 38.66, 21.61, 25.14, 22.19, 44.87], [8.83, 26.42, 22.33, 28.13, 28.28, 28.24, 28.26, 28.27, 28.27, 27.79, 28.1, 28.02, 28.13, 28.18, 28.23, 27.19, 28.44, 27.97, 31.3, 28.51, 32.86], [7.85, 10.0, 10.26, 10.15, 10.0, 18.22, 15.94, 15.47, 20.81, 17.85, 24.22, 29.14, 23.95, 33.31, 42.92, 34.98, 31.24, 32.26, 40.03, 35.45, 36.0], [11.17, 22.58, 25.26, 19.19, 18.65, 23.37, 27.53, 27.18, 27.67, 27.6, 27.7, 27.96, 27.1, 25.56, 28.17, 37.2, 33.33, 37.47, 31.97, 36.07, 36.96], [8.25, 10.0, 28.96, 29.22, 29.16, 30.32, 36.62, 29.22, 48.99, 31.77, 29.42, 40.22, 42.09, 48.74, 45.47, 29.37, 37.94, 46.52, 29.82, 44.16, 33.13], [12.62, 27.26, 27.96, 35.49, 34.37, 37.61, 37.75, 41.58, 38.14, 44.72, 38.04, 46.05, 38.19, 45.71, 37.88, 44.69, 37.51, 38.11, 38.23, 37.53, 37.09]], "msds": [[0, 0.0006772067863494158, 0.000292471464490518, 0.00014713770360685885, 9.10992021090351e-05, 7.257236575242132e-05, 5.355912071536295e-05, 4.643847205443308e-05, 4.95982458232902e-05, 3.567181920516305e-05, 3.442119123064913e-05, 3.5775796277448535e-05, 2.6161369532928802e-05, 6.969760579522699e-05, 4.38346978626214e-05, 4.444867590791546e-05, 2.4310327717103064e-05, 3.081356408074498e-05, 0.00010333521640859544, 6.900801963638514e-05, 8.841769158607349e-05], [0, 0.0006772067863494158, 0.000292471464490518, 0.00014713770360685885, 9.10992021090351e-05, 4.6336415834957734e-05, 3.755401121452451e-05, 7.422656926792115e-05, 7.370889943558723e-05, 5.156277256901376e-05, 3.922877294826321e-05, 4.0715854993322864e-05, 3.837645272142254e-05, 9.291170863434672e-05, 5.364304161048494e-05, 3.197362457285635e-05, 2.76668924925616e-05, 2.367054912610911e-05, 0.00011777402687584981, 8.209171210182831e-05, 4.376533252070658e-05], [0, 0.0006704254192300141, 0.0002655162534210831, 0.0001251724170288071, 7.031230779830366e-05, 4.651998096960597e-05, 3.527814260451123e-05, 3.583710713428445e-05, 4.338718281360343e-05, 3.465767076704651e-05, 3.670902151498012e-05, 4.3461179302539676e-05, 0.00016552228771615773, 0.00011026284482795745, 0.0002835333871189505, 0.00016071707068476826, 0.0003469577932264656, 0.00027717597549781203, 0.00020318155293352902, 0.00013303420564625412, 0.0002475631481502205], [0, 0, 0.00010919722990365699, 8.677357982378453e-05, 4.9688627768773586e-05, 5.924334254814312e-05, 0.0003071313549298793, 0.0002340731880394742, 0.0001733831304591149, 0.00015297808567993343, 0.00013396920985542238, 0.00011235864803893492, 9.575906733516604e-05, 0.00015415485540870577, 0.0003066461649723351, 0.00019768481433857232, 0.00020487618166953325, 0.00018127699149772525, 0.0001408773969160393, 0.00013468267570715398, 0.00018346770957577974], [0, 0.0006704254192300141, 0.0002655162534210831, 0.0001251724170288071, 7.031230779830366e-05, 4.651998096960597e-05, 3.527814260451123e-05, 3.583710713428445e-05, 4.338718281360343e-05, 3.465767076704651e-05, 3.670902151498012e-05, 4.3461179302539676e-05, 6.032638702890836e-05, 8.258805610239506e-05, 6.516592111438513e-05, 0.00014127284521237016, 0.00014295915025286376, 0.0003647839475888759, 0.0001920252398122102, 0.00017186957120429724, 0.00015760569658596069], [0, 0.0006684668478555977, 0.00010919722990365699, 8.677357982378453e-05, 4.9688627768773586e-05, 5.924334254814312e-05, 6.36331460555084e-05, 0.0002464688441250473, 0.00021796939836349338, 6.615159509237856e-05, 0.0001682530710240826, 0.00012563136988319457, 0.00011792511213570833, 0.00013216435036156327, 0.00011482344416435808, 0.0003062687173951417, 0.00022195122437551618, 0.000235210798564367, 0.00019129049906041473, 0.00017469115846324712, 0.00016979928477667272], [0, 0.000642712926492095, 0.00024728570133447647, 0.0002857277577277273, 0.0002922820276580751, 0.0002230467216577381, 0.00023560778936371207, 0.00025390516384504735, 0.00024975629639811814, 0.0002682464546523988, 0.0002670837566256523, 0.0003022134769707918, 0.0003498063888400793, 0.00019602352404035628, 0.00013757214765064418, 9.19591257115826e-05, 0.00017181997827719897, 0.00016788224456831813, 0.0001254891394637525, 0.00010735029354691505, 0.00012437402619980276], [0, 0.00068213528720662, 0.0003039771690964699, 0.00014383152301888913, 0.0001470789866289124, 0.00016841478645801544, 0.00012558088928926736, 0.00010247594036627561, 0.00010789124644361436, 0.00010341321467421949, 8.447863365290686e-05, 0.00012889203208032995, 0.0003016192640643567, 0.00020125873561482877, 0.00021241360809653997, 0.00017426389968022704, 0.00012752821203321218, 0.0001186357403639704, 0.00018206196546088904, 0.0001387770171277225, 0.00012437402619980276], [0, 0.0006520370952785015, 0.0002724548685364425, 0.00012597153545357287, 0.00011746558448066935, 9.509181109024212e-05, 7.667682803003117e-05, 4.4426389649743214e-05, 5.950988634140231e-05, 3.837645272142254e-05, 0.00011612577509367839, 7.750020449748263e-05, 3.6032306525157765e-05, 3.0272909498307854e-05, 2.367054912610911e-05, 0.00011777402687584981, 9.517539001535624e-05, 5.778118429589085e-05, 0.00010735029354691505, 0.00014798075426369905, 0], [0, 0.0006056387210264802, 0.00017013440083246678, 9.880834113573655e-05, 6.956418656045571e-05, 6.188936822582036e-05, 4.687043838202953e-05, 4.489491766435094e-05, 3.4811237128451467e-05, 4.962977982359007e-05, 1.859078292909544e-05, 4.9568756367079914e-05, 5.7883517001755536e-05, 6.0982398281339556e-05, 2.3559801775263622e-05, 4.821054608328268e-05, 2.4850871341186576e-05, 0.0001310615480178967, 8.841769158607349e-05, 0, 0]]}