{"alpha": 0.75, "beta": 0.5, "gamma": 1.0, "num_samples": 25, "node_count": 10, "density": 0.0, "startup_delay": 2.0, "forward_prob": 0, "epochs": [[0, 1, 2, 3, 4, 5, 6, 7, 8, 9, 10, 11, 12, 13, 14, 15, 16, 17, 18, 19, 20], [0, 1, 2, 3, 4, 5, 6, 7, 8, 9, 10, 11, 12, 13, 14, 15, 16, 17, 18, 19, 20], [0, 1, 2, 3, 4, 5, 6, 7, 8, 9, 10, 11, 12, 13, 14, 15, 16, 17, 18, 19, 20], [0, 1, 2, 3, 4, 5, 6, 7, 8, 9, 10, 11, 12, 13, 14, 15, 16, 17, 18, 19, 20], [0, 1, 2, 3, 4, 5, 6, 7, 8, 9, 10, 11, 12, 13, 14, 15, 16, 17, 18, 19, 20], [0, 1, 2, 3, 4, 5, 6, 7, 8, 9, 10, 11, 12, 13, 14, 15, 16, 17, 18, 19, 20], [0, 1, 2, 3, 4, 5, 6, 7, 8, 9, 10, 11, 12, 13, 14, 15, 16, 17, 18, 19, 20], [0, 1, 2, 3, 4, 5, 6, 7, 8, 9, 10, 11, 12, 13, 14, 15, 16, 17, 18, 19, 20], [0, 1, 2, 3, 4, 5, 6, 7, 8, 9, 10, 11, 12, 13, 14, 15, 16, 17, 18, 19, 20], [0, 1, 2, 3, 4, 5, 6, 7, 8, 9, 10, 11, 12, 13, 14, 15, 16, 17, 18, 19, 20]], "accuracies": [[10.96, 27.2, 27.76, 26.54, 27.14, 27.53, 36.51, 27.67, 36.27, 36.11, 42.16, 39.0, 37.33, 37.19, 45.15, 44.49, 44.11, 44.9, 46.79, 43.89, 44.27], [12.74, 27.65, 28.35, 28.34, 28.69, 28.25, 28.61, 37.72, 32.18, 30.82, 36.91, 37.48, 37.56, 38.4, 41.47, 36.69, 41.63, 42.73, 46.96, 47.81, 43.42], [11.71, 17.81, 24.21, 24.1, 16.44, 27.78, 28.96, 33.92, 28.37, 36.67, 37.99, 37.81, 37.78, 37.98, 37.93, 42.92, 44.62, 44.91, 26.97, 39.3, 45.75], [9.92, 24.53, 25.79, 23.97, 24.2, 24.05, 23.36, 23.69, 22.17, 23.89, 22.56, 24.12, 24.7, 24.99, 25.1, 25.17, 25.06, 25.82, 25.44, 26.05, 26.16], [13.59, 18.86, 24.09, 19.76, 23.12, 25.79, 21.61, 18.75, 23.87, 23.56, 26.14, 26.05, 27.28, 27.23, 27.72, 27.17, 29.45, 31.08, 32.37, 37.52, 41.8], [7.9, 10.0, 27.28, 27.36, 28.2, 20.98, 28.16, 27.27, 28.15, 27.89, 28.26, 28.22, 27.8, 28.08, 30.06, 33.45, 33.27, 27.8, 38.56, 27.89, 29.82], [5.57, 22.59, 20.47, 19.81, 19.95, 19.68, 19.87, 21.18, 21.53, 21.48, 21.44, 21.83, 22.16, 22.14, 21.71, 21.72, 21.81, 21.43, 22.43, 28.21, 23.76], [7.72, 12.69, 19.82, 27.68, 32.7, 30.63, 34.68, 34.92, 37.76, 43.44, 37.31, 37.26, 37.27, 40.22, 43.07, 45.99, 46.09, 27.54, 47.36, 38.36, 37.69], [9.97, 19.53, 16.39, 18.33, 18.32, 25.43, 16.83, 21.42, 18.7, 18.79, 18.82, 18.76, 21.58, 23.63, 20.84, 18.74, 19.39, 18.71, 18.64, 26.43, 27.15], [5.13, 27.42, 28.27, 35.52, 30.91, 35.84, 36.5, 38.52, 42.65, 37.35, 37.36, 41.4, 43.29, 44.64, 45.03, 44.57, 44.54, 42.15, 44.68, 44.83, 44.66]], "msds": [[0, 0.0006725271232426167, 0.0002127945626853034, 8.57392224133946e-05, 5.110938218422234e-05, 2.1799265596200712e-05, 9.98656923911767e-06, 7.798272235959303e-06, 3.387452306924388e-05, 9.910211701935623e-06, 1.4990609997767024e-05, 5.9737503761425614e-06, 1.8376236994299688e-06, 6.320993293229549e-07, 4.8635058192303404e-05, 9.295200470660347e-06, 9.22726667340612e-06, 5.47072158951778e-06, 5.621553555101855e-06, 9.408005098521244e-06, 4.988537511962932e-06], [0, 0.0006725271232426167, 0.0002127945626853034, 8.57392224133946e-05, 5.110938218422234e-05, 2.1799265596200712e-05, 9.98656923911767e-06, 7.798272235959303e-06, 7.872647074691486e-06, 2.4618200768600218e-05, 2.3569133190903813e-05, 6.275872237893054e-06, 1.2329371656960575e-06, 2.067711420750129e-06, 8.506784979545046e-06, 3.360826667631045e-05, 1.6341036825906485e-05, 9.23133939068066e-06, 1.3006328117626254e-05, 4.639422968466533e-06, 5.269167559163179e-06], [0, 0.0006558672757819295, 0.00016828751540742815, 6.001648216624744e-05, 0.0001665249583311379, 7.73924111854285e-05, 0.00014997705875430256, 5.6888427934609354e-05, 5.4689706303179264e-05, 4.346301648183726e-05, 6.016925908625126e-05, 5.2681796660181135e-05, 5.7188590290024877e-05, 5.933861029916443e-05, 5.961495844530873e-05, 6.825124728493392e-05, 5.4645424825139344e-05, 5.071716441307217e-05, 5.5004580644890666e-05, 4.4395943405106664e-05, 2.918874452007003e-05], [0, 0.0006549216923303902, 0.0001800421014195308, 8.978233381640166e-05, 4.4038770283805206e-05, 2.8814500183216296e-05, 0.00010190889588557184, 7.733164238743484e-05, 0.00011460282257758081, 0.00010315938561689109, 7.442203786922619e-05, 5.977814726065844e-05, 5.673254418070428e-05, 5.744721056544222e-05, 6.03804764978122e-05, 5.581914956565015e-05, 5.382626841310412e-05, 5.815125405206345e-05, 5.995743413222954e-05, 4.461330172489397e-05, 5.302896170178428e-05], [0, 0.0006553949788212776, 0.00016828751540742815, 7.489940617233515e-05, 3.951735561713576e-05, 0.00011749182885978371, 5.44672402611468e-05, 0.00010769250366138294, 7.79890178819187e-05, 5.979391426080838e-05, 4.89949197799433e-05, 4.800811439054087e-05, 5.267724918667227e-05, 5.177125785849057e-05, 4.554873157758266e-05, 4.889721822110005e-05, 6.319386011455208e-05, 6.890917575219646e-05, 5.748101102653891e-05, 3.6481880670180544e-05, 3.625836325227283e-05], [0, 0.0005613651010207832, 0.000177512745722197, 0.00011082242417614907, 6.146360101411119e-05, 0.00011467569129308686, 7.824574277037755e-05, 7.321298471651971e-05, 6.460111035266891e-05, 6.064211993361823e-05, 5.920580224483274e-05, 5.33313796040602e-05, 4.9266272981185466e-05, 5.2884181059198454e-05, 6.543889321619645e-05, 7.157386426115409e-05, 5.99509512539953e-05, 7.577380165457726e-05, 6.468702486017719e-05, 2.5594079488655552e-05, 2.8712624043691903e-05], [0, 0, 0, 0.00018654749146662652, 0.00018519793229643255, 9.306243737228215e-05, 6.998809840297326e-05, 0.0001120048327720724, 0.00011580607679206878, 9.272085299016908e-05, 7.588213338749483e-05, 6.393148942152038e-05, 5.769842755398713e-05, 5.5292777688009664e-05, 5.613236135104671e-05, 4.9381244025425985e-05, 9.267719724448398e-05, 6.404617306543514e-05, 7.464419468306005e-05, 2.5594079488655552e-05, 2.8712624043691903e-05], [0, 0.000554831582121551, 0.00017130184278357774, 0.00012768100714311004, 4.680287747760303e-05, 3.387452306924388e-05, 9.910211701935623e-06, 6.412082711904077e-06, 5.671633971360279e-06, 1.8376236994299688e-06, 6.320993293229549e-07, 1.742658639614092e-07, 2.8283036954235286e-05, 1.2145035725552589e-05, 4.654745225707302e-06, 2.5902987545123324e-05, 2.41572706727311e-05, 6.044145629857667e-05, 3.888972059939988e-05, 0, 0], [0, 0.0005587104242295027, 0.0001134924532379955, 7.310799992410466e-05, 4.73053332825657e-05, 4.5901702833361924e-05, 7.89411787991412e-05, 6.906975613674149e-05, 9.898446296574548e-05, 9.463864989811555e-05, 7.786922651575878e-05, 6.597963511012495e-05, 6.528364610858262e-05, 8.568650082452223e-05, 6.282787944655865e-05, 5.326653990778141e-05, 5.784485620097257e-05, 5.467755181598477e-05, 7.084156095515937e-05, 0, 0], [0, 0.0005823331302963197, 7.005902443779632e-05, 5.0851816922659054e-05, 5.496069206856191e-05, 5.2323364798212424e-05, 4.480539064388722e-05, 3.946865035686642e-05, 4.075966353411786e-05, 4.1982028051279485e-05, 4.8635058192303404e-05, 9.295200470660347e-06, 6.30949125479674e-06, 6.2867015913070645e-06, 2.7695386961568147e-06, 2.4570138066337677e-06, 3.7664158298866823e-06, 0, 0, 0, 0]]}