{"alpha": 0.75, "beta": 0.5, "gamma": 7.0, "num_samples": 100, "node_count": 10, "density": 0.75, "startup_delay": 0.0, "forward_prob": 0, "epochs": [[0, 1, 2, 3, 4, 5, 6, 7, 8, 9, 10, 11, 12, 13, 14, 15, 16, 17, 18, 19, 20], [0, 1, 2, 3, 4, 5, 6, 7, 8, 9, 10, 11, 12, 13, 14, 15, 16, 17, 18, 19, 20], [0, 1, 2, 3, 4, 5, 6, 7, 8, 9, 10, 11, 12, 13, 14, 15, 16, 17, 18, 19, 20], [0, 1, 2, 3, 4, 5, 6, 7, 8, 9, 10, 11, 12, 13, 14, 15, 16, 17, 18, 19, 20], [0, 1, 2, 3, 4, 5, 6, 7, 8, 9, 10, 11, 12, 13, 14, 15, 16, 17, 18, 19, 20], [0, 1, 2, 3, 4, 5, 6, 7, 8, 9, 10, 11, 12, 13, 14, 15, 16, 17, 18, 19, 20], [0, 1, 2, 3, 4, 5, 6, 7, 8, 9, 10, 11, 12, 13, 14, 15, 16, 17, 18, 19, 20], [0, 1, 2, 3, 4, 5, 6, 7, 8, 9, 10, 11, 12, 13, 14, 15, 16, 17, 18, 19, 20], [0, 1, 2, 3, 4, 5, 6, 7, 8, 9, 10, 11, 12, 13, 14, 15, 16, 17, 18, 19, 20], [0, 1, 2, 3, 4, 5, 6, 7, 8, 9, 10, 11, 12, 13, 14, 15, 16, 17, 18, 19, 20]], "accuracies": [[9.38, 10.0, 59.78, 65.86, 69.89, 71.8, 72.52, 73.59, 73.36, 74.49, 75.18, 75.87, 76.83, 76.31, 76.82, 76.63, 77.37, 75.77, 77.24, 77.34, 77.67], [12.43, 10.04, 55.3, 65.65, 69.43, 72.3, 73.34, 73.68, 73.77, 74.22, 75.17, 75.8, 76.91, 76.6, 76.44, 76.73, 77.34, 76.48, 76.6, 77.34, 77.85], [8.77, 10.0, 52.94, 65.95, 69.66, 73.51, 73.92, 75.03, 73.35, 75.02, 75.76, 76.14, 76.63, 76.03, 76.73, 77.2, 76.2, 75.28, 77.32, 77.66, 77.98], [6.71, 10.0, 50.29, 66.17, 69.73, 71.91, 73.51, 73.86, 73.82, 75.09, 74.86, 76.75, 77.02, 76.75, 76.78, 76.51, 75.52, 77.22, 77.38, 76.79, 77.33], [14.3, 10.0, 56.81, 68.03, 70.74, 72.01, 73.45, 74.99, 73.92, 75.61, 76.47, 76.9, 76.79, 76.27, 77.15, 76.69, 76.61, 77.48, 77.77, 77.63, 76.2], [9.16, 10.09, 59.99, 66.82, 71.31, 72.68, 73.17, 74.46, 73.52, 73.82, 75.72, 76.4, 76.14, 76.08, 76.65, 76.89, 76.39, 77.3, 77.39, 76.95, 76.69], [12.5, 10.0, 52.96, 67.13, 70.21, 73.37, 73.22, 73.33, 75.02, 74.61, 76.39, 77.06, 76.3, 76.35, 77.08, 76.47, 77.16, 77.04, 77.13, 77.05, 76.45], [15.68, 13.86, 55.05, 68.58, 70.08, 73.04, 73.27, 74.76, 73.93, 74.91, 75.93, 76.77, 76.81, 76.23, 76.73, 76.8, 75.89, 77.21, 77.78, 77.34, 76.68], [11.39, 17.01, 64.53, 71.99, 74.05, 73.51, 73.5, 75.05, 75.95, 75.49, 76.86, 77.46, 76.61, 75.37, 76.35, 77.74, 77.43, 77.56, 76.19, 74.97, 75.72], [12.78, 49.56, 68.09, 73.21, 73.93, 74.05, 74.19, 76.57, 76.29, 76.74, 76.06, 76.57, 76.48, 77.42, 77.08, 75.02, 75.05, 75.14, 75.2, 75.08, 75.05]], "msds": [[0, 0.000699810276273638, 9.754116763360798e-05, 5.451617471408099e-05, 3.0532621167367324e-05, 2.3622023945790716e-05, 2.101533391396515e-05, 2.150861473637633e-05, 1.9442810298642144e-05, 1.9693485228344798e-05, 1.8295806512469426e-05, 2.1721898519899696e-05, 1.7326168745057657e-05, 4.1670289647299796e-05, 1.77883430296788e-05, 1.3423808923107572e-05, 1.557321593281813e-05, 2.4007315005292185e-05, 1.6996549675241113e-05, 1.797423101379536e-05, 1.136162336479174e-05], [0, 0.0007028136169537902, 9.531356045044959e-05, 5.5383130529662594e-05, 2.9252778404043056e-05, 2.3163975129136816e-05, 1.8526312487665564e-05, 1.8920067304861732e-05, 2.368786408624146e-05, 2.0438146748347208e-05, 1.8234941308037378e-05, 1.7210939404321834e-05, 1.4812930203333963e-05, 2.0328760001575574e-05, 1.4442340216191951e-05, 1.2499019248934928e-05, 1.5540828826487996e-05, 1.560078999318648e-05, 1.4878484762448352e-05, 2.3835169486119412e-05, 1.1017506949428935e-05], [0, 0.0006944487104192376, 0.00010857488086912781, 6.322857370832935e-05, 3.322876727906987e-05, 2.7174957722309045e-05, 2.1594880308839492e-05, 1.9564275135053322e-05, 2.531009158701636e-05, 2.1541185560636222e-05, 2.3469905499950983e-05, 2.3728131054667756e-05, 1.9943658116972074e-05, 1.9180268282070756e-05, 1.4559139344783034e-05, 1.853306093835272e-05, 1.8251739675179124e-05, 2.255542676721234e-05, 2.2707577954861335e-05, 1.2521897588158026e-05, 1.2936235179950017e-05], [0, 0.0006950777024030685, 0.00010042727808468044, 5.988242264720611e-05, 2.9038366847089492e-05, 2.2605989215662703e-05, 1.7894864868139848e-05, 1.5872912626946345e-05, 2.1375566575443372e-05, 1.88453595910687e-05, 1.788950976333581e-05, 1.4843853932688944e-05, 1.7673912225291133e-05, 1.515703206678154e-05, 1.4834394278295804e-05, 1.5060737496241927e-05, 1.8312744941795245e-05, 1.7372736692777835e-05, 1.4804036254645325e-05, 1.0574831321719103e-05, 1.6898011381272227e-05], [0, 0.0007002290803939104, 0.00010233360808342695, 5.3187133744359016e-05, 3.2451163860969245e-05, 2.3230484657688066e-05, 2.0363688236102462e-05, 1.8496111806598492e-05, 3.31124865624588e-05, 2.1835510779055767e-05, 1.783082916517742e-05, 1.403806709276978e-05, 2.1139592718100175e-05, 1.2355086255411152e-05, 1.3407854567049071e-05, 1.622121453692671e-05, 1.9405390048632398e-05, 1.5468978745047934e-05, 9.516830687061884e-06, 1.000716019916581e-05, 9.323899575974792e-06], [0, 0.0006981342448852956, 0.00010125087283086032, 4.825955329579301e-05, 2.5688766982057132e-05, 1.9572100427467376e-05, 2.0481835235841572e-05, 1.6429579773102887e-05, 2.069594120257534e-05, 2.1046409528935328e-05, 1.796508877305314e-05, 2.125793616869487e-05, 1.9427143342909403e-05, 1.5352077753050253e-05, 1.2579977010318544e-05, 1.778195655788295e-05, 2.734061490627937e-05, 1.980404522328172e-05, 9.509406481811311e-06, 2.859426604118198e-05, 1.3501755347533617e-05], [0, 0.0007002388592809439, 0.00010061699140351266, 4.8344096285291016e-05, 2.6822106519830413e-05, 2.104864688590169e-05, 1.8913404346676543e-05, 1.9158618670189753e-05, 1.8808139429893345e-05, 1.8347283912589774e-05, 1.838116440922022e-05, 1.721324042591732e-05, 2.0972989659640007e-05, 1.7381720681441948e-05, 1.7105554434238002e-05, 1.7368192857247777e-05, 1.4937748346710578e-05, 1.5262257875292562e-05, 1.8941085727419704e-05, 1.4289026694314089e-05, 1.0292636943631805e-05], [0, 0.0006957363220863044, 9.916476119542494e-05, 5.260834950604476e-05, 3.01098025374813e-05, 2.5302882932010107e-05, 2.144973404938355e-05, 2.160549229301978e-05, 2.154581670765765e-05, 1.9717563191079535e-05, 1.6674586731824093e-05, 1.466914272896247e-05, 1.6263189536402933e-05, 1.3971739463158883e-05, 1.6858510207384825e-05, 2.1963505787425674e-05, 1.7357870092382655e-05, 1.579439231136348e-05, 9.83544668997638e-06, 1.4229593034542631e-05, 1.5278927094186656e-05], [0, 0.0006887972704134881, 9.11611714400351e-05, 3.862753146677278e-05, 2.604042674647644e-05, 2.913401840487495e-05, 2.1249818018986844e-05, 2.1269508579280227e-05, 1.8531001842347905e-05, 2.0954606952727772e-05, 1.7605882021598518e-05, 1.2153802344982978e-05, 1.4887279576214496e-05, 3.345553341205232e-05, 1.833359056035988e-05, 1.0721748367359396e-05, 1.3761122318101116e-05, 1.0176173418585677e-05, 9.418836270924658e-06, 5.557186796067981e-06, 4.8887454795476515e-06], [0, 0.0003730339230969548, 7.026809907983989e-05, 3.178452971042134e-05, 2.2916996385902166e-05, 2.628023867146112e-05, 2.509817568352446e-05, 1.721468652249314e-05, 1.969342520169448e-05, 1.569863161421381e-05, 2.3427497580996715e-05, 2.369902540522162e-05, 1.7303227650700137e-05, 1.621703449927736e-05, 9.703639989311341e-06, 8.923256245907396e-06, 9.084941666515078e-06, 0, 0, 0, 0]]}