{"alpha": 0.75, "beta": 0.5, "gamma": 5.0, "num_samples": 100, "node_count": 10, "density": 0.5, "startup_delay": 0.0, "forward_prob": 0, "epochs": [[0, 1, 2, 3, 4, 5, 6, 7, 8, 9, 10, 11, 12, 13, 14, 15, 16, 17, 18, 19, 20], [0, 1, 2, 3, 4, 5, 6, 7, 8, 9, 10, 11, 12, 13, 14, 15, 16, 17, 18, 19, 20], [0, 1, 2, 3, 4, 5, 6, 7, 8, 9, 10, 11, 12, 13, 14, 15, 16, 17, 18, 19, 20], [0, 1, 2, 3, 4, 5, 6, 7, 8, 9, 10, 11, 12, 13, 14, 15, 16, 17, 18, 19, 20], [0, 1, 2, 3, 4, 5, 6, 7, 8, 9, 10, 11, 12, 13, 14, 15, 16, 17, 18, 19, 20], [0, 1, 2, 3, 4, 5, 6, 7, 8, 9, 10, 11, 12, 13, 14, 15, 16, 17, 18, 19, 20], [0, 1, 2, 3, 4, 5, 6, 7, 8, 9, 10, 11, 12, 13, 14, 15, 16, 17, 18, 19, 20], [0, 1, 2, 3, 4, 5, 6, 7, 8, 9, 10, 11, 12, 13, 14, 15, 16, 17, 18, 19, 20], [0, 1, 2, 3, 4, 5, 6, 7, 8, 9, 10, 11, 12, 13, 14, 15, 16, 17, 18, 19, 20], [0, 1, 2, 3, 4, 5, 6, 7, 8, 9, 10, 11, 12, 13, 14, 15, 16, 17, 18, 19, 20]], "accuracies": [[5.97, 15.96, 59.02, 64.05, 67.48, 71.96, 72.42, 72.93, 74.24, 74.83, 73.44, 75.99, 76.93, 76.56, 78.26, 78.57, 77.97, 77.85, 78.17, 78.85, 79.11], [10.26, 10.0, 51.9, 61.63, 67.86, 70.36, 72.24, 73.74, 74.18, 75.97, 75.68, 76.9, 77.01, 77.65, 78.39, 78.49, 78.33, 78.74, 78.16, 79.01, 79.17], [14.67, 17.78, 58.59, 64.71, 68.04, 71.47, 72.61, 73.32, 74.3, 74.51, 76.51, 77.59, 77.63, 77.18, 77.89, 78.25, 77.8, 77.47, 79.06, 78.52, 78.74], [8.86, 10.0, 59.3, 66.48, 68.93, 71.38, 72.56, 73.63, 74.58, 74.54, 76.48, 77.32, 77.46, 78.72, 78.45, 78.05, 78.62, 78.07, 79.11, 78.83, 79.29], [13.96, 20.14, 52.81, 66.14, 68.74, 70.3, 72.46, 74.12, 74.5, 75.8, 75.99, 77.41, 78.7, 78.46, 78.26, 78.11, 78.91, 79.0, 78.76, 77.37, 77.41], [10.67, 10.0, 47.84, 63.39, 68.86, 71.64, 73.85, 74.67, 73.56, 76.99, 76.97, 77.8, 77.85, 76.84, 78.64, 79.02, 78.66, 78.93, 78.7, 78.34, 78.29], [9.66, 19.8, 52.6, 66.26, 71.04, 72.85, 74.84, 74.5, 77.02, 77.67, 77.78, 77.94, 78.21, 78.41, 78.85, 79.23, 78.8, 78.46, 78.41, 78.64, 77.99], [2.62, 10.0, 55.3, 68.41, 72.58, 73.91, 74.21, 76.13, 76.79, 76.86, 77.89, 78.45, 78.56, 79.18, 79.22, 78.47, 78.8, 78.54, 78.05, 77.82, 76.81], [15.83, 10.0, 60.8, 66.61, 70.78, 73.42, 73.71, 74.23, 76.67, 76.28, 77.57, 78.28, 77.84, 78.61, 78.66, 78.77, 77.94, 78.54, 77.82, 77.53, 76.63], [10.0, 30.77, 69.72, 71.37, 72.57, 73.79, 75.08, 76.66, 77.41, 77.82, 78.13, 77.18, 78.76, 78.96, 78.85, 78.64, 78.48, 78.62, 78.15, 78.04, 75.9]], "msds": [[0, 0.0006962197367101908, 0.00010182776895817369, 5.243301347945817e-05, 4.100925798411481e-05, 2.9835406166967005e-05, 2.4709093850106e-05, 1.9093809896730818e-05, 2.063062675006222e-05, 1.9135350157739595e-05, 2.2862664991407655e-05, 2.0741639673360623e-05, 1.6530195352970622e-05, 1.6644105926388875e-05, 2.373576717218384e-05, 1.5256823644449469e-05, 1.550101842440199e-05, 1.733996941766236e-05, 1.499619975220412e-05, 1.5853711374802515e-05, 1.0366983588028233e-05], [0, 0.0006958742160350084, 0.0001011751955957152, 6.270507583394647e-05, 3.941356044379063e-05, 3.292401015642099e-05, 2.928714093286544e-05, 2.4818584279273637e-05, 2.0486400899244472e-05, 2.3255613996298052e-05, 2.2421076209866442e-05, 1.7459602531744167e-05, 1.5895628166617826e-05, 2.3405083993566222e-05, 1.6439002138213255e-05, 1.7856389604276046e-05, 1.3103315723128617e-05, 1.3584967746282928e-05, 1.96312612388283e-05, 1.3938864867668599e-05, 1.1009221452695783e-05], [0, 0.0006974790594540536, 0.00010782402387121692, 5.1615013944683596e-05, 3.170676791341975e-05, 3.000212018378079e-05, 2.607596070447471e-05, 2.5856161300907843e-05, 2.0808838598895818e-05, 2.3077906007529236e-05, 2.1690993889933452e-05, 1.9436101865721866e-05, 2.2443377019953914e-05, 1.9598868675529957e-05, 1.8505763364373706e-05, 2.3318378225667402e-05, 1.6139318177010864e-05, 2.341652179893572e-05, 1.4445477972913068e-05, 1.7354113879264332e-05, 1.7828026102506556e-05], [0, 0.000693909649271518, 0.00010488809493836015, 4.9295820645056665e-05, 3.329088576720096e-05, 2.9798778996337205e-05, 2.2570604414795525e-05, 2.1015997845097445e-05, 1.8424962036078796e-05, 2.1504089090740308e-05, 1.8113611076842062e-05, 1.7006066627800465e-05, 2.1860003471374512e-05, 1.6429861716460437e-05, 1.9045623048441485e-05, 1.4706248293805402e-05, 1.3005039363633841e-05, 1.913672713271808e-05, 1.1004337466147263e-05, 1.0606287105474621e-05, 1.1063246347475797e-05], [0, 0.0006951185641810298, 0.00011346873361617327, 5.515987504622899e-05, 3.444007597863674e-05, 2.7813171982415952e-05, 2.252268313895911e-05, 1.88665981113445e-05, 2.2662199626211077e-05, 2.1718826246797107e-05, 1.5690637155785225e-05, 1.688123847998213e-05, 1.3973925888421945e-05, 1.6773030438343994e-05, 1.9729373889276758e-05, 1.4434518561756704e-05, 1.2661421351367608e-05, 7.181556156865554e-06, 9.667905032983981e-06, 1.7052298062480986e-05, 1.6799507648102008e-05], [0, 0.0007009221008047462, 0.0001260635763173923, 5.986150790704414e-05, 3.4926746593555436e-05, 2.842305548256263e-05, 2.121437864843756e-05, 2.0724808564409614e-05, 2.081127058772836e-05, 1.7246202332898974e-05, 1.9699305994436145e-05, 1.9448967577773146e-05, 1.7228074284503236e-05, 2.0613035303540528e-05, 2.1872059733141214e-05, 1.3004085303691681e-05, 1.133890327764675e-05, 8.9731720436248e-06, 1.2389527000777889e-05, 8.816959962132387e-06, 6.578094144060742e-06], [0, 0.0007012745481915772, 9.941699681803584e-05, 4.876278399024159e-05, 3.3429041650379077e-05, 2.7216663511353545e-05, 2.660401696630288e-05, 2.8156611733720638e-05, 1.9161718228133395e-05, 1.8528166037867777e-05, 2.124037200701423e-05, 1.956534651981201e-05, 1.60806503117783e-05, 1.8744620319921523e-05, 1.541995516163297e-05, 1.1864309271913953e-05, 1.4711202311445959e-05, 1.689106284175068e-05, 1.0712637958931737e-05, 7.819855454727076e-06, 4.733543846668908e-06], [0, 0.0006958234589546919, 9.37993754632771e-05, 4.720778451883234e-05, 3.0758033972233534e-05, 2.616109122755006e-05, 2.4745537302806042e-05, 2.752589716692455e-05, 1.654209518164862e-05, 1.8909722712123767e-05, 1.8517679563956335e-05, 1.6819596567074768e-05, 1.6536600014660507e-05, 1.2208768566779327e-05, 9.514614248473663e-06, 1.2458174751373008e-05, 2.2025109501555562e-05, 2.1160656615393236e-05, 9.427844815945718e-06, 7.53499398342683e-06, 7.339937837969046e-06], [0, 0.0006981180049479008, 9.375339868711308e-05, 4.143299884162843e-05, 3.1433191907126456e-05, 2.235932151961606e-05, 1.8738097423920408e-05, 1.956906635314226e-05, 1.6845720892888494e-05, 1.9062375940848142e-05, 2.182628304581158e-05, 1.4327394637803081e-05, 2.8924114303663373e-05, 1.6176118151634e-05, 1.2100454114261083e-05, 9.049767868418712e-06, 1.0436241609568242e-05, 1.0169457709707785e-05, 7.197049399110256e-06, 7.271893082361203e-06, 4.29164992965525e-06], [0, 0.0003656522312667221, 8.205129415728152e-05, 3.728657611645758e-05, 2.5397799618076533e-05, 2.6936406356981024e-05, 2.186311576224398e-05, 2.1071786250104196e-05, 2.117018993885722e-05, 2.1626929083140567e-05, 1.7661948731984012e-05, 2.4021759600145742e-05, 1.5434525266755372e-05, 1.4085891962167807e-05, 1.2435654753062408e-05, 1.6812977264635265e-05, 1.3102761840855237e-05, 1.1400142284401227e-05, 7.859996003389824e-06, 4.2051497075590305e-06, 0]]}