{"alpha": 0.9, "beta": 0.5, "gamma": 7.0, "num_samples": 100, "node_count": 10, "density": 0.75, "startup_delay": 0.0, "forward_prob": 0, "epochs": [[0, 1, 2, 3, 4, 5, 6, 7, 8, 9, 10, 11, 12, 13, 14, 15, 16, 17, 18, 19, 20], [0, 1, 2, 3, 4, 5, 6, 7, 8, 9, 10, 11, 12, 13, 14, 15, 16, 17, 18, 19, 20], [0, 1, 2, 3, 4, 5, 6, 7, 8, 9, 10, 11, 12, 13, 14, 15, 16, 17, 18, 19, 20], [0, 1, 2, 3, 4, 5, 6, 7, 8, 9, 10, 11, 12, 13, 14, 15, 16, 17, 18, 19, 20], [0, 1, 2, 3, 4, 5, 6, 7, 8, 9, 10, 11, 12, 13, 14, 15, 16, 17, 18, 19, 20], [0, 1, 2, 3, 4, 5, 6, 7, 8, 9, 10, 11, 12, 13, 14, 15, 16, 17, 18, 19, 20], [0, 1, 2, 3, 4, 5, 6, 7, 8, 9, 10, 11, 12, 13, 14, 15, 16, 17, 18, 19, 20], [0, 1, 2, 3, 4, 5, 6, 7, 8, 9, 10, 11, 12, 13, 14, 15, 16, 17, 18, 19, 20], [0, 1, 2, 3, 4, 5, 6, 7, 8, 9, 10, 11, 12, 13, 14, 15, 16, 17, 18, 19, 20], [0, 1, 2, 3, 4, 5, 6, 7, 8, 9, 10, 11, 12, 13, 14, 15, 16, 17, 18, 19, 20]], "accuracies": [[6.79, 10.0, 60.07, 68.23, 70.97, 73.22, 74.91, 75.75, 76.22, 77.48, 77.67, 77.5, 77.31, 77.25, 77.37, 77.29, 77.28, 78.05, 77.42, 78.51, 78.66], [11.87, 10.0, 59.86, 68.28, 70.82, 73.19, 74.71, 75.88, 76.17, 77.46, 77.64, 77.49, 77.76, 77.49, 77.82, 77.25, 77.26, 78.24, 77.39, 78.49, 78.64], [8.97, 13.18, 61.16, 68.34, 71.73, 73.76, 74.55, 75.83, 75.9, 77.07, 77.59, 77.48, 77.36, 77.17, 77.67, 77.15, 77.35, 77.69, 77.43, 78.05, 78.32], [8.99, 10.02, 60.52, 67.81, 71.91, 73.98, 74.7, 76.11, 76.09, 77.14, 77.58, 77.21, 77.73, 77.18, 77.58, 77.09, 77.35, 77.85, 77.76, 78.29, 78.26], [7.99, 9.94, 61.53, 68.07, 72.15, 73.65, 74.62, 76.52, 75.99, 77.61, 77.91, 77.37, 77.21, 77.34, 77.7, 77.48, 77.45, 77.79, 77.35, 78.25, 78.11], [9.86, 10.0, 60.51, 68.34, 70.92, 73.47, 74.85, 75.81, 76.63, 77.46, 77.44, 77.28, 77.49, 77.18, 77.67, 77.19, 77.28, 77.76, 77.55, 78.33, 78.41], [9.99, 10.0, 60.7, 68.14, 72.19, 73.24, 74.39, 76.34, 76.8, 77.3, 77.32, 77.53, 77.6, 77.34, 77.41, 77.46, 77.52, 77.68, 77.89, 78.28, 78.57], [10.3, 13.84, 60.78, 66.58, 71.77, 73.27, 74.15, 76.14, 76.12, 77.4, 77.06, 77.54, 77.34, 76.94, 77.95, 77.39, 77.76, 77.73, 77.17, 78.35, 78.54], [7.65, 60.85, 71.95, 73.77, 75.46, 76.7, 77.54, 76.97, 76.88, 78.05, 77.45, 77.15, 78.23, 78.19, 74.38, 74.4, 74.4, 74.33, 74.25, 74.21, 74.24], [9.42, 57.74, 70.06, 73.03, 74.71, 75.99, 77.62, 77.75, 77.73, 77.28, 77.77, 77.11, 78.25, 73.02, 72.73, 72.8, 72.65, 72.66, 72.52, 72.51, 72.57]], "msds": [[0, 0.0007337359711527824, 0.0001360250316793099, 6.812766514485702e-05, 4.343335240264423e-05, 3.80206220143009e-05, 4.436827657627873e-05, 2.6952788175549358e-05, 4.008347968920134e-05, 3.287745494162664e-05, 2.4088782083708793e-05, 2.451518776069861e-05, 3.901533636962995e-05, 3.070973980356939e-05, 3.233073221053928e-05, 2.3607639377587475e-05, 2.3181302822194993e-05, 1.722112028801348e-05, 2.1337664293241687e-05, 1.0689794180507306e-05, 7.306142833840568e-06], [0, 0.0007361516472883523, 0.00013027404202148318, 6.393250077962875e-05, 4.032470678794198e-05, 3.759406536119059e-05, 3.190511779394001e-05, 2.9633538360940292e-05, 3.15377619699575e-05, 2.7899735869141296e-05, 2.6339239411754534e-05, 2.509187106625177e-05, 2.8100977942813188e-05, 6.337297236314043e-05, 2.6075864298036322e-05, 1.9273980797152035e-05, 2.185282028221991e-05, 1.886441168608144e-05, 1.9704737496795133e-05, 9.96839844447095e-06, 8.840831469569821e-06], [0, 0.0007276713731698692, 0.00011359494237694889, 5.978778062853962e-05, 4.0076618461171165e-05, 3.884122270392254e-05, 3.442047818680294e-05, 4.0281840483658016e-05, 3.6197099689161405e-05, 3.0257326216087677e-05, 3.155563899781555e-05, 2.5017196094268e-05, 3.5645865864353254e-05, 3.031560845556669e-05, 3.433468009461649e-05, 3.1056173611432314e-05, 3.334290158818476e-05, 2.6394915039418265e-05, 3.064763222937472e-05, 1.5576049918308854e-05, 1.0412814845039975e-05], [0, 0.0007374000851996243, 0.00012564707139972597, 5.955426604487002e-05, 3.7567049730569124e-05, 3.6531615478452295e-05, 3.3987296774284914e-05, 3.752061820705421e-05, 3.5338442103238776e-05, 3.462798849795945e-05, 3.157005266984925e-05, 2.53976795647759e-05, 4.002348578069359e-05, 3.563711288734339e-05, 2.1387439119280316e-05, 2.1244528397801332e-05, 2.1830297555425204e-05, 3.7901238101767376e-05, 2.1408146494650282e-05, 1.0414886673970614e-05, 1.3780569133814424e-05], [0, 0.0007463259389624, 0.00011877653741976246, 6.4437001128681e-05, 4.640931365429424e-05, 3.77246797143016e-05, 3.2401501812273636e-05, 4.187312151771039e-05, 3.390734491404146e-05, 2.942345236078836e-05, 2.9869268473703414e-05, 4.147526124143042e-05, 3.134722646791488e-05, 3.022095734195318e-05, 2.6016621632152237e-05, 1.8823484424501657e-05, 3.451064549153671e-05, 2.368426248722244e-05, 2.7060970751335844e-05, 9.291649803344626e-06, 9.619263437343761e-06], [0, 0.0007345112971961498, 0.00012717994104605168, 6.301343819359317e-05, 3.927238503820263e-05, 4.089649155503139e-05, 3.288701918791048e-05, 3.302616096334532e-05, 3.137187013635412e-05, 3.195387398591265e-05, 2.6089630409842357e-05, 2.2744041416444816e-05, 2.6054396585095674e-05, 2.4094179025269113e-05, 3.485237175482325e-05, 2.0060646420461126e-05, 2.1267956981319003e-05, 1.322439311479684e-05, 3.5073666367679834e-05, 8.979224730865099e-06, 9.553042218612973e-06], [0, 0.0007300305878743529, 0.00013832263357471675, 5.841658276040107e-05, 4.4386222725734115e-05, 3.5461984225548804e-05, 3.5025368561036885e-05, 3.433090023463592e-05, 3.023383760591969e-05, 3.601054413593374e-05, 2.8891765396110713e-05, 2.282926652696915e-05, 3.164022200508043e-05, 3.8267615309450775e-05, 2.387187851127237e-05, 2.0606488760677166e-05, 2.0558738469844684e-05, 6.624616798944771e-05, 2.4118162400554866e-05, 1.6002770280465484e-05, 9.921036507876124e-06], [0, 0.0007393730920739472, 0.00012445080210454762, 6.004809256410226e-05, 4.017748142359778e-05, 4.223187715979293e-05, 3.684536932269111e-05, 3.59006917278748e-05, 3.8388563552871346e-05, 3.564546932466328e-05, 3.792449570028111e-05, 2.077228418784216e-05, 3.711200406542048e-05, 3.523291525198147e-05, 2.8792976081604138e-05, 3.303417906863615e-05, 2.8949165425729007e-05, 2.615005178085994e-05, 2.0621400835807435e-05, 1.8343444025958888e-05, 1.7331580238533206e-05], [0, 0.0004029111296404153, 6.453147943830118e-05, 4.92294566356577e-05, 4.564178016153164e-05, 4.05091377615463e-05, 3.403876326046884e-05, 3.5117507650284097e-05, 3.2897372875595465e-05, 2.998516538355034e-05, 3.92966358049307e-05, 2.44752718572272e-05, 1.7066035070456564e-05, 1.609759419807233e-05, 0, 0, 0, 0, 0, 0, 0], [0, 0.00040070569957606494, 6.344156281556934e-05, 3.980217661592178e-05, 5.1707982493098825e-05, 3.99998934881296e-05, 3.8062906241975725e-05, 3.1724717700853944e-05, 3.0462384529528208e-05, 4.2723047954495996e-05, 2.3330361727857962e-05, 4.717925185104832e-05, 2.683116508706007e-05, 0, 0, 0, 0, 0, 0, 0, 0]]}