{"alpha": 0.75, "beta": 0.5, "gamma": 1.0, "num_samples": 25, "node_count": 10, "density": 0.0, "startup_delay": 0.0, "forward_prob": 0, "epochs": [[0, 1, 2, 3, 4, 5, 6, 7, 8, 9, 10, 11, 12, 13, 14, 15, 16, 17, 18, 19, 20], [0, 1, 2, 3, 4, 5, 6, 7, 8, 9, 10, 11, 12, 13, 14, 15, 16, 17, 18, 19, 20], [0, 1, 2, 3, 4, 5, 6, 7, 8, 9, 10, 11, 12, 13, 14, 15, 16, 17, 18, 19, 20], [0, 1, 2, 3, 4, 5, 6, 7, 8, 9, 10, 11, 12, 13, 14, 15, 16, 17, 18, 19, 20], [0, 1, 2, 3, 4, 5, 6, 7, 8, 9, 10, 11, 12, 13, 14, 15, 16, 17, 18, 19, 20], [0, 1, 2, 3, 4, 5, 6, 7, 8, 9, 10, 11, 12, 13, 14, 15, 16, 17, 18, 19, 20], [0, 1, 2, 3, 4, 5, 6, 7, 8, 9, 10, 11, 12, 13, 14, 15, 16, 17, 18, 19, 20], [0, 1, 2, 3, 4, 5, 6, 7, 8, 9, 10, 11, 12, 13, 14, 15, 16, 17, 18, 19, 20], [0, 1, 2, 3, 4, 5, 6, 7, 8, 9, 10, 11, 12, 13, 14, 15, 16, 17, 18, 19, 20], [0, 1, 2, 3, 4, 5, 6, 7, 8, 9, 10, 11, 12, 13, 14, 15, 16, 17, 18, 19, 20]], "accuracies": [[12.99, 52.29, 50.9, 49.44, 62.61, 64.07, 56.82, 61.58, 65.21, 60.91, 62.56, 59.49, 61.36, 62.23, 62.06, 62.45, 62.46, 62.5, 61.27, 59.92, 63.92], [8.77, 45.98, 53.18, 49.12, 58.59, 58.52, 58.62, 56.31, 57.05, 58.07, 58.77, 58.87, 59.9, 54.17, 57.21, 56.37, 58.43, 63.99, 63.4, 64.78, 61.98], [10.69, 27.63, 49.67, 56.31, 59.26, 58.74, 57.31, 61.39, 59.67, 60.27, 60.6, 59.83, 58.29, 59.16, 60.63, 60.82, 61.25, 60.99, 59.89, 58.63, 62.57], [9.15, 20.13, 49.08, 48.35, 57.45, 60.9, 60.49, 60.48, 58.81, 58.46, 61.72, 60.99, 61.65, 56.98, 59.21, 58.76, 56.86, 62.1, 63.44, 64.56, 61.15], [8.29, 34.06, 45.11, 37.99, 52.66, 57.4, 56.83, 56.57, 57.51, 56.84, 56.96, 57.83, 59.21, 54.89, 59.18, 59.56, 59.6, 59.77, 60.13, 60.64, 60.29], [10.95, 46.21, 43.62, 56.8, 58.49, 61.43, 61.13, 62.33, 59.86, 58.78, 63.89, 62.4, 61.69, 59.68, 59.81, 59.81, 59.46, 60.02, 61.16, 63.59, 66.66], [10.74, 40.06, 49.7, 42.79, 52.93, 55.93, 57.93, 56.73, 60.79, 56.44, 61.91, 60.49, 61.1, 61.15, 62.24, 62.09, 62.25, 61.81, 62.87, 60.98, 62.68], [13.02, 51.58, 58.04, 55.09, 57.55, 60.36, 62.29, 63.28, 62.37, 62.07, 63.45, 63.23, 63.56, 61.31, 62.26, 64.04, 62.65, 62.81, 65.26, 65.84, 62.82], [8.41, 14.41, 49.64, 55.48, 53.18, 53.44, 59.77, 62.14, 63.18, 64.42, 61.46, 64.9, 65.28, 67.45, 64.68, 67.39, 65.41, 68.99, 65.21, 66.97, 64.97], [10.92, 47.64, 57.71, 50.7, 64.45, 61.6, 59.36, 60.29, 63.54, 63.58, 64.54, 63.86, 69.05, 69.73, 69.22, 70.53, 69.49, 68.95, 67.45, 68.32, 68.77]], "msds": [[0, 0.0006716246716678143, 0.00034769289777614176, 0.00014831653970759362, 5.244153362582438e-05, 6.563437636941671e-05, 4.813577470486052e-05, 3.1021234462969005e-05, 2.572615812823642e-05, 7.170908065745607e-05, 3.985152216046117e-05, 2.9774375434499234e-05, 2.9050470402580686e-05, 3.283282421762124e-05, 2.8274027499719523e-05, 2.76220562227536e-05, 2.7712309019989334e-05, 2.7596428481047042e-05, 2.7652024073177017e-05, 3.0505392714985646e-05, 3.171687785652466e-05], [0, 0.0007064325618557632, 0.0003451764932833612, 0.00012300978414714336, 4.527787314145826e-05, 3.0498729756800458e-05, 2.707783642108552e-05, 1.3267875146993902e-05, 6.395295258698752e-06, 9.173656508210115e-06, 4.5691731429542415e-06, 5.345809768186882e-06, 7.092136911523994e-06, 4.421655830810778e-06, 3.1449299058294855e-06, 2.4900975859054597e-06, 8.471648129670939e-07, 1.0172195288760122e-05, 6.894235411891714e-06, 4.615286798070883e-06, 3.2522639230592176e-06], [0, 0.0006787095335312188, 0.0003292850742582232, 9.05268025235273e-05, 3.7094945582794026e-05, 2.231032158306334e-05, 1.7086123989429325e-05, 2.16145836020587e-05, 2.1765117708127946e-05, 3.6547440686263144e-05, 2.2660129616269842e-05, 1.4958702195144724e-05, 1.4831060980213806e-05, 2.3723743652226403e-05, 1.5827794413780794e-05, 1.9499844711390324e-05, 1.783029074431397e-05, 1.5559382518404163e-05, 1.969932418433018e-05, 1.8560427633929066e-05, 2.2375057596946135e-05], [0, 0.0006960362079553306, 0.00033158838050439954, 0.00018868563347496092, 6.659460632363334e-05, 3.0498729756800458e-05, 1.2127022273489274e-05, 1.3267875146993902e-05, 6.395295258698752e-06, 3.7634304135281127e-06, 1.2308626537560485e-05, 8.459127457172144e-06, 2.38474490288354e-06, 4.421655830810778e-06, 3.1449299058294855e-06, 2.4900975859054597e-06, 1.5572873962810263e-05, 7.869068213040009e-06, 4.9459213187219575e-06, 3.3452388379373588e-06, 2.8971085157536436e-06], [0, 0.0006878148415125906, 0.0001847738603828475, 0.00022194818302523345, 4.9837672122521326e-05, 5.478518869495019e-05, 3.321043914183974e-05, 2.207776742579881e-05, 2.282131572428625e-05, 1.9986304323538207e-05, 2.0980269255232997e-05, 1.157245242211502e-05, 9.29254929360468e-06, 1.1982771866314579e-05, 1.6943384252954274e-05, 1.677106411079876e-05, 1.5572873962810263e-05, 6.210496849234914e-06, 5.907464128540596e-06, 2.695624061743729e-06, 2.8039366952725686e-06], [0, 0.0006891033845022321, 0.0003407182521186769, 9.526406938675791e-05, 5.399847577791661e-05, 2.782392766675912e-05, 3.816376920440234e-05, 2.5930623451131396e-05, 4.044972956762649e-05, 1.4583889424102381e-05, 1.4080740584176965e-05, 1.2780116776411887e-05, 1.1799524145317264e-05, 7.438216016453225e-06, 1.0289774763805326e-05, 7.109428224794101e-06, 6.5847693804244045e-06, 8.174124559445772e-06, 6.504399152618134e-06, 3.21618654197664e-06, 1.9531784346327186e-05], [0, 0.0006802635034546256, 0.00017923107952810824, 0.0002258087188238278, 5.500117185874842e-05, 3.331739208078943e-05, 2.636982208059635e-05, 2.3060018065734766e-05, 1.4909378478478175e-05, 2.3825255993870087e-05, 3.330042818561196e-05, 2.3550779587822035e-05, 1.923955642268993e-05, 1.9713901565410197e-05, 1.9022318156203255e-05, 1.6301304640364833e-05, 1.734946454234887e-05, 1.5005219211161602e-05, 2.488436621206347e-05, 1.356137636321364e-05, 2.2671923943562433e-05], [0, 0.0007064325618557632, 0.0002032557677011937, 0.00014237845607567579, 3.016206028405577e-05, 1.8599681425257586e-05, 2.2311440261546522e-05, 1.502832310507074e-05, 1.4724531865795143e-05, 1.2270657862245571e-05, 1.2210261047584936e-05, 1.2402734682837036e-05, 1.8392693164059892e-05, 1.2115644494770095e-05, 1.771568895492237e-05, 1.4297446796263102e-05, 1.4358020962390583e-05, 1.281483764614677e-05, 1.0193944035563618e-05, 6.634831152041443e-06, 2.356269305892056e-06], [0, 0.0006958510493859649, 0.00032383506186306477, 0.00020500883692875504, 0.00014327577082440257, 4.7125267883529887e-05, 2.965908424812369e-05, 2.1928259229753166e-05, 1.7442214812035672e-05, 1.1286835615464952e-05, 8.796217298367992e-05, 4.371916293166578e-05, 2.724592195590958e-05, 2.678760574781336e-05, 2.479842623870354e-05, 2.4895614842534997e-05, 2.1116367861395702e-05, 1.9569051801227033e-05, 1.800023346731905e-05, 2.905287328758277e-05, 2.0157882318017073e-05], [0, 0.0007081249495968223, 0.00018192808784078807, 0.00021582411136478186, 0.00014327577082440257, 4.7125267883529887e-05, 1.8423221263219602e-05, 1.1625841580098495e-05, 1.0377847502240911e-05, 5.088132638775278e-06, 4.112942406209186e-06, 6.904926704009995e-05, 4.7484201786573976e-05, 2.9682541935471818e-05, 1.2078298823325895e-05, 1.907544537971262e-05, 1.9766206605709158e-05, 1.7001446394715458e-05, 1.167135178548051e-05, 1.7363830920658074e-05, 2.1359504899010062e-05]]}