{"alpha": 0.9, "beta": 0.5, "gamma": 1.0, "num_samples": 1000, "node_count": 10, "density": 0.0, "startup_delay": 0.0, "forward_prob": 0, "epochs": [[0, 1, 2, 3, 4, 5, 6, 7, 8, 9, 10, 11, 12, 13, 14, 15, 16, 17, 18, 19, 20], [0, 1, 2, 3, 4, 5, 6, 7, 8, 9, 10, 11, 12, 13, 14, 15, 16, 17, 18, 19, 20], [0, 1, 2, 3, 4, 5, 6, 7, 8, 9, 10, 11, 12, 13, 14, 15, 16, 17, 18, 19, 20], [0, 1, 2, 3, 4, 5, 6, 7, 8, 9, 10, 11, 12, 13, 14, 15, 16, 17, 18, 19, 20], [0, 1, 2, 3, 4, 5, 6, 7, 8, 9, 10, 11, 12, 13, 14, 15, 16, 17, 18, 19, 20], [0, 1, 2, 3, 4, 5, 6, 7, 8, 9, 10, 11, 12, 13, 14, 15, 16, 17, 18, 19, 20], [0, 1, 2, 3, 4, 5, 6, 7, 8, 9, 10, 11, 12, 13, 14, 15, 16, 17, 18, 19, 20], [0, 1, 2, 3, 4, 5, 6, 7, 8, 9, 10, 11, 12, 13, 14, 15, 16, 17, 18, 19, 20], [0, 1, 2, 3, 4, 5, 6, 7, 8, 9, 10, 11, 12, 13, 14, 15, 16, 17, 18, 19, 20], [0, 1, 2, 3, 4, 5, 6, 7, 8, 9, 10, 11, 12, 13, 14, 15, 16, 17, 18, 19, 20]], "accuracies": [[11.28, 80.21, 77.61, 81.27, 81.75, 82.07, 81.18, 82.67, 82.98, 83.65, 83.75, 83.41, 83.66, 83.24, 82.96, 84.39, 84.26, 82.77, 84.29, 83.61, 84.26], [11.17, 21.29, 78.21, 81.29, 81.96, 82.21, 80.76, 82.61, 83.02, 83.55, 83.88, 83.36, 83.11, 83.59, 83.43, 84.17, 84.18, 83.96, 83.21, 83.3, 84.11], [14.33, 79.12, 79.4, 81.57, 81.79, 81.47, 80.71, 82.74, 82.99, 83.72, 84.01, 83.55, 83.58, 83.47, 83.05, 84.25, 84.33, 82.51, 84.21, 83.4, 84.27], [9.93, 78.68, 80.12, 82.21, 81.03, 81.64, 81.33, 83.82, 84.11, 84.72, 85.3, 84.47, 83.47, 84.25, 84.35, 83.98, 83.73, 83.94, 84.2, 84.27, 85.17], [10.33, 80.66, 79.17, 81.62, 80.76, 81.73, 82.59, 82.03, 83.16, 81.48, 82.96, 83.21, 83.44, 84.28, 84.17, 84.11, 83.89, 83.94, 84.17, 84.08, 83.81], [8.47, 12.73, 78.45, 81.41, 81.58, 80.61, 81.2, 82.77, 82.74, 83.73, 83.88, 83.34, 84.52, 83.3, 82.93, 84.29, 84.35, 84.28, 84.28, 83.48, 84.07], [8.48, 79.24, 72.03, 82.36, 80.06, 82.23, 81.54, 81.52, 82.65, 82.58, 82.96, 82.93, 83.59, 83.68, 84.06, 83.65, 83.87, 84.2, 84.76, 84.2, 83.85], [14.4, 16.85, 74.0, 53.1, 80.46, 82.06, 81.33, 81.91, 82.51, 82.3, 83.23, 83.02, 83.55, 83.93, 84.11, 83.73, 84.02, 84.3, 84.77, 84.19, 85.59], [10.85, 77.63, 71.48, 78.59, 78.9, 82.79, 82.31, 80.79, 82.73, 82.78, 83.53, 82.16, 82.29, 82.72, 84.29, 84.17, 84.82, 83.99, 84.67, 84.16, 84.43], [6.49, 79.12, 72.18, 78.71, 78.27, 82.67, 82.13, 80.12, 82.75, 82.95, 83.25, 82.61, 82.34, 82.49, 84.23, 84.25, 84.75, 83.99, 84.49, 84.13, 84.45]], "msds": [[0, 0.0008610926452092826, 0.0009403909207321703, 0.0007513845921494067, 0.0007674556109122932, 0.000713503744918853, 0.0006206585676409304, 0.0005729603581130505, 0.0004924816312268376, 0.0004258833359926939, 0.000382081198040396, 0.00037060174508951604, 0.0003601941862143576, 0.00047698256094008684, 0.000457224203273654, 0.00038801628397777677, 0.00036976070259697735, 0.00033463651197962463, 0.00028199321241118014, 0.0003233356401324272, 0.0002937048557214439], [0, 0.0008739387267269194, 0.0007972994353622198, 0.0007622094126418233, 0.0007629103492945433, 0.0007159628439694643, 0.0006077834987081587, 0.0005671991384588182, 0.0004757000715471804, 0.00044426307431422174, 0.0003736341604962945, 0.00041209152550436556, 0.00038236769614741206, 0.0003258278302382678, 0.0002741499338299036, 0.00032271776581183076, 0.00030300288926810026, 0.0003010617510881275, 0.00025125002139247954, 0.00024055370886344463, 0.00022151423036120832], [0, 0.0008493018103763461, 0.0008496738155372441, 0.0007225798326544464, 0.0007948768325150013, 0.0006933798431418836, 0.0006473264656960964, 0.0005625248304568231, 0.0004898582119494677, 0.0004004421061836183, 0.0004107554559595883, 0.0003514340496622026, 0.00035765767097473145, 0.00044805306242778897, 0.0004523941606748849, 0.0003694195474963635, 0.0003575995215214789, 0.0003277982759755105, 0.0002816281921695918, 0.00032171685597859323, 0.0002854676858987659], [0, 0.0008493018103763461, 0.0008688447414897382, 0.0008119030972011387, 0.0007531643495894969, 0.000665605126414448, 0.0005889359745196998, 0.0005333868903107941, 0.00047139066737145185, 0.00043507327791303396, 0.00036530496436171234, 0.0003583558136597276, 0.0003697338397614658, 0.0004027232644148171, 0.00035785738145932555, 0.00032271776581183076, 0.00030300288926810026, 0.0002723897632677108, 0.0002531895006541163, 0.00024055370886344463, 0.00026689562946558], [0, 0.0008785705431364477, 0.000755557615775615, 0.0008879864471964538, 0.0007650428451597691, 0.0007395446300506592, 0.0006744284182786942, 0.0005871824687346816, 0.0005536482203751802, 0.0005109544144943357, 0.0004628355673048645, 0.00041209152550436556, 0.00038236769614741206, 0.0003258278302382678, 0.0002741499338299036, 0.0002504203002899885, 0.00030134341795928776, 0.0003010617510881275, 0.00025125002139247954, 0.00019318898557685316, 0.00019543597591109574], [0, 0.0008539257105439901, 0.0007493435987271369, 0.0008119030972011387, 0.0007531643495894969, 0.000665605126414448, 0.0005889359745196998, 0.000504248368088156, 0.000452923501143232, 0.0003733597695827484, 0.00034020040766336024, 0.00035422248765826225, 0.0003706662100739777, 0.000403287704102695, 0.0004591276519931853, 0.00038294552359730005, 0.00035944191040471196, 0.00035094853956252337, 0.0002569715434219688, 0.0003430673386901617, 0.0002809257130138576], [0, 0.0008560334099456668, 0.0006872949888929725, 0.0008455429342575371, 0.0008631803211756051, 0.0007436243467964232, 0.0006294960621744394, 0.0005769493291154504, 0.0004970793379470706, 0.00048014623462222517, 0.00038236199179664254, 0.00041945892735384405, 0.0003979580069426447, 0.00034637475619092584, 0.000444117613369599, 0.0004743978788610548, 0.000398143456550315, 0.00039234827272593975, 0.000302349217236042, 0.0003415062674321234, 0.00034182253875769675], [0, 0.0008454605122096837, 0.0006271295133046806, 0.0006568615790456533, 0.0007778675062581897, 0.0008218754082918167, 0.0006822258583270013, 0.0005703410133719444, 0.000524308648891747, 0.00046790612395852804, 0.00040841434383764863, 0.0004092279705218971, 0.00041226710891351104, 0.00032548283343203366, 0.0004526821430772543, 0.00047891520080156624, 0.00040246648131869733, 0.0003872890956699848, 0.00027687998954206705, 0.00034471627441234887, 0.00036983657628297806], [0, 0.0008381635998375714, 0.0006811915664002299, 0.000536444887984544, 0.0005157619016245008, 0.0009436802938580513, 0.0009550160029903054, 0.000701981654856354, 0.0006123659550212324, 0.0005713463178835809, 0.000514632964041084, 0.00045964226592332125, 0.00047725701006129384, 0.0004575398052111268, 0.0003822030557785183, 0.0004911790601909161, 0.0004758221039082855, 0.0004216129018459469, 0.00040531877311877906, 0.0003310824395157397, 0.00037142931250855327], [0, 0.0008522889693267643, 0.0006738905212841928, 0.0005345648387447, 0.000532106205355376, 0.0009369017207063735, 0.0009391208877786994, 0.0007094832835718989, 0.0006032797391526401, 0.0005670637474395335, 0.0005055522196926177, 0.00045716436579823494, 0.0004657144017983228, 0.00046326685696840286, 0.00039353669853881, 0.0004754230612888932, 0.0004707874613814056, 0.0004048457194585353, 0.00041123011033050716, 0.00033573262044228613, 0.0003730961470864713]]}