{"alpha": 0.9, "beta": 0.5, "gamma": 3.0, "num_samples": 1000, "node_count": 10, "density": 0.25, "startup_delay": 0.0, "forward_prob": 0, "epochs": [[0, 1, 2, 3, 4, 5, 6, 7, 8, 9, 10, 11, 12, 13, 14, 15, 16, 17, 18, 19, 20], [0, 1, 2, 3, 4, 5, 6, 7, 8, 9, 10, 11, 12, 13, 14, 15, 16, 17, 18, 19, 20], [0, 1, 2, 3, 4, 5, 6, 7, 8, 9, 10, 11, 12, 13, 14, 15, 16, 17, 18, 19, 20], [0, 1, 2, 3, 4, 5, 6, 7, 8, 9, 10, 11, 12, 13, 14, 15, 16, 17, 18, 19, 20], [0, 1, 2, 3, 4, 5, 6, 7, 8, 9, 10, 11, 12, 13, 14, 15, 16, 17, 18, 19, 20], [0, 1, 2, 3, 4, 5, 6, 7, 8, 9, 10, 11, 12, 13, 14, 15, 16, 17, 18, 19, 20], [0, 1, 2, 3, 4, 5, 6, 7, 8, 9, 10, 11, 12, 13, 14, 15, 16, 17, 18, 19, 20], [0, 1, 2, 3, 4, 5, 6, 7, 8, 9, 10, 11, 12, 13, 14, 15, 16, 17, 18, 19, 20], [0, 1, 2, 3, 4, 5, 6, 7, 8, 9, 10, 11, 12, 13, 14, 15, 16, 17, 18, 19, 20], [0, 1, 2, 3, 4, 5, 6, 7, 8, 9, 10, 11, 12, 13, 14, 15, 16, 17, 18, 19, 20]], "accuracies": [[11.04, 10.0, 51.66, 74.38, 80.53, 80.55, 82.69, 84.0, 84.89, 84.96, 85.23, 85.51, 85.66, 85.74, 85.65, 85.81, 85.63, 85.8, 85.88, 85.68, 85.5], [9.24, 28.45, 51.19, 76.28, 79.41, 81.87, 83.04, 83.84, 84.7, 85.05, 85.5, 85.51, 85.27, 85.25, 85.66, 85.31, 85.45, 85.48, 85.68, 85.92, 85.7], [10.26, 10.46, 56.66, 73.7, 80.71, 81.2, 83.21, 84.23, 85.07, 85.15, 85.4, 85.56, 85.3, 85.62, 85.83, 85.55, 85.79, 85.83, 85.93, 86.1, 85.91], [10.57, 11.66, 45.12, 74.18, 80.29, 81.13, 83.19, 84.06, 84.94, 85.48, 85.24, 85.37, 84.98, 85.28, 86.03, 85.41, 85.8, 85.73, 85.79, 85.54, 85.88], [17.88, 15.75, 52.05, 73.97, 81.02, 81.21, 83.12, 84.13, 84.83, 84.86, 85.45, 85.54, 85.59, 85.94, 85.59, 85.67, 85.69, 85.9, 85.67, 86.2, 85.74], [10.5, 17.4, 61.28, 76.38, 80.76, 81.95, 82.8, 83.36, 84.41, 84.79, 85.26, 85.09, 85.04, 85.26, 85.16, 85.2, 85.41, 85.63, 85.45, 85.77, 85.22], [10.09, 11.4, 55.61, 74.43, 80.1, 82.11, 83.26, 83.91, 85.09, 84.95, 85.58, 85.35, 85.23, 85.57, 85.63, 85.64, 85.5, 85.37, 85.85, 85.39, 85.68], [12.44, 10.16, 46.95, 74.53, 80.37, 81.68, 83.42, 83.69, 85.04, 85.28, 85.49, 85.5, 85.33, 85.61, 85.7, 85.74, 85.48, 85.76, 85.7, 85.35, 85.48], [5.88, 72.21, 72.84, 80.68, 83.01, 83.88, 83.78, 84.67, 84.92, 85.59, 84.8, 84.98, 84.97, 85.01, 85.01, 85.03, 85.05, 85.07, 85.1, 85.06, 85.09], [3.44, 60.63, 80.4, 82.8, 84.58, 84.71, 85.38, 85.36, 85.46, 85.62, 83.95, 84.65, 84.73, 84.69, 84.71, 84.73, 84.69, 84.69, 84.7, 84.75, 84.74]], "msds": [[0, 0.0008737243479117751, 0.00042798410868272185, 0.00024722007219679654, 0.00013411148393061012, 0.0001040753850247711, 0.00010796284914249554, 9.942947508534417e-05, 0.0001061573057086207, 0.00011706346413120627, 0.00010572945757303387, 0.00010947711416520178, 0.00011096129310317338, 8.948371396400034e-05, 8.648920629639179e-05, 7.944145909277722e-05, 0.00010193710477324203, 9.447040065424517e-05, 8.061329572228715e-05, 9.990168473450467e-05, 8.125916065182537e-05], [0, 0.0008742541540414095, 0.0005140652065165341, 0.00032297929283231497, 0.00020785351807717234, 0.0001341745664831251, 0.00011568400077521801, 0.00010903022484853864, 0.00011807067494373769, 0.00012867717305198312, 0.00013902016507927328, 0.00012043308379361406, 0.00011164661555085331, 0.00012589438119903207, 0.0001004523437586613, 0.00011620409350143746, 0.00010489953274372965, 0.00010209470929112285, 0.00010157135693589225, 0.00012791324115823954, 0.0001059598580468446], [0, 0.0008505955338478088, 0.0005173975368961692, 0.00031091365963220596, 0.00019559767679311335, 0.00013882074563298374, 0.00012290748418308794, 0.0001232385402545333, 0.00012043231981806457, 0.0001369250676361844, 0.00012679117207881063, 0.00011555176024558023, 0.00012054369290126488, 0.00012274297478143126, 0.00011038464435841888, 9.134133870247751e-05, 0.00011586205073399469, 0.00011980690760537982, 9.7487929451745e-05, 9.628805128159001e-05, 0.0001094826147891581], [0, 0.0008757368195801973, 0.00043128570541739464, 0.0002507891913410276, 0.00018171127885580063, 0.0001053066662279889, 0.00010003806528402492, 0.00011737865133909509, 0.00011134232045151293, 0.00012903331662528217, 0.00011505407019285485, 0.0001134381745941937, 0.0001070146172423847, 0.0001016608948702924, 9.807296009967104e-05, 8.981872088043019e-05, 0.00011815457401098683, 0.00011025914136553183, 9.584024519426748e-05, 0.00010072886652778834, 0.00012627241085283458], [0, 0.0008787081460468471, 0.00044870070996694267, 0.0002754337037913501, 0.00015651012654416263, 0.00010999766527675092, 0.00010926920367637649, 0.00010357944120187312, 0.0001237609249074012, 0.00012784346472471952, 0.00012828773469664156, 0.00012331553443800658, 9.22801555134356e-05, 0.00010044901864603162, 9.629729902371764e-05, 8.687901572557166e-05, 8.187016646843404e-05, 0.00011868625733768567, 8.520157280145213e-05, 0.0001182123669423163, 7.557825301773846e-05], [0, 0.0008578624692745507, 0.0005470072501339018, 0.0002887700393330306, 0.00021989211381878704, 0.0001309857179876417, 0.000113481110020075, 0.00012179554323665798, 0.00011140249989693984, 0.00012508447980508208, 0.0001170049945358187, 0.00012037365377182141, 0.00010739806748460978, 0.00011654898116830736, 0.00010085121903102845, 0.00010151598689844832, 0.0001380814501317218, 9.658713679527864e-05, 9.370163024868816e-05, 0.00013609309098683298, 0.00011822788655990735], [0, 0.0008611088851466775, 0.0004913025186397135, 0.0003107585071120411, 0.00017920444952324033, 0.0001228459586855024, 0.00012017986591672525, 0.00011006969725713134, 0.00011166329932166263, 0.00013716582907363772, 0.00011377086048014462, 0.00012459630670491606, 0.00010227342136204243, 0.00010238694085273892, 0.00010284117888659239, 8.9306449808646e-05, 0.00010372031101724133, 9.499772568233311e-05, 9.696664346847683e-05, 9.150018740911037e-05, 9.09604350454174e-05], [0, 0.0008700428297743201, 0.000438675400801003, 0.00023636757396161556, 0.00015293860633391887, 0.00011235963756917045, 0.00011944484867854044, 0.00011521415581228212, 0.00011708213423844427, 0.00012492507812567055, 0.00013660149124916643, 0.00011072403867729008, 0.00011560267739696428, 9.613959264243022e-05, 0.00010744358587544411, 8.781145152170211e-05, 0.00010279514390276745, 0.00014282295887824148, 0.00010089414718095213, 9.400898852618411e-05, 8.334794983966276e-05], [0, 0.0005903629935346544, 0.00027633222634904087, 0.00016341946320608258, 0.000188046891707927, 0.0001371710532112047, 0.00014676751743536443, 0.00012329955643508583, 0.000160386465722695, 7.997557986527681e-05, 0, 0, 0, 0, 0, 0, 0, 0, 0, 0, 0], [0, 0.0004983993712812662, 0.0002971199864987284, 0.0001885257806861773, 0.00022520057973451912, 0.0001606880541658029, 0.00015226559480652213, 0.00016522906662430614, 0.00016268467879854143, 0.00014465791173279285, 0, 0, 0, 0, 0, 0, 0, 0, 0, 0, 0]]}