{"alpha": 0.9, "beta": 0.5, "gamma": 5.0, "num_samples": 100, "node_count": 10, "density": 0.5, "startup_delay": 0.0, "forward_prob": 0, "epochs": [[0, 1, 2, 3, 4, 5, 6, 7, 8, 9, 10, 11, 12, 13, 14, 15, 16, 17, 18, 19, 20], [0, 1, 2, 3, 4, 5, 6, 7, 8, 9, 10, 11, 12, 13, 14, 15, 16, 17, 18, 19, 20], [0, 1, 2, 3, 4, 5, 6, 7, 8, 9, 10, 11, 12, 13, 14, 15, 16, 17, 18, 19, 20], [0, 1, 2, 3, 4, 5, 6, 7, 8, 9, 10, 11, 12, 13, 14, 15, 16, 17, 18, 19, 20], [0, 1, 2, 3, 4, 5, 6, 7, 8, 9, 10, 11, 12, 13, 14, 15, 16, 17, 18, 19, 20], [0, 1, 2, 3, 4, 5, 6, 7, 8, 9, 10, 11, 12, 13, 14, 15, 16, 17, 18, 19, 20], [0, 1, 2, 3, 4, 5, 6, 7, 8, 9, 10, 11, 12, 13, 14, 15, 16, 17, 18, 19, 20], [0, 1, 2, 3, 4, 5, 6, 7, 8, 9, 10, 11, 12, 13, 14, 15, 16, 17, 18, 19, 20], [0, 1, 2, 3, 4, 5, 6, 7, 8, 9, 10, 11, 12, 13, 14, 15, 16, 17, 18, 19, 20], [0, 1, 2, 3, 4, 5, 6, 7, 8, 9, 10, 11, 12, 13, 14, 15, 16, 17, 18, 19, 20]], "accuracies": [[19.0, 12.31, 65.6, 70.06, 73.36, 74.11, 76.29, 76.85, 77.84, 77.69, 76.71, 78.5, 78.01, 78.92, 78.65, 79.38, 78.46, 79.38, 79.32, 79.11, 78.24], [11.9, 19.2, 58.24, 71.32, 73.08, 74.17, 75.45, 77.49, 78.43, 77.84, 78.17, 78.81, 79.21, 79.22, 79.16, 79.32, 79.51, 79.1, 79.56, 79.4, 78.58], [7.44, 18.6, 65.97, 71.89, 72.24, 76.46, 75.56, 78.67, 77.96, 75.98, 78.66, 78.11, 79.15, 77.72, 79.14, 78.47, 79.52, 78.78, 78.77, 79.09, 76.54], [8.28, 27.94, 69.93, 73.17, 74.09, 75.94, 75.85, 77.81, 78.31, 77.6, 78.04, 77.66, 78.13, 78.13, 78.45, 78.84, 78.75, 78.74, 77.31, 78.56, 78.08], [6.21, 36.4, 57.71, 72.5, 75.11, 77.63, 78.64, 77.97, 77.59, 78.86, 79.4, 79.09, 78.95, 79.7, 79.52, 79.36, 78.02, 77.46, 79.41, 78.16, 74.88], [5.79, 18.17, 70.58, 73.56, 75.03, 77.85, 78.85, 78.89, 79.19, 79.02, 79.8, 79.65, 79.51, 79.05, 79.62, 79.09, 77.78, 78.23, 77.96, 78.24, 76.58], [9.28, 23.32, 71.51, 73.87, 76.39, 78.12, 78.12, 78.08, 79.4, 78.81, 78.86, 79.68, 79.45, 79.07, 78.75, 78.75, 74.79, 77.13, 78.7, 78.61, 78.92], [9.86, 64.01, 71.23, 74.02, 76.52, 77.72, 78.11, 77.49, 78.1, 79.03, 78.99, 78.12, 78.45, 77.03, 77.53, 76.49, 76.28, 77.18, 77.31, 76.47, 76.46], [15.4, 58.34, 73.35, 76.45, 77.89, 77.97, 78.39, 79.09, 78.55, 79.1, 79.28, 78.76, 77.61, 72.32, 73.03, 73.04, 73.11, 73.09, 73.14, 73.17, 73.21], [5.81, 65.63, 72.24, 74.24, 77.5, 77.3, 77.98, 78.03, 78.0, 79.16, 79.32, 78.63, 77.15, 78.37, 78.84, 75.89, 77.87, 78.05, 78.62, 78.83, 78.73]], "msds": [[0, 0.0007298737182281911, 0.00015907555643934757, 6.429260247386992e-05, 4.042612272314727e-05, 3.1051731639308855e-05, 2.8143764211563393e-05, 3.7656762287952006e-05, 2.8002963517792523e-05, 2.438109731883742e-05, 2.8920370823470876e-05, 2.107657928718254e-05, 2.058684367511887e-05, 1.4987418580858503e-05, 2.5304152586613782e-05, 1.6228163076448254e-05, 1.6758262063376606e-05, 8.180933946277946e-06, 7.942273441585712e-06, 8.339154192071874e-06, 1.4598599591408856e-05], [0, 0.0007398561574518681, 0.0001380983303533867, 6.285343988565728e-05, 4.073655873071402e-05, 3.2445899705635384e-05, 2.7821552066598088e-05, 3.6744706449098885e-05, 2.5587198251741938e-05, 2.6433275706949644e-05, 2.7914156817132607e-05, 2.7496831535245292e-05, 2.203472649853211e-05, 1.3436696463031694e-05, 1.8534516129875556e-05, 1.809030436561443e-05, 1.535738010716159e-05, 6.760667474736692e-06, 6.3346856222779024e-06, 6.892400961078238e-06, 1.5746310964459553e-05], [0, 0.0007386946235783398, 0.00016124022658914328, 5.5914086260600016e-05, 3.245985135436058e-05, 3.240123623982072e-05, 3.054580156458542e-05, 2.604571454867255e-05, 3.177267353748903e-05, 2.7180445613339543e-05, 2.5950146664399654e-05, 1.7542517525725998e-05, 1.1370070751581807e-05, 1.8991175238625146e-05, 1.3985201803734526e-05, 1.9018574676010758e-05, 7.136495241866214e-06, 5.785350367659703e-06, 6.4116316025319975e-06, 6.5813487708510365e-06, 1.967210482689552e-05], [0, 0.0007377350702881813, 0.00012777750089298934, 5.425333074526861e-05, 3.057299545616843e-05, 2.918636346294079e-05, 3.496219142107293e-05, 2.6019453798653558e-05, 2.2763149900129065e-05, 3.781072882702574e-05, 1.8849907064577565e-05, 1.3879131984140258e-05, 1.8027998521574773e-05, 1.550769775349181e-05, 1.3856471014150884e-05, 9.023217899084557e-06, 6.012414360156981e-06, 8.191051165340468e-06, 1.9206585420761257e-05, 1.1708026249834802e-05, 5.563703325606184e-06], [0, 0.0006762403063476086, 0.00014828632993157953, 5.580113429459743e-05, 3.181210195180029e-05, 3.1779643904883415e-05, 2.448992381687276e-05, 2.7271531507722102e-05, 3.2248291972791776e-05, 1.734395482344553e-05, 1.9060455088037997e-05, 1.741621053952258e-05, 1.2412189789756667e-05, 8.437935321126133e-06, 1.0154241863347124e-05, 1.2658471860049758e-05, 4.441888813744299e-05, 2.1819398170919158e-05, 1.0741758160293102e-05, 6.318839496088913e-06, 6.774930079700425e-05], [0, 0.0007289416389539838, 0.00012996356235817075, 4.5282216888153926e-05, 3.232849485357292e-05, 3.437544000917114e-05, 3.0749488360015675e-05, 5.126641917740926e-05, 2.274228427268099e-05, 2.6110030376003124e-05, 1.7316080629825592e-05, 1.1513936442497652e-05, 1.0184691745962482e-05, 2.2026315491530113e-05, 9.695617336547002e-06, 7.454137175955111e-06, 2.7892416255781427e-05, 2.054023207165301e-05, 1.0901055247813929e-05, 5.2679447435366455e-06, 5.763436661254673e-07], [0, 0.0006953775300644338, 9.081391181098297e-05, 4.0522452763980255e-05, 2.696295086934697e-05, 3.59204932465218e-05, 2.4992419639602304e-05, 2.8488570023910142e-05, 1.8783823179546744e-05, 1.760947998263873e-05, 2.099758967233356e-05, 9.061825949174818e-06, 7.464328064088477e-06, 1.3522359040507581e-05, 3.240822843508795e-05, 7.064007149892859e-06, 5.603585668723099e-05, 1.9237999367760494e-05, 3.7812121718161507e-06, 2.6721852464106632e-06, 8.42814699808514e-07], [0, 0.00040179883944801986, 5.8637935580918565e-05, 3.41213344654534e-05, 3.104614734183997e-05, 3.1205079721985385e-05, 2.8385107725625858e-05, 1.7716512957122177e-05, 2.009277159231715e-05, 1.2501222045102622e-05, 1.0045060662378091e-05, 1.4785640814807266e-05, 7.059707058942877e-06, 6.177692284836667e-06, 4.767537575389724e-06, 2.226032484031748e-05, 1.0887781172641553e-05, 7.063509656290989e-06, 3.3692072065605316e-06, 0, 0], [0, 0.00043676162022165954, 5.5263444664888084e-05, 3.233731331420131e-05, 3.060192466364242e-05, 2.6106496079592034e-05, 2.6215257094008848e-05, 2.0086356016690843e-05, 3.7641664675902575e-05, 1.182606956717791e-05, 8.83847678778693e-06, 1.0060315617010929e-05, 1.465379409637535e-05, 0, 0, 0, 0, 0, 0, 0, 0], [0, 0.00041209609480574727, 6.160404882393777e-05, 3.3365147828590125e-05, 3.7622314266627654e-05, 4.0192466258304194e-05, 3.274840128142387e-05, 2.340857645322103e-05, 4.455204543774016e-05, 1.2757821423292626e-05, 1.4669069059891626e-05, 1.1101189556939062e-05, 2.625056731631048e-05, 9.510814379609656e-06, 6.254766049096361e-06, 3.213481977581978e-05, 8.14444683783222e-06, 4.467352937354008e-06, 1.7578853430677555e-06, 0, 0]]}