{"alpha": 0.9, "beta": 0.5, "gamma": 8.0, "num_samples": 100, "node_count": 10, "density": 1.0, "startup_delay": 0.0, "forward_prob": 0, "epochs": [[0, 1, 2, 3, 4, 5, 6, 7, 8, 9, 10, 11, 12, 13, 14, 15, 16, 17, 18, 19, 20], [0, 1, 2, 3, 4, 5, 6, 7, 8, 9, 10, 11, 12, 13, 14, 15, 16, 17, 18, 19, 20], [0, 1, 2, 3, 4, 5, 6, 7, 8, 9, 10, 11, 12, 13, 14, 15, 16, 17, 18, 19, 20], [0, 1, 2, 3, 4, 5, 6, 7, 8, 9, 10, 11, 12, 13, 14, 15, 16, 17, 18, 19, 20], [0, 1, 2, 3, 4, 5, 6, 7, 8, 9, 10, 11, 12, 13, 14, 15, 16, 17, 18, 19, 20], [0, 1, 2, 3, 4, 5, 6, 7, 8, 9, 10, 11, 12, 13, 14, 15, 16, 17, 18, 19, 20], [0, 1, 2, 3, 4, 5, 6, 7, 8, 9, 10, 11, 12, 13, 14, 15, 16, 17, 18, 19, 20], [0, 1, 2, 3, 4, 5, 6, 7, 8, 9, 10, 11, 12, 13, 14, 15, 16, 17, 18, 19, 20], [0, 1, 2, 3, 4, 5, 6, 7, 8, 9, 10, 11, 12, 13, 14, 15, 16, 17, 18, 19, 20], [0, 1, 2, 3, 4, 5, 6, 7, 8, 9, 10, 11, 12, 13, 14, 15, 16, 17, 18, 19, 20]], "accuracies": [[12.09, 16.93, 54.61, 68.49, 72.17, 73.04, 73.85, 75.3, 76.17, 76.27, 76.7, 77.72, 78.21, 78.22, 76.74, 78.54, 78.99, 79.09, 78.98, 78.75, 78.71], [8.0, 16.93, 54.61, 68.49, 72.17, 72.99, 73.85, 75.34, 76.17, 76.27, 76.7, 77.57, 78.21, 78.22, 77.52, 78.54, 78.99, 79.09, 78.98, 78.75, 79.3], [6.43, 16.93, 54.61, 68.49, 72.17, 73.0, 73.85, 75.3, 76.04, 76.27, 76.7, 77.65, 78.21, 78.22, 77.52, 78.54, 78.99, 79.09, 78.98, 78.75, 79.3], [10.19, 16.93, 54.61, 68.49, 72.17, 73.14, 74.29, 75.3, 76.17, 76.27, 76.7, 77.58, 78.21, 78.22, 77.52, 78.54, 78.99, 79.09, 78.98, 78.75, 79.3], [13.96, 16.93, 54.61, 69.08, 72.17, 72.96, 73.85, 75.3, 76.17, 76.27, 76.7, 77.64, 77.88, 78.22, 77.52, 78.54, 78.99, 79.25, 78.98, 78.75, 79.3], [10.67, 16.93, 54.61, 68.49, 72.17, 73.04, 73.85, 75.3, 76.17, 75.84, 76.7, 77.65, 78.21, 78.22, 77.52, 78.54, 78.79, 79.09, 78.98, 78.07, 79.3], [7.7, 16.93, 54.61, 68.49, 72.17, 73.03, 73.85, 75.3, 76.17, 76.27, 76.7, 77.64, 78.21, 78.22, 77.52, 78.54, 78.99, 79.09, 78.98, 78.75, 79.3], [9.52, 16.93, 54.61, 68.49, 72.17, 73.0, 73.85, 75.3, 76.17, 76.27, 76.7, 77.53, 78.21, 78.4, 77.52, 78.54, 78.99, 79.09, 78.85, 78.75, 79.3], [4.99, 10.01, 54.61, 68.49, 72.17, 73.07, 73.85, 75.3, 76.17, 76.27, 76.37, 77.62, 78.21, 78.22, 77.52, 78.54, 78.99, 79.09, 78.98, 78.75, 79.3], [4.78, 16.93, 54.46, 68.49, 72.17, 72.91, 73.85, 75.3, 76.17, 76.27, 76.7, 77.56, 78.21, 78.22, 77.52, 78.96, 78.99, 79.09, 78.98, 78.75, 79.3]], "msds": [[0, 0.0007434018771164119, 9.730818419484422e-05, 4.709929271484725e-05, 3.5721855965675786e-05, 3.487300273263827e-05, 2.6300056561012752e-05, 2.204480733780656e-05, 2.7789084924734198e-05, 2.756445792329032e-05, 2.6102899937541224e-05, 3.845275568892248e-05, 2.5146604457404464e-05, 2.846077040885575e-05, 3.1353200029116124e-05, 2.837460851878859e-05, 2.0122934074606746e-05, 2.2140287910588086e-05, 2.9461509257089347e-05, 2.3677790522924624e-05, 1.990025702980347e-05], [0, 0.0007424051291309297, 9.544259228277951e-05, 4.2078387195942923e-05, 3.0431074264924973e-05, 2.961852260341402e-05, 2.2131094738142565e-05, 1.8611992345540784e-05, 1.820588113332633e-05, 2.792121631500777e-05, 1.78362570295576e-05, 3.313811248517595e-05, 1.967293064808473e-05, 2.035686884482857e-05, 2.1682817532564513e-05, 2.2464324501925148e-05, 2.0943039999110624e-05, 2.0053057596669532e-05, 1.8267950508743525e-05, 3.268258660682477e-05, 1.3800300621369388e-05], [0, 0.0007320890435948968, 9.446625335840508e-05, 4.6481232857331634e-05, 3.67574357369449e-05, 3.638251655502245e-05, 2.4477705665049143e-05, 2.1677626136806794e-05, 2.534020495659206e-05, 2.666787440830376e-05, 2.920925908256322e-05, 2.7961237719864585e-05, 2.148950625269208e-05, 2.8126883989898488e-05, 3.4003205655608326e-05, 3.57223761966452e-05, 1.6107056580949575e-05, 2.7509113351698034e-05, 2.212853723904118e-05, 2.9417284167720936e-05, 2.0787552784895524e-05], [0, 0.0007347440114244819, 0.00010888582619372755, 4.984522456652485e-05, 3.651502265711315e-05, 3.981445843237452e-05, 2.8456233849283308e-05, 2.374925861658994e-05, 2.4189866962842643e-05, 2.807526834658347e-05, 2.755720925051719e-05, 2.9193999580456875e-05, 2.310700983798597e-05, 3.876568007399328e-05, 2.8333670343272388e-05, 2.896339174185414e-05, 1.8072281818604097e-05, 2.5316132450825535e-05, 2.3868224161560647e-05, 2.1516128981602378e-05, 3.6104534956393763e-05], [0, 0.0007324978359974921, 0.00011391482985345647, 5.23633134434931e-05, 3.968843520851806e-05, 3.901606396539137e-05, 3.0394636269193143e-05, 3.476891288300976e-05, 2.5387304049218073e-05, 2.7391704861656763e-05, 2.8115626264479943e-05, 2.9673230528715067e-05, 2.0548864995362237e-05, 3.892016684403643e-05, 2.756599133135751e-05, 2.7652582502923906e-05, 1.6079702618299052e-05, 1.837368108681403e-05, 2.9795317459502257e-05, 2.8166228730697185e-05, 1.9143162717227824e-05], [0, 0.0007415637956000865, 9.972496627597138e-05, 4.6007302444195375e-05, 3.0390297979465686e-05, 2.9388756956905127e-05, 2.1980733436066657e-05, 1.92856587091228e-05, 2.692739690246526e-05, 2.4973463951027952e-05, 2.241102083644364e-05, 2.82722194242524e-05, 2.0787450921488926e-05, 2.8663920602411963e-05, 2.889255847549066e-05, 2.3893166144262068e-05, 2.1347086658352055e-05, 2.902447886299342e-05, 2.074582880595699e-05, 1.9223394701839425e-05, 1.838330354075879e-05], [0, 0.00072887958958745, 0.00010211335029453039, 4.8026755393948406e-05, 3.851843939628452e-05, 3.367723184055649e-05, 2.6050949600175954e-05, 2.1743273464380763e-05, 2.6947604055749252e-05, 2.5422972612432204e-05, 2.0203609892632812e-05, 4.353712574811652e-05, 2.2417691070586443e-05, 2.8540409402921796e-05, 2.6454536055098288e-05, 2.4909906642278656e-05, 1.5778005035826936e-05, 1.989398879231885e-05, 2.224169838882517e-05, 1.8897579138865694e-05, 1.628503559913952e-05], [0, 0.0007333853282034397, 0.00011174513929290697, 4.6996228775242344e-05, 4.008645919384435e-05, 3.222001396352425e-05, 2.932797906396445e-05, 2.3327957023866475e-05, 1.9970548237324692e-05, 2.930386835942045e-05, 2.520695488783531e-05, 2.943849904113449e-05, 2.6944198907585815e-05, 2.380849764449522e-05, 2.3627640985068865e-05, 2.0126441086176783e-05, 2.1430305423564278e-05, 5.142514419276267e-05, 1.841519224399235e-05, 3.140011176583357e-05, 1.4604585885535926e-05], [0, 0.0007277709664776921, 0.00010856492008315399, 4.987375723430887e-05, 3.6504134186543524e-05, 3.553275382728316e-05, 2.773129745037295e-05, 2.4725279217818752e-05, 2.42103651544312e-05, 2.7510715881362557e-05, 2.5136361728073098e-05, 3.522425686242059e-05, 2.2776863261242397e-05, 2.4427921744063497e-05, 4.063367305207066e-05, 3.1089635740499943e-05, 2.143038364010863e-05, 1.8565131540526636e-05, 4.36654627264943e-05, 2.951583701360505e-05, 1.4532935892930254e-05], [0, 0.000747105514165014, 0.00010332134843338281, 5.1006103603867814e-05, 3.7782490835525095e-05, 3.4697732189670205e-05, 2.1313331671990454e-05, 2.1656362150679342e-05, 2.0758188838954084e-05, 3.17263366014231e-05, 2.8365817343001254e-05, 3.179624764015898e-05, 1.922273622767534e-05, 2.8051981644239277e-05, 2.0741897969855927e-05, 2.5646580979810096e-05, 1.516984684712952e-05, 1.828421954996884e-05, 2.1551792087848298e-05, 2.1980931705911644e-05, 1.8714599718805403e-05]]}