{"alpha": 0.75, "beta": 0.5, "gamma": 8.0, "num_samples": 1000, "node_count": 10, "density": 1.0, "startup_delay": 0.0, "forward_prob": 0, "epochs": [[0, 1, 2, 3, 4, 5, 6, 7, 8, 9, 10, 11, 12, 13, 14, 15, 16, 17, 18, 19, 20], [0, 1, 2, 3, 4, 5, 6, 7, 8, 9, 10, 11, 12, 13, 14, 15, 16, 17, 18, 19, 20], [0, 1, 2, 3, 4, 5, 6, 7, 8, 9, 10, 11, 12, 13, 14, 15, 16, 17, 18, 19, 20], [0, 1, 2, 3, 4, 5, 6, 7, 8, 9, 10, 11, 12, 13, 14, 15, 16, 17, 18, 19, 20], [0, 1, 2, 3, 4, 5, 6, 7, 8, 9, 10, 11, 12, 13, 14, 15, 16, 17, 18, 19, 20], [0, 1, 2, 3, 4, 5, 6, 7, 8, 9, 10, 11, 12, 13, 14, 15, 16, 17, 18, 19, 20], [0, 1, 2, 3, 4, 5, 6, 7, 8, 9, 10, 11, 12, 13, 14, 15, 16, 17, 18, 19, 20], [0, 1, 2, 3, 4, 5, 6, 7, 8, 9, 10, 11, 12, 13, 14, 15, 16, 17, 18, 19, 20], [0, 1, 2, 3, 4, 5, 6, 7, 8, 9, 10, 11, 12, 13, 14, 15, 16, 17, 18, 19, 20], [0, 1, 2, 3, 4, 5, 6, 7, 8, 9, 10, 11, 12, 13, 14, 15, 16, 17, 18, 19, 20]], "accuracies": [[10.04, 27.59, 69.51, 75.58, 79.49, 80.94, 81.64, 82.64, 83.77, 83.98, 84.41, 84.36, 84.91, 85.29, 85.56, 85.66, 85.43, 85.7, 85.78, 85.55, 85.85], [9.47, 26.09, 65.17, 75.49, 79.09, 81.07, 81.98, 82.86, 83.89, 84.23, 84.48, 84.43, 85.14, 85.05, 85.45, 85.65, 85.59, 85.71, 85.89, 85.68, 85.86], [7.77, 22.43, 70.95, 75.61, 79.25, 80.87, 82.16, 82.65, 83.73, 84.05, 84.36, 84.36, 84.64, 85.08, 84.95, 85.41, 85.4, 85.56, 85.72, 85.63, 85.76], [10.95, 10.0, 69.55, 75.67, 78.75, 81.01, 81.68, 82.66, 83.73, 84.01, 84.35, 84.04, 84.94, 84.89, 85.13, 85.21, 85.46, 85.48, 85.69, 85.67, 85.61], [8.54, 10.54, 69.39, 75.73, 78.73, 81.17, 81.59, 82.68, 83.7, 83.99, 84.41, 84.43, 84.9, 85.2, 85.46, 85.6, 85.77, 85.6, 85.56, 85.55, 85.83], [11.46, 15.63, 65.14, 75.68, 78.9, 81.25, 82.04, 82.63, 83.8, 83.86, 84.46, 84.39, 84.85, 85.21, 85.16, 85.52, 85.45, 85.58, 85.5, 85.5, 85.78], [9.84, 28.77, 64.8, 75.45, 79.08, 81.25, 81.76, 82.8, 83.46, 83.86, 84.25, 84.5, 85.02, 85.09, 85.24, 85.41, 85.52, 85.41, 85.69, 85.62, 85.91], [12.54, 10.2, 68.49, 75.18, 79.04, 81.08, 81.75, 82.67, 83.75, 84.04, 84.63, 84.5, 84.75, 85.05, 85.17, 85.11, 85.66, 85.62, 85.74, 85.66, 85.81], [13.72, 23.73, 69.44, 75.47, 79.08, 81.01, 81.77, 82.94, 83.93, 83.97, 84.46, 84.61, 85.07, 85.3, 85.32, 85.47, 85.57, 85.55, 85.67, 85.69, 85.6], [5.52, 11.33, 71.77, 75.57, 79.32, 81.24, 81.83, 82.73, 83.65, 84.08, 84.48, 84.77, 85.05, 85.37, 85.28, 85.58, 85.57, 85.69, 85.71, 85.69, 85.9]], "msds": [[0, 0.0008628279902040958, 0.00029375028680078685, 0.00013909740664530545, 7.655205990886316e-05, 7.00556265655905e-05, 6.847402983112261e-05, 8.034286292968318e-05, 8.61155494931154e-05, 9.672385203884915e-05, 9.912253881338984e-05, 0.00011003029794665053, 9.756968211149797e-05, 8.053864439716563e-05, 0.0001000175325316377, 8.604645699961111e-05, 6.999865581747144e-05, 7.737043051747605e-05, 7.839062163839117e-05, 7.558347715530545e-05, 5.3592302720062435e-05], [0, 0.0008379130158573389, 0.0002490711340215057, 0.00012685083493124694, 6.918788130860776e-05, 6.620990461669862e-05, 7.13213812559843e-05, 7.392299448838457e-05, 8.361542859347537e-05, 8.906169387046248e-05, 9.07682697288692e-05, 0.00010788328654598445, 9.696577035356313e-05, 8.069959585554898e-05, 8.703191997483373e-05, 0.0001079752400983125, 7.410622492898256e-05, 8.246148354373872e-05, 6.676015618722886e-05, 8.219639857998118e-05, 6.327719893306494e-05], [0, 0.00085467315511778, 0.0002695009170565754, 0.0001306539779761806, 7.324464968405664e-05, 7.102058589225635e-05, 6.749820022378117e-05, 7.578656368423253e-05, 8.230721141444519e-05, 8.991441427497193e-05, 0.0001005957237794064, 0.00010671469499357045, 9.335608774563298e-05, 7.996186468517408e-05, 9.057915303856134e-05, 8.808120037429035e-05, 8.175829134415835e-05, 6.29608184681274e-05, 8.032571349758655e-05, 6.945415225345641e-05, 6.964807835174724e-05], [0, 0.0008791406871750951, 0.00029050998273305595, 0.00013372286048252136, 7.935591565910727e-05, 6.80516313877888e-05, 6.691791350021958e-05, 7.939416536828503e-05, 7.437192107317969e-05, 8.712409908184782e-05, 9.008078632177785e-05, 9.96372036752291e-05, 8.807896665530279e-05, 7.758828724035993e-05, 9.14726551854983e-05, 8.244030323112383e-05, 7.720571738900617e-05, 8.330332639161497e-05, 7.037344039417803e-05, 7.693064981140196e-05, 6.32555311312899e-05], [0, 0.0008584620663896203, 0.00026107722078450024, 0.000126344442833215, 7.11400352884084e-05, 6.855231913505122e-05, 6.871910591144115e-05, 8.327588147949427e-05, 8.074196375673637e-05, 9.798287646844983e-05, 9.27493892959319e-05, 9.638351912144572e-05, 9.909818618325517e-05, 7.709788042120636e-05, 9.898521966533735e-05, 8.066400187090039e-05, 7.657014793949202e-05, 7.058948540361598e-05, 7.636597729288042e-05, 8.282589260488749e-05, 6.741614924976602e-05], [0, 0.0008802106021903455, 0.00027661220519803464, 0.0001268549676751718, 7.778329018037766e-05, 7.357002323260531e-05, 7.465355156455189e-05, 8.569245983380824e-05, 8.986764441942796e-05, 9.990218677558005e-05, 0.000101347359304782, 0.00010479985212441534, 0.00011549461487447843, 8.469082968076691e-05, 8.764605445321649e-05, 8.710810652701184e-05, 7.75936568970792e-05, 7.76201777625829e-05, 7.90557314758189e-05, 7.641824777238071e-05, 7.745323819108307e-05], [0, 0.0008418256184086204, 0.0002945621672552079, 0.0001331165840383619, 7.67031597206369e-05, 6.671960727544501e-05, 6.987967935856432e-05, 8.221410098485649e-05, 7.675887900404632e-05, 8.903381967684254e-05, 9.348672756459564e-05, 9.327639418188483e-05, 8.316883031511679e-05, 8.052784687606618e-05, 9.090418461710215e-05, 9.59756362135522e-05, 7.708121120231226e-05, 7.0291651354637e-05, 7.53933927626349e-05, 0.00010249967454001307, 5.696048174286261e-05], [0, 0.0008727987296879292, 0.0002557918196544051, 0.00012453344243112952, 7.356726564466953e-05, 6.841099093435332e-05, 7.152737089199945e-05, 8.174563117790967e-05, 8.599011925980449e-05, 9.889194916468114e-05, 0.00010243926953990012, 0.00010870126425288618, 0.00010022434435086325, 8.034078928176314e-05, 8.481683471472934e-05, 7.915181777207181e-05, 7.222125714179128e-05, 6.996050797170028e-05, 7.171076867962256e-05, 8.055218495428562e-05, 8.692403935128823e-05], [0, 0.0008435027557425201, 0.0002504069998394698, 0.0001272666995646432, 7.15830028639175e-05, 6.609930278500542e-05, 7.105262920958921e-05, 7.849844405427575e-05, 8.2730024587363e-05, 9.696161578176543e-05, 0.00010522274533286691, 0.00011078851821366698, 9.279310324927792e-05, 8.879873348632827e-05, 7.99560293671675e-05, 9.600803605280817e-05, 6.64429971948266e-05, 7.679531699977815e-05, 7.529745198553428e-05, 7.780039595672861e-05, 6.585150549653918e-05], [0, 0.0008750758715905249, 0.00027747912099584937, 0.00012837171379942447, 7.050688873277977e-05, 6.251694867387414e-05, 6.69421860948205e-05, 8.058935054577887e-05, 8.37871921248734e-05, 8.924231951823458e-05, 9.341611439594999e-05, 0.00010925614333245903, 8.505251025781035e-05, 7.569797890027985e-05, 8.811450970824808e-05, 9.528475493425503e-05, 8.20959176053293e-05, 6.168020627228543e-05, 8.915006765164435e-05, 6.262103124754503e-05, 6.123942148406059e-05]]}