{"alpha": 0.75, "beta": 0.5, "gamma": 3.0, "num_samples": 100, "node_count": 10, "density": 0.5, "startup_delay": 0.0, "forward_prob": 0, "epochs": [[0, 1, 2, 3, 4, 5, 6, 7, 8, 9, 10, 11, 12, 13, 14, 15, 16, 17, 18, 19, 20], [0, 1, 2, 3, 4, 5, 6, 7, 8, 9, 10, 11, 12, 13, 14, 15, 16, 17, 18, 19, 20], [0, 1, 2, 3, 4, 5, 6, 7, 8, 9, 10, 11, 12, 13, 14, 15, 16, 17, 18, 19, 20], [0, 1, 2, 3, 4, 5, 6, 7, 8, 9, 10, 11, 12, 13, 14, 15, 16, 17, 18, 19, 20], [0, 1, 2, 3, 4, 5, 6, 7, 8, 9, 10, 11, 12, 13, 14, 15, 16, 17, 18, 19, 20], [0, 1, 2, 3, 4, 5, 6, 7, 8, 9, 10, 11, 12, 13, 14, 15, 16, 17, 18, 19, 20], [0, 1, 2, 3, 4, 5, 6, 7, 8, 9, 10, 11, 12, 13, 14, 15, 16, 17, 18, 19, 20], [0, 1, 2, 3, 4, 5, 6, 7, 8, 9, 10, 11, 12, 13, 14, 15, 16, 17, 18, 19, 20], [0, 1, 2, 3, 4, 5, 6, 7, 8, 9, 10, 11, 12, 13, 14, 15, 16, 17, 18, 19, 20], [0, 1, 2, 3, 4, 5, 6, 7, 8, 9, 10, 11, 12, 13, 14, 15, 16, 17, 18, 19, 20]], "accuracies": [[7.33, 10.0, 47.05, 62.78, 69.34, 71.37, 72.23, 73.09, 72.96, 75.02, 75.94, 76.15, 75.5, 76.56, 77.93, 77.86, 78.95, 79.15, 79.15, 78.21, 78.72], [4.37, 10.0, 47.68, 61.38, 70.4, 72.92, 72.76, 73.79, 72.59, 75.34, 75.37, 76.03, 74.55, 77.57, 77.85, 77.25, 78.97, 78.93, 78.71, 79.32, 78.27], [4.0, 10.0, 52.21, 65.08, 68.87, 70.52, 71.98, 72.74, 72.61, 75.18, 74.85, 74.45, 76.76, 74.37, 78.01, 76.76, 78.31, 78.03, 79.03, 79.17, 79.4], [11.25, 13.73, 37.92, 60.66, 67.72, 69.54, 69.6, 71.12, 69.72, 74.15, 74.4, 73.42, 75.33, 75.25, 76.65, 75.06, 77.65, 77.73, 76.98, 78.12, 77.07], [6.91, 18.43, 48.9, 65.52, 65.73, 69.9, 70.26, 70.83, 71.25, 74.98, 75.04, 73.72, 76.16, 75.38, 77.42, 75.79, 78.24, 77.93, 77.4, 78.73, 78.25], [16.63, 10.0, 46.85, 64.27, 68.85, 71.57, 72.55, 73.37, 73.31, 75.04, 75.65, 75.15, 75.61, 77.39, 77.85, 76.57, 78.72, 77.71, 79.11, 79.02, 78.67], [11.91, 19.21, 53.08, 60.95, 67.23, 70.62, 71.75, 72.84, 72.59, 74.98, 75.47, 75.6, 76.3, 76.97, 78.2, 77.84, 78.48, 78.54, 79.19, 79.69, 80.04], [5.27, 10.0, 58.02, 63.46, 68.45, 71.61, 72.47, 73.32, 70.67, 73.61, 74.65, 75.46, 75.64, 75.63, 77.64, 75.25, 78.55, 78.86, 77.52, 78.98, 78.14], [13.15, 10.0, 54.92, 63.06, 69.86, 72.43, 72.89, 73.82, 72.85, 74.84, 76.02, 76.17, 76.3, 76.45, 77.51, 77.96, 79.05, 78.14, 79.37, 79.31, 78.88], [10.14, 10.0, 36.57, 62.67, 68.58, 69.85, 71.64, 71.57, 71.46, 74.18, 75.35, 75.05, 76.35, 77.14, 78.26, 76.92, 78.41, 78.95, 77.89, 78.83, 79.48]], "msds": [[0, 0.0007088273414410651, 0.0001320885930908844, 7.21387768862769e-05, 3.9480553823523223e-05, 3.0406472433242016e-05, 2.2247091692406684e-05, 2.5583698516129516e-05, 3.0400207833736204e-05, 2.4344466510228813e-05, 1.88509511644952e-05, 2.1971951355226338e-05, 1.9880309992004186e-05, 2.9372551580308937e-05, 1.751090348989237e-05, 1.7132637367467396e-05, 2.8092221327824518e-05, 1.9391989553696476e-05, 2.0937448425684124e-05, 1.864464138634503e-05, 1.8459690181771293e-05], [0, 0.0006945226923562586, 0.00012572914420161396, 6.708554428769276e-05, 4.2263833165634423e-05, 3.1026276701595634e-05, 2.491084705980029e-05, 2.223098090325948e-05, 2.7090287403552793e-05, 2.0802503058803268e-05, 2.0714320271508768e-05, 1.975180748559069e-05, 2.1548701624851674e-05, 1.8808785171131603e-05, 1.954632534761913e-05, 2.596559534140397e-05, 2.0761215637321584e-05, 1.729595533106476e-05, 1.360299575026147e-05, 1.1689334314723965e-05, 2.6933494154945947e-05], [0, 0.0006953927222639322, 0.0001292028755415231, 7.657492096768692e-05, 3.942502735299058e-05, 3.2663705496815965e-05, 2.3850405341363512e-05, 2.1868832845939323e-05, 2.585735455795657e-05, 2.777823101496324e-05, 1.7573605873622e-05, 2.655607386259362e-05, 2.066903471131809e-05, 4.920029823551886e-05, 2.6375901143183e-05, 2.3062813852448016e-05, 2.3172628061729483e-05, 3.083177580265328e-05, 1.597797563590575e-05, 1.4203118553268723e-05, 1.386346139042871e-05], [0, 0.0006893413374200463, 0.00012608239194378257, 6.459709402406588e-05, 4.139423981541768e-05, 3.1497766030952334e-05, 2.6601039280649275e-05, 2.45163628278533e-05, 2.54169171967078e-05, 2.2698954126099125e-05, 2.354943353566341e-05, 2.269137985422276e-05, 2.5925995942088775e-05, 1.5062494640005752e-05, 1.8313767213840038e-05, 2.0063258489244618e-05, 2.2362755771609955e-05, 1.7266736904275604e-05, 1.7497030057711527e-05, 1.4861572708468884e-05, 3.2794185244711116e-05], [0, 0.0006909260991960764, 0.0001604691642569378, 6.828660116298124e-05, 4.928847192786634e-05, 3.1681272957939655e-05, 2.5300067136413418e-05, 2.490698898327537e-05, 2.5326098693767563e-05, 2.228317862318363e-05, 2.0633953681681305e-05, 2.770328865153715e-05, 2.16118642129004e-05, 1.8499713405617513e-05, 1.9577784769353457e-05, 3.699765875353478e-05, 1.968600736290682e-05, 2.288884024892468e-05, 2.9017650376772508e-05, 1.4218510841601528e-05, 1.705533759377431e-05], [0, 0.0006997709278948605, 0.00012990320101380348, 6.629464769503102e-05, 4.611099575413391e-05, 3.4613920433912426e-05, 2.5742316211108118e-05, 3.163290602969937e-05, 2.612616117403377e-05, 2.9379265470197424e-05, 2.1085827029310167e-05, 2.0260353267076425e-05, 1.9257076928624883e-05, 2.024010245804675e-05, 1.7462991309002973e-05, 2.0775365555891767e-05, 2.867601506295614e-05, 2.0525563741102815e-05, 1.3667800885741599e-05, 1.1642414392554201e-05, 1.8392986021353863e-05], [0, 0.0006946263602003455, 0.00013234229118097574, 6.989169196458533e-05, 4.287434057914652e-05, 3.3213411370525137e-05, 2.6629439162206836e-05, 2.918048448918853e-05, 2.7685455279424787e-05, 2.6077603251906112e-05, 2.442209552100394e-05, 2.858503103198018e-05, 2.0094137653359212e-05, 1.943831011885777e-05, 2.3297789084608667e-05, 2.5668408852652647e-05, 2.6281486498191953e-05, 2.855449383787345e-05, 2.0404379029059783e-05, 1.1090809493907727e-05, 2.1075771655887365e-05], [0, 0.0006963846390135586, 0.00013129827857483178, 6.74878028803505e-05, 4.15028007410001e-05, 3.214889147784561e-05, 2.4076323825283907e-05, 2.4650509658386e-05, 2.6914338377537206e-05, 2.055955701507628e-05, 1.871808126452379e-05, 2.092492468364071e-05, 2.2948956029722467e-05, 2.3101994884200394e-05, 2.1399191609816626e-05, 3.146508970530704e-05, 2.692571433726698e-05, 2.4193721401388757e-05, 2.209892227256205e-05, 1.3745973774348386e-05, 2.423201840429101e-05], [0, 0.0007016912568360567, 0.0001427025708835572, 6.757300434401259e-05, 3.702776302816346e-05, 2.897202648455277e-05, 2.2279991753748618e-05, 2.1712936359108426e-05, 2.4032440705923364e-05, 2.2913016437087208e-05, 1.7442800526623614e-05, 1.928688470798079e-05, 1.9308057744638063e-05, 2.5789693609112874e-05, 1.6376739949919283e-05, 1.2953632904100232e-05, 3.063432086491957e-05, 2.1941703380434774e-05, 1.5339406672865152e-05, 9.347410014015622e-06, 2.094748560921289e-05], [0, 0.0006944095948711038, 0.00015359255485236645, 7.074916356941685e-05, 4.803548290510662e-05, 2.784345269901678e-05, 2.5212542823283002e-05, 2.5196006390615366e-05, 2.688948552531656e-05, 2.0578849216690287e-05, 2.599720573925879e-05, 3.406376708880998e-05, 2.1117364667588845e-05, 2.299122752447147e-05, 1.829794200602919e-05, 2.6308918677386828e-05, 2.7848740501212887e-05, 2.3708533262833953e-05, 2.183503966080025e-05, 1.9938570403610356e-05, 2.388146640441846e-05]]}