{"alpha": 0.75, "beta": 0.5, "gamma": 1.0, "num_samples": 25, "node_count": 10, "density": 0.0, "startup_delay": 0.0, "forward_prob": 0, "epochs": [[0, 1, 2, 3, 4, 5, 6, 7, 8, 9, 10, 11, 12, 13, 14, 15, 16, 17, 18, 19, 20], [0, 1, 2, 3, 4, 5, 6, 7, 8, 9, 10, 11, 12, 13, 14, 15, 16, 17, 18, 19, 20], [0, 1, 2, 3, 4, 5, 6, 7, 8, 9, 10, 11, 12, 13, 14, 15, 16, 17, 18, 19, 20], [0, 1, 2, 3, 4, 5, 6, 7, 8, 9, 10, 11, 12, 13, 14, 15, 16, 17, 18, 19, 20], [0, 1, 2, 3, 4, 5, 6, 7, 8, 9, 10, 11, 12, 13, 14, 15, 16, 17, 18, 19, 20], [0, 1, 2, 3, 4, 5, 6, 7, 8, 9, 10, 11, 12, 13, 14, 15, 16, 17, 18, 19, 20], [0, 1, 2, 3, 4, 5, 6, 7, 8, 9, 10, 11, 12, 13, 14, 15, 16, 17, 18, 19, 20], [0, 1, 2, 3, 4, 5, 6, 7, 8, 9, 10, 11, 12, 13, 14, 15, 16, 17, 18, 19, 20], [0, 1, 2, 3, 4, 5, 6, 7, 8, 9, 10, 11, 12, 13, 14, 15, 16, 17, 18, 19, 20], [0, 1, 2, 3, 4, 5, 6, 7, 8, 9, 10, 11, 12, 13, 14, 15, 16, 17, 18, 19, 20]], "accuracies": [[11.22, 14.19, 44.45, 36.71, 54.53, 56.85, 59.36, 57.59, 57.8, 59.59, 59.03, 64.43, 65.29, 63.01, 62.14, 61.56, 60.34, 65.25, 65.62, 63.74, 64.13], [10.32, 17.97, 50.14, 59.55, 59.94, 61.04, 59.03, 60.24, 60.25, 59.31, 61.52, 61.47, 60.94, 59.47, 61.94, 62.61, 62.43, 64.76, 64.45, 63.13, 63.28], [4.75, 47.88, 45.9, 56.02, 56.23, 62.25, 58.17, 58.28, 58.38, 58.27, 60.94, 63.52, 61.57, 65.38, 59.83, 62.64, 65.42, 63.84, 64.73, 64.45, 66.69], [3.08, 18.24, 52.25, 60.12, 60.96, 61.44, 58.52, 56.38, 57.32, 57.44, 59.75, 61.92, 59.92, 60.62, 59.47, 64.07, 62.95, 64.55, 65.08, 65.58, 63.35], [8.92, 48.86, 53.96, 58.89, 60.38, 62.29, 59.84, 59.85, 62.23, 59.36, 61.33, 59.3, 62.73, 59.4, 62.64, 62.55, 61.13, 63.65, 63.37, 63.22, 62.39], [10.26, 25.92, 50.49, 53.9, 55.17, 55.27, 60.45, 59.94, 63.64, 58.05, 65.45, 65.35, 66.02, 68.94, 70.55, 66.65, 67.42, 65.07, 64.44, 64.99, 69.08], [12.23, 34.5, 46.27, 54.91, 55.41, 54.99, 62.25, 60.34, 66.08, 58.46, 66.0, 65.94, 65.39, 69.71, 69.27, 67.54, 67.25, 65.89, 65.22, 65.28, 69.46], [7.62, 45.86, 47.11, 52.97, 54.64, 53.29, 58.41, 57.33, 62.68, 54.55, 65.55, 65.26, 65.15, 65.84, 69.17, 67.91, 64.63, 63.4, 65.37, 66.42, 66.08], [9.53, 37.13, 47.94, 48.2, 51.0, 56.31, 53.87, 55.35, 53.19, 57.36, 57.53, 55.24, 59.0, 59.57, 56.82, 63.56, 53.78, 58.21, 58.36, 63.62, 63.09], [12.14, 23.81, 46.56, 48.66, 59.27, 64.54, 67.08, 68.4, 58.75, 61.46, 61.93, 64.77, 69.99, 70.85, 66.91, 66.69, 61.78, 64.48, 62.93, 69.13, 66.22]], "msds": [[0, 0.0006791018531657755, 0.0003267788852099329, 0.00019088371482212096, 5.877183866687119e-05, 4.496993278735317e-05, 2.3309936295845546e-05, 5.838507422595285e-05, 2.1242149159661494e-05, 2.3104152205633e-05, 2.287156712554861e-05, 2.28728458750993e-05, 1.2924164366268087e-05, 7.293488124560099e-06, 8.540143426216673e-06, 1.5379011529148556e-05, 1.4441114217333961e-05, 2.1876727259950712e-05, 1.2332625374256168e-05, 6.995667718001641e-06, 1.299294763157377e-05], [0, 0.0006862006848677993, 0.00017703701450955123, 8.33861849969253e-05, 3.916185596608557e-05, 3.0403074561036192e-05, 2.3996179152163677e-05, 2.858707375708036e-05, 1.3052395843260456e-05, 1.0075463251268957e-05, 8.240533134085126e-06, 9.861924809229095e-06, 8.431214155280031e-06, 1.0948306226055138e-05, 6.440655852202326e-06, 6.721826139255427e-06, 8.59599640534725e-06, 1.0421396837045904e-05, 8.667176189192105e-06, 7.275370990100782e-06, 1.409840024280129e-05], [0, 0.0006827624165453017, 0.0002559773565735668, 7.049614214338362e-05, 5.9305166359990835e-05, 3.0586310458602384e-05, 2.3996179152163677e-05, 2.2073065338190645e-05, 2.303647306689527e-05, 1.4741873201273847e-05, 1.6434176359325647e-05, 1.0270897291775327e-05, 1.0367812137701549e-05, 6.868340733490186e-06, 1.380306184728397e-05, 9.523722837911919e-06, 1.151736705651274e-05, 1.1569526577659417e-05, 9.422667062608525e-06, 7.275370990100782e-06, 1.3545673027692828e-05], [0, 0.0006868893397040665, 0.0001793654664652422, 7.228512549772859e-05, 3.134773942292668e-05, 2.2206802896107547e-05, 1.915907341754064e-05, 2.858707375708036e-05, 1.3052395843260456e-05, 5.409066488937242e-06, 1.5698455172241665e-05, 1.1218778126931284e-05, 9.174642400466837e-06, 1.0948306226055138e-05, 6.440655852202326e-06, 1.0814438610395882e-05, 9.686451448942535e-06, 9.891068657452706e-06, 9.637631592340767e-06, 8.409726433455944e-06, 1.597017762833275e-05], [0, 0.000684139842633158, 0.00018983254267368466, 5.078308822703548e-05, 2.969427077914588e-05, 1.673706174187828e-05, 1.2221184078953229e-05, 2.5574869141564704e-05, 3.8058125937823206e-05, 2.2576592527912e-05, 2.4912640583352186e-05, 1.2340431567281485e-05, 1.556794268253725e-05, 1.4553282198903617e-05, 2.0293409761507064e-05, 1.7708945961203426e-05, 1.0774526344903279e-05, 1.0702104191295803e-05, 9.723278708406724e-06, 1.0312078302376904e-05, 6.7299220063432585e-06], [0, 0.000695110997185111, 0.0001731704396661371, 4.501275543589145e-05, 0.00019354483811184764, 4.612222983269021e-05, 2.7657204554998316e-05, 1.3883125575375743e-05, 1.486533619754482e-05, 7.591811299789697e-05, 3.771232150029391e-05, 4.1552229959052056e-05, 3.460784864728339e-05, 3.236315387766808e-05, 2.4226399546023458e-05, 1.7584792658453807e-05, 2.6862915547098964e-05, 3.863613528665155e-05, 3.398982880753465e-05, 3.321256008348428e-05, 2.9605980671476573e-05], [0, 0.0006858469569124281, 0.0001763890904840082, 4.3644864490488544e-05, 0.00019308224727865309, 4.442188946995884e-05, 2.470762592565734e-05, 9.397993380844127e-06, 8.913991223380435e-06, 7.035912858555093e-05, 3.9705115341348574e-05, 3.73149014194496e-05, 2.56494040513644e-05, 1.114837323257234e-05, 3.817566721409094e-06, 9.264364962291438e-06, 2.368741661484819e-05, 2.7515381589182653e-05, 2.5252953491872177e-05, 2.3027303541311994e-05, 1.764483386068605e-05], [0, 0.0006859978311695158, 0.00017545702576171607, 4.607667506206781e-05, 0.00019486334349494427, 4.5073578803567216e-05, 2.6841729777515866e-05, 2.1684567400370724e-05, 1.3002021660213359e-05, 7.483895751647651e-05, 4.132728645345196e-05, 3.8939273508731276e-05, 3.110690522589721e-05, 1.5112129403860308e-05, 9.065856829693075e-06, 1.605061515874695e-05, 3.0595452699344605e-05, 3.061417010030709e-05, 3.3240532502532005e-05, 2.4531069357180968e-05, 2.6354131478001364e-05], [0, 0.0006792702479287982, 0.0001728931238176301, 0.00022153486497700214, 4.7372908738907427e-05, 2.2312940927804448e-05, 1.6676431187079288e-05, 1.0122300409420859e-05, 4.872879071626812e-05, 2.8919592296006158e-05, 2.658516496012453e-05, 2.371826849412173e-05, 1.2977366168342996e-05, 1.0194675269303843e-05, 1.5188299585133791e-05, 1.3740889698965475e-05, 2.1370586182456464e-05, 2.4538005163776688e-05, 1.2343763046374079e-05, 9.152235179499257e-06, 1.2862908988608979e-05], [0, 0.0006883252644911408, 0.00016955938190221786, 0.0002831087913364172, 0.00015928634093143046, 5.504289947566576e-05, 2.618241705931723e-05, 2.24466020881664e-05, 8.121323480736464e-05, 4.671649730880745e-05, 3.190904681105167e-05, 3.398519038455561e-05, 2.3415692339767702e-05, 1.30439539134386e-05, 2.1565128918155096e-05, 1.749810326145962e-05, 2.658889934537001e-05, 2.971590220113285e-05, 1.3591155038739089e-05, 1.1109763363492675e-05, 1.1073882888013031e-05]]}