{"alpha": 0.75, "beta": 0.5, "gamma": 7.0, "num_samples": 100, "node_count": 10, "density": 0.75, "startup_delay": 0.0, "forward_prob": 0, "epochs": [[0, 1, 2, 3, 4, 5, 6, 7, 8, 9, 10, 11, 12, 13, 14, 15, 16, 17, 18, 19, 20], [0, 1, 2, 3, 4, 5, 6, 7, 8, 9, 10, 11, 12, 13, 14, 15, 16, 17, 18, 19, 20], [0, 1, 2, 3, 4, 5, 6, 7, 8, 9, 10, 11, 12, 13, 14, 15, 16, 17, 18, 19, 20], [0, 1, 2, 3, 4, 5, 6, 7, 8, 9, 10, 11, 12, 13, 14, 15, 16, 17, 18, 19, 20], [0, 1, 2, 3, 4, 5, 6, 7, 8, 9, 10, 11, 12, 13, 14, 15, 16, 17, 18, 19, 20], [0, 1, 2, 3, 4, 5, 6, 7, 8, 9, 10, 11, 12, 13, 14, 15, 16, 17, 18, 19, 20], [0, 1, 2, 3, 4, 5, 6, 7, 8, 9, 10, 11, 12, 13, 14, 15, 16, 17, 18, 19, 20], [0, 1, 2, 3, 4, 5, 6, 7, 8, 9, 10, 11, 12, 13, 14, 15, 16, 17, 18, 19, 20], [0, 1, 2, 3, 4, 5, 6, 7, 8, 9, 10, 11, 12, 13, 14, 15, 16, 17, 18, 19, 20], [0, 1, 2, 3, 4, 5, 6, 7, 8, 9, 10, 11, 12, 13, 14, 15, 16, 17, 18, 19, 20]], "accuracies": [[5.0, 22.87, 60.19, 60.72, 68.14, 70.25, 72.31, 72.72, 73.74, 74.45, 75.0, 75.52, 76.81, 76.75, 77.15, 77.33, 77.06, 77.31, 77.51, 76.88, 76.97], [14.65, 20.69, 59.62, 60.73, 68.13, 69.77, 72.53, 72.76, 74.12, 74.56, 75.01, 75.7, 76.72, 76.79, 77.33, 76.76, 76.96, 77.79, 78.08, 76.52, 76.62], [7.37, 19.77, 60.72, 60.65, 69.16, 70.66, 72.86, 73.17, 74.18, 74.78, 75.22, 76.04, 76.59, 76.96, 77.0, 77.38, 77.33, 77.73, 78.13, 76.79, 77.5], [10.04, 10.0, 60.69, 62.4, 68.2, 70.75, 72.76, 73.05, 74.36, 74.75, 75.2, 75.87, 76.76, 77.06, 77.38, 77.66, 77.15, 77.67, 77.78, 77.02, 77.25], [10.01, 16.5, 62.9, 61.86, 69.09, 70.62, 72.7, 73.81, 74.98, 75.13, 75.85, 76.61, 77.23, 77.57, 76.79, 77.28, 77.81, 76.72, 76.8, 76.62, 77.24], [11.89, 15.53, 60.22, 67.07, 68.55, 71.88, 71.99, 74.64, 75.41, 75.53, 76.28, 76.64, 77.08, 77.01, 76.98, 77.29, 77.64, 76.72, 76.65, 76.46, 76.55], [12.36, 37.28, 64.27, 69.04, 72.44, 73.57, 74.31, 75.6, 76.71, 77.29, 77.59, 77.68, 77.74, 77.98, 76.78, 76.78, 76.2, 75.64, 75.36, 74.78, 74.73], [5.09, 43.03, 64.99, 69.67, 72.64, 73.38, 74.21, 75.69, 77.01, 76.68, 77.91, 78.03, 77.84, 78.0, 75.35, 75.27, 74.95, 74.96, 75.41, 75.12, 74.53], [9.57, 29.03, 63.7, 69.51, 71.59, 73.47, 75.14, 75.81, 76.52, 76.85, 76.95, 75.92, 76.68, 77.02, 77.4, 76.58, 77.27, 74.37, 74.62, 74.45, 74.73], [4.4, 46.02, 66.52, 70.4, 73.03, 74.01, 74.58, 75.16, 75.98, 75.99, 77.46, 77.17, 77.08, 76.56, 75.5, 75.82, 73.18, 73.19, 73.31, 73.33, 73.29]], "msds": [[0, 0.0006954517448320985, 9.025991312228143e-05, 6.723334809066728e-05, 3.0348333893925883e-05, 2.1493859094334766e-05, 2.000731365114916e-05, 1.989980592043139e-05, 1.4970411029935349e-05, 1.9314249584567733e-05, 1.864429759734776e-05, 1.8604343495098874e-05, 1.8020326024270616e-05, 1.7492731785750948e-05, 1.592255648574792e-05, 1.7056181604857557e-05, 1.869850530056283e-05, 1.3806972674501594e-05, 1.739213985274546e-05, 1.9655373762361705e-05, 1.6676855011610314e-05], [0, 0.0006978203891776502, 0.0001020252748276107, 6.091058821766637e-05, 2.518697874620557e-05, 2.0994686565245502e-05, 1.8976441424456425e-05, 1.869341758720111e-05, 1.4906619071552996e-05, 1.811366564652417e-05, 1.8186881789006293e-05, 1.5837178580113687e-05, 1.6480189515277743e-05, 1.8522205209592357e-05, 1.6498555851285346e-05, 1.98793422896415e-05, 2.3290027456823736e-05, 1.3762987691734452e-05, 1.2991693438380025e-05, 2.3998045435291715e-05, 2.443281664454844e-05], [0, 0.000699533789884299, 8.676431025378406e-05, 5.58183528482914e-05, 2.762747863016557e-05, 2.06366185011575e-05, 1.7818018022808246e-05, 1.8266084225615487e-05, 1.5142784832278267e-05, 1.6712858268874697e-05, 2.1087676941533573e-05, 1.6179619706235826e-05, 1.8825028746505268e-05, 1.7554639271111228e-05, 2.0341278286650777e-05, 2.9500068194465712e-05, 1.5947887732181698e-05, 1.3403208868112415e-05, 1.4904417184880003e-05, 3.986767842434347e-05, 1.7192522136610933e-05], [0, 0.0006963273044675589, 8.548509504180402e-05, 5.2802271966356784e-05, 2.772354673652444e-05, 2.021219552261755e-05, 1.9395189156057313e-05, 1.688549673417583e-05, 1.5716708730906248e-05, 1.6109812349895947e-05, 1.720555155770853e-05, 2.0451172531466e-05, 1.980894558073487e-05, 1.9746812540688552e-05, 1.9369183064554818e-05, 1.6620686437818222e-05, 1.7500846297480166e-05, 1.2820307347283233e-05, 2.286710514454171e-05, 2.441793003526982e-05, 1.8608285245136358e-05], [0, 0.000701830314937979, 9.154468716587871e-05, 5.3949785069562495e-05, 2.9336153602343984e-05, 2.1667372493539006e-05, 2.0116838641115464e-05, 1.9520102796377614e-05, 1.9815621271845885e-05, 2.2613614419242367e-05, 1.814910319808405e-05, 2.0254125047358684e-05, 2.3795108063495718e-05, 2.4849028704920784e-05, 2.1554247723543085e-05, 1.8627562894835137e-05, 1.858379619079642e-05, 2.8562830266309902e-05, 1.3919191587774549e-05, 1.0432893759571016e-05, 8.934450306696817e-06], [0, 0.0006890266085974872, 8.382391388295218e-05, 3.820898200501688e-05, 2.3475296984543093e-05, 2.182737625844311e-05, 1.807735679903999e-05, 1.580437492521014e-05, 1.7954405848286115e-05, 2.1637029931298457e-05, 1.619534486962948e-05, 1.840658296714537e-05, 1.721316948533058e-05, 1.9799355868599378e-05, 2.1208086764090694e-05, 1.5564230125164613e-05, 1.766411696735304e-05, 9.640076314099133e-06, 8.154648639902007e-06, 4.890084710496012e-06, 9.409697668161243e-06], [0, 0.0004232294450048357, 6.599345215363428e-05, 2.666695581865497e-05, 2.1129182641743682e-05, 2.1549645680352114e-05, 1.871828135335818e-05, 1.792414150258992e-05, 1.8319069567951374e-05, 2.0958495952072553e-05, 1.750812771206256e-05, 2.198126276198309e-05, 1.5222097317746375e-05, 1.32635141198989e-05, 1.0971841220452916e-05, 1.0237868082185742e-05, 1.1323263606755063e-05, 5.929363851464586e-06, 2.4487485461577307e-06, 3.962638857046841e-06, 3.9278688745980617e-07], [0, 0.0004375989956315607, 7.016717427177355e-05, 2.5803807147894986e-05, 2.0639001377276145e-05, 1.8183347492595203e-05, 2.053153730230406e-05, 2.0915316781611182e-05, 2.3612534278072417e-05, 1.9602264728746377e-05, 1.7757192836143076e-05, 1.754973163770046e-05, 1.5660416465834714e-05, 1.4318333342089318e-05, 1.1043875929317437e-05, 2.5158997232210822e-05, 1.18576645036228e-05, 5.02346119901631e-06, 1.3845316289007314e-06, 1.5080518096510787e-06, 0], [0, 0.00037270330358296633, 6.053294782759622e-05, 2.6103367417817935e-05, 2.1995998395141214e-05, 1.958854954864364e-05, 2.055477125395555e-05, 1.8376176740275696e-05, 2.116818359354511e-05, 2.3531583792646416e-05, 1.7364456653012894e-05, 2.655754542502109e-05, 2.882834269257728e-05, 1.4453655239776708e-05, 7.268790341186104e-06, 5.103353487356799e-06, 2.4064047465799376e-06, 0, 0, 0, 0], [0, 0.0003818903351202607, 6.246351404115558e-05, 2.4341010430362076e-05, 1.9748173144762404e-05, 1.9689545297296718e-05, 1.910265928017907e-05, 1.6671187040628865e-05, 1.9534909370122477e-05, 2.3811224309611134e-05, 1.826387051551137e-05, 2.566243892943021e-05, 2.3385171516565606e-05, 1.7025797205860727e-05, 1.783743209671229e-05, 1.4199802535586059e-05, 0, 0, 0, 0, 0]]}