{"alpha": 0.75, "beta": 0.5, "gamma": 2.0, "num_samples": 25, "node_count": 10, "density": 0.25, "startup_delay": 2.0, "forward_prob": 0, "epochs": [[0, 1, 2, 3, 4, 5, 6, 7, 8, 9, 10, 11, 12, 13, 14, 15, 16, 17, 18, 19, 20], [0, 1, 2, 3, 4, 5, 6, 7, 8, 9, 10, 11, 12, 13, 14, 15, 16, 17, 18, 19, 20], [0, 1, 2, 3, 4, 5, 6, 7, 8, 9, 10, 11, 12, 13, 14, 15, 16, 17, 18, 19, 20], [0, 1, 2, 3, 4, 5, 6, 7, 8, 9, 10, 11, 12, 13, 14, 15, 16, 17, 18, 19, 20], [0, 1, 2, 3, 4, 5, 6, 7, 8, 9, 10, 11, 12, 13, 14, 15, 16, 17, 18, 19, 20], [0, 1, 2, 3, 4, 5, 6, 7, 8, 9, 10, 11, 12, 13, 14, 15, 16, 17, 18, 19, 20], [0, 1, 2, 3, 4, 5, 6, 7, 8, 9, 10, 11, 12, 13, 14, 15, 16, 17, 18, 19, 20], [0, 1, 2, 3, 4, 5, 6, 7, 8, 9, 10, 11, 12, 13, 14, 15, 16, 17, 18, 19, 20], [0, 1, 2, 3, 4, 5, 6, 7, 8, 9, 10, 11, 12, 13, 14, 15, 16, 17, 18, 19, 20], [0, 1, 2, 3, 4, 5, 6, 7, 8, 9, 10, 11, 12, 13, 14, 15, 16, 17, 18, 19, 20]], "accuracies": [[12.92, 17.58, 20.05, 19.74, 27.87, 26.67, 28.4, 30.96, 32.29, 32.48, 34.32, 29.4, 32.28, 33.68, 34.09, 49.44, 28.48, 37.37, 48.26, 48.43, 44.56], [5.21, 17.5, 16.76, 21.6, 27.74, 27.98, 29.57, 31.86, 32.81, 33.19, 36.34, 29.17, 30.52, 36.34, 33.29, 35.68, 30.86, 32.55, 36.26, 35.2, 35.57], [12.41, 10.0, 17.51, 29.64, 27.73, 27.1, 28.03, 34.02, 35.26, 33.8, 33.76, 34.49, 24.31, 34.42, 35.23, 35.75, 35.19, 30.08, 38.8, 40.07, 37.2], [4.36, 26.98, 10.0, 20.32, 27.45, 39.16, 42.47, 37.89, 36.22, 50.68, 41.3, 45.34, 44.96, 52.07, 53.47, 43.85, 53.1, 49.08, 48.63, 44.31, 42.77], [11.63, 15.94, 13.75, 28.29, 25.39, 30.32, 36.38, 27.6, 40.77, 30.53, 41.4, 39.8, 41.35, 44.63, 42.85, 44.18, 55.68, 36.29, 47.46, 46.06, 53.75], [10.79, 10.0, 19.24, 32.6, 20.88, 23.31, 37.61, 19.92, 38.56, 27.6, 47.2, 36.84, 33.85, 44.51, 38.91, 54.87, 46.93, 37.21, 43.88, 57.42, 36.35], [8.38, 10.0, 10.0, 19.94, 23.93, 20.82, 23.23, 24.19, 23.45, 23.75, 25.5, 39.72, 26.28, 30.95, 29.8, 32.28, 33.44, 34.75, 34.33, 34.36, 31.45], [10.95, 9.96, 13.75, 19.55, 25.66, 29.16, 28.57, 45.54, 36.83, 45.05, 29.4, 42.55, 35.32, 50.62, 42.11, 33.26, 44.19, 48.41, 40.68, 48.85, 31.15], [17.56, 18.68, 19.7, 34.07, 37.01, 45.33, 28.42, 36.22, 46.41, 45.81, 43.34, 30.96, 45.32, 43.71, 47.28, 41.18, 43.13, 44.19, 44.03, 42.37, 53.1], [10.0, 15.59, 13.32, 31.13, 37.48, 35.46, 39.14, 36.01, 47.71, 46.55, 38.97, 19.44, 36.46, 56.65, 44.71, 52.39, 44.85, 46.94, 35.57, 37.56, 21.83]], "msds": [[0, 0.0006525135831907392, 0.00012759558740071952, 3.874285175697878e-05, 2.839814987964928e-05, 2.7283756935503334e-05, 2.929087531811092e-05, 2.5961675419239327e-05, 5.5653788876952603e-05, 4.4729906221618876e-05, 3.705977360368706e-05, 2.5095767341554165e-05, 5.3129017032915726e-05, 3.930883758584969e-05, 3.7810161302331835e-05, 2.4555569325457327e-05, 2.3966682419995777e-05, 4.168508166912943e-05, 2.3721246179775335e-05, 1.92110182979377e-05, 1.956317100848537e-05], [0, 0.0004466447571758181, 9.857543045654893e-05, 3.240586374886334e-05, 2.8237907827133313e-05, 2.422026045678649e-05, 2.51739656960126e-05, 2.248982673336286e-05, 2.5332128643640317e-05, 3.4310804039705545e-05, 3.228741115890443e-05, 2.7026486350223422e-05, 4.2094332457054406e-05, 3.1091811251826584e-05, 3.0846582376398146e-05, 3.1350671633845195e-05, 1.8338791051064618e-05, 3.891127198585309e-05, 2.491508894308936e-05, 2.94795427180361e-05, 2.784952630463522e-05], [0, 0.0006082269828766584, 0.00011037474905606359, 4.713176531367935e-05, 3.9603153709322214e-05, 3.758828097488731e-05, 3.5124729038216174e-05, 3.2123389246407896e-05, 5.3991840104572475e-05, 4.6694498450960964e-05, 4.567093128571287e-05, 3.638964335550554e-05, 5.009192318539135e-05, 4.704228194896132e-05, 5.492709169629961e-05, 4.1557836084393784e-05, 2.8481033950811252e-05, 4.778216316481121e-05, 4.542421083897352e-05, 4.096807970199734e-05, 3.645954711828381e-05], [0, 0.0006557057495228946, 0.0002547971671447158, 8.54013123898767e-05, 5.1538634579628706e-05, 3.1842639145907015e-05, 3.1427389330929145e-05, 2.4528999347239733e-05, 3.4020667953882366e-05, 1.959282235475257e-05, 2.422986290184781e-05, 1.8058244677376933e-05, 3.173011282342486e-05, 2.1222718714852817e-05, 1.7447659047320485e-05, 9.886873158393428e-06, 2.205860073445365e-05, 2.1521096641663462e-05, 2.4325081540155225e-05, 1.941695882123895e-05, 1.5273628378054127e-05], [0, 0.0006041601882316172, 0.00017718403250910342, 6.956204742891714e-05, 5.210150629864074e-05, 3.97619696741458e-05, 3.3855136280180886e-05, 5.102828799863346e-05, 4.886760507361032e-05, 2.8479620596044697e-05, 1.892638101708144e-05, 3.9310303691308945e-05, 4.508928395807743e-05, 2.5654433557065204e-05, 1.931574661284685e-05, 1.119287026085658e-05, 1.389255248795962e-05, 1.834804606914986e-05, 1.1776463907153811e-05, 1.3627114640257787e-05, 2.6220317522529513e-05], [0, 0.00045039766700938344, 0.00010918327461695299, 6.078650403651409e-05, 4.2773259337991476e-05, 4.35882575402502e-05, 4.958982754033059e-05, 5.119598426972516e-05, 3.524915155139752e-05, 2.5529958293191157e-05, 2.8123547963332385e-05, 2.927320201706607e-05, 2.4202852728194557e-05, 3.206032488378696e-05, 2.0802390281460248e-05, 1.0690781891753431e-05, 2.513103754608892e-05, 2.7921425498789176e-05, 8.768979569140356e-06, 1.0740127436292823e-05, 1.7424170437152497e-05], [0, 0.0006612928118556738, 0.0002148194471374154, 0.0001103646500268951, 8.910043106880039e-05, 6.974664574954659e-05, 8.392704330617562e-05, 7.175499922595918e-05, 5.9996378695359454e-05, 7.516523328376934e-05, 5.3314364777179435e-05, 5.0706486945273355e-05, 4.84885968035087e-05, 6.342327105812728e-05, 3.748014205484651e-05, 4.087917841388844e-05, 3.4840308217098936e-05, 4.675737363868393e-05, 4.37256894656457e-05, 4.111004454898648e-05, 3.179030318278819e-05], [0, 0.0005041714175604284, 0.000116396025987342, 6.251643935684115e-05, 5.030216198065318e-05, 4.4102191168349236e-05, 4.0063896449282765e-05, 3.258794095017947e-05, 2.8763555746991187e-05, 1.794045965652913e-05, 3.40800906997174e-05, 2.0784193111467175e-05, 4.5832075556972995e-05, 2.0458399376366287e-05, 1.0418461897643283e-05, 4.450285996426828e-05, 2.165389923902694e-05, 2.391298949078191e-05, 1.5074982002261095e-05, 2.8421303795767017e-05, 1.0750618457677774e-05], [0, 0.0005363654345273972, 0.00010842228948604316, 5.4702177294529974e-05, 3.323224882478826e-05, 2.4320983357029036e-05, 2.0564868464134634e-05, 3.939426096621901e-05, 1.3161281458451413e-05, 1.1117235771962442e-05, 1.1991513019893318e-05, 2.7175468858331442e-05, 2.4273320377687924e-05, 1.344777501799399e-05, 8.616063496447168e-06, 1.8059266949421726e-05, 2.564468923083041e-05, 7.832596566004213e-06, 1.1948659448535182e-05, 1.5111616448848508e-05, 1.0750618457677774e-05], [0, 0.000501778325997293, 9.152192797046155e-05, 6.24746098765172e-05, 3.9865291910246015e-05, 3.916631612810306e-05, 4.139995144214481e-05, 3.782046405831352e-05, 5.3394636779557914e-05, 3.3559335861355066e-05, 3.7762591091450304e-05, 4.720634387922473e-05, 4.1024937672773376e-05, 2.796409717120696e-05, 2.887991286115721e-05, 2.7616430088528432e-05, 2.5154744434985332e-05, 3.206984183634631e-05, 2.5428053049836308e-05, 3.144110451103188e-05, 0]]}