{"alpha": 0.9, "beta": 0.5, "gamma": 5.0, "num_samples": 1000, "node_count": 10, "density": 0.5, "startup_delay": 0.0, "forward_prob": 0, "epochs": [[0, 1, 2, 3, 4, 5, 6, 7, 8, 9, 10, 11, 12, 13, 14, 15, 16, 17, 18, 19, 20], [0, 1, 2, 3, 4, 5, 6, 7, 8, 9, 10, 11, 12, 13, 14, 15, 16, 17, 18, 19, 20], [0, 1, 2, 3, 4, 5, 6, 7, 8, 9, 10, 11, 12, 13, 14, 15, 16, 17, 18, 19, 20], [0, 1, 2, 3, 4, 5, 6, 7, 8, 9, 10, 11, 12, 13, 14, 15, 16, 17, 18, 19, 20], [0, 1, 2, 3, 4, 5, 6, 7, 8, 9, 10, 11, 12, 13, 14, 15, 16, 17, 18, 19, 20], [0, 1, 2, 3, 4, 5, 6, 7, 8, 9, 10, 11, 12, 13, 14, 15, 16, 17, 18, 19, 20], [0, 1, 2, 3, 4, 5, 6, 7, 8, 9, 10, 11, 12, 13, 14, 15, 16, 17, 18, 19, 20], [0, 1, 2, 3, 4, 5, 6, 7, 8, 9, 10, 11, 12, 13, 14, 15, 16, 17, 18, 19, 20], [0, 1, 2, 3, 4, 5, 6, 7, 8, 9, 10, 11, 12, 13, 14, 15, 16, 17, 18, 19, 20], [0, 1, 2, 3, 4, 5, 6, 7, 8, 9, 10, 11, 12, 13, 14, 15, 16, 17, 18, 19, 20]], "accuracies": [[4.94, 13.72, 64.31, 76.87, 79.66, 81.97, 83.25, 84.01, 84.25, 84.78, 85.19, 85.31, 85.54, 85.65, 85.93, 86.0, 85.94, 85.92, 85.97, 85.97, 86.34], [9.78, 10.0, 64.19, 76.87, 80.26, 82.51, 83.2, 84.36, 84.23, 85.35, 85.63, 85.51, 85.92, 86.21, 86.19, 86.08, 86.13, 86.06, 86.29, 86.19, 86.15], [6.92, 10.15, 67.46, 77.03, 80.1, 83.03, 83.81, 84.27, 84.78, 85.1, 85.3, 85.43, 85.73, 85.87, 85.69, 85.85, 85.83, 86.15, 86.17, 86.11, 86.33], [8.87, 10.0, 61.73, 79.05, 82.19, 83.55, 84.08, 84.71, 85.21, 85.3, 85.9, 86.04, 86.04, 85.8, 86.02, 86.11, 86.25, 86.19, 86.53, 86.48, 86.31], [10.24, 19.63, 61.47, 79.12, 82.0, 83.28, 83.88, 84.62, 85.18, 85.4, 85.84, 86.03, 86.02, 85.54, 86.02, 86.15, 86.22, 86.17, 86.34, 86.51, 86.27], [16.51, 20.95, 75.54, 81.31, 83.79, 84.46, 84.41, 85.04, 85.55, 85.96, 86.05, 85.84, 86.19, 86.29, 86.25, 86.33, 85.96, 86.28, 85.04, 85.96, 86.31], [9.46, 10.32, 76.29, 81.93, 83.78, 84.27, 84.43, 85.29, 85.7, 85.88, 85.82, 85.99, 85.98, 86.14, 86.49, 86.0, 86.2, 86.07, 86.17, 86.45, 86.25], [9.56, 65.03, 79.19, 82.95, 84.57, 84.98, 85.44, 86.01, 85.93, 85.78, 86.13, 86.28, 86.08, 86.19, 86.16, 86.32, 86.04, 86.36, 86.35, 85.52, 85.33], [11.03, 59.53, 79.7, 83.17, 83.89, 85.02, 85.6, 85.92, 86.05, 86.05, 86.15, 86.17, 86.16, 86.04, 86.1, 85.34, 85.41, 85.44, 86.12, 86.15, 84.47], [13.03, 47.09, 80.02, 82.92, 84.08, 84.54, 85.23, 85.86, 85.97, 85.69, 86.09, 86.14, 86.36, 86.26, 86.12, 86.51, 86.22, 86.22, 86.26, 85.15, 84.27]], "msds": [[0, 0.0008889446035027504, 0.0003576340386644006, 0.00016280585259664804, 8.752234862186015e-05, 9.043281897902489e-05, 9.61210171226412e-05, 9.998052701121196e-05, 0.00010197189112659544, 0.00011670112144201994, 0.00010767157800728455, 0.00012622872600331903, 9.147349919658154e-05, 9.520104504190385e-05, 8.52182784001343e-05, 7.657799869775772e-05, 8.914795762393624e-05, 7.015226583462209e-05, 8.362755761481822e-05, 4.7369569074362516e-05, 7.762001041555777e-05], [0, 0.0008910543983802199, 0.00039036793168634176, 0.00016484914522152394, 8.872496982803568e-05, 9.513123222859576e-05, 0.00010236253001494333, 0.00010415526776341721, 0.00011432647443143651, 0.00012314629566390067, 0.00012760009849444032, 9.054965630639344e-05, 9.720992238726467e-05, 9.953526750905439e-05, 8.181626617442816e-05, 9.540546307107434e-05, 9.27212749957107e-05, 9.213576413458213e-05, 6.993554416112602e-05, 7.739146531093866e-05, 6.655346078332514e-05], [0, 0.0008718114695511758, 0.000384289218345657, 0.00015939045988488942, 9.024576866067946e-05, 9.575541480444372e-05, 9.629375563235953e-05, 0.00010178261436522007, 0.0001009871848509647, 0.00011426150012994185, 0.0001226746098836884, 8.949809125624597e-05, 8.965726738097146e-05, 8.276541484519839e-05, 7.350584928644821e-05, 7.474903395632282e-05, 8.653755503473803e-05, 6.058816143195145e-05, 8.641977910883725e-05, 6.486537313321605e-05, 6.672075687674806e-05], [0, 0.00086256954818964, 0.00039342226227745414, 0.00013673683861270547, 9.037899144459516e-05, 9.995338041335344e-05, 0.0001046300822054036, 0.00010558540088823065, 0.00010992713214363903, 0.00010858686437131837, 8.133786468533799e-05, 9.275969205191359e-05, 8.45182003104128e-05, 0.00010153518815059215, 7.520077633671463e-05, 8.242006151704118e-05, 6.19665952399373e-05, 0.00011220160376979038, 4.803307092515752e-05, 6.39910576865077e-05, 5.033701381762512e-05], [0, 0.0008865959825925529, 0.00039828987792134285, 0.00012052530655637383, 8.959963452070951e-05, 9.734276682138443e-05, 0.00010397419100627303, 0.00010751505033113062, 0.00011244383495068178, 0.00011774925224017352, 8.822118252282962e-05, 9.155870793620124e-05, 9.259262878913432e-05, 8.471628098050132e-05, 9.225088433595374e-05, 7.297559932339936e-05, 7.326561899390072e-05, 7.560622179880738e-05, 6.35407050140202e-05, 5.544800660572946e-05, 6.49716384941712e-05], [0, 0.0008888562442734838, 0.0002279759501107037, 0.00010403881606180221, 0.00010580165690043941, 0.00010342950554331765, 0.00010737059346865863, 9.940331801772118e-05, 0.00010121202649315819, 9.427783516002819e-05, 7.950416329549626e-05, 8.252515544882044e-05, 9.184092050418258e-05, 8.130582136800513e-05, 6.879447755636647e-05, 7.191869372036308e-05, 4.911588621325791e-05, 5.651115861837752e-05, 5.523913205252029e-05, 2.976940231746994e-05, 1.1916508810827509e-05], [0, 0.0008803079253993928, 0.0002684435748960823, 0.00011630325752776116, 0.00011142741277581081, 0.0001191428818856366, 0.0001281526783714071, 0.0001400176261086017, 0.00010863871284527704, 0.0001126489951275289, 9.685897384770215e-05, 0.00010046191164292395, 9.460344881517813e-05, 8.586415060563013e-05, 9.640881035011262e-05, 5.1698352763196453e-05, 7.003256177995354e-05, 4.4283111492404714e-05, 4.535259722615592e-05, 1.639715083001647e-05, 1.6263318684650585e-05], [0, 0.0005641088355332613, 0.00016132114978972822, 0.00012901952140964568, 0.00012034479732392356, 0.00012654961028601974, 0.0001314346882281825, 0.00011746572272386402, 9.445381147088483e-05, 0.00012481390149332583, 0.00010402655607322231, 7.865271618356928e-05, 0.00011005821579601616, 5.5639677157159895e-05, 6.774439680157229e-05, 3.968953751609661e-05, 4.177462324150838e-05, 2.07874891202664e-05, 1.1251339856244158e-05, 0, 0], [0, 0.000641346734482795, 0.00019351125229150057, 0.00011598828859860078, 0.00012886234617326409, 0.00011967707541771233, 0.00011955375521210954, 0.0001450108684366569, 0.00010736814147094265, 0.00012403636355884373, 0.00011971085041295737, 0.00010516876500332728, 8.780742064118385e-05, 7.58393362048082e-05, 6.984023639233783e-05, 9.309510642196983e-05, 2.5588207790860906e-05, 4.986208659829572e-05, 1.7735332221491262e-05, 7.576195912406547e-06, 5.689190584234893e-05], [0, 0.0006261838716454804, 0.0002015354548348114, 0.00012679676001425833, 0.00011833561438834295, 0.00014354621816892177, 0.00013452896382659674, 0.0001288980129174888, 0.00011042647383874282, 0.0001340354938292876, 0.00013978344213683158, 0.00010190406464971602, 0.00010720347199821845, 6.97225405019708e-05, 0.000129058156744577, 4.4270502257859334e-05, 2.7575648346100934e-05, 3.419976565055549e-05, 1.2105200767109636e-05, 6.206304078659741e-06, 0]]}