{"alpha": 0.9, "beta": 0.5, "gamma": 3.0, "num_samples": 1000, "node_count": 10, "density": 0.25, "startup_delay": 0.0, "forward_prob": 0, "epochs": [[0, 1, 2, 3, 4, 5, 6, 7, 8, 9, 10, 11, 12, 13, 14, 15, 16, 17, 18, 19, 20], [0, 1, 2, 3, 4, 5, 6, 7, 8, 9, 10, 11, 12, 13, 14, 15, 16, 17, 18, 19, 20], [0, 1, 2, 3, 4, 5, 6, 7, 8, 9, 10, 11, 12, 13, 14, 15, 16, 17, 18, 19, 20], [0, 1, 2, 3, 4, 5, 6, 7, 8, 9, 10, 11, 12, 13, 14, 15, 16, 17, 18, 19, 20], [0, 1, 2, 3, 4, 5, 6, 7, 8, 9, 10, 11, 12, 13, 14, 15, 16, 17, 18, 19, 20], [0, 1, 2, 3, 4, 5, 6, 7, 8, 9, 10, 11, 12, 13, 14, 15, 16, 17, 18, 19, 20], [0, 1, 2, 3, 4, 5, 6, 7, 8, 9, 10, 11, 12, 13, 14, 15, 16, 17, 18, 19, 20], [0, 1, 2, 3, 4, 5, 6, 7, 8, 9, 10, 11, 12, 13, 14, 15, 16, 17, 18, 19, 20], [0, 1, 2, 3, 4, 5, 6, 7, 8, 9, 10, 11, 12, 13, 14, 15, 16, 17, 18, 19, 20], [0, 1, 2, 3, 4, 5, 6, 7, 8, 9, 10, 11, 12, 13, 14, 15, 16, 17, 18, 19, 20]], "accuracies": [[8.99, 18.02, 64.02, 75.19, 80.4, 82.62, 83.46, 84.29, 85.04, 85.5, 85.97, 86.02, 86.4, 86.08, 86.04, 85.96, 86.24, 86.47, 86.28, 85.81, 85.95], [15.93, 10.02, 68.3, 74.03, 80.02, 82.13, 83.45, 84.49, 85.2, 85.86, 85.63, 85.8, 86.0, 85.83, 86.19, 85.83, 86.21, 86.14, 86.2, 85.89, 85.81], [8.6, 16.96, 57.53, 77.92, 80.95, 82.66, 83.66, 84.41, 85.01, 85.62, 85.65, 86.16, 86.03, 85.99, 85.9, 86.23, 86.12, 86.37, 85.88, 86.11, 85.7], [13.04, 16.06, 56.73, 76.87, 77.9, 82.69, 83.74, 84.22, 84.85, 85.3, 86.1, 85.88, 86.08, 86.08, 85.95, 85.92, 86.0, 86.34, 86.04, 85.94, 85.7], [18.34, 21.3, 50.45, 77.28, 80.76, 82.62, 83.61, 84.28, 85.12, 85.86, 85.94, 85.73, 86.55, 86.15, 86.23, 85.79, 86.42, 86.31, 86.13, 86.1, 85.93], [8.33, 19.03, 63.21, 78.79, 78.92, 82.4, 83.64, 84.5, 84.99, 85.47, 86.07, 86.07, 86.15, 86.09, 86.08, 85.86, 85.88, 86.27, 86.08, 86.11, 86.2], [9.72, 22.03, 57.6, 78.29, 80.11, 82.41, 83.81, 84.51, 84.6, 85.7, 86.04, 86.11, 86.22, 86.11, 85.87, 86.11, 85.89, 86.54, 86.12, 86.09, 86.39], [6.18, 10.01, 56.17, 80.31, 82.37, 84.0, 85.1, 85.59, 86.05, 86.07, 85.98, 85.8, 85.3, 85.55, 85.52, 85.63, 85.62, 83.44, 84.58, 84.76, 85.09], [9.1, 22.32, 79.0, 81.46, 83.9, 85.15, 86.12, 85.1, 85.67, 85.86, 86.46, 86.24, 85.91, 85.88, 86.0, 85.68, 85.81, 85.13, 85.32, 85.53, 85.23], [8.37, 76.4, 78.93, 81.41, 81.74, 83.42, 84.42, 84.84, 84.21, 84.83, 85.29, 85.44, 85.41, 85.62, 85.81, 85.76, 83.37, 84.6, 84.71, 85.1, 85.1]], "msds": [[0, 0.0008437271462753415, 0.00046440507867373526, 0.00027217002934776247, 0.0001834800495998934, 0.00015153095591813326, 0.0001231678033946082, 0.00010604022099869326, 0.00012394427903927863, 0.00010430369002278894, 0.00011109243496321142, 0.00011289629765087739, 8.399409125559032e-05, 7.891168934293091e-05, 8.934453944675624e-05, 0.00011170742072863504, 9.207767288899049e-05, 4.833282946492545e-05, 9.176954335998744e-05, 7.282338629011065e-05, 8.887028525350615e-05], [0, 0.0008647610666230321, 0.0004703358863480389, 0.00032477383501827717, 0.0001949945726664737, 0.0001814567658584565, 0.00013445550575852394, 0.00013634163769893348, 0.00012149726535426453, 0.00013192924961913377, 0.00012645799142774194, 0.00010623996786307544, 0.00010036044841399416, 8.988954505184665e-05, 9.030432556755841e-05, 0.00010291345824953169, 0.00010722262231865898, 0.00010620729153743014, 0.00010001939517678693, 0.00011230258678551763, 6.680641672573984e-05], [0, 0.0008490950567647815, 0.0004676301032304764, 0.00026491895550861955, 0.00019384115876164287, 0.00013954041060060263, 0.0001255883980775252, 0.00012006962060695514, 0.00012295079068280756, 0.00010780124284792691, 0.00011941929551539943, 0.00011585743050090969, 9.894401591736823e-05, 0.00010004301293520257, 8.841893577482551e-05, 9.868464985629544e-05, 8.60724612721242e-05, 7.638190436409786e-05, 0.00011731519771274179, 8.002069807844236e-05, 6.943591870367527e-05], [0, 0.0008520648116245866, 0.0004234483640175313, 0.00025569990975782275, 0.00019225443247705698, 0.0001244146842509508, 0.00011082643322879449, 0.00011721911141648889, 0.00010454995936015621, 0.00010446766100358218, 0.00010311304504284635, 0.00011147190525662154, 9.776793012861162e-05, 7.81990383984521e-05, 8.005607378436252e-05, 0.00012972101103514433, 5.97245161770843e-05, 4.373949923319742e-05, 9.956925350707024e-05, 6.910292722750455e-05, 7.33638516976498e-05], [0, 0.0008634355035610497, 0.0004097838536836207, 0.00023893739853519946, 0.00016281507851090282, 0.00013059085176791996, 0.00012169201363576576, 0.00011953428474953398, 0.00011219213774893433, 0.00010708328773034737, 0.00012310878082644194, 0.00011127123434562236, 9.792272612685338e-05, 7.702798757236451e-05, 8.579676068620756e-05, 0.00010022255446529016, 8.713638817425817e-05, 6.525603384943679e-05, 9.317635704064742e-05, 9.266286360798404e-05, 6.702403334202245e-05], [0, 0.000851790769957006, 0.00047554753837175667, 0.00027777458308264613, 0.0001984473055927083, 0.00014442281099036336, 0.000123493853607215, 0.00011777734471252188, 0.00011909464956261218, 0.00010511384607525542, 0.00011283792991889641, 0.00010004356590798125, 0.00011535172234289348, 0.00011211545643163845, 8.96540586836636e-05, 0.00011976217501796782, 6.730221502948552e-05, 7.143105176510289e-05, 0.0001248134794877842, 6.707358261337504e-05, 8.192593668354675e-05], [0, 0.000849404837936163, 0.00044884017552249134, 0.0002660052850842476, 0.00017862724780570716, 0.00013049137487541884, 0.00013239558029454201, 0.00011623160389717668, 0.00011502367124194279, 0.00010717778059188277, 0.00011086041195085272, 9.96870658127591e-05, 9.226352267432958e-05, 8.919882384361699e-05, 9.722757386043668e-05, 0.00012262965901754797, 7.898250623838976e-05, 6.99138327036053e-05, 8.604566392023116e-05, 7.863012433517724e-05, 7.997007196536288e-05], [0, 0.0008602828602306545, 0.0005389124853536487, 0.00018176012963522226, 0.0001442790380679071, 0.0001594513887539506, 0.00016843812773004174, 0.0001366854558000341, 0.00016226115985773504, 0.00010875664884224534, 0.00011710623221006244, 0.0001252581860171631, 8.932156197261065e-05, 2.4230779672507197e-05, 1.794663148757536e-05, 9.267119821743108e-06, 6.4053874666569754e-06, 3.481615931377746e-05, 4.632506534107961e-05, 7.723999442532659e-05, 3.334704160806723e-05], [0, 0.0008635410340502858, 0.000201224276679568, 0.00017640928854234517, 0.00018762785475701094, 0.00023689967929385602, 0.00017950343317352235, 0.00016732381482142955, 0.00015567820810247213, 0.00014602021838072687, 0.00015514498227275908, 0.00010281903814757243, 4.190872277831659e-05, 1.841603261709679e-05, 1.6922527720453218e-05, 1.196586981677683e-05, 1.0765818842628505e-05, 5.6012293498497456e-05, 5.307882747729309e-05, 4.47225829702802e-05, 8.859301487973426e-06], [0, 0.0004499837523326278, 0.00015324221749324352, 0.0001453939767088741, 0.00016978812345769256, 0.000305201014271006, 0.00014341632777359337, 0.0001319667644565925, 0.00022043987701181322, 0.00021245396055746824, 0.00010947992268484086, 6.418456905521452e-05, 2.7340962333255447e-05, 1.6501231584697962e-05, 9.914519978337921e-06, 7.250220278365305e-06, 3.9611022657481954e-05, 3.6050118069397286e-05, 8.154595707310364e-05, 3.0673294531879947e-05, 0]]}