{"alpha": 0.75, "beta": 0.5, "gamma": 3.0, "num_samples": 25, "node_count": 10, "density": 0.5, "startup_delay": 0.0, "forward_prob": 0, "epochs": [[0, 1, 2, 3, 4, 5, 6, 7, 8, 9, 10, 11, 12, 13, 14, 15, 16, 17, 18, 19, 20], [0, 1, 2, 3, 4, 5, 6, 7, 8, 9, 10, 11, 12, 13, 14, 15, 16, 17, 18, 19, 20], [0, 1, 2, 3, 4, 5, 6, 7, 8, 9, 10, 11, 12, 13, 14, 15, 16, 17, 18, 19, 20], [0, 1, 2, 3, 4, 5, 6, 7, 8, 9, 10, 11, 12, 13, 14, 15, 16, 17, 18, 19, 20], [0, 1, 2, 3, 4, 5, 6, 7, 8, 9, 10, 11, 12, 13, 14, 15, 16, 17, 18, 19, 20], [0, 1, 2, 3, 4, 5, 6, 7, 8, 9, 10, 11, 12, 13, 14, 15, 16, 17, 18, 19, 20], [0, 1, 2, 3, 4, 5, 6, 7, 8, 9, 10, 11, 12, 13, 14, 15, 16, 17, 18, 19, 20], [0, 1, 2, 3, 4, 5, 6, 7, 8, 9, 10, 11, 12, 13, 14, 15, 16, 17, 18, 19, 20], [0, 1, 2, 3, 4, 5, 6, 7, 8, 9, 10, 11, 12, 13, 14, 15, 16, 17, 18, 19, 20], [0, 1, 2, 3, 4, 5, 6, 7, 8, 9, 10, 11, 12, 13, 14, 15, 16, 17, 18, 19, 20]], "accuracies": [[10.95, 10.0, 39.0, 51.45, 58.82, 62.66, 66.7, 66.6, 68.86, 69.6, 64.47, 69.67, 66.51, 69.03, 67.21, 68.73, 67.88, 67.48, 69.83, 68.04, 68.58], [12.2, 10.0, 39.15, 60.5, 63.6, 65.25, 66.41, 66.94, 67.3, 67.67, 66.68, 67.57, 68.83, 64.29, 69.59, 64.9, 70.36, 66.52, 69.04, 66.53, 69.84], [6.56, 10.0, 43.48, 57.09, 59.65, 59.54, 66.94, 61.53, 68.56, 68.4, 63.95, 69.01, 67.29, 68.05, 65.6, 67.42, 69.05, 69.51, 65.98, 70.18, 66.92], [13.87, 12.37, 48.1, 56.75, 63.99, 63.27, 65.8, 63.57, 66.87, 64.82, 66.76, 67.45, 66.32, 64.59, 68.81, 65.71, 70.16, 63.86, 69.62, 67.09, 69.21], [8.4, 10.0, 31.73, 51.57, 62.15, 62.09, 62.82, 64.76, 65.82, 67.42, 68.34, 67.6, 67.83, 61.69, 69.99, 67.13, 70.85, 65.7, 68.5, 65.81, 70.24], [10.28, 19.82, 32.81, 57.11, 62.39, 64.68, 66.62, 67.52, 68.66, 69.07, 67.56, 68.36, 68.81, 66.07, 69.07, 66.57, 70.85, 66.31, 70.45, 66.15, 69.73], [14.62, 10.01, 38.59, 56.24, 63.84, 63.14, 66.18, 67.06, 68.18, 68.31, 67.75, 68.49, 68.74, 68.76, 66.06, 68.74, 70.47, 68.43, 69.69, 70.26, 69.67], [12.81, 10.0, 32.49, 56.36, 61.02, 60.25, 66.43, 66.33, 68.23, 68.96, 69.25, 68.4, 67.44, 68.84, 70.22, 70.03, 71.3, 70.4, 70.63, 69.13, 71.65], [10.03, 19.89, 36.16, 54.95, 60.93, 62.25, 65.2, 64.77, 66.34, 66.54, 68.37, 67.8, 68.07, 67.57, 68.07, 68.91, 68.58, 68.72, 68.47, 67.21, 70.42], [6.28, 25.65, 50.0, 60.49, 64.27, 62.03, 66.66, 67.66, 66.12, 69.2, 66.95, 69.33, 69.66, 64.79, 69.02, 69.99, 70.09, 69.74, 69.62, 69.11, 69.19]], "msds": [[0, 0.0006920610321685672, 0.00010502561053726822, 6.0791513533331454e-05, 3.768399255932309e-05, 2.6518388040130958e-05, 1.785175481927581e-05, 1.8134120182367042e-05, 1.1512383935041726e-05, 1.209855417982908e-05, 1.0616779036354274e-05, 1.530338340671733e-05, 8.67385278979782e-06, 8.763192454352975e-06, 9.107352525461465e-06, 7.752119927317835e-06, 6.292163561738562e-06, 1.0878062312258407e-05, 1.0484243830433115e-05, 6.706416115775937e-06, 6.303367172222352e-06], [0, 0.0006904300535097718, 0.00011135180102428421, 5.1136797992512584e-05, 3.0446315577137284e-05, 2.3629389033885673e-05, 1.9424172933213413e-05, 1.486617748014396e-05, 1.1526191883604042e-05, 1.6121266526170075e-05, 1.0029418263002299e-05, 1.1238550541747827e-05, 1.0783495781652164e-05, 1.1932050256291404e-05, 1.863193574536126e-05, 9.185588169202674e-06, 1.3394081179285422e-05, 6.104998647060711e-06, 5.901222266402328e-06, 7.373132575594354e-06, 6.754421974619618e-06], [0, 0.0006756187649443746, 0.00010281793947797269, 5.55692458874546e-05, 3.303845369373448e-05, 2.591074189695064e-05, 2.066401793854311e-05, 1.8376966181676835e-05, 1.9168104699929245e-05, 1.3754037354374304e-05, 1.2866048564319499e-05, 1.1090454790974036e-05, 9.92949844658142e-06, 9.139197572949342e-06, 1.2173905815870967e-05, 8.423962754022796e-06, 6.761949862266192e-06, 5.853567472513532e-06, 1.3374424270296004e-05, 6.2369276747631375e-06, 8.063696441240609e-06], [0, 0.0006823303992860019, 0.00012811101623810828, 5.549134220927954e-05, 3.159831976518035e-05, 2.386814412602689e-05, 2.41304915107321e-05, 1.8468914277036674e-05, 1.8190316041000187e-05, 1.393028287566267e-05, 1.2062389032507781e-05, 1.2968863302376121e-05, 1.2185474588477518e-05, 1.9569908545236103e-05, 1.156190501205856e-05, 1.3872881027054973e-05, 9.982682058762293e-06, 1.034278375300346e-05, 8.427930879406631e-06, 8.134065865306184e-06, 6.962478437344544e-06], [0, 0.0006929183145985007, 0.00010109059076057747, 5.869565939065069e-05, 3.491095412755385e-05, 2.7326244889991358e-05, 2.2653486666968092e-05, 1.970994890143629e-05, 1.4021422430232633e-05, 1.4572313375538215e-05, 1.194620108435629e-05, 1.4288026250142138e-05, 1.180555500468472e-05, 1.873581641120836e-05, 1.5199384506559e-05, 1.0847591511264909e-05, 1.0189189197262749e-05, 1.160305237135617e-05, 8.71861084306147e-06, 1.1221343811484985e-05, 7.535979875683552e-06], [0, 0.0006717908545397222, 0.00011239564628340304, 4.671926944865845e-05, 3.230306174373254e-05, 2.229721394542139e-05, 2.05080632440513e-05, 1.658224209677428e-05, 1.4427691894525196e-05, 1.1334940609231126e-05, 1.1105505109298974e-05, 9.444906936550979e-06, 8.966049790615216e-06, 1.188851547340164e-05, 1.430647898814641e-05, 8.742313184484374e-06, 9.903001227939967e-06, 7.2474495027563535e-06, 8.198071554943454e-06, 7.228197773656575e-06, 7.194201316451654e-06], [0, 0.0006842322763986886, 0.00014296467998065054, 5.719680120819248e-05, 3.6881567211821675e-05, 2.8131737053627148e-05, 2.2713786165695637e-05, 2.114716698997654e-05, 1.5435225577675737e-05, 1.4374856618815102e-05, 1.3155357919458766e-05, 1.1927303603442851e-05, 1.0780844604596496e-05, 1.146474460256286e-05, 1.3965498510515317e-05, 1.048444664775161e-05, 9.1971432993887e-06, 6.78100104778423e-06, 1.3339605175133329e-05, 7.145920790208038e-06, 7.970867955009453e-06], [0, 0.0006884847534820437, 0.00010932076838798821, 4.651077324524522e-05, 4.448498293641023e-05, 2.6118637833860703e-05, 2.0775087250513025e-05, 1.7321746781817637e-05, 1.3194620805734303e-05, 1.3684399164048955e-05, 1.1438543879194185e-05, 1.23360277939355e-05, 1.2073343896190636e-05, 1.3795282029605005e-05, 1.251762114407029e-05, 7.826106411812361e-06, 8.765770871832501e-06, 7.43664895708207e-06, 7.004397048149258e-06, 1.0135500815522391e-05, 7.5797265708388295e-06], [0, 0.0006882455199956894, 0.00013157000648789108, 5.270924521028064e-05, 4.20752476202324e-05, 2.1993146219756454e-05, 3.111242767772637e-05, 1.738885293889325e-05, 2.04610223590862e-05, 1.3295805729285348e-05, 2.1406347514130175e-05, 1.3620012396131642e-05, 1.42101343953982e-05, 1.5506146155530587e-05, 1.3972002307127696e-05, 1.1851256203954108e-05, 8.522600182914175e-06, 1.1793173143814784e-05, 8.939823601394892e-06, 1.2982475709577557e-05, 1.145264377555577e-05], [0, 0.000692758068908006, 0.00013237996608950198, 4.742253804579377e-05, 2.6662346499506384e-05, 2.075136399071198e-05, 1.6790856534498744e-05, 1.2025308933516499e-05, 1.3629685781779699e-05, 1.07010764622828e-05, 7.613700745423557e-06, 1.4601654584112111e-05, 7.833426934666932e-06, 1.0141407074115705e-05, 1.1300712685624603e-05, 5.726645213144366e-06, 5.539106950891437e-06, 5.9858821259695105e-06, 5.753775894845603e-06, 7.089222890499514e-06, 5.085693828732474e-06]]}