{"alpha": 0.75, "beta": 0.5, "gamma": 7.0, "num_samples": 1000, "node_count": 10, "density": 0.75, "startup_delay": 0.0, "forward_prob": 0, "epochs": [[0, 1, 2, 3, 4, 5, 6, 7, 8, 9, 10, 11, 12, 13, 14, 15, 16, 17, 18, 19, 20], [0, 1, 2, 3, 4, 5, 6, 7, 8, 9, 10, 11, 12, 13, 14, 15, 16, 17, 18, 19, 20], [0, 1, 2, 3, 4, 5, 6, 7, 8, 9, 10, 11, 12, 13, 14, 15, 16, 17, 18, 19, 20], [0, 1, 2, 3, 4, 5, 6, 7, 8, 9, 10, 11, 12, 13, 14, 15, 16, 17, 18, 19, 20], [0, 1, 2, 3, 4, 5, 6, 7, 8, 9, 10, 11, 12, 13, 14, 15, 16, 17, 18, 19, 20], [0, 1, 2, 3, 4, 5, 6, 7, 8, 9, 10, 11, 12, 13, 14, 15, 16, 17, 18, 19, 20], [0, 1, 2, 3, 4, 5, 6, 7, 8, 9, 10, 11, 12, 13, 14, 15, 16, 17, 18, 19, 20], [0, 1, 2, 3, 4, 5, 6, 7, 8, 9, 10, 11, 12, 13, 14, 15, 16, 17, 18, 19, 20], [0, 1, 2, 3, 4, 5, 6, 7, 8, 9, 10, 11, 12, 13, 14, 15, 16, 17, 18, 19, 20], [0, 1, 2, 3, 4, 5, 6, 7, 8, 9, 10, 11, 12, 13, 14, 15, 16, 17, 18, 19, 20]], "accuracies": [[9.82, 10.11, 70.17, 77.28, 80.49, 83.4, 84.51, 84.85, 85.15, 85.53, 85.82, 85.92, 86.05, 85.97, 86.23, 86.22, 86.19, 86.18, 86.28, 86.49, 86.34], [6.68, 19.89, 73.73, 78.55, 82.5, 84.06, 84.41, 85.16, 85.52, 85.77, 86.1, 86.06, 86.19, 86.06, 86.4, 86.26, 86.42, 86.44, 86.43, 86.25, 86.41], [13.79, 10.81, 73.72, 77.73, 80.92, 83.29, 84.31, 85.41, 85.43, 85.79, 85.91, 85.95, 86.1, 86.35, 86.2, 86.23, 86.26, 86.45, 86.42, 86.41, 86.2], [13.18, 20.43, 72.17, 78.14, 82.86, 83.75, 84.42, 85.28, 85.35, 85.88, 86.06, 86.14, 86.06, 86.03, 86.17, 85.97, 86.11, 86.22, 86.32, 86.28, 86.36], [11.35, 30.12, 70.0, 77.67, 80.37, 83.41, 84.57, 85.13, 85.62, 85.79, 85.82, 86.07, 86.06, 86.1, 86.26, 86.09, 86.23, 86.4, 86.23, 86.26, 86.14], [8.16, 15.52, 70.77, 77.93, 82.16, 83.84, 84.88, 85.27, 85.45, 85.82, 85.77, 86.17, 86.04, 85.94, 86.0, 86.0, 86.26, 86.23, 86.07, 86.04, 86.07], [10.57, 15.31, 69.87, 78.37, 82.15, 83.68, 84.93, 85.63, 85.82, 86.15, 85.91, 86.12, 86.18, 86.31, 86.39, 86.29, 86.34, 86.36, 86.18, 86.29, 85.83], [9.97, 61.89, 77.07, 81.55, 83.58, 84.71, 85.28, 85.43, 85.77, 85.87, 85.82, 86.16, 85.98, 86.16, 86.12, 86.27, 85.64, 85.46, 85.22, 85.03, 85.15], [13.25, 58.29, 76.37, 81.56, 83.77, 84.64, 85.3, 85.47, 85.89, 85.91, 86.18, 85.93, 86.22, 86.42, 86.21, 86.25, 85.99, 85.39, 84.89, 85.19, 85.01], [6.0, 46.18, 78.11, 81.77, 84.05, 85.21, 85.62, 85.84, 86.14, 86.13, 86.37, 86.29, 86.3, 86.42, 86.38, 86.24, 85.19, 85.55, 84.94, 84.96, 84.99]], "msds": [[0, 0.0008630207739770412, 0.0002946703461930156, 0.0001395936997141689, 0.00010209697211394086, 0.00010613840277073905, 0.00011833182361442596, 0.00012852199142798781, 0.00012813403736799955, 0.00011602605081861839, 0.0001178945240098983, 0.0001132572433562018, 0.0001075922409654595, 9.128137753577903e-05, 0.00010664713772712275, 6.542784831253812e-05, 7.676091627217829e-05, 8.795068424660712e-05, 5.898528979741968e-05, 9.381684503750876e-05, 7.785647176206112e-05], [0, 0.0008566860924474895, 0.00029148542671464384, 0.0001278571435250342, 0.00010907391697401181, 0.00010931117867585272, 0.0001248998596565798, 0.0001287833583774045, 0.00012063197937095538, 0.00011379503848729655, 0.00011844199616461992, 0.00011565168097149581, 9.17759389267303e-05, 9.99785988824442e-05, 8.387163688894361e-05, 9.26446882658638e-05, 7.204218854894862e-05, 6.844368181191385e-05, 0.0001142921028076671, 8.64791072672233e-05, 6.351848423946649e-05], [0, 0.0008895788923837245, 0.00033744689426384866, 0.0001477741898270324, 0.00010295858373865485, 0.00010726196342147887, 0.00011859878577524796, 0.00012836139649152756, 0.00011261747567914426, 0.00010619642125675455, 0.00011736450687749311, 0.00011581530270632356, 9.851212962530553e-05, 9.614216833142564e-05, 6.758227391401306e-05, 8.843642717693001e-05, 6.841200956841931e-05, 6.618929910473526e-05, 8.626224735053256e-05, 6.359873077599332e-05, 8.165086182998493e-05], [0, 0.0008741664350964129, 0.0003045708581339568, 0.00012771590263582766, 0.00010692862997530028, 0.00010998065408784896, 0.00012656781473197043, 0.00012947150389663875, 0.00011956569505855441, 0.00012225558748468757, 0.00011661726603051648, 0.00012153499119449407, 8.439787779934704e-05, 9.258359932573512e-05, 8.224874909501523e-05, 0.00010507941624382511, 7.954945613164455e-05, 6.452479283325374e-05, 0.00010363056208007038, 9.581269841874018e-05, 4.8661502660252154e-05], [0, 0.0008635966223664582, 0.00032435590401291847, 0.0001479981146985665, 9.825478628044948e-05, 0.00011103144788648933, 0.00012362645065877587, 0.00013626119471155107, 0.00012006030738120899, 0.00011627872299868613, 0.00010427054075989872, 0.00011969452316407114, 9.100697934627533e-05, 9.303538536187261e-05, 7.907016697572544e-05, 7.631629705429077e-05, 7.441120396833867e-05, 7.50479448470287e-05, 0.00012356833030935377, 8.641434396849945e-05, 5.383716052165255e-05], [0, 0.0008524984586983919, 0.00032171091879718006, 0.00015284270921256393, 0.00011448493751231581, 0.00012563726340886205, 0.00013984806719236076, 0.00015222003275994211, 0.00013049272820353508, 0.00011898663069587201, 0.00011590244685066864, 0.0001080096117220819, 0.00010139960068045184, 8.411302405875176e-05, 9.630274144001305e-05, 9.67617888818495e-05, 7.972985622473061e-05, 9.009488712763414e-05, 7.132731843739748e-05, 7.675356755498797e-05, 7.171677134465426e-05], [0, 0.0008687075460329652, 0.00029382036882452667, 0.00014333936269395053, 0.00011735784210031852, 0.00011699095193762332, 0.00013080118515063077, 0.0001238104741787538, 0.0001149983363575302, 0.00011099022958660498, 0.00010530112194828689, 0.00010380152525613084, 9.198613406624645e-05, 8.06377938715741e-05, 0.0001063023810274899, 7.712017395533621e-05, 9.070497617358342e-05, 7.137582724681124e-05, 5.894185960642062e-05, 6.778040551580489e-05, 4.280512439436279e-05], [0, 0.0006175402086228132, 0.00018550794629845768, 0.00011149433703394607, 0.00011756890307879075, 0.00014318301691673696, 0.00013618837692774832, 0.00013067261897958815, 0.00012244332174304873, 0.0001071886727004312, 9.635856986278668e-05, 9.871634392766282e-05, 9.315503848483786e-05, 7.732817903161049e-05, 9.201917418977246e-05, 6.683906394755468e-05, 0.00011256562720518559, 3.0787239666096866e-05, 5.564078674069606e-05, 2.4127810320351273e-05, 1.3968263374408707e-05], [0, 0.0005918010137975216, 0.00020255778508726507, 0.00012335804058238864, 0.00013127995771355927, 0.00014412618475034833, 0.00015099052689038217, 0.00012590797268785536, 0.00013901969941798598, 0.00011609393550315872, 9.765494178282097e-05, 0.00011170621291967109, 8.183021418517455e-05, 8.708775567356497e-05, 9.125969518208876e-05, 7.219554390758276e-05, 8.342599176103249e-05, 6.0038732044631615e-05, 2.078486249956768e-05, 3.085517164436169e-05, 0], [0, 0.0005765922251157463, 0.00014570711937267333, 9.976422734325752e-05, 0.00011596637341426685, 0.0001316172129008919, 0.00011439483932917938, 0.00011393260501790792, 0.00011386859114281833, 9.549663081998006e-05, 9.912536916090176e-05, 9.715589112602174e-05, 7.643472781637684e-05, 9.302658145315945e-05, 8.611029625171795e-05, 4.527694545686245e-05, 7.38937669666484e-05, 5.186138514545746e-05, 0, 0, 0]]}