{"alpha": 0.9, "beta": 0.5, "gamma": 5.0, "num_samples": 6000, "node_count": 10, "density": 0.5, "startup_delay": 0.0, "forward_prob": 0, "epochs": [[0, 1, 2, 3, 4, 5, 6, 7, 8, 9, 10, 11, 12, 13, 14, 15, 16, 17, 18, 19, 20], [0, 1, 2, 3, 4, 5, 6, 7, 8, 9, 10, 11, 12, 13, 14, 15, 16, 17, 18, 19, 20], [0, 1, 2, 3, 4, 5, 6, 7, 8, 9, 10, 11, 12, 13, 14, 15, 16, 17, 18, 19, 20], [0, 1, 2, 3, 4, 5, 6, 7, 8, 9, 10, 11, 12, 13, 14, 15, 16, 17, 18, 19, 20], [0, 1, 2, 3, 4, 5, 6, 7, 8, 9, 10, 11, 12, 13, 14, 15, 16, 17, 18, 19, 20], [0, 1, 2, 3, 4, 5, 6, 7, 8, 9, 10, 11, 12, 13, 14, 15, 16, 17, 18, 19, 20], [0, 1, 2, 3, 4, 5, 6, 7, 8, 9, 10, 11, 12, 13, 14, 15, 16, 17, 18, 19, 20], [0, 1, 2, 3, 4, 5, 6, 7, 8, 9, 10, 11, 12, 13, 14, 15, 16, 17, 18, 19, 20], [0, 1, 2, 3, 4, 5, 6, 7, 8, 9, 10, 11, 12, 13, 14, 15, 16, 17, 18, 19, 20], [0, 1, 2, 3, 4, 5, 6, 7, 8, 9, 10, 11, 12, 13, 14, 15, 16, 17, 18, 19, 20]], "accuracies": [[12.0, 10.0, 64.75, 82.51, 86.19, 87.21, 88.41, 89.02, 89.36, 89.36, 89.71, 89.9, 89.92, 90.04, 90.24, 90.18, 90.03, 90.32, 90.11, 90.2, 89.97], [2.98, 11.46, 56.81, 82.87, 85.88, 87.31, 88.46, 89.18, 89.51, 89.38, 89.73, 90.12, 89.82, 90.27, 90.14, 90.06, 90.02, 90.05, 90.23, 90.21, 90.11], [11.03, 15.61, 64.36, 81.95, 85.65, 87.23, 88.41, 88.99, 89.22, 89.36, 89.68, 90.13, 89.84, 90.09, 90.06, 90.19, 90.14, 90.22, 90.04, 90.26, 90.29], [16.08, 10.0, 69.44, 81.65, 85.81, 87.38, 88.25, 88.68, 89.53, 89.66, 89.96, 89.65, 89.92, 90.09, 90.18, 90.19, 90.18, 90.34, 90.05, 90.11, 89.99], [11.78, 10.0, 68.51, 82.56, 86.04, 87.2, 88.19, 89.02, 89.3, 89.35, 89.83, 89.74, 90.04, 90.19, 90.11, 90.16, 89.9, 90.14, 90.04, 89.94, 89.85], [16.31, 13.55, 73.28, 81.93, 86.09, 87.45, 88.19, 89.12, 89.39, 89.39, 89.92, 89.66, 90.09, 90.01, 90.14, 90.23, 90.24, 90.06, 89.88, 89.7, 89.61], [13.53, 10.0, 62.41, 82.76, 86.12, 87.17, 88.54, 89.42, 89.48, 89.84, 90.03, 89.92, 90.08, 90.13, 90.17, 90.08, 90.29, 90.08, 89.19, 89.11, 89.36], [3.38, 12.13, 73.05, 81.55, 85.94, 87.15, 88.56, 89.39, 89.6, 89.92, 89.61, 90.27, 90.07, 90.15, 90.29, 90.3, 90.06, 89.94, 90.01, 89.8, 89.98], [6.52, 10.0, 68.53, 82.35, 85.64, 88.28, 89.08, 89.57, 90.11, 90.0, 90.0, 90.21, 90.2, 90.36, 90.11, 88.98, 89.95, 90.09, 89.86, 89.66, 89.37], [13.08, 76.43, 83.45, 86.88, 88.59, 89.11, 89.54, 89.41, 89.77, 89.92, 90.19, 90.12, 89.91, 89.35, 89.49, 89.31, 90.02, 89.8, 88.88, 88.78, 88.76]], "msds": [[0, 0.0010440503247082233, 0.0007832308765500784, 0.0005239655147306621, 0.00027632329147309065, 0.00020900595700368285, 0.00020087511802557856, 0.00020624001626856625, 0.0002466366277076304, 0.0002571077784523368, 0.00027601790498010814, 0.00028129274141974747, 0.0002821492380462587, 0.00028665209538303316, 0.0002948245091829449, 0.0002689521643333137, 0.0002972680376842618, 0.0003086632350459695, 0.0002734122972469777, 0.00023575070372316986, 0.0002695638977456838], [0, 0.0010737398406490684, 0.0007744913455098867, 0.0004886625101789832, 0.0002794446481857449, 0.00021703433594666421, 0.00020799398771487176, 0.0002251671248814091, 0.00024517110432498157, 0.0002560292195994407, 0.00027225830126553774, 0.000279457017313689, 0.000263499328866601, 0.00032007976551540196, 0.0002860474050976336, 0.0002852295874617994, 0.00027798404335044324, 0.0002848014410119504, 0.00028231172473169863, 0.00030105654150247574, 0.0002520102425478399], [0, 0.0010772098321467638, 0.000785576703492552, 0.0004776091955136508, 0.00031286830198951066, 0.00020468415459617972, 0.0002128759806510061, 0.0002337078476557508, 0.000248090538661927, 0.000270580843789503, 0.00028029480017721653, 0.00029383995570242405, 0.00028427489451132715, 0.00030499498825520277, 0.0003181993088219315, 0.00029567087767645717, 0.0002973683294840157, 0.0002673841954674572, 0.0003178199112880975, 0.00028391319210641086, 0.00026989192701876163], [0, 0.0010858261957764626, 0.000782547693233937, 0.0005228730151429772, 0.00031321379356086254, 0.00022251303016673774, 0.00020223262254148722, 0.0002185354387620464, 0.0002420277742203325, 0.0002574307727627456, 0.00027367123402655125, 0.00029339498723857105, 0.00030069457716308534, 0.0003113412531092763, 0.00028534349985420704, 0.0002878531813621521, 0.0002882887201849371, 0.0002941192651633173, 0.00024053067318163812, 0.00034259591484442353, 0.00023199670249596238], [0, 0.0011017188662663102, 0.000874393037520349, 0.00047935519251041114, 0.00027020767447538674, 0.00023530820908490568, 0.00021150411339476705, 0.0002168852515751496, 0.00023991490888874978, 0.0002549384953454137, 0.00028242345433682203, 0.00028896660660393536, 0.0003003402380272746, 0.00025462289340794086, 0.00027726488769985735, 0.00027210041298530996, 0.0003044962359126657, 0.0002450486645102501, 0.0002721024211496115, 0.0002522800932638347, 0.00021574216953013092], [0, 0.001088439836166799, 0.0008906832081265748, 0.0005336814210750163, 0.00031414831755682826, 0.00022407386859413236, 0.00022016135335434228, 0.0002232911210739985, 0.00025076611200347543, 0.00025508078397251666, 0.00029920009546913207, 0.00028304371517151594, 0.00029047796851955354, 0.00027872060309164226, 0.0002829419099725783, 0.0002634933916851878, 0.00028706237208098173, 0.00027676892932504416, 0.0002639018639456481, 0.0002884514397010207, 0.0003398279077373445], [0, 0.001072079874575138, 0.0009021942387335002, 0.0004920973442494869, 0.00029946397989988327, 0.00021340099920053035, 0.00021078067948110402, 0.00022442486078944057, 0.00025557453045621514, 0.0002641450264491141, 0.00026396906469017267, 0.0002748355327639729, 0.00028293521609157324, 0.0002648627560120076, 0.00026658226852305233, 0.00027724032406695187, 0.0002532584185246378, 0.00028126707184128463, 0.0002816574415192008, 0, 0], [0, 0.0010749533539637923, 0.0008101334678940475, 0.0004866075178142637, 0.0003059489536099136, 0.00021244878007564694, 0.00021626763918902725, 0.0002502318820916116, 0.0002721328928600997, 0.0002774606691673398, 0.00028073706198483706, 0.0002908870519604534, 0.0002672752016223967, 0.000267766386969015, 0.0003059431619476527, 0.00030122805037535727, 0.00027115989360027015, 0.00023048192088026553, 0.00047387173981405795, 0.0003021301527041942, 0.00028522382490336895], [0, 0.0010658894898369908, 0.000736912596039474, 0.00043163070222362876, 0.00028336557443253696, 0.0002185509365517646, 0.00023739539028611034, 0.0002621639287099242, 0.00028260593535378575, 0.0002913175558205694, 0.0003028073697350919, 0.0002979428682010621, 0.00026362069183960557, 0.0002778256020974368, 0.0002567283809185028, 0.0002194029075326398, 0.0004644379368983209, 0.0003498130536172539, 0.0002701203338801861, 0.00020787828543689102, 0.0003460034786257893], [0, 0.0007941364892758429, 0.0005796959158033133, 0.0003123415226582438, 0.0002568108611740172, 0.00026471400633454323, 0.00030177246662788093, 0.0003302147379145026, 0.00029597856337204576, 0.0003440333530306816, 0.0003159533371217549, 0.00029240138246677816, 0.00029264847398735583, 0.000275458674877882, 0.0004576968203764409, 0.00037850748049095273, 0.00025501687196083367, 0.00020787828543689102, 0.0003460034786257893, 0, 0]]}