{"alpha": 0.75, "beta": 0.5, "gamma": 3.0, "num_samples": 100, "node_count": 10, "density": 0.5, "startup_delay": 0.0, "forward_prob": 0, "epochs": [[0, 1, 2, 3, 4, 5, 6, 7, 8, 9, 10, 11, 12, 13, 14, 15, 16, 17, 18, 19, 20], [0, 1, 2, 3, 4, 5, 6, 7, 8, 9, 10, 11, 12, 13, 14, 15, 16, 17, 18, 19, 20], [0, 1, 2, 3, 4, 5, 6, 7, 8, 9, 10, 11, 12, 13, 14, 15, 16, 17, 18, 19, 20], [0, 1, 2, 3, 4, 5, 6, 7, 8, 9, 10, 11, 12, 13, 14, 15, 16, 17, 18, 19, 20], [0, 1, 2, 3, 4, 5, 6, 7, 8, 9, 10, 11, 12, 13, 14, 15, 16, 17, 18, 19, 20], [0, 1, 2, 3, 4, 5, 6, 7, 8, 9, 10, 11, 12, 13, 14, 15, 16, 17, 18, 19, 20], [0, 1, 2, 3, 4, 5, 6, 7, 8, 9, 10, 11, 12, 13, 14, 15, 16, 17, 18, 19, 20], [0, 1, 2, 3, 4, 5, 6, 7, 8, 9, 10, 11, 12, 13, 14, 15, 16, 17, 18, 19, 20], [0, 1, 2, 3, 4, 5, 6, 7, 8, 9, 10, 11, 12, 13, 14, 15, 16, 17, 18, 19, 20], [0, 1, 2, 3, 4, 5, 6, 7, 8, 9, 10, 11, 12, 13, 14, 15, 16, 17, 18, 19, 20]], "accuracies": [[14.63, 22.72, 63.16, 65.66, 68.39, 71.35, 72.06, 74.59, 74.68, 75.73, 74.5, 76.76, 75.27, 77.97, 78.08, 77.79, 77.68, 75.11, 78.01, 78.15, 79.01], [15.89, 19.45, 53.15, 65.17, 68.43, 71.81, 73.27, 73.12, 74.37, 73.24, 74.96, 76.25, 76.65, 77.6, 77.81, 78.13, 77.2, 77.29, 77.41, 78.19, 78.92], [18.14, 10.0, 58.89, 64.42, 67.69, 70.32, 71.73, 74.56, 73.99, 75.82, 74.9, 75.72, 76.95, 77.64, 77.26, 78.58, 76.44, 78.22, 77.63, 78.44, 79.15], [8.09, 18.51, 57.4, 66.21, 69.44, 69.53, 71.81, 74.32, 74.67, 74.41, 74.96, 76.45, 76.29, 77.41, 77.98, 78.29, 77.27, 76.48, 77.54, 78.37, 78.97], [10.73, 10.0, 57.15, 63.0, 68.19, 71.68, 73.53, 72.7, 74.17, 69.3, 74.91, 76.29, 76.2, 76.68, 76.66, 77.68, 77.4, 77.13, 76.17, 77.4, 77.93], [5.0, 10.0, 59.28, 64.92, 68.44, 69.7, 72.31, 74.09, 73.91, 72.01, 74.8, 75.83, 76.03, 77.42, 74.51, 77.88, 77.02, 74.43, 76.91, 76.36, 78.5], [8.98, 10.0, 52.19, 63.53, 67.42, 71.67, 71.77, 73.79, 74.72, 72.85, 75.15, 75.7, 76.99, 78.31, 76.94, 78.02, 77.22, 74.74, 77.66, 78.35, 78.8], [11.11, 37.76, 54.92, 64.17, 66.94, 69.32, 72.97, 73.46, 73.98, 75.09, 76.05, 77.47, 76.67, 77.81, 76.35, 78.69, 78.35, 78.84, 78.55, 77.76, 78.79], [10.09, 17.89, 47.19, 64.33, 68.69, 72.47, 73.38, 73.14, 74.39, 68.65, 75.59, 76.27, 76.37, 77.61, 76.89, 76.81, 76.8, 74.24, 77.22, 77.27, 77.88], [12.4, 19.93, 51.96, 64.74, 68.86, 71.53, 71.6, 73.76, 74.51, 75.37, 75.61, 76.32, 76.93, 78.02, 76.17, 78.37, 77.53, 78.19, 78.28, 78.37, 78.91]], "msds": [[0, 0.0007006741943769157, 0.00013005489017814398, 7.025607192190364e-05, 3.7278980016708374e-05, 2.8200081942486577e-05, 3.178057886543684e-05, 2.2992384401732124e-05, 2.6151874408242293e-05, 2.1018784536863677e-05, 2.0604020392056555e-05, 2.164122815884184e-05, 2.3239370420924388e-05, 1.9522618458722718e-05, 2.0033268810948357e-05, 1.9982737285317853e-05, 2.4481059881509282e-05, 2.1878380721318536e-05, 2.1877165636396967e-05, 2.460118594171945e-05, 2.426650644338224e-05], [0, 0.0006995020085014403, 0.0001306853664573282, 7.40810573915951e-05, 4.1716699342941865e-05, 2.9253455068101175e-05, 2.9856098990421742e-05, 2.6534036805969663e-05, 2.364856300118845e-05, 2.5783070668694563e-05, 2.0594561647158116e-05, 2.0700494133052416e-05, 1.9498953406582586e-05, 3.0237084502005018e-05, 2.350097020098474e-05, 2.047198540822137e-05, 2.5317973268101923e-05, 1.92827865248546e-05, 2.1618228856823407e-05, 1.3426067198452074e-05, 1.1723898751370143e-05], [0, 0.0007044505327939987, 0.00011343799997121096, 7.139744411688298e-05, 3.7055993743706495e-05, 2.94069541268982e-05, 3.209464921383187e-05, 2.6807316316990182e-05, 2.9326587537070736e-05, 2.5164534235955216e-05, 2.4039209165493958e-05, 2.6572244678391144e-05, 2.2485426597995684e-05, 1.8184031432610936e-05, 2.9994982469361275e-05, 1.84648233698681e-05, 3.142939385725185e-05, 2.2708454707753845e-05, 2.4328612198587507e-05, 1.7421394659322686e-05, 1.3703263903153129e-05], [0, 0.0007035796297714114, 0.00012898154091089964, 6.387631583493203e-05, 3.9635837310925126e-05, 3.085647040279582e-05, 3.123132046312094e-05, 2.2153288227855228e-05, 2.577918530732859e-05, 2.5510949853924103e-05, 2.0877147107967176e-05, 2.018454688368365e-05, 2.3163922378444113e-05, 2.6137378881685436e-05, 1.9365199477761053e-05, 2.236063482996542e-05, 2.7554990083444864e-05, 3.602334254537709e-05, 1.9997809431515634e-05, 1.791365139069967e-05, 1.3726093129662331e-05], [0, 0.0006959884776733816, 0.00012407662870828062, 6.759780080756173e-05, 4.2624265915947035e-05, 2.916485937021207e-05, 3.1120944186113775e-05, 3.352482235641219e-05, 2.360779035370797e-05, 3.2194078812608495e-05, 2.2037129383534193e-05, 2.179960392822977e-05, 1.7812644728110172e-05, 3.7986577808624133e-05, 1.7696525901556015e-05, 2.4462195142405108e-05, 1.890772909973748e-05, 2.0996874809497967e-05, 2.357435369049199e-05, 1.6093134036054835e-05, 1.9867531591444276e-05], [0, 0.0006965136853978038, 0.00013795385893899947, 6.916213897056878e-05, 4.135504423175007e-05, 3.304274650872685e-05, 3.17522935802117e-05, 2.33463342738105e-05, 2.5925361114786938e-05, 2.8676678994088434e-05, 2.231823600595817e-05, 2.247560041723773e-05, 2.3262406102730893e-05, 2.5904937501763925e-05, 2.8600275982171297e-05, 2.116165342158638e-05, 2.419660086161457e-05, 3.22454834531527e-05, 2.3536640583188273e-05, 2.84716188616585e-05, 1.7431100786780007e-05], [0, 0.0006938896258361638, 0.00011654031550278887, 7.53453787183389e-05, 3.850759458146058e-05, 2.8343676603981294e-05, 2.9396798709058203e-05, 2.6412988518131897e-05, 2.4091346858767793e-05, 2.1830441255588084e-05, 2.70063665084308e-05, 1.943092684086878e-05, 2.2749745767214336e-05, 2.255541221529711e-05, 2.0547413441818208e-05, 1.5901563529041596e-05, 1.888291990326252e-05, 1.315882764174603e-05, 2.5532053768984042e-05, 1.720050204312429e-05, 2.1537138309213333e-05], [0, 0.0006931922980584204, 0.0001599607348907739, 6.894277612445876e-05, 4.275405444786884e-05, 3.0793169571552426e-05, 2.7304071409162134e-05, 2.6935495043289848e-05, 2.840794149960857e-05, 2.403038160991855e-05, 2.2803043975727633e-05, 1.9916973542422056e-05, 2.5805880795815028e-05, 1.8380489564151503e-05, 3.2757470762589946e-05, 1.7876303900266066e-05, 1.6256230082944967e-05, 3.0726660043001175e-05, 2.2238915335037746e-05, 3.369258047314361e-05, 2.0207493435009383e-05], [0, 0.0006980057223699987, 0.00016420353495050222, 6.703483813907951e-05, 3.9530699723400176e-05, 2.8637405193876475e-05, 2.7619571483228356e-05, 3.328825914650224e-05, 3.073097104788758e-05, 2.343833511986304e-05, 2.095510899380315e-05, 2.2988007913227193e-05, 2.337881778657902e-05, 2.1829886463820003e-05, 2.211746141256299e-05, 1.955924744834192e-05, 2.2835092750028707e-05, 1.8770195310935378e-05, 2.6476900529814884e-05, 1.828709355322644e-05, 1.7899856175063178e-05], [0, 0.0007041131611913443, 0.00015377164527308196, 7.149474549805745e-05, 4.224388612783514e-05, 2.994795977429021e-05, 2.859211053873878e-05, 2.5502711650915444e-05, 2.5940969862858765e-05, 2.301065978826955e-05, 1.9676592273754068e-05, 1.9671108020702377e-05, 2.370725451328326e-05, 2.499516813259106e-05, 2.627782669151202e-05, 2.047758607659489e-05, 2.1034937162767164e-05, 3.210091745131649e-05, 2.1398560420493595e-05, 2.361971746722702e-05, 1.7698233932605945e-05]]}