{"alpha": 0.75, "beta": 0.5, "gamma": 1.0, "num_samples": 1000, "node_count": 10, "density": 0.0, "startup_delay": 2.0, "forward_prob": 0, "epochs": [[0, 1, 2, 3, 4, 5, 6, 7, 8, 9, 10, 11, 12, 13, 14, 15, 16, 17, 18, 19, 20], [0, 1, 2, 3, 4, 5, 6, 7, 8, 9, 10, 11, 12, 13, 14, 15, 16, 17, 18, 19, 20], [0, 1, 2, 3, 4, 5, 6, 7, 8, 9, 10, 11, 12, 13, 14, 15, 16, 17, 18, 19, 20], [0, 1, 2, 3, 4, 5, 6, 7, 8, 9, 10, 11, 12, 13, 14, 15, 16, 17, 18, 19, 20], [0, 1, 2, 3, 4, 5, 6, 7, 8, 9, 10, 11, 12, 13, 14, 15, 16, 17, 18, 19, 20], [0, 1, 2, 3, 4, 5, 6, 7, 8, 9, 10, 11, 12, 13, 14, 15, 16, 17, 18, 19, 20], [0, 1, 2, 3, 4, 5, 6, 7, 8, 9, 10, 11, 12, 13, 14, 15, 16, 17, 18, 19, 20], [0, 1, 2, 3, 4, 5, 6, 7, 8, 9, 10, 11, 12, 13, 14, 15, 16, 17, 18, 19, 20], [0, 1, 2, 3, 4, 5, 6, 7, 8, 9, 10, 11, 12, 13, 14, 15, 16, 17, 18, 19, 20], [0, 1, 2, 3, 4, 5, 6, 7, 8, 9, 10, 11, 12, 13, 14, 15, 16, 17, 18, 19, 20]], "accuracies": [[12.96, 29.52, 29.52, 29.48, 29.62, 29.64, 32.23, 43.64, 42.86, 45.52, 49.76, 55.83, 57.42, 55.87, 56.37, 56.08, 42.01, 54.21, 50.31, 38.57, 38.75], [10.26, 28.61, 28.42, 28.63, 28.8, 28.77, 35.69, 38.84, 46.98, 49.53, 45.09, 51.74, 52.83, 54.85, 51.18, 55.15, 52.38, 52.48, 50.1, 41.67, 51.87], [6.21, 28.61, 29.11, 28.25, 28.89, 28.78, 30.32, 37.71, 28.8, 32.03, 29.62, 34.27, 30.38, 30.04, 34.59, 32.8, 35.53, 38.38, 32.43, 41.57, 32.34], [7.99, 23.48, 25.42, 25.21, 24.35, 35.19, 35.33, 36.49, 41.78, 24.96, 40.75, 42.68, 40.71, 42.34, 36.7, 41.27, 43.58, 42.44, 41.41, 43.76, 47.04], [10.71, 28.26, 27.72, 28.52, 31.93, 37.7, 38.4, 28.68, 37.5, 36.19, 37.71, 39.39, 37.69, 38.55, 37.84, 37.98, 37.85, 38.12, 38.36, 38.34, 38.41], [7.69, 28.74, 27.03, 27.52, 27.62, 27.85, 29.67, 27.61, 26.58, 28.5, 37.63, 38.85, 33.55, 39.99, 30.57, 30.47, 33.72, 32.35, 36.32, 38.05, 41.56], [9.49, 4.69, 28.47, 28.85, 32.2, 45.6, 35.12, 31.42, 37.31, 36.3, 42.51, 37.37, 42.0, 41.67, 35.91, 38.58, 37.52, 34.45, 42.9, 39.59, 40.98], [12.95, 27.55, 28.75, 31.8, 34.1, 39.16, 42.69, 44.13, 40.18, 48.86, 53.64, 49.31, 53.7, 52.9, 46.39, 44.81, 40.29, 43.87, 29.87, 27.32, 35.38], [13.93, 19.73, 10.0, 10.71, 27.07, 29.29, 27.82, 28.45, 28.52, 29.01, 29.17, 29.7, 31.48, 30.54, 29.42, 29.46, 31.06, 31.34, 31.99, 29.56, 34.08], [4.16, 23.53, 21.13, 24.69, 22.56, 34.3, 28.5, 34.87, 25.04, 31.37, 37.4, 42.69, 37.35, 36.56, 41.39, 48.66, 31.32, 46.41, 42.28, 45.94, 27.25]], "msds": [[0, 0.0007337071583606303, 0.00047319327131845057, 0.00025701368576847017, 0.00015456658729817718, 0.0001422228669980541, 0.00010383107292000204, 9.561397018842399e-05, 8.519299444742501e-05, 9.169727127300575e-05, 6.520986062241718e-05, 0.00011665470083244145, 0.00012266365229152143, 0.00011052842455683276, 8.388030983041972e-05, 8.443852857453749e-05, 9.90553671726957e-05, 0.00016654997307341546, 9.479204163653776e-05, 0.00010481201752554625, 0.00012430496281012893], [0, 0.0007337071583606303, 0.00047319327131845057, 0.00025701368576847017, 0.00015456658729817718, 0.0001422228669980541, 0.00010383107292000204, 9.561397018842399e-05, 8.519299444742501e-05, 9.169727127300575e-05, 6.520986062241718e-05, 6.328895688056946e-05, 9.035479160957038e-05, 8.305463416036218e-05, 5.803289241157472e-05, 6.278527871472761e-05, 9.387356840306893e-05, 0.00011142445146106184, 8.44601818243973e-05, 0.00012006633187411353, 0.00016781067824922502], [0, 0.0007602692930959165, 0.00045200189924798906, 0.00028759558335877955, 0.0001979520166059956, 0.00015452266961801797, 0.0002718560863286257, 0.000214763727854006, 0.0006898230640217662, 0.0005077443784102798, 0.00033008347963914275, 0.00032809568801894784, 0.0002843601396307349, 0.00029752205591648817, 0.00028008464141748846, 0.00028177248896099627, 0.0002853134647011757, 0.0002864516281988472, 0.00028619825025089085, 0.00023334799334406853, 0.0003266771091148257], [0, 0.0007602692930959165, 0.00045200189924798906, 0.00028759558335877955, 0.0001979520166059956, 0.00015452266961801797, 0.00011164812895003706, 0.00016767367196734995, 0.00012140226317569613, 0.0007604899583384395, 0.0005012173787690699, 0.0003861059667542577, 0.00035341622424311936, 0.0002933591022156179, 0.000280648993793875, 0.0002905410947278142, 0.00017982634017243981, 0.00027426486485637724, 0.00027587494696490467, 0.00025540677597746253, 0.00026970176259055734], [0, 0.0008099800324998796, 0.0004399780882522464, 0.0005388114950619638, 0.00031933514401316643, 0.00025491518317721784, 0.00020869677246082574, 0.00028760594432242215, 0.00025393502437509596, 0.00022367910423781723, 0.0001735718542477116, 0.0001394295977661386, 0.00015914537652861327, 0.00017069718160200864, 0.000230614619795233, 0.0002699512697290629, 0.0001831129629863426, 0.00020628093625418842, 0.00023657205747440457, 0.00013885056250728667, 0.00010143670078832656], [0, 0, 0.0004081006336491555, 0.0004968428984284401, 0.0002453434281051159, 0.00019523745868355036, 9.472435340285301e-05, 0.00017383208614774048, 0.00016101612709462643, 0.00015068973880261183, 0.00013640482211485505, 0.00010276222747052088, 0.00013170740567147732, 0.00011157329572597519, 0.00017933116760104895, 0.00016027352830860764, 0.00012306471762713045, 0.0001435924059478566, 0.00017082493286579847, 0.00010763623868115246, 6.879840657347813e-05], [0, 0.0008067869930528104, 0.0004597782390192151, 0.00019768309721257538, 0.00017746258527040482, 0.00017578309052623808, 0.00015154245193116367, 0.00018678788910619915, 0.0001700204302323982, 0.0001893258304335177, 0.00013881840277463198, 8.089734910754487e-05, 8.241996692959219e-05, 9.90553671726957e-05, 0.00019623848493210971, 0.00010878143802983686, 0.00010481201752554625, 0.00012430496281012893, 0.00020369846606627107, 0.00012324334238655865, 8.511759369866922e-05], [0, 0.0007702267030254006, 0.00020070803293492645, 0.00016277030226774514, 0.00016485275409650058, 0.0001560668897582218, 0.0001786726643331349, 0.0001536649069748819, 0.00014696188736706972, 0.00019060770864598453, 0.0001444658701075241, 0.00011271068797213957, 8.645702473586425e-05, 0.00010076066246256232, 0.00019198698282707483, 0.00010512385779293254, 0.00011730779078789055, 0.00019431300461292267, 0.0002481014234945178, 0.00018973177066072822, 0.00012461775622796267], [0, 0.000750361243262887, 0.0004775109118781984, 0.00043622273369692266, 0.00044032486039213836, 0.0004521835653577, 0.00019444192002993077, 0.00014884730626363307, 0.00016595330089330673, 0.00018553747213445604, 0.0001835961447795853, 0.00016311981016770005, 0.0001710915967123583, 0.000143117576953955, 0.00020134895748924464, 0.00019097673066426069, 0.00016981242515612394, 0.0001955417828867212, 0.0002481014234945178, 0.00018973177066072822, 0.00012461775622796267], [0, 0.0007794949342496693, 0.00039986358024179935, 0.00024833163479343057, 0.00023488323495257646, 0.00026775250444188714, 0.00027004582807421684, 0.00020746176596730947, 0.0008178529678843915, 0.00046223291428759694, 0.0003687991702463478, 0.0003067247162107378, 0.00030446352320723236, 0.000272773380856961, 0.00026843350497074425, 0.0001994846243178472, 0.0002784163225442171, 0.0002609570510685444, 0.0002721141208894551, 0.00024427464813925326, 0]]}