{"alpha": 0.75, "beta": 0.5, "gamma": 5.0, "num_samples": 1000, "node_count": 10, "density": 1.0, "startup_delay": 2.0, "forward_prob": 0, "epochs": [[0, 1, 2, 3, 4, 5, 6, 7, 8, 9, 10, 11, 12, 13, 14, 15, 16, 17, 18, 19, 20], [0, 1, 2, 3, 4, 5, 6, 7, 8, 9, 10, 11, 12, 13, 14, 15, 16, 17, 18, 19, 20], [0, 1, 2, 3, 4, 5, 6, 7, 8, 9, 10, 11, 12, 13, 14, 15, 16, 17, 18, 19, 20], [0, 1, 2, 3, 4, 5, 6, 7, 8, 9, 10, 11, 12, 13, 14, 15, 16, 17, 18, 19, 20], [0, 1, 2, 3, 4, 5, 6, 7, 8, 9, 10, 11, 12, 13, 14, 15, 16, 17, 18, 19, 20], [0, 1, 2, 3, 4, 5, 6, 7, 8, 9, 10, 11, 12, 13, 14, 15, 16, 17, 18, 19, 20], [0, 1, 2, 3, 4, 5, 6, 7, 8, 9, 10, 11, 12, 13, 14, 15, 16, 17, 18, 19, 20], [0, 1, 2, 3, 4, 5, 6, 7, 8, 9, 10, 11, 12, 13, 14, 15, 16, 17, 18, 19, 20], [0, 1, 2, 3, 4, 5, 6, 7, 8, 9, 10, 11, 12, 13, 14, 15, 16, 17, 18, 19, 20], [0, 1, 2, 3, 4, 5, 6, 7, 8, 9, 10, 11, 12, 13, 14, 15, 16, 17, 18, 19, 20]], "accuracies": [[9.06, 10.0, 31.06, 29.55, 47.29, 33.64, 61.16, 43.37, 64.86, 45.14, 62.41, 43.84, 52.22, 56.74, 50.77, 65.99, 62.64, 68.14, 53.86, 70.33, 53.37], [7.82, 10.0, 27.65, 40.61, 28.68, 50.42, 33.6, 65.17, 37.43, 59.18, 47.28, 67.65, 50.45, 65.18, 54.39, 68.98, 58.04, 63.19, 67.98, 41.59, 66.22], [7.66, 10.0, 23.61, 29.2, 25.81, 59.98, 46.0, 51.29, 53.25, 53.87, 47.49, 50.17, 65.42, 53.72, 69.03, 59.78, 70.32, 54.64, 66.77, 55.25, 55.94], [13.59, 10.0, 23.28, 24.42, 32.93, 53.58, 56.51, 61.87, 40.75, 49.12, 41.9, 59.09, 58.25, 63.89, 56.09, 67.92, 68.6, 61.57, 75.49, 56.53, 64.35], [8.48, 15.03, 25.32, 43.51, 45.42, 52.17, 50.66, 43.18, 61.24, 46.49, 58.41, 46.51, 69.48, 51.31, 74.86, 52.56, 73.89, 57.51, 67.7, 57.21, 53.06], [8.76, 10.0, 31.8, 38.26, 29.44, 48.74, 54.76, 54.65, 62.48, 53.57, 56.11, 51.66, 55.12, 55.76, 54.23, 68.9, 62.57, 70.91, 66.71, 49.23, 57.35], [8.17, 24.81, 35.45, 37.81, 47.66, 45.42, 59.79, 51.77, 59.84, 46.11, 60.39, 59.18, 62.13, 66.89, 65.91, 65.83, 66.1, 61.75, 54.03, 57.24, 57.89], [13.59, 36.28, 34.99, 51.03, 39.25, 67.16, 43.53, 72.03, 45.54, 67.22, 42.67, 64.76, 52.81, 67.36, 74.1, 61.08, 73.56, 61.43, 64.41, 44.39, 57.89], [10.41, 19.76, 28.67, 35.97, 42.54, 39.69, 55.35, 41.91, 53.93, 46.07, 50.55, 53.84, 44.03, 63.97, 61.41, 53.63, 56.52, 67.34, 48.48, 58.72, 57.89], [14.24, 39.77, 43.55, 46.87, 62.85, 51.32, 66.51, 46.35, 70.59, 47.42, 59.16, 55.45, 73.73, 57.19, 72.88, 60.91, 62.96, 65.37, 49.12, 57.89, 28.16]], "msds": [[0, 0.0007412614650093019, 0.00021434058726299554, 0.00017485691932961345, 8.24621893116273e-05, 0.00010380807361798361, 8.055042417254299e-05, 7.77792083681561e-05, 6.5997512137983e-05, 9.106419747695327e-05, 7.160228415159509e-05, 0.00011754843581002206, 8.838301437208429e-05, 7.449582335539162e-05, 7.648322934983298e-05, 6.830510392319411e-05, 8.266613440355286e-05, 6.191797729115933e-05, 0.00014179742720443755, 4.728786734631285e-05, 8.623434405308217e-05], [0, 0.0007500346982851624, 0.0002012024779105559, 0.00014768700930289924, 0.00010326175106456503, 8.259635069407523e-05, 9.274324838770553e-05, 7.29025705368258e-05, 8.422735118074343e-05, 8.680167229613289e-05, 0.00011046881991205737, 0.00010222577111562714, 9.941723692463711e-05, 8.319383778143674e-05, 0.0001051498475135304, 7.376822031801566e-05, 7.629874744452536e-05, 6.193396257003769e-05, 9.08916408661753e-05, 9.119063906837255e-05, 7.643259596079588e-05], [0, 0.0007468168041668832, 0.00020903610857203603, 0.00017386529361829162, 0.00010977459896821529, 0.00010105002002092078, 9.736669744597748e-05, 0.0001036861285683699, 8.349323616130278e-05, 9.230773139279336e-05, 8.801239164313301e-05, 0.00012234206951688975, 7.68430472817272e-05, 0.00011766792886191979, 7.951364386826754e-05, 0.0001136545033659786, 7.146939606172964e-05, 6.312732148217037e-05, 6.470373773481697e-05, 7.574159826617688e-05, 7.445040682796389e-05], [0, 0.0007571601890958846, 0.00020133300859015435, 0.00015059042198117822, 9.939746814779937e-05, 9.531138493912295e-05, 9.530498937238008e-05, 0.0001044087257469073, 9.333203342976049e-05, 0.00011014165647793561, 0.00011553390504559502, 0.00010849419049918652, 9.939513984136283e-05, 8.621376036899164e-05, 9.176533058052883e-05, 9.824927110457793e-05, 7.704566814936697e-05, 7.74824948166497e-05, 8.472977788187563e-05, 9.155848965747282e-05, 7.788087532389909e-05], [0, 0.0007500035571865737, 0.00020692989346571267, 0.00017419162031728774, 0.00010891700367210433, 9.454460814595222e-05, 0.00010381968604633585, 0.00010543061944190413, 8.074019569903612e-05, 9.750907338457182e-05, 7.299689605133608e-05, 0.00011902598635060713, 8.306776726385579e-05, 8.610580698587e-05, 7.452409045072272e-05, 9.789705654839054e-05, 6.770093023078516e-05, 6.918121653143317e-05, 7.450600969605148e-05, 6.652485171798617e-05, 0.00010242544522043318], [0, 0.0007600411772727966, 0.0002076436358038336, 0.0001573995396029204, 9.34145282371901e-05, 9.939468873199075e-05, 8.535549568478018e-05, 9.009144559968263e-05, 9.082114411285147e-05, 8.244484342867509e-05, 9.193787991534919e-05, 9.5937262813095e-05, 8.09776975074783e-05, 9.059517469722778e-05, 0.00012270238948985934, 7.629494211869314e-05, 7.688551704632118e-05, 5.5184813390951604e-05, 7.749804353807122e-05, 6.364531145663932e-05, 0.00010791186650749296], [0, 0.0005789337446913123, 0.0001832575653679669, 0.00010080747597385198, 0.00010104903776664287, 9.509061055723578e-05, 9.48173546930775e-05, 8.705048821866512e-05, 9.106095239985734e-05, 0.00010651540651451796, 0.00011245943460380659, 8.183380850823596e-05, 8.393845928367227e-05, 9.799685358302668e-05, 9.596315067028627e-05, 7.736567931715399e-05, 6.483992183348164e-05, 7.761304004816338e-05, 9.193649748340249e-05, 7.151070167310536e-05, 0.00013926567044109106], [0, 0.0005564459715969861, 0.00019227697339374572, 8.613954560132697e-05, 9.038556891027838e-05, 8.749772678129375e-05, 8.221618918469176e-05, 7.298640412045643e-05, 9.375690569868311e-05, 7.931148138595745e-05, 0.00010143924737349153, 7.428952812915668e-05, 9.683336247690022e-05, 7.916055619716644e-05, 8.439329394605011e-05, 6.5820429881569e-05, 5.2166211389703676e-05, 0.00011292896670056507, 5.359945134841837e-05, 0.00012155231524957344, 8.48644704092294e-05], [0, 0.0006241778028197587, 0.00020765904628206044, 0.00011040620302082971, 0.00011082503624493256, 0.00010668027971405536, 9.990680700866506e-05, 9.842230065260082e-05, 0.00010467223182786256, 0.00010935681348200887, 0.00011881970567628741, 0.00010460992780281231, 9.875866817310452e-05, 8.99566148291342e-05, 9.055120608536527e-05, 8.237080328399315e-05, 8.224120392696932e-05, 8.150458597810939e-05, 7.52887426642701e-05, 8.166767656803131e-05, 0.00012186322419438511], [0, 0.0005965492455288768, 0.00020333002612460405, 0.00013504813250619918, 0.00011097638343926519, 0.00011147126497235149, 0.00010272154031554237, 0.00010630908946041018, 9.582751226844266e-05, 0.000113917158159893, 7.427801756421104e-05, 9.964108903659508e-05, 8.124156011035666e-05, 9.783897985471413e-05, 6.332282646326348e-05, 6.716669304296374e-05, 7.765114423818886e-05, 6.904962356202304e-05, 0.0001087086639017798, 9.234886238118634e-05, 0]]}