{"alpha": 0.75, "beta": 0.5, "gamma": 2.0, "num_samples": 100, "node_count": 10, "density": 0.25, "startup_delay": 2.0, "forward_prob": 0, "epochs": [[0, 1, 2, 3, 4, 5, 6, 7, 8, 9, 10, 11, 12, 13, 14, 15, 16, 17, 18, 19, 20], [0, 1, 2, 3, 4, 5, 6, 7, 8, 9, 10, 11, 12, 13, 14, 15, 16, 17, 18, 19, 20], [0, 1, 2, 3, 4, 5, 6, 7, 8, 9, 10, 11, 12, 13, 14, 15, 16, 17, 18, 19, 20], [0, 1, 2, 3, 4, 5, 6, 7, 8, 9, 10, 11, 12, 13, 14, 15, 16, 17, 18, 19, 20], [0, 1, 2, 3, 4, 5, 6, 7, 8, 9, 10, 11, 12, 13, 14, 15, 16, 17, 18, 19, 20], [0, 1, 2, 3, 4, 5, 6, 7, 8, 9, 10, 11, 12, 13, 14, 15, 16, 17, 18, 19, 20], [0, 1, 2, 3, 4, 5, 6, 7, 8, 9, 10, 11, 12, 13, 14, 15, 16, 17, 18, 19, 20], [0, 1, 2, 3, 4, 5, 6, 7, 8, 9, 10, 11, 12, 13, 14, 15, 16, 17, 18, 19, 20], [0, 1, 2, 3, 4, 5, 6, 7, 8, 9, 10, 11, 12, 13, 14, 15, 16, 17, 18, 19, 20], [0, 1, 2, 3, 4, 5, 6, 7, 8, 9, 10, 11, 12, 13, 14, 15, 16, 17, 18, 19, 20]], "accuracies": [[10.05, 19.88, 20.99, 37.18, 22.86, 41.9, 48.84, 44.97, 47.15, 44.44, 52.53, 48.39, 48.52, 43.97, 48.05, 44.8, 54.1, 59.19, 64.52, 52.13, 45.43], [4.52, 27.42, 35.04, 31.93, 29.29, 33.39, 48.84, 35.95, 52.55, 49.65, 44.7, 47.51, 51.4, 36.78, 56.95, 47.73, 55.85, 52.67, 62.18, 58.4, 61.78], [10.04, 10.0, 17.87, 23.16, 33.65, 36.97, 42.4, 32.11, 36.41, 33.65, 49.82, 30.49, 41.84, 27.9, 48.97, 33.55, 37.89, 32.91, 53.74, 35.18, 51.98], [14.35, 10.02, 29.77, 32.55, 21.92, 35.57, 28.53, 27.06, 35.37, 34.35, 60.85, 44.79, 61.94, 47.37, 60.97, 42.11, 53.5, 65.89, 60.82, 52.96, 63.32], [11.06, 10.0, 24.34, 35.09, 36.41, 20.4, 25.12, 26.25, 40.1, 25.81, 43.86, 29.56, 36.09, 27.79, 41.7, 19.85, 47.31, 35.46, 46.32, 31.71, 65.48], [8.35, 15.03, 17.93, 26.68, 41.29, 37.28, 32.42, 38.4, 40.96, 43.51, 37.49, 30.22, 34.98, 43.22, 39.92, 40.33, 44.6, 46.41, 48.23, 50.55, 32.94], [9.71, 21.93, 28.05, 32.04, 35.68, 42.08, 55.08, 42.8, 56.03, 35.97, 55.44, 42.64, 53.06, 45.72, 41.66, 56.22, 54.07, 49.88, 59.57, 53.2, 37.7], [14.2, 27.28, 39.5, 40.86, 43.98, 43.03, 48.94, 45.26, 50.65, 50.65, 44.64, 39.84, 57.3, 47.27, 56.68, 61.99, 54.24, 51.27, 61.48, 53.94, 46.93], [22.14, 16.13, 25.8, 26.25, 34.31, 31.1, 45.45, 40.7, 25.4, 26.63, 36.51, 24.23, 24.94, 23.08, 35.49, 33.84, 35.73, 35.9, 43.37, 29.24, 23.4], [10.21, 27.91, 21.6, 29.39, 28.74, 28.86, 31.17, 29.72, 28.68, 28.51, 28.3, 28.35, 28.26, 28.3, 28.22, 28.26, 28.25, 28.31, 28.32, 28.29, 28.21]], "msds": [[0, 0.0006618422921746969, 0.00013591189053840935, 6.570237019332126e-05, 4.401315891300328e-05, 4.616843943949789e-05, 4.997094220016152e-05, 4.821764014195651e-05, 3.526019645505585e-05, 4.3396383262006566e-05, 2.5673418349470012e-05, 3.505234053591266e-05, 2.9316162908799015e-05, 4.0610430005472153e-05, 3.884696707245894e-05, 4.03011217713356e-05, 2.6562676794128492e-05, 2.779270835162606e-05, 1.9166338461218402e-05, 1.9923216314055026e-05, 2.6166761017520912e-05], [0, 0.00045643607154488564, 0.0001143148765549995, 6.279713124968112e-05, 3.958153320127167e-05, 3.750561154447496e-05, 5.4486721637658775e-05, 4.6214950998546556e-05, 4.360858292784542e-05, 3.623139127739705e-05, 3.203562300768681e-05, 2.433729423501063e-05, 3.5401328204898164e-05, 2.332185977138579e-05, 3.462634776951745e-05, 3.409406417631544e-05, 3.352237035869621e-05, 2.4849492547218688e-05, 1.760314808052499e-05, 2.2274214643402956e-05, 2.058775680779945e-05], [0, 0.0004607621522154659, 0.00014360724890138954, 0.00010111488518305123, 7.474027370335534e-05, 6.899407162563875e-05, 5.323293953551911e-05, 6.259456858970225e-05, 6.684799154754728e-05, 3.962413757108152e-05, 4.9363094149157405e-05, 3.41304148605559e-05, 3.834923336398788e-05, 3.831630601780489e-05, 6.486392521765083e-05, 4.125980558455922e-05, 5.67210117878858e-05, 3.2052626920631155e-05, 2.9201242796261795e-05, 2.0181090803816915e-05, 3.257026764913462e-05], [0, 0.0006133217830210924, 0.00012081687600584701, 6.334749195957556e-05, 3.922277028323151e-05, 6.209616549313068e-05, 5.514432996278629e-05, 4.9989732360700145e-05, 4.120010635233484e-05, 4.662178616854362e-05, 3.1599789508618414e-05, 2.3784368750057183e-05, 2.809229408740066e-05, 2.406541898380965e-05, 2.439617492200341e-05, 4.296466431696899e-05, 3.266732892370783e-05, 2.809622856148053e-05, 1.7637861674302258e-05, 2.3461159798898734e-05, 2.0940373360645026e-05], [0, 0.0006763743585906923, 0.0001537138596177101, 8.064231224125251e-05, 6.058775034034625e-05, 7.03441837686114e-05, 4.7453406295971945e-05, 7.348293729592115e-05, 4.577379877446219e-05, 4.86029930470977e-05, 3.6368572182254866e-05, 3.43859865097329e-05, 3.250694862799719e-05, 4.880177220911719e-05, 4.4873173465020955e-05, 5.4350148275261745e-05, 5.610199150396511e-05, 3.9241640479303896e-05, 2.7738404241972603e-05, 2.381097147008404e-05, 2.774780659819953e-05], [0, 0.0004835422441828996, 0.00017891735478769988, 9.815243538469076e-05, 8.182499004760757e-05, 5.752238939749077e-05, 4.433103458723053e-05, 3.658771311165765e-05, 3.780541737796739e-05, 3.499504964565858e-05, 2.8212532924953848e-05, 3.016472874151077e-05, 3.5793258575722575e-05, 3.968130477005616e-05, 3.189549170201644e-05, 3.806896711466834e-05, 3.9365644624922425e-05, 2.082614810205996e-05, 2.2296077077044174e-05, 1.773434632923454e-05, 1.9812616301351227e-05], [0, 0.0005271906265988946, 0.00012693001190200448, 7.290406210813671e-05, 6.207198748597875e-05, 5.1075890951324254e-05, 3.47435925505124e-05, 3.54712683474645e-05, 3.252973692724481e-05, 2.9694656404899433e-05, 4.011747660115361e-05, 2.1810963517054915e-05, 5.279710967442952e-05, 2.8770356948371045e-05, 3.758921229746193e-05, 2.666362706804648e-05, 2.432977817079518e-05, 1.833360511227511e-05, 3.2256488339044154e-05, 1.4625705262005795e-05, 4.0856004488887265e-05], [0, 0.0004926282563246787, 0.0001281524309888482, 8.846782293403521e-05, 7.204587745945901e-05, 5.301319470163435e-05, 3.46103151969146e-05, 3.252083115512505e-05, 3.236628253944218e-05, 2.4351022148039192e-05, 3.523794293869287e-05, 2.732880057010334e-05, 4.423977225087583e-05, 3.277090945630334e-05, 4.896148675470613e-05, 3.0346733183250763e-05, 2.9354618163779378e-05, 2.160619987989776e-05, 4.302701563574374e-05, 2.1093832401675172e-05, 5.0393471610732377e-05], [0, 0.0005288912798278034, 0.0001166120491689071, 6.271722668316215e-05, 6.805000884924084e-05, 4.361531318863854e-05, 3.804152220254764e-05, 3.51502894773148e-05, 2.4541595848859288e-05, 2.729023435676936e-05, 2.8331975045148283e-05, 3.133180507575162e-05, 2.7682252039085142e-05, 5.500235056388192e-05, 3.052203464903869e-05, 3.0183991839294322e-05, 2.306570422661025e-05, 3.0562991014448926e-05, 2.2124020688352175e-05, 4.451823770068586e-05, 0], [0, 0.0005230850074440241, 0.00010310910874977708, 5.5564836657140404e-05, 3.0984658224042505e-05, 4.1174494981532916e-05, 5.2241492085158825e-05, 1.8147971786675043e-05, 0, 0, 0, 0, 0, 0, 0, 0, 0, 0, 0, 0, 0]]}