{"alpha": 0.75, "beta": 0.5, "gamma": 5.0, "num_samples": 100, "node_count": 10, "density": 0.5, "startup_delay": 0.0, "forward_prob": 0, "epochs": [[0, 1, 2, 3, 4, 5, 6, 7, 8, 9, 10, 11, 12, 13, 14, 15, 16, 17, 18, 19, 20], [0, 1, 2, 3, 4, 5, 6, 7, 8, 9, 10, 11, 12, 13, 14, 15, 16, 17, 18, 19, 20], [0, 1, 2, 3, 4, 5, 6, 7, 8, 9, 10, 11, 12, 13, 14, 15, 16, 17, 18, 19, 20], [0, 1, 2, 3, 4, 5, 6, 7, 8, 9, 10, 11, 12, 13, 14, 15, 16, 17, 18, 19, 20], [0, 1, 2, 3, 4, 5, 6, 7, 8, 9, 10, 11, 12, 13, 14, 15, 16, 17, 18, 19, 20], [0, 1, 2, 3, 4, 5, 6, 7, 8, 9, 10, 11, 12, 13, 14, 15, 16, 17, 18, 19, 20], [0, 1, 2, 3, 4, 5, 6, 7, 8, 9, 10, 11, 12, 13, 14, 15, 16, 17, 18, 19, 20], [0, 1, 2, 3, 4, 5, 6, 7, 8, 9, 10, 11, 12, 13, 14, 15, 16, 17, 18, 19, 20], [0, 1, 2, 3, 4, 5, 6, 7, 8, 9, 10, 11, 12, 13, 14, 15, 16, 17, 18, 19, 20], [0, 1, 2, 3, 4, 5, 6, 7, 8, 9, 10, 11, 12, 13, 14, 15, 16, 17, 18, 19, 20]], "accuracies": [[16.45, 10.0, 55.48, 60.52, 65.57, 70.27, 72.72, 72.9, 74.3, 75.85, 77.01, 76.71, 77.5, 77.46, 76.97, 78.52, 77.78, 76.43, 78.26, 77.02, 78.38], [7.77, 18.98, 55.3, 61.45, 67.82, 70.46, 74.18, 72.35, 76.08, 76.3, 76.99, 76.19, 78.1, 78.48, 78.77, 78.53, 78.15, 78.57, 79.07, 78.32, 77.66], [12.93, 20.13, 54.39, 64.98, 70.19, 72.53, 73.75, 73.89, 75.52, 75.76, 76.21, 76.08, 77.35, 77.54, 77.86, 76.49, 77.7, 77.81, 78.09, 78.09, 77.97], [2.84, 10.0, 53.08, 61.05, 68.13, 71.65, 75.15, 75.65, 75.26, 77.03, 76.79, 77.58, 78.09, 78.64, 78.97, 78.42, 78.61, 78.5, 78.45, 77.88, 78.24], [10.01, 19.1, 52.98, 63.0, 66.73, 73.49, 71.93, 75.28, 77.24, 75.95, 77.98, 78.34, 78.56, 79.06, 78.98, 77.95, 78.59, 78.84, 78.57, 77.62, 78.28], [8.52, 10.13, 55.5, 66.93, 69.82, 73.17, 74.59, 75.64, 75.52, 75.71, 75.91, 76.91, 77.0, 78.06, 76.5, 78.38, 78.4, 78.65, 78.18, 77.69, 75.62], [9.89, 10.0, 62.07, 62.76, 70.07, 69.71, 73.76, 75.79, 77.15, 75.5, 77.18, 77.93, 78.49, 77.35, 78.13, 76.68, 77.87, 78.35, 77.62, 77.62, 78.1], [6.11, 10.0, 60.58, 65.65, 70.72, 73.2, 73.67, 74.59, 75.14, 76.72, 77.34, 77.1, 78.21, 78.44, 78.37, 78.36, 77.0, 77.16, 77.96, 76.54, 74.54], [3.4, 53.66, 64.75, 71.83, 74.44, 76.37, 77.91, 77.84, 78.26, 79.32, 77.88, 77.8, 77.52, 77.13, 76.61, 74.62, 71.82, 74.37, 74.95, 74.94, 75.05], [8.02, 52.29, 68.45, 73.6, 75.46, 75.0, 76.79, 77.34, 77.55, 76.94, 77.79, 76.79, 77.09, 78.16, 74.56, 74.02, 74.03, 74.03, 74.09, 73.91, 73.94]], "msds": [[0, 0.000693530950229615, 0.0001206029555760324, 6.133605347713456e-05, 4.52500898973085e-05, 3.233485040254891e-05, 2.5606121198507026e-05, 2.299740481248591e-05, 2.3320504624280147e-05, 2.274407961522229e-05, 2.210399179602973e-05, 2.0845127437496558e-05, 2.1559711967711337e-05, 2.0252267859177664e-05, 1.969070581253618e-05, 1.6538075215066783e-05, 1.562634133733809e-05, 1.517955752206035e-05, 1.4733916941622738e-05, 2.2988933778833598e-05, 1.4249919331632555e-05], [0, 0.0006928611546754837, 9.840550774242729e-05, 5.149622302269563e-05, 4.027946852147579e-05, 2.8827766072936356e-05, 2.4318946088897064e-05, 2.121075158356689e-05, 2.1312489479896612e-05, 2.0327930542407557e-05, 1.7876103811431676e-05, 2.0421954104676843e-05, 2.0938618035870604e-05, 1.782216531864833e-05, 1.9853527192026377e-05, 1.5892646842985414e-05, 1.4448543879552744e-05, 1.1887867003679276e-05, 2.0670529920607805e-05, 1.612696905795019e-05, 1.0969337381538935e-05], [0, 0.0006933240219950676, 0.00011036271462216973, 6.035575643181801e-05, 3.978160384576768e-05, 3.71536698366981e-05, 3.349110556882806e-05, 2.666089858394116e-05, 2.6564894142211415e-05, 2.816107553371694e-05, 2.2468728275271133e-05, 2.5382072635693476e-05, 2.2739730411558412e-05, 2.2455633370555006e-05, 1.6582280295551755e-05, 1.5292878742911853e-05, 2.0640745788114145e-05, 2.116260293405503e-05, 2.1656649551005103e-05, 1.1362762961653061e-05, 2.425043930998072e-05], [0, 0.0006975419819355011, 0.00010076993203256279, 5.490526382345706e-05, 3.29170397890266e-05, 3.094657222391106e-05, 2.6757823434309103e-05, 2.2023274141247384e-05, 2.696063347684685e-05, 2.0960014808224514e-05, 1.9603121472755447e-05, 2.250581019325182e-05, 1.8035170796792954e-05, 1.522440834378358e-05, 1.0286994438502006e-05, 1.9177219655830413e-05, 1.0698026926547755e-05, 4.420112236402929e-05, 1.7918007870321162e-05, 1.2095718375348952e-05, 1.2248749953869265e-05], [0, 0.0006977581651881337, 0.00010509850108064711, 5.231325849308632e-05, 3.206730616511777e-05, 2.9233393433969468e-05, 2.301967288076412e-05, 2.7463800506666303e-05, 2.0688516087830067e-05, 2.1709140128223225e-05, 2.04083899006946e-05, 2.4499237042618915e-05, 2.020737883867696e-05, 1.4232933608582243e-05, 1.2585636795847677e-05, 2.107890759361908e-05, 2.3084228814695962e-05, 2.0234145267750137e-05, 1.1878647455887403e-05, 1.296448681387119e-05, 7.977269888215233e-06], [0, 0.0006891107186675072, 9.968138328986242e-05, 5.8347337471786886e-05, 3.955652937293053e-05, 3.716302671818994e-05, 2.736896203714423e-05, 2.6713134502642788e-05, 2.473854874551762e-05, 2.6549207177595235e-05, 2.380897603870835e-05, 1.872532448032871e-05, 1.960029658221174e-05, 1.6405487258452922e-05, 1.4281441508501302e-05, 1.4471982467512134e-05, 2.1189962353673764e-05, 2.1603391360258684e-05, 1.5331475879065692e-05, 1.8139406165573746e-05, 2.3993417926249094e-05], [0, 0.0007023894577287138, 0.00012257916387170553, 7.089717109920457e-05, 4.082543819095008e-05, 2.9916698622400872e-05, 2.6027484636870213e-05, 2.366209628235083e-05, 2.4829094400047325e-05, 2.8214653866598383e-05, 3.033360007975716e-05, 2.8049969841958955e-05, 1.8490167349227704e-05, 1.948727367562242e-05, 1.8770610040519387e-05, 2.2932646970730275e-05, 2.4456865503452718e-05, 2.1845948140253313e-05, 1.2783659258275293e-05, 1.9933906514779665e-05, 1.0237902642984409e-05], [0, 0.0006949925445951521, 0.00011372016160748899, 5.983818482491188e-05, 3.950904283556156e-05, 2.9875434847781435e-05, 2.6371108106104657e-05, 2.890001269406639e-05, 2.730782398430165e-05, 2.2643465854343958e-05, 2.6058987714350224e-05, 2.151386252080556e-05, 1.637276182009373e-05, 2.0553346985252574e-05, 1.951366721186787e-05, 2.5827202989603393e-05, 1.6920883354032412e-05, 2.476092595316004e-05, 1.609764149179682e-05, 1.0031272722699214e-05, 2.2963231458561495e-05], [0, 0.0004189318569842726, 7.869108958402649e-05, 3.566683881217614e-05, 2.6799643819686025e-05, 3.0071088986005634e-05, 2.5590683435439132e-05, 2.5314751837868243e-05, 2.1558740627369843e-05, 2.2993508537183516e-05, 2.270875484100543e-05, 2.4659731934661977e-05, 1.7676751667750068e-05, 2.0106877855141647e-05, 5.99571603743243e-06, 1.9092547518084757e-05, 0, 0, 0, 0, 0], [0, 0.00040596703183837235, 8.393626194447279e-05, 3.886313425027765e-05, 3.2294603443006054e-05, 3.432066660025157e-05, 3.159376865369268e-05, 2.7594347557169385e-05, 2.9168930268497206e-05, 3.5909779398934916e-05, 2.3525208234786987e-05, 1.798339326342102e-05, 1.9946022803196684e-05, 1.4807244042458478e-05, 0, 0, 0, 0, 0, 0, 0]]}