{"alpha": 0.9, "beta": 0.5, "gamma": 5.0, "num_samples": 100, "node_count": 10, "density": 0.5, "startup_delay": 0.0, "forward_prob": 0, "epochs": [[0, 1, 2, 3, 4, 5, 6, 7, 8, 9, 10, 11, 12, 13, 14, 15, 16, 17, 18, 19, 20], [0, 1, 2, 3, 4, 5, 6, 7, 8, 9, 10, 11, 12, 13, 14, 15, 16, 17, 18, 19, 20], [0, 1, 2, 3, 4, 5, 6, 7, 8, 9, 10, 11, 12, 13, 14, 15, 16, 17, 18, 19, 20], [0, 1, 2, 3, 4, 5, 6, 7, 8, 9, 10, 11, 12, 13, 14, 15, 16, 17, 18, 19, 20], [0, 1, 2, 3, 4, 5, 6, 7, 8, 9, 10, 11, 12, 13, 14, 15, 16, 17, 18, 19, 20], [0, 1, 2, 3, 4, 5, 6, 7, 8, 9, 10, 11, 12, 13, 14, 15, 16, 17, 18, 19, 20], [0, 1, 2, 3, 4, 5, 6, 7, 8, 9, 10, 11, 12, 13, 14, 15, 16, 17, 18, 19, 20], [0, 1, 2, 3, 4, 5, 6, 7, 8, 9, 10, 11, 12, 13, 14, 15, 16, 17, 18, 19, 20], [0, 1, 2, 3, 4, 5, 6, 7, 8, 9, 10, 11, 12, 13, 14, 15, 16, 17, 18, 19, 20], [0, 1, 2, 3, 4, 5, 6, 7, 8, 9, 10, 11, 12, 13, 14, 15, 16, 17, 18, 19, 20]], "accuracies": [[7.84, 14.0, 49.99, 64.69, 70.9, 72.85, 74.84, 75.06, 76.47, 76.98, 76.83, 77.65, 77.74, 76.89, 77.43, 77.6, 77.59, 77.29, 77.71, 77.84, 78.15], [4.99, 19.19, 51.92, 65.38, 71.71, 74.33, 75.02, 77.01, 76.66, 77.55, 77.94, 77.06, 77.89, 77.64, 77.73, 77.34, 77.86, 77.75, 78.31, 78.21, 78.26], [10.08, 11.36, 52.22, 64.38, 70.56, 72.26, 74.34, 76.17, 75.98, 76.29, 77.85, 77.51, 77.49, 77.79, 77.44, 78.14, 78.28, 78.06, 78.2, 78.14, 77.76], [6.65, 17.51, 63.5, 70.43, 72.97, 74.74, 75.69, 76.58, 76.55, 77.93, 77.51, 77.81, 77.64, 78.17, 77.31, 77.5, 77.69, 78.06, 78.11, 78.12, 77.77], [9.85, 17.39, 49.91, 64.68, 72.22, 74.26, 75.94, 76.57, 77.34, 77.82, 76.94, 77.51, 77.25, 78.27, 77.54, 78.46, 77.49, 77.39, 74.61, 78.3, 77.69], [4.99, 10.03, 64.82, 72.94, 75.48, 76.45, 77.19, 77.53, 77.36, 77.95, 77.55, 77.91, 77.78, 78.29, 76.94, 77.67, 77.93, 77.72, 77.64, 77.98, 78.64], [7.61, 16.08, 64.1, 70.4, 72.79, 75.06, 76.23, 76.76, 77.45, 77.79, 77.96, 78.0, 76.85, 78.01, 78.11, 78.03, 78.0, 77.52, 78.34, 77.63, 74.41], [11.25, 64.06, 70.6, 74.12, 76.61, 77.25, 77.32, 77.35, 77.86, 78.35, 78.08, 77.49, 77.01, 78.39, 77.94, 77.95, 73.95, 73.94, 73.95, 74.02, 74.0], [18.62, 62.92, 70.7, 74.74, 76.29, 77.74, 76.93, 77.51, 77.26, 77.81, 77.88, 78.28, 77.7, 79.0, 78.04, 77.38, 77.57, 77.67, 77.63, 77.63, 77.64], [9.73, 57.25, 67.13, 73.79, 76.1, 77.86, 76.81, 77.63, 78.62, 77.91, 78.33, 78.26, 77.55, 78.74, 77.56, 77.89, 77.74, 77.85, 77.86, 77.85, 77.9]], "msds": [[0, 0.0007364367484115064, 0.00016617584333289415, 6.50457150186412e-05, 4.951021037413739e-05, 3.4906493965536356e-05, 3.651647421065718e-05, 2.88480514427647e-05, 3.164971712976694e-05, 2.5209303203155287e-05, 2.3254246116266586e-05, 1.3712804502574727e-05, 2.492001476639416e-05, 2.1003244910389185e-05, 1.6106878319988027e-05, 1.6128218703670427e-05, 1.178506590804318e-05, 1.631010127312038e-05, 2.1154681235202588e-05, 1.2562573829200119e-05, 4.495036137086572e-06], [0, 0.0007303290185518563, 0.00016002298798412085, 6.610296259168535e-05, 4.034337689517997e-05, 3.378884866833687e-05, 2.792917803162709e-05, 2.9873932362534106e-05, 3.303421544842422e-05, 2.0763931388501078e-05, 2.2647756850346923e-05, 2.3126576706999913e-05, 2.341745675948914e-05, 1.475956742069684e-05, 1.4390205251402222e-05, 1.59227001859108e-05, 1.754629374772776e-05, 1.2613060789590236e-05, 6.848288649052847e-06, 2.7303492970531806e-05, 1.6554573448956944e-05], [0, 0.000730975647456944, 0.00014778345939703286, 6.066208516131155e-05, 4.242550494382158e-05, 3.1507021049037576e-05, 2.9484202968887985e-05, 2.9227252525743097e-05, 2.492965359124355e-05, 2.2732816432835534e-05, 1.9868213712470606e-05, 2.4567485525039956e-05, 2.173582834075205e-05, 2.8811929951189086e-05, 2.0523400962702e-05, 1.078251443686895e-05, 7.595061561005423e-06, 1.103640806832118e-05, 9.007754670165014e-06, 1.9328845155541785e-05, 1.6704387235222384e-05], [0, 0.0007306067855097353, 0.00011032461043214425, 5.508091999217868e-05, 3.851079600281082e-05, 3.245200787205249e-05, 3.42454768542666e-05, 2.7455669624032453e-05, 3.151610144414008e-05, 1.970767516468186e-05, 2.7710479116649367e-05, 1.9773162421188317e-05, 2.2501992134493776e-05, 4.867041570832953e-05, 9.769164535100572e-06, 1.3737789231527131e-05, 1.557240102556534e-05, 1.706576040305663e-05, 1.5490601072087884e-05, 1.6986234186333604e-05, 2.640296588651836e-05], [0, 0.0007318047573789954, 0.0001621802366571501, 7.544512482127175e-05, 4.347767389845103e-05, 3.253456452512182e-05, 3.52667884726543e-05, 2.8675514840870164e-05, 2.595841397123877e-05, 2.1738462237408385e-05, 2.550686986069195e-05, 1.8653292499948293e-05, 1.8997690858668648e-05, 1.303670524066547e-05, 1.3632791706186254e-05, 9.13649819267448e-06, 1.4602068404201418e-05, 8.288033313874621e-06, 2.60680044448236e-05, 1.9820608940790407e-05, 6.7700711952056736e-06], [0, 0.0007319203577935696, 0.00010103184467880055, 4.681651262217201e-05, 3.545554500306025e-05, 3.1687752198195085e-05, 2.3276472347788513e-05, 2.073003997793421e-05, 2.3923517801449634e-05, 1.899948802019935e-05, 1.695599712547846e-05, 1.8464630556991324e-05, 1.3723219126404729e-05, 1.3024090549151879e-05, 1.8166809240938164e-05, 1.826591687859036e-05, 1.6450099792564288e-05, 1.71913252415834e-05, 1.8462626030668616e-05, 2.2486601665150374e-05, 4.9133018364955205e-06], [0, 0.0007409403915517032, 0.00013883459905628115, 6.034845137037337e-05, 4.4020845962222666e-05, 4.0491617255611345e-05, 4.589157833834179e-05, 3.221616498194635e-05, 2.603115171950776e-05, 3.391686186660081e-05, 1.851957495091483e-05, 1.9668439563247375e-05, 3.8655944081256166e-05, 2.080376543744933e-05, 1.130403506977018e-05, 8.751067070988938e-06, 9.231178410118446e-06, 1.5708530554547906e-05, 1.6941583453444764e-05, 6.5581298258621246e-06, 9.326839062850922e-06], [0, 0.0004248408367857337, 6.679794751107693e-05, 4.599964086082764e-05, 3.3907552278833464e-05, 3.4559456253191456e-05, 3.347367237438448e-05, 3.133382779196836e-05, 2.7072850571130402e-05, 1.5515644918195903e-05, 1.3438319911074359e-05, 1.508453169662971e-05, 1.7712382032186724e-05, 9.152411621471401e-06, 1.2964971574547235e-05, 3.818505319941323e-06, 0, 0, 0, 0, 0], [0, 0.00041390309343114495, 6.160694465506822e-05, 4.132172034587711e-05, 3.6491048376774415e-05, 2.7299864086671732e-05, 2.989867607539054e-05, 2.8270049369893968e-05, 2.669755122042261e-05, 2.459514871588908e-05, 2.9136384910088964e-05, 1.3647561900143046e-05, 1.725809124764055e-05, 7.458431809936883e-06, 2.291389500896912e-05, 0, 0, 0, 0, 0, 0], [0, 0.0003866660699713975, 9.672123269410804e-05, 4.319979780120775e-05, 4.6976689191069454e-05, 4.604634523275308e-05, 5.021213655709289e-05, 3.331131665618159e-05, 2.6708856239565648e-05, 3.4618737117853016e-05, 2.69808697339613e-05, 2.3980886908248067e-05, 3.941837348975241e-05, 1.7326661691186018e-05, 2.6091731342603453e-05, 0, 0, 0, 0, 0, 0]]}