{"alpha": 0.75, "beta": 0.5, "gamma": 8.0, "num_samples": 25, "node_count": 10, "density": 1.0, "startup_delay": 0.0, "forward_prob": 0, "epochs": [[0, 1, 2, 3, 4, 5, 6, 7, 8, 9, 10, 11, 12, 13, 14, 15, 16, 17, 18, 19, 20], [0, 1, 2, 3, 4, 5, 6, 7, 8, 9, 10, 11, 12, 13, 14, 15, 16, 17, 18, 19, 20], [0, 1, 2, 3, 4, 5, 6, 7, 8, 9, 10, 11, 12, 13, 14, 15, 16, 17, 18, 19, 20], [0, 1, 2, 3, 4, 5, 6, 7, 8, 9, 10, 11, 12, 13, 14, 15, 16, 17, 18, 19, 20], [0, 1, 2, 3, 4, 5, 6, 7, 8, 9, 10, 11, 12, 13, 14, 15, 16, 17, 18, 19, 20], [0, 1, 2, 3, 4, 5, 6, 7, 8, 9, 10, 11, 12, 13, 14, 15, 16, 17, 18, 19, 20], [0, 1, 2, 3, 4, 5, 6, 7, 8, 9, 10, 11, 12, 13, 14, 15, 16, 17, 18, 19, 20], [0, 1, 2, 3, 4, 5, 6, 7, 8, 9, 10, 11, 12, 13, 14, 15, 16, 17, 18, 19, 20], [0, 1, 2, 3, 4, 5, 6, 7, 8, 9, 10, 11, 12, 13, 14, 15, 16, 17, 18, 19, 20], [0, 1, 2, 3, 4, 5, 6, 7, 8, 9, 10, 11, 12, 13, 14, 15, 16, 17, 18, 19, 20]], "accuracies": [[11.46, 19.39, 53.64, 63.71, 65.69, 67.43, 66.14, 68.03, 67.53, 68.07, 68.38, 68.65, 68.56, 69.21, 70.24, 67.85, 69.9, 68.04, 68.81, 69.89, 70.04], [11.9, 10.0, 46.41, 61.18, 64.26, 66.48, 67.02, 67.7, 68.26, 67.85, 68.98, 68.78, 68.93, 67.48, 70.38, 66.54, 70.35, 67.2, 69.53, 69.49, 69.69], [11.44, 10.01, 44.5, 64.28, 66.63, 67.14, 68.18, 68.29, 69.53, 68.46, 69.84, 69.96, 70.33, 68.72, 71.4, 68.58, 70.12, 69.38, 70.41, 70.51, 70.98], [7.49, 10.01, 50.6, 59.91, 63.28, 66.14, 66.54, 67.32, 67.83, 68.77, 68.37, 69.96, 68.89, 69.67, 70.17, 68.21, 69.93, 68.41, 68.51, 70.63, 70.55], [7.98, 11.07, 53.74, 62.94, 66.79, 67.79, 68.04, 67.32, 69.29, 68.03, 69.68, 69.24, 69.54, 69.05, 71.15, 68.48, 70.61, 67.71, 69.43, 69.3, 71.22], [4.0, 10.0, 40.77, 57.86, 65.68, 67.69, 67.84, 68.21, 68.66, 69.02, 69.31, 69.99, 69.51, 70.31, 71.17, 68.95, 70.63, 69.07, 70.67, 70.68, 71.0], [4.63, 10.01, 50.57, 61.28, 66.1, 66.34, 67.51, 66.95, 69.35, 68.87, 70.13, 69.58, 69.99, 69.48, 70.42, 68.82, 70.29, 68.17, 70.57, 70.09, 70.81], [12.47, 20.49, 51.43, 60.57, 63.53, 66.23, 67.61, 67.96, 69.66, 67.92, 70.12, 69.9, 69.87, 69.62, 71.55, 67.93, 71.88, 69.16, 70.99, 69.77, 71.71], [12.88, 13.34, 50.01, 61.07, 64.62, 65.42, 66.69, 66.51, 68.83, 65.94, 69.64, 67.35, 69.7, 68.35, 71.0, 66.56, 69.92, 66.98, 70.31, 67.65, 71.37], [10.27, 19.96, 56.56, 62.71, 66.96, 68.34, 68.47, 68.2, 69.53, 68.8, 70.08, 69.81, 70.25, 69.51, 71.52, 69.26, 71.06, 69.02, 70.64, 70.51, 71.6]], "msds": [[0, 0.0006887651979923248, 0.00010461470083100721, 4.0872229874366894e-05, 2.118614975188393e-05, 1.5728532162029296e-05, 1.2375136066111736e-05, 1.073299517884152e-05, 1.1993526641163044e-05, 1.0971365554723889e-05, 9.346758815809153e-06, 1.2514402442320716e-05, 6.552188096975442e-06, 7.293127509910846e-06, 6.869145181553904e-06, 1.0023566574091092e-05, 1.2107929251214955e-05, 1.961708585440647e-05, 7.795953024469782e-06, 6.416298674594145e-06, 6.107043645897647e-06], [0, 0.0006796673405915499, 9.632191358832642e-05, 4.0646817069500685e-05, 2.4664523152750917e-05, 2.0019417206640355e-05, 1.3755521649727598e-05, 1.4557663234882057e-05, 1.4473289411398582e-05, 1.2669658644881565e-05, 1.069857353286352e-05, 1.2795729162462521e-05, 7.722390364506282e-06, 9.368732207803987e-06, 8.035307473619469e-06, 9.869861059996765e-06, 1.3032272363489028e-05, 1.4589673810405657e-05, 7.234265012812102e-06, 7.96487438492477e-06, 6.669200956821442e-06], [0, 0.0006836085813120008, 0.00010453401773702353, 4.386624277685769e-05, 2.478668830008246e-05, 2.035850593529176e-05, 1.4138322512735613e-05, 1.598043854755815e-05, 1.2172467904747464e-05, 1.473769862059271e-05, 1.6073290680651553e-05, 1.2708534995908849e-05, 6.866023795737419e-06, 1.3217322702985257e-05, 8.564167728764005e-06, 1.2790363143722061e-05, 1.79243379534455e-05, 1.3898201359552331e-05, 9.247856723959558e-06, 7.168501269916305e-06, 5.999741006235126e-06], [0, 0.0007041331264190376, 0.00010411551920697093, 4.14774076489266e-05, 2.311854768777266e-05, 1.794354830053635e-05, 1.7113872672780417e-05, 1.4832995475444477e-05, 1.4863254364172462e-05, 1.2058582797180861e-05, 1.1103032193204854e-05, 1.4290651961346157e-05, 9.608455911802594e-06, 9.440784197067842e-06, 9.528061127639376e-06, 1.1415325388952624e-05, 1.2253362910996657e-05, 1.4344833289214876e-05, 9.662722732173279e-06, 8.034146048885304e-06, 8.418082870775834e-06], [0, 0.0006914701662026346, 9.538751328364015e-05, 3.6575132980942726e-05, 1.753973265294917e-05, 1.299430186918471e-05, 9.63464208325604e-06, 1.111493656935636e-05, 8.786565558693837e-06, 1.1259464372415096e-05, 7.2190996434073895e-06, 1.271392738999566e-05, 5.645433247991605e-06, 9.109269740292802e-06, 5.327064627635991e-06, 1.1086075573985e-05, 7.641170668648556e-06, 1.6270889318548143e-05, 9.020964171213564e-06, 7.32483249521465e-06, 4.27771192335058e-06], [0, 0.0007079695933498442, 9.984953794628382e-05, 4.1691204387461767e-05, 2.7041149223805405e-05, 2.2535319658345543e-05, 1.5138227354327682e-05, 1.606973455636762e-05, 1.2891456208308227e-05, 1.4403427485376596e-05, 1.071901624527527e-05, 1.0276040484313853e-05, 7.267858109116787e-06, 8.666076610097662e-06, 7.044951871648664e-06, 9.523294465907384e-06, 8.538995643903036e-06, 1.4108821233094204e-05, 6.689309884677641e-06, 6.738821412000107e-06, 7.291803740372416e-06], [0, 0.000679785618558526, 0.00010081488289870322, 4.136864663450979e-05, 2.322589534742292e-05, 1.8732134776655585e-05, 1.5170711776590906e-05, 1.6109708667499945e-05, 1.2962721484655049e-05, 1.1847189853142481e-05, 1.2058293577865697e-05, 1.3272390788188204e-05, 7.909568012109958e-06, 9.132962077273987e-06, 1.0293758350599092e-05, 1.0578849469311535e-05, 1.3731452781939879e-05, 1.399084703734843e-05, 9.529708222544286e-06, 5.614062956738053e-06, 9.027965461427812e-06], [0, 0.0006951283430680633, 0.00010755442053778097, 4.334245386417024e-05, 2.3992814021767117e-05, 2.01597940758802e-05, 1.649051409913227e-05, 1.7469743397668935e-05, 1.221378715854371e-05, 1.8265625840285793e-05, 1.1216863640584052e-05, 1.4269631719798781e-05, 8.969854206952732e-06, 1.0367396498622838e-05, 9.656168003857601e-06, 1.2050080840708688e-05, 9.6000458142953e-06, 1.967889147636015e-05, 7.768875548208598e-06, 1.0320000001229346e-05, 5.401213456934784e-06], [0, 0.0006866193725727499, 0.00010506244871066883, 3.8062029489083216e-05, 1.78975078597432e-05, 1.1917933989025187e-05, 1.4176182958181016e-05, 1.2395431440381799e-05, 8.48878607939696e-06, 1.5651887224521488e-05, 8.36529397929553e-06, 1.6208639863179997e-05, 8.033669473661575e-06, 8.042145054787397e-06, 7.58666737965541e-06, 1.1607801752688829e-05, 8.117399374896195e-06, 1.4380335414898582e-05, 7.267970886459807e-06, 9.109854545386042e-06, 5.363364834920503e-06], [0, 0.0006852924125269055, 9.387027967022732e-05, 3.763043787330389e-05, 2.272092388011515e-05, 1.8620869013830088e-05, 1.4316974557004869e-05, 1.4149778507999144e-05, 1.2471589798224159e-05, 1.2829521438106894e-05, 1.0706277862482239e-05, 1.3952805602457374e-05, 7.879893928475212e-06, 1.2309426892898045e-05, 7.61771889301599e-06, 1.1358306437614374e-05, 9.679128197603859e-06, 1.3601724276668392e-05, 9.202845831168815e-06, 8.372498086828273e-06, 6.807433692301856e-06]]}