{"alpha": 0.75, "beta": 0.5, "gamma": 7.0, "num_samples": 1000, "node_count": 10, "density": 0.75, "startup_delay": 0.0, "forward_prob": 0, "epochs": [[0, 1, 2, 3, 4, 5, 6, 7, 8, 9, 10, 11, 12, 13, 14, 15, 16, 17, 18, 19, 20], [0, 1, 2, 3, 4, 5, 6, 7, 8, 9, 10, 11, 12, 13, 14, 15, 16, 17, 18, 19, 20], [0, 1, 2, 3, 4, 5, 6, 7, 8, 9, 10, 11, 12, 13, 14, 15, 16, 17, 18, 19, 20], [0, 1, 2, 3, 4, 5, 6, 7, 8, 9, 10, 11, 12, 13, 14, 15, 16, 17, 18, 19, 20], [0, 1, 2, 3, 4, 5, 6, 7, 8, 9, 10, 11, 12, 13, 14, 15, 16, 17, 18, 19, 20], [0, 1, 2, 3, 4, 5, 6, 7, 8, 9, 10, 11, 12, 13, 14, 15, 16, 17, 18, 19, 20], [0, 1, 2, 3, 4, 5, 6, 7, 8, 9, 10, 11, 12, 13, 14, 15, 16, 17, 18, 19, 20], [0, 1, 2, 3, 4, 5, 6, 7, 8, 9, 10, 11, 12, 13, 14, 15, 16, 17, 18, 19, 20], [0, 1, 2, 3, 4, 5, 6, 7, 8, 9, 10, 11, 12, 13, 14, 15, 16, 17, 18, 19, 20], [0, 1, 2, 3, 4, 5, 6, 7, 8, 9, 10, 11, 12, 13, 14, 15, 16, 17, 18, 19, 20]], "accuracies": [[8.79, 11.42, 68.48, 77.01, 79.83, 81.86, 83.3, 84.46, 84.89, 85.26, 85.54, 85.82, 86.22, 86.23, 86.17, 86.56, 86.27, 86.44, 86.73, 86.56, 86.37], [6.24, 17.1, 73.85, 77.09, 80.23, 82.11, 83.42, 84.11, 84.75, 85.33, 85.67, 86.12, 86.27, 86.09, 86.41, 86.52, 86.11, 86.5, 86.41, 86.48, 86.15], [9.76, 15.4, 72.25, 77.45, 80.06, 82.28, 83.69, 84.5, 84.61, 84.93, 85.46, 86.23, 86.45, 86.46, 86.43, 86.43, 86.12, 86.8, 86.5, 86.31, 86.36], [10.01, 10.4, 72.69, 77.62, 80.37, 82.46, 83.69, 84.43, 84.93, 84.88, 85.55, 86.06, 86.28, 86.32, 86.21, 86.21, 86.84, 86.62, 86.4, 86.3, 86.53], [9.1, 10.06, 73.15, 76.9, 79.5, 82.34, 83.43, 84.37, 84.95, 85.19, 85.58, 86.08, 86.08, 86.02, 86.5, 86.33, 86.25, 86.44, 86.38, 86.37, 86.1], [8.26, 10.0, 73.37, 77.67, 80.61, 82.03, 83.34, 84.05, 84.81, 84.85, 85.92, 86.28, 86.07, 86.3, 86.18, 86.38, 86.57, 86.55, 86.26, 86.41, 86.14], [12.49, 10.0, 74.34, 76.84, 79.63, 82.19, 83.47, 84.47, 85.04, 85.06, 85.54, 86.04, 86.29, 86.0, 86.33, 86.44, 86.49, 86.43, 86.32, 86.46, 86.17], [6.93, 22.18, 74.57, 76.92, 79.7, 82.12, 82.88, 84.39, 85.12, 85.57, 85.95, 86.08, 86.01, 86.35, 86.18, 86.62, 86.47, 86.34, 86.46, 86.64, 86.38], [11.93, 54.27, 76.73, 81.27, 83.33, 84.78, 85.17, 85.9, 85.87, 86.07, 86.29, 86.3, 86.34, 86.11, 86.23, 86.16, 85.83, 84.81, 85.29, 85.22, 85.24], [10.28, 50.7, 77.64, 82.0, 83.3, 84.71, 85.0, 86.23, 86.39, 86.51, 86.41, 86.59, 86.45, 86.32, 86.36, 86.51, 86.1, 84.83, 85.11, 85.11, 85.13]], "msds": [[0, 0.0008574853418394923, 0.0003062808536924422, 0.0001461959327571094, 9.258677891921252e-05, 8.400972001254559e-05, 9.236646292265505e-05, 0.00010230075713479891, 0.00010870239930227399, 0.0001021556236082688, 0.00010879005276365206, 0.00010282928997185081, 9.729084558784962e-05, 8.43709203763865e-05, 0.00010467051470186561, 7.892785652074963e-05, 8.217115100705996e-05, 6.644998211413622e-05, 9.495537233306095e-05, 5.223498010309413e-05, 8.843950490700081e-05], [0, 0.0008486385340802372, 0.00026055838679894805, 0.0001459944323869422, 9.41423058975488e-05, 8.956118108471856e-05, 9.452675294596702e-05, 0.00010168601875193417, 0.00010548568388912827, 0.00010751661466201767, 0.00010943345114355907, 0.00010366271453676745, 9.517602302366868e-05, 8.64934190758504e-05, 8.568562770960853e-05, 9.91275956039317e-05, 9.305634739575908e-05, 7.856345473555848e-05, 6.500213203253224e-05, 9.256097837351263e-05, 0.00011006186832673848], [0, 0.000865766080096364, 0.0002641311730258167, 0.00014447460125666112, 9.509868687018752e-05, 9.88195461104624e-05, 0.00010018281318480149, 0.00010708716581575572, 0.0001140316526289098, 0.00012783912825398147, 0.00010863717761822045, 0.00010871057020267472, 0.00010622674744809046, 9.309366578236222e-05, 8.195252303266898e-05, 0.00010618908709147945, 7.516574987675995e-05, 8.710296970093623e-05, 6.979447061894462e-05, 8.381440420635045e-05, 7.049709529383108e-05], [0, 0.0008700229809619486, 0.0003073429979849607, 0.00015452718071173877, 0.00010227311577182263, 9.883066377369687e-05, 0.00010281310824211687, 0.00012284917465876788, 0.0001222955615958199, 0.00011599269055295736, 0.000126207058201544, 0.00010895863670157269, 0.00011006930435542017, 0.000104766950244084, 7.99791159806773e-05, 0.00010576521162874997, 8.908426389098167e-05, 7.638575334567577e-05, 0.00010350595402996987, 5.8388668549014255e-05, 6.279128865571693e-05], [0, 0.0008733446593396366, 0.00027930608484894037, 0.0001332551328232512, 8.715180592844263e-05, 8.700443868292496e-05, 9.308838343713433e-05, 0.00010021350317401811, 0.00011465528950793669, 0.00010577854118309915, 0.00010378009028499946, 0.00010990022565238178, 8.939311373978853e-05, 0.000100235192803666, 0.00010077592014567927, 6.701355596305802e-05, 0.00010846646910067648, 6.779153045499697e-05, 7.991123129613698e-05, 5.882506229681894e-05, 5.850167144672014e-05], [0, 0.0008634525584056973, 0.00029479069053195417, 0.00014170572103466839, 9.735396452015266e-05, 9.20680322451517e-05, 9.879134449874982e-05, 0.00011224922491237521, 0.00011260083556408063, 0.00011763646762119606, 0.0001001710697892122, 0.0001041070427163504, 9.36676369747147e-05, 9.27808359847404e-05, 0.00010496973118279129, 5.664249692927115e-05, 8.313998114317656e-05, 6.73617614666e-05, 8.698992314748466e-05, 5.67266033613123e-05, 8.818499918561429e-05], [0, 0.000885478628333658, 0.00030492691439576447, 0.00014338736946228892, 0.00010004782234318554, 9.83892023214139e-05, 9.974985005101189e-05, 0.00010585303243715316, 0.0001246648607775569, 0.00010503287194296718, 0.00010753946116892621, 0.0001222383143613115, 8.931083721108735e-05, 0.00010569021833362058, 8.992799848783761e-05, 5.5859647545730695e-05, 0.0001035119712469168, 5.9058413171442226e-05, 8.665618224767968e-05, 6.46179832983762e-05, 7.505516259698197e-05], [0, 0.0008702976047061384, 0.0002765805402304977, 0.0001388487289659679, 8.979078847914934e-05, 8.686924411449581e-05, 9.220947686117142e-05, 9.622009383747354e-05, 0.00011844205437228084, 0.00010332626698073, 0.0001112339596147649, 9.353767381981015e-05, 0.00010268445475958288, 9.017079719342291e-05, 9.553712152410299e-05, 8.902615081751719e-05, 7.279843703145161e-05, 7.73483989178203e-05, 5.640277959173545e-05, 0.00010418534657219425, 6.424861931009218e-05], [0, 0.0005553363589569926, 0.0001555361523060128, 0.0001040706192725338, 9.977619629353285e-05, 0.00011192571400897577, 0.0001097030981327407, 0.00011777490726672113, 0.00010267998732160777, 9.13150652195327e-05, 8.909014286473393e-05, 8.011102181626484e-05, 7.412835111608729e-05, 8.743768557906151e-05, 8.43852394609712e-05, 8.850492304190993e-05, 4.418277967488393e-05, 0, 0, 0, 0], [0, 0.0005548754124902189, 0.00015757426444906741, 0.00010800249583553523, 9.467652853345498e-05, 0.00011333692236803472, 0.00011677067959681153, 0.00010307910270057619, 0.00010407569061499089, 9.378050162922591e-05, 9.579281322658062e-05, 8.103696018224582e-05, 8.334739686688408e-05, 9.44333296502009e-05, 6.14414966548793e-05, 7.55334403947927e-05, 9.00775266927667e-05, 0, 0, 0, 0]]}