{"alpha": 0.75, "beta": 0.5, "gamma": 3.0, "num_samples": 1000, "node_count": 10, "density": 0.5, "startup_delay": 0.0, "forward_prob": 0, "epochs": [[0, 1, 2, 3, 4, 5, 6, 7, 8, 9, 10, 11, 12, 13, 14, 15, 16, 17, 18, 19, 20], [0, 1, 2, 3, 4, 5, 6, 7, 8, 9, 10, 11, 12, 13, 14, 15, 16, 17, 18, 19, 20], [0, 1, 2, 3, 4, 5, 6, 7, 8, 9, 10, 11, 12, 13, 14, 15, 16, 17, 18, 19, 20], [0, 1, 2, 3, 4, 5, 6, 7, 8, 9, 10, 11, 12, 13, 14, 15, 16, 17, 18, 19, 20], [0, 1, 2, 3, 4, 5, 6, 7, 8, 9, 10, 11, 12, 13, 14, 15, 16, 17, 18, 19, 20], [0, 1, 2, 3, 4, 5, 6, 7, 8, 9, 10, 11, 12, 13, 14, 15, 16, 17, 18, 19, 20], [0, 1, 2, 3, 4, 5, 6, 7, 8, 9, 10, 11, 12, 13, 14, 15, 16, 17, 18, 19, 20], [0, 1, 2, 3, 4, 5, 6, 7, 8, 9, 10, 11, 12, 13, 14, 15, 16, 17, 18, 19, 20], [0, 1, 2, 3, 4, 5, 6, 7, 8, 9, 10, 11, 12, 13, 14, 15, 16, 17, 18, 19, 20], [0, 1, 2, 3, 4, 5, 6, 7, 8, 9, 10, 11, 12, 13, 14, 15, 16, 17, 18, 19, 20]], "accuracies": [[10.16, 29.81, 57.43, 75.62, 78.05, 81.77, 82.18, 82.86, 83.83, 83.97, 83.62, 84.08, 84.37, 84.8, 84.54, 84.6, 84.96, 84.72, 85.02, 85.12, 85.16], [11.14, 17.63, 64.41, 74.96, 78.05, 81.77, 82.18, 82.86, 83.83, 83.97, 83.88, 83.82, 84.24, 84.72, 84.43, 84.65, 84.77, 84.72, 85.02, 85.42, 85.18], [10.03, 10.0, 60.44, 75.96, 78.65, 81.81, 82.82, 82.8, 83.83, 83.97, 83.62, 83.87, 83.83, 85.0, 84.48, 84.48, 84.71, 84.45, 84.91, 84.81, 84.96], [7.48, 10.0, 66.26, 74.91, 78.39, 81.37, 82.58, 83.5, 84.33, 84.1, 83.91, 84.15, 84.43, 85.01, 84.76, 84.45, 84.77, 84.69, 84.98, 85.12, 85.22], [10.12, 19.39, 50.43, 76.82, 77.62, 81.15, 83.07, 83.37, 84.26, 84.32, 84.28, 84.18, 84.54, 84.94, 84.74, 84.07, 85.06, 84.88, 85.11, 85.43, 84.97], [7.7, 10.32, 45.77, 76.76, 79.25, 81.52, 82.39, 83.03, 84.15, 84.4, 84.53, 84.63, 84.56, 84.95, 85.0, 85.26, 85.41, 85.36, 85.78, 85.63, 84.96], [10.29, 21.83, 51.79, 76.7, 77.34, 81.7, 82.23, 82.77, 84.14, 84.0, 83.88, 83.63, 84.03, 84.57, 84.61, 84.55, 84.95, 85.06, 85.17, 84.58, 85.43], [11.52, 15.96, 54.42, 76.29, 77.76, 81.4, 82.7, 82.02, 83.36, 84.54, 84.45, 83.94, 84.51, 84.73, 84.75, 84.75, 85.15, 85.25, 85.28, 85.16, 84.97], [10.44, 14.47, 47.76, 76.36, 78.56, 80.99, 82.71, 83.59, 84.29, 83.82, 84.41, 84.53, 84.56, 85.12, 84.62, 84.74, 84.72, 84.72, 85.05, 85.18, 85.26], [10.14, 11.03, 61.9, 75.85, 78.27, 81.51, 82.49, 82.86, 83.83, 83.97, 83.62, 83.83, 84.23, 84.89, 84.43, 84.45, 84.96, 84.69, 84.88, 84.98, 85.3]], "msds": [[0, 0.0008737500756978989, 0.0003160400956403464, 0.00018961088790092617, 0.0001339403970632702, 0.00011692744737956673, 0.00012865211465395987, 0.00013575670891441405, 0.00012612568389158696, 0.00011129893391625956, 9.356479131383821e-05, 9.425122698303312e-05, 9.006466279970482e-05, 8.277445886051282e-05, 8.254739077528939e-05, 0.00010439768811920658, 9.582833445165306e-05, 6.58745993860066e-05, 7.954542525112629e-05, 6.195493187988177e-05, 6.320770626189187e-05], [0, 0.0008563021547161043, 0.00032610210473649204, 0.00021157448645681143, 0.00011812426964752376, 0.00011586996697587892, 0.00012025921023450792, 0.00012916095147375017, 0.00012404688459355384, 0.00011419132351875305, 0.00010347727948101237, 8.091136260190979e-05, 9.499767475062981e-05, 8.046833681873977e-05, 8.578250708524138e-05, 0.0001338666770607233, 6.559629400726408e-05, 8.72440796229057e-05, 5.8752717450261116e-05, 8.041585533646867e-05, 5.4831143643241376e-05], [0, 0.0008708441746421158, 0.0003445108304731548, 0.0001993332989513874, 0.0001414072175975889, 0.0001218998440890573, 0.00012642686488106847, 0.00015327689470723271, 0.00014595119864679873, 0.00012566310761030763, 0.00011649855878204107, 9.244535613106564e-05, 9.273921023122966e-05, 9.677546768216416e-05, 9.004721505334601e-05, 0.00014043344708625227, 0.0001027715188683942, 8.243961201515049e-05, 7.807654037605971e-05, 8.550177881261334e-05, 8.464007987640798e-05], [0, 0.000857871666084975, 0.00032276075216941535, 0.0001726550835883245, 0.00011573017400223762, 0.00010100572399096563, 0.0001200190163217485, 0.00013024407962802798, 0.00014003735850565135, 0.0001461053325328976, 0.00013899386976845562, 0.00012854632223024964, 0.00011110758350696415, 0.00010962684609694406, 8.386886474909261e-05, 0.00012631987920030951, 8.965945016825572e-05, 5.178419451112859e-05, 6.906638009240851e-05, 8.907148003345355e-05, 5.610498919850215e-05], [0, 0.0008680096361786127, 0.00039030826883390546, 0.0002097027754643932, 0.00012632962898351252, 0.00011616754636634141, 0.00012656445323955268, 0.00013116920308675617, 0.00012190611596452072, 0.00014855909103062004, 0.0001306784979533404, 0.00014824231038801372, 0.00011373723828000948, 0.00010685587039915845, 9.146048978436738e-05, 0.00010541087249293923, 0.00010590195597615093, 7.376993744401261e-05, 7.394935528282076e-05, 5.254172720015049e-05, 3.8307494833134115e-05], [0, 0.0008602641173638403, 0.0003985117073170841, 0.00020320441399235278, 0.00014416154590435326, 0.0001188226233352907, 0.0001349549274891615, 0.00014257372822612524, 0.00015251772128976882, 0.00016224752471316606, 0.00017299788305535913, 0.00018089506193064153, 0.00017978422692976892, 0.00016969059652183205, 0.00014043832197785378, 0.0001860000629676506, 0.00017120304983109236, 0.00013781404413748533, 0.0001399627362843603, 0.00012046195479342714, 0.00015473904204554856], [0, 0.0008702403865754604, 0.0003558526514098048, 0.0001935064938152209, 0.00016343733295798302, 0.00012556288857012987, 0.00013773915998172015, 0.00014355458552017808, 0.00016400654567405581, 0.000160056006279774, 0.00016195469652302563, 0.0001706618204480037, 0.00014278055459726602, 0.00013809702068101615, 0.00016012783453334123, 0.00017065461724996567, 0.00014229740190785378, 0.0001521864178357646, 0.00013610759924631566, 0.00014648775686509907, 0.000138567149406299], [0, 0.0008613740792497993, 0.00040211144369095564, 0.00020605440658982843, 0.00013890740228816867, 0.0001115668928832747, 0.00014164588355924934, 0.00014077487867325544, 0.00014998202095739543, 0.00016086756659206003, 0.00015742237155791372, 0.00017645113985054195, 0.0001548265863675624, 0.00014812643348705024, 0.00015769185847602785, 0.00015220424393191934, 0.00015168363461270928, 0.00014065219147596508, 0.00014923480921424925, 0.0001341865281574428, 0.00014123524306342006], [0, 0.000861128733959049, 0.00035231601214036345, 0.0002057596284430474, 0.000136299422592856, 0.00013568770373240113, 0.0001384384377161041, 0.00012809416512027383, 0.00014421965170186013, 0.00013821381435263902, 0.00015378155512735248, 0.0001490636932430789, 0.00015939302102196962, 0.00014633983664680272, 0.00014021796232555062, 0.00014175937394611537, 0.00012792447523679584, 0.00010299115820089355, 9.175945160677657e-05, 6.987438246142119e-05, 0.00010544172255322337], [0, 0.000880521081853658, 0.0002969767665490508, 0.0002117148833349347, 0.00014047467266209424, 0.00012095557030988857, 0.00013815442798659205, 0.0001415311126038432, 0.00012810849875677377, 0.00011540319246705621, 0.00010584307165117934, 0.0001154523270088248, 8.612989768153057e-05, 8.706102380529046e-05, 9.602745558368042e-05, 9.545716602588072e-05, 9.002451406558976e-05, 5.81235253775958e-05, 0.00010513719462323934, 9.72411289694719e-05, 5.4730146075598896e-05]]}