{"alpha": 0.75, "beta": 0.5, "gamma": 3.0, "num_samples": 100, "node_count": 10, "density": 0.5, "startup_delay": 0.0, "forward_prob": 0, "epochs": [[0, 1, 2, 3, 4, 5, 6, 7, 8, 9, 10, 11, 12, 13, 14, 15, 16, 17, 18, 19, 20], [0, 1, 2, 3, 4, 5, 6, 7, 8, 9, 10, 11, 12, 13, 14, 15, 16, 17, 18, 19, 20], [0, 1, 2, 3, 4, 5, 6, 7, 8, 9, 10, 11, 12, 13, 14, 15, 16, 17, 18, 19, 20], [0, 1, 2, 3, 4, 5, 6, 7, 8, 9, 10, 11, 12, 13, 14, 15, 16, 17, 18, 19, 20], [0, 1, 2, 3, 4, 5, 6, 7, 8, 9, 10, 11, 12, 13, 14, 15, 16, 17, 18, 19, 20], [0, 1, 2, 3, 4, 5, 6, 7, 8, 9, 10, 11, 12, 13, 14, 15, 16, 17, 18, 19, 20], [0, 1, 2, 3, 4, 5, 6, 7, 8, 9, 10, 11, 12, 13, 14, 15, 16, 17, 18, 19, 20], [0, 1, 2, 3, 4, 5, 6, 7, 8, 9, 10, 11, 12, 13, 14, 15, 16, 17, 18, 19, 20], [0, 1, 2, 3, 4, 5, 6, 7, 8, 9, 10, 11, 12, 13, 14, 15, 16, 17, 18, 19, 20], [0, 1, 2, 3, 4, 5, 6, 7, 8, 9, 10, 11, 12, 13, 14, 15, 16, 17, 18, 19, 20]], "accuracies": [[6.45, 10.04, 52.58, 61.18, 67.31, 67.59, 73.16, 73.49, 73.84, 73.99, 76.07, 75.53, 75.13, 75.8, 77.08, 77.59, 78.44, 77.94, 78.01, 78.19, 77.81], [13.32, 20.49, 60.25, 61.62, 66.52, 69.71, 73.57, 73.95, 74.83, 74.51, 75.23, 74.27, 75.1, 77.04, 76.43, 76.04, 78.15, 77.78, 77.4, 78.42, 76.73], [7.31, 20.21, 51.57, 62.88, 67.62, 69.18, 71.22, 72.75, 74.19, 74.71, 74.13, 73.24, 72.77, 76.02, 76.84, 75.59, 76.97, 77.66, 78.49, 78.17, 78.75], [3.25, 10.06, 49.82, 64.65, 67.77, 69.96, 69.55, 72.19, 73.5, 73.8, 73.41, 71.89, 72.72, 74.01, 74.92, 75.43, 75.2, 76.17, 77.86, 76.88, 77.37], [14.78, 29.5, 57.1, 62.73, 68.31, 68.79, 72.36, 72.66, 74.06, 75.39, 75.04, 75.33, 73.72, 76.56, 76.49, 76.67, 77.8, 77.68, 77.87, 78.45, 78.28], [7.35, 19.88, 54.42, 59.92, 67.08, 69.31, 72.78, 72.42, 74.76, 75.17, 74.86, 73.07, 73.41, 76.78, 77.21, 76.64, 77.17, 78.0, 78.17, 78.0, 78.31], [6.92, 31.36, 52.83, 61.99, 68.03, 69.03, 71.85, 73.2, 74.44, 74.57, 74.07, 74.92, 73.2, 75.74, 75.67, 76.51, 76.65, 76.83, 77.6, 76.88, 78.12], [5.81, 10.03, 53.61, 62.69, 67.5, 68.93, 71.69, 71.71, 73.68, 74.81, 74.2, 74.05, 72.85, 75.5, 76.51, 75.68, 76.7, 76.6, 77.95, 76.38, 78.17], [12.54, 10.02, 58.93, 59.88, 66.27, 66.33, 71.64, 72.21, 73.11, 73.66, 75.11, 73.85, 74.8, 75.14, 76.71, 77.49, 76.95, 77.56, 77.6, 77.77, 77.73], [4.44, 43.74, 66.77, 70.57, 72.19, 75.09, 75.35, 76.59, 75.96, 77.83, 74.34, 73.45, 73.01, 73.8, 74.21, 74.68, 74.59, 74.52, 74.18, 74.41, 74.46]], "msds": [[0, 0.0006948018562979996, 0.00012427179899532348, 5.490926560014486e-05, 3.305271457065828e-05, 2.7246951503911987e-05, 2.1808664314448833e-05, 1.8146671209251508e-05, 1.677383806963917e-05, 1.687484655121807e-05, 1.724534922686871e-05, 1.4894239029672462e-05, 1.4676625141873956e-05, 1.6149249859154224e-05, 1.7883232430904172e-05, 1.4991248463047668e-05, 1.4856361303827725e-05, 1.74217093444895e-05, 1.0594905688776635e-05, 2.1966665372019634e-05, 1.3831409887643531e-05], [0, 0.0006917849532328546, 0.00012544782657641917, 6.602631037821993e-05, 3.491759343887679e-05, 3.1034418498165905e-05, 2.4472376026096754e-05, 1.9250337572884746e-05, 2.0612762455129996e-05, 2.2441714463639073e-05, 2.1874757294426672e-05, 1.982256981136743e-05, 1.6216958101722412e-05, 1.5126267498999368e-05, 2.612541356938891e-05, 1.9973256712546572e-05, 1.5447914847754873e-05, 1.4220760021999013e-05, 1.3769093129667453e-05, 1.904036798805464e-05, 2.7492027584230527e-05], [0, 0.0006917097489349544, 0.0001164441418950446, 5.275226794765331e-05, 3.6823512346018106e-05, 2.811172635119874e-05, 2.3395887183141895e-05, 2.0168941773590632e-05, 1.9193581465515308e-05, 1.6372909158235416e-05, 2.2029349565855227e-05, 1.675598650763277e-05, 2.978865995828528e-05, 1.4612578524975106e-05, 1.4927148185961414e-05, 2.0323996068327688e-05, 1.7163842130685225e-05, 1.4369159544003196e-05, 1.0409433343738783e-05, 2.109080924128648e-05, 1.7100681361625902e-05], [0, 0.000687928288243711, 0.00013899814803153276, 5.7263783673988655e-05, 3.6294208257459104e-05, 3.0146657081786543e-05, 2.2183543478604406e-05, 2.1581134205916896e-05, 1.6052501450758427e-05, 1.9807619537459686e-05, 1.9240347683080472e-05, 1.598049493622966e-05, 2.9529546736739576e-05, 1.3312335795490071e-05, 1.5597697711200453e-05, 1.884786252048798e-05, 2.468664570187684e-05, 1.6899713955353945e-05, 1.2594547115440946e-05, 2.0266748833819292e-05, 1.876016176538542e-05], [0, 0.0006859930581413209, 0.00010411058610770851, 5.439840242615901e-05, 3.360588743817061e-05, 3.0045532184885815e-05, 2.09463614737615e-05, 1.9835510101984255e-05, 1.67082434927579e-05, 1.694348429737147e-05, 1.980607703444548e-05, 1.4627451491833199e-05, 1.8147366063203663e-05, 1.7992060747928917e-05, 1.5449768397957087e-05, 1.600910945853684e-05, 1.4886670214764308e-05, 2.3119479010347277e-05, 1.4102425666351337e-05, 1.8752776668407023e-05, 1.907431760628242e-05], [0, 0.0006916405400261283, 0.00012851913925260305, 6.790347106289119e-05, 3.949378151446581e-05, 3.2432864827569574e-05, 2.29242468776647e-05, 2.1303903849911876e-05, 2.118968404829502e-05, 1.709432945062872e-05, 2.2034289941075258e-05, 1.7354868759866804e-05, 2.2099562556832097e-05, 1.7661384845268913e-05, 1.8580496544018388e-05, 1.9293403966003098e-05, 1.7705837308312766e-05, 1.618477654119488e-05, 1.362115017400356e-05, 2.7444404622656293e-05, 2.259970278828405e-05], [0, 0.000690372777171433, 0.00011524566070875153, 6.575608131242916e-05, 3.486738569336012e-05, 3.341462797834538e-05, 2.417618816252798e-05, 1.8693646779865958e-05, 1.7754271539160982e-05, 1.7145666788564995e-05, 1.7521730114822276e-05, 1.5894867829047143e-05, 1.768619767972268e-05, 1.3720693459617905e-05, 1.8562472178018652e-05, 1.768075890140608e-05, 1.4551542335539125e-05, 1.4984831068431959e-05, 1.4611678125220351e-05, 1.5239487765938975e-05, 2.947478242276702e-05], [0, 0.0006909661460667849, 0.0001375542051391676, 5.418073124019429e-05, 3.821189238806255e-05, 3.1431554816663265e-05, 2.1582729459623806e-05, 2.176109774154611e-05, 1.8218055629404262e-05, 1.4435358934861142e-05, 2.2285865270532668e-05, 1.669850644248072e-05, 2.3112430426408537e-05, 1.5755931599414907e-05, 1.4946227565815207e-05, 1.6657320884405635e-05, 1.889343184302561e-05, 1.7804963135858998e-05, 1.2887792763649486e-05, 3.055968409171328e-05, 2.150415639334824e-05], [0, 0.0006882596062496305, 0.00013750015932600945, 5.387788769439794e-05, 3.462527456576936e-05, 2.6442996386322193e-05, 2.396408854110632e-05, 1.8481450752005912e-05, 1.5804134818608873e-05, 2.1447574908961542e-05, 1.8264416212332435e-05, 1.4444583030126523e-05, 1.757816608005669e-05, 1.7387679690727964e-05, 1.6071666323114187e-05, 1.4926134099368937e-05, 1.5183231880655512e-05, 2.5674615244497545e-05, 1.1218096915399656e-05, 1.2847220205003396e-05, 1.3769043107458856e-05], [0, 0.0003193609300069511, 0.00010885413939831778, 4.758025534101762e-05, 2.8052148991264403e-05, 1.7857919374364428e-05, 1.9263854483142495e-05, 2.1769181330455467e-05, 2.1237197870505042e-05, 1.9398483345867135e-05, 0, 0, 0, 0, 0, 0, 0, 0, 0, 0, 0]]}