{"alpha": 0.75, "beta": 0.5, "gamma": 1.0, "num_samples": 25, "node_count": 10, "density": 0.0, "startup_delay": 2.0, "forward_prob": 0, "epochs": [[0, 1, 2, 3, 4, 5, 6, 7, 8, 9, 10, 11, 12, 13, 14, 15, 16, 17, 18, 19, 20], [0, 1, 2, 3, 4, 5, 6, 7, 8, 9, 10, 11, 12, 13, 14, 15, 16, 17, 18, 19, 20], [0, 1, 2, 3, 4, 5, 6, 7, 8, 9, 10, 11, 12, 13, 14, 15, 16, 17, 18, 19, 20], [0, 1, 2, 3, 4, 5, 6, 7, 8, 9, 10, 11, 12, 13, 14, 15, 16, 17, 18, 19, 20], [0, 1, 2, 3, 4, 5, 6, 7, 8, 9, 10, 11, 12, 13, 14, 15, 16, 17, 18, 19, 20], [0, 1, 2, 3, 4, 5, 6, 7, 8, 9, 10, 11, 12, 13, 14, 15, 16, 17, 18, 19, 20], [0, 1, 2, 3, 4, 5, 6, 7, 8, 9, 10, 11, 12, 13, 14, 15, 16, 17, 18, 19, 20], [0, 1, 2, 3, 4, 5, 6, 7, 8, 9, 10, 11, 12, 13, 14, 15, 16, 17, 18, 19, 20], [0, 1, 2, 3, 4, 5, 6, 7, 8, 9, 10, 11, 12, 13, 14, 15, 16, 17, 18, 19, 20], [0, 1, 2, 3, 4, 5, 6, 7, 8, 9, 10, 11, 12, 13, 14, 15, 16, 17, 18, 19, 20]], "accuracies": [[12.77, 21.81, 19.57, 20.41, 33.17, 36.36, 36.83, 36.59, 43.7, 45.69, 39.42, 41.61, 43.94, 38.36, 46.47, 52.1, 44.8, 39.78, 48.55, 48.25, 48.81], [12.88, 24.37, 27.65, 27.44, 27.31, 27.73, 27.74, 28.02, 32.22, 38.23, 39.29, 39.31, 41.84, 42.39, 36.37, 46.72, 48.61, 44.94, 43.25, 49.7, 49.69], [2.99, 16.65, 27.37, 27.64, 27.64, 27.73, 33.28, 41.53, 44.16, 38.21, 42.55, 48.2, 36.52, 51.0, 51.32, 47.41, 48.52, 50.88, 51.29, 37.27, 40.56], [8.37, 25.87, 25.83, 27.72, 27.59, 27.44, 27.59, 27.96, 32.62, 28.4, 31.8, 34.96, 35.58, 40.85, 33.69, 39.85, 37.59, 44.94, 46.86, 27.79, 33.97], [6.05, 15.51, 25.42, 19.68, 25.69, 26.44, 26.68, 26.95, 26.92, 27.16, 27.15, 26.95, 27.2, 27.28, 27.22, 27.55, 27.64, 27.46, 26.37, 28.04, 29.66], [11.04, 21.16, 20.04, 29.28, 31.75, 31.24, 31.34, 31.93, 31.74, 32.19, 31.92, 31.39, 30.3, 31.46, 32.42, 31.47, 32.72, 31.67, 33.13, 31.45, 31.76], [9.63, 24.1, 34.58, 36.04, 34.82, 35.7, 38.36, 30.53, 38.45, 40.24, 33.52, 49.42, 47.11, 47.71, 43.52, 51.21, 46.31, 40.78, 32.32, 30.51, 30.43], [20.65, 23.94, 23.4, 28.39, 29.35, 30.77, 29.54, 31.95, 31.55, 30.52, 22.02, 31.55, 34.33, 32.79, 31.44, 34.96, 37.23, 25.88, 24.88, 25.07, 24.76], [6.98, 27.42, 26.61, 27.22, 31.02, 31.61, 41.08, 37.27, 41.45, 46.48, 36.32, 50.62, 50.9, 48.39, 47.67, 51.18, 51.94, 27.51, 28.12, 28.12, 28.08], [6.31, 27.46, 27.1, 27.62, 34.72, 35.62, 33.65, 37.63, 39.3, 36.39, 45.14, 47.29, 44.02, 41.8, 48.88, 49.82, 34.87, 30.62, 28.47, 28.12, 28.08]], "msds": [[0, 0.0006575353327207267, 0.00021852209465578198, 7.296216062968597e-05, 3.994935832452029e-05, 2.843642323568929e-05, 2.3526121367467567e-05, 1.912989500851836e-05, 4.035048550576903e-05, 2.5426144929951988e-05, 2.1428806576295756e-05, 3.0198936656233855e-05, 2.3034886908135377e-05, 1.607337617315352e-05, 2.038876300503034e-05, 2.9113167329342104e-05, 1.471622999815736e-05, 1.9390574379940517e-05, 1.876472742878832e-05, 1.0507414117455482e-05, 5.060868716100231e-06], [0, 0.0006575353327207267, 0.00021852209465578198, 7.296216062968597e-05, 3.994935832452029e-05, 2.843642323568929e-05, 2.3526121367467567e-05, 1.912989500851836e-05, 2.0195926481392235e-05, 2.5740489945746958e-05, 2.1428806576295756e-05, 3.0198936656233855e-05, 1.8017366528511047e-05, 1.423998037353158e-05, 1.9498051187838428e-05, 1.7003789253067225e-05, 1.471622999815736e-05, 1.9390574379940517e-05, 2.3112361304811202e-05, 1.0896398634940851e-05, 3.80615074391244e-06], [0, 0.0005372778978198767, 9.593640425009653e-05, 6.0060636315029114e-05, 4.8583682655589655e-05, 4.690069181378931e-05, 4.611465919879265e-05, 2.7550599043024704e-05, 2.1079880752949975e-05, 3.261065648985095e-05, 2.80524036497809e-05, 1.607337617315352e-05, 2.1279496650095098e-05, 2.6972094929078594e-05, 7.1747690526535735e-06, 1.3481214409694076e-05, 1.4417109014175367e-05, 1.0118435966433026e-05, 5.060868716100231e-06, 3.2326250220648944e-05, 2.817190579662565e-05], [0, 0.0005592275410890579, 8.85258341440931e-05, 4.0669994632480666e-05, 3.221626320737414e-05, 3.0354818591149524e-05, 2.986975960084237e-05, 2.9880278816563077e-05, 3.0352213798323646e-05, 3.6860827094642445e-05, 2.7294621759210713e-05, 2.842699905158952e-05, 3.278232179582119e-05, 5.391260492615402e-05, 3.355772059876472e-05, 4.180970790912397e-05, 4.303568493924104e-05, 3.1178537028608844e-05, 2.3700920792180113e-05, 6.442979793064296e-05, 5.03034025314264e-05], [0, 0.0006517441943287849, 0.00015288959548342973, 0.00017516662774141878, 6.511981337098405e-05, 3.6810542951570824e-05, 2.7976369892712682e-05, 3.2490966987097636e-05, 3.588399340515025e-05, 4.356603676569648e-05, 5.104104639030993e-05, 5.17165863129776e-05, 5.521203638636507e-05, 5.7096149248536676e-05, 5.047164813731797e-05, 4.3942854972556233e-05, 4.090592483407818e-05, 5.8967809309251606e-05, 5.678911111317575e-05, 5.233190313447267e-05, 5.7507346355123445e-05], [0, 0.0005751895369030535, 0.0002087686152663082, 7.060803181957453e-05, 6.431095243897289e-05, 6.485598714789376e-05, 5.2197898185113445e-05, 5.518520993064158e-05, 6.125903018983081e-05, 6.942712934687734e-05, 6.34638563496992e-05, 6.874257087474689e-05, 7.65709119150415e-05, 4.1283299651695415e-05, 4.042338332510553e-05, 3.054104308830574e-05, 6.475919508375227e-05, 5.279470497043803e-05, 6.442979793064296e-05, 5.03034025314264e-05, 5.7507346355123445e-05], [0, 0.0005867484724149108, 8.244440687121823e-05, 5.7974193623522297e-05, 5.677476292476058e-05, 5.7021436077775434e-05, 6.251308514038101e-05, 5.6312361266463995e-05, 5.161665103514679e-05, 5.0288334023207426e-05, 6.561640475410968e-05, 4.174151399638504e-05, 4.3667030695360154e-05, 4.928320413455367e-05, 4.564556002151221e-05, 3.6784385883947834e-05, 3.2326250220648944e-05, 2.817190579662565e-05, 0, 0, 0], [0, 0.000573674391489476, 8.334511949215084e-05, 6.94416812621057e-05, 7.188582821981981e-05, 7.261594146257266e-05, 7.403027848340571e-05, 8.584713941672817e-05, 7.593225745949894e-05, 7.658899994567037e-05, 8.657908620079979e-05, 8.100725244730711e-05, 8.58141720527783e-05, 7.484712841687724e-05, 9.940144809661433e-05, 7.700293645029888e-05, 9.521889296593145e-05, 0.0001162801418104209, 0, 0, 0], [0, 0.0005595809197984636, 7.754585385555401e-05, 4.8363697715103626e-05, 5.6872453569667414e-05, 5.111040809424594e-05, 5.0641890993574634e-05, 5.549244815483689e-05, 4.6967892558313906e-05, 4.292100857128389e-05, 5.0307960918871686e-05, 5.1283488573972136e-05, 3.351352643221617e-05, 4.13840934925247e-05, 4.336032725404948e-05, 3.457555067143403e-05, 3.485370325506665e-05, 0, 0, 0, 0], [0, 0.0005747160175815225, 6.537292210850865e-05, 3.45863081747666e-05, 2.3301703549805097e-05, 1.8972250472870655e-05, 3.3803375117713585e-05, 3.0072145818849094e-05, 2.6282657927367836e-05, 2.8642181860050187e-05, 2.549480450397823e-05, 1.6113457604660653e-05, 2.5526027457090095e-05, 3.84525592380669e-05, 2.230767859145999e-05, 1.3352039786695968e-05, 0, 0, 0, 0, 0]]}