{"alpha": 0.75, "beta": 0.5, "gamma": 7.0, "num_samples": 25, "node_count": 10, "density": 0.75, "startup_delay": 0.0, "forward_prob": 0, "epochs": [[0, 1, 2, 3, 4, 5, 6, 7, 8, 9, 10, 11, 12, 13, 14, 15, 16, 17, 18, 19, 20], [0, 1, 2, 3, 4, 5, 6, 7, 8, 9, 10, 11, 12, 13, 14, 15, 16, 17, 18, 19, 20], [0, 1, 2, 3, 4, 5, 6, 7, 8, 9, 10, 11, 12, 13, 14, 15, 16, 17, 18, 19, 20], [0, 1, 2, 3, 4, 5, 6, 7, 8, 9, 10, 11, 12, 13, 14, 15, 16, 17, 18, 19, 20], [0, 1, 2, 3, 4, 5, 6, 7, 8, 9, 10, 11, 12, 13, 14, 15, 16, 17, 18, 19, 20], [0, 1, 2, 3, 4, 5, 6, 7, 8, 9, 10, 11, 12, 13, 14, 15, 16, 17, 18, 19, 20], [0, 1, 2, 3, 4, 5, 6, 7, 8, 9, 10, 11, 12, 13, 14, 15, 16, 17, 18, 19, 20], [0, 1, 2, 3, 4, 5, 6, 7, 8, 9, 10, 11, 12, 13, 14, 15, 16, 17, 18, 19, 20], [0, 1, 2, 3, 4, 5, 6, 7, 8, 9, 10, 11, 12, 13, 14, 15, 16, 17, 18, 19, 20], [0, 1, 2, 3, 4, 5, 6, 7, 8, 9, 10, 11, 12, 13, 14, 15, 16, 17, 18, 19, 20]], "accuracies": [[12.07, 15.1, 44.59, 53.99, 66.36, 69.46, 69.67, 71.29, 70.81, 72.0, 72.42, 73.16, 71.91, 72.47, 73.39, 70.55, 72.2, 72.31, 70.95, 73.08, 73.11], [17.37, 26.32, 56.5, 55.0, 64.82, 67.69, 68.63, 70.26, 70.48, 71.33, 71.95, 72.38, 71.67, 71.81, 72.34, 71.57, 71.61, 71.7, 72.09, 72.55, 72.55], [8.05, 18.83, 50.12, 54.66, 65.65, 69.31, 69.62, 71.45, 70.35, 71.76, 71.86, 72.55, 72.16, 72.06, 72.8, 72.78, 72.2, 72.47, 72.91, 73.6, 71.26], [14.43, 15.27, 51.39, 54.46, 64.29, 67.79, 68.23, 70.45, 69.9, 70.51, 71.93, 71.59, 71.67, 71.66, 70.22, 71.52, 71.34, 70.67, 73.19, 72.34, 70.84], [10.69, 10.0, 45.35, 50.8, 63.24, 65.76, 67.3, 69.66, 69.79, 69.7, 71.7, 70.61, 70.74, 71.56, 70.74, 71.52, 70.9, 71.49, 72.55, 70.02, 65.52], [10.21, 10.0, 58.9, 59.62, 65.07, 68.69, 69.45, 70.36, 70.08, 70.99, 72.46, 72.1, 72.69, 72.36, 72.09, 71.25, 72.06, 72.22, 73.2, 71.5, 71.14], [9.85, 9.99, 49.54, 50.55, 63.06, 66.24, 67.8, 69.51, 69.76, 70.28, 71.37, 71.7, 71.45, 71.42, 70.41, 71.33, 72.39, 72.7, 70.53, 69.71, 69.64], [9.75, 27.03, 61.7, 68.18, 69.95, 69.9, 70.92, 71.93, 71.49, 70.61, 70.57, 70.44, 71.04, 71.51, 66.34, 66.19, 62.79, 61.57, 61.87, 62.14, 62.14], [14.05, 22.75, 54.18, 63.91, 66.39, 67.81, 69.86, 69.8, 69.61, 71.06, 68.82, 71.47, 71.31, 71.0, 67.07, 66.68, 57.32, 56.81, 56.69, 56.57, 56.55], [8.56, 28.58, 60.27, 69.23, 70.01, 70.91, 71.55, 72.51, 72.45, 71.94, 72.04, 70.83, 72.26, 71.87, 69.51, 70.69, 65.37, 66.59, 66.96, 67.09, 67.04]], "msds": [[0, 0.0006896470440551639, 9.568208770360798e-05, 4.988905129721388e-05, 2.7729007342713885e-05, 1.9718399926205166e-05, 1.8078166249324568e-05, 1.8763277694233693e-05, 1.3070048225927167e-05, 1.2086091373930685e-05, 9.450913239561487e-06, 1.063754280039575e-05, 7.832500159565825e-06, 1.0440429832669906e-05, 7.957394700497389e-06, 1.0498215488041751e-05, 9.524615052214358e-06, 9.504230547463521e-06, 6.970239610382123e-06, 4.30515683547128e-06, 4.917704700346803e-06], [0, 0.0006791091873310506, 9.681863593868911e-05, 4.833171624341048e-05, 2.4189130272134207e-05, 1.747430178511422e-05, 1.431243526894832e-05, 1.3684958503290545e-05, 1.0448620741954073e-05, 9.026895895658527e-06, 1.1007479770341888e-05, 1.1334073860780336e-05, 9.263337233278435e-06, 9.725947165861726e-06, 1.0083039342134725e-05, 9.494723599345889e-06, 8.843675459502265e-06, 1.033377066050889e-05, 6.268366178119322e-06, 4.913751126878196e-06, 9.287288776249625e-06], [0, 0.0007004581275396049, 0.00010425598884467036, 5.486900045070797e-05, 3.194153032382019e-05, 2.3005572074907832e-05, 1.9066435925196856e-05, 1.8416169041302055e-05, 1.5864628949202597e-05, 1.3451202903524972e-05, 1.2965476344106719e-05, 1.4717260455654468e-05, 8.790407264314126e-06, 1.1206595445401035e-05, 8.749263542995322e-06, 9.001685612020083e-06, 1.0970449693559203e-05, 1.2273987522348762e-05, 6.964575277379481e-06, 8.250541213783436e-06, 8.917965715227183e-06], [0, 0.0006834089872427285, 9.775372018339112e-05, 4.832281410926953e-05, 3.0342620448209345e-05, 2.3473667170037515e-05, 2.012336153711658e-05, 2.1407562599051744e-05, 1.3255373232823331e-05, 1.2633284313778859e-05, 1.029455233947374e-05, 9.331873116025236e-06, 9.541695362713654e-06, 9.94172296486795e-06, 1.4294858374341857e-05, 1.0326742085453589e-05, 1.2499102922447491e-05, 5.266429070616141e-06, 3.8707216845068615e-06, 9.389167644258123e-06, 7.876117706473451e-06], [0, 0.0006865255418233573, 9.985466749640182e-05, 4.9763908464228734e-05, 2.8147760531282984e-05, 2.0004201360279694e-05, 1.6983209206955507e-05, 1.6962543668341823e-05, 1.0280192327627447e-05, 9.353484529128764e-06, 8.772251021582633e-06, 8.546024218958337e-06, 8.349460586032365e-06, 7.291971087397542e-06, 8.976894605439156e-06, 6.889095857331995e-06, 1.2564360986289103e-05, 5.648128080792958e-06, 4.9985915211436804e-06, 5.508285539690405e-06, 1.4924509741831571e-05], [0, 0.0006972340634092689, 0.00010513416782487184, 5.7779128837864846e-05, 3.2911520975176245e-05, 2.3976423108251765e-05, 1.8032889784080908e-05, 1.8699738575378433e-05, 1.3432183550321497e-05, 1.2194233022455592e-05, 1.1287941561022308e-05, 1.110928860725835e-05, 1.0178069715038873e-05, 6.9016741690575145e-06, 1.3245999070932157e-05, 1.2346845323918387e-05, 7.227160494949203e-06, 6.736969226039946e-06, 7.537482815678231e-06, 1.2837166650569998e-05, 6.4638447838660795e-06], [0, 0.0006842882139608264, 0.00010602889960864559, 5.003763362765312e-05, 2.651809700182639e-05, 1.898506707220804e-05, 1.639366200834047e-05, 1.4525555343425367e-05, 1.1051661203964613e-05, 9.453950951865409e-06, 8.48128092911793e-06, 7.4971167123294435e-06, 1.2800111107935663e-05, 8.21082267066231e-06, 1.1565740351215936e-05, 6.954564014449716e-06, 3.7923223317193333e-06, 6.532284260174492e-06, 6.48696050120634e-06, 1.5164707292569801e-05, 6.212288553797407e-06], [0, 0.00037621016963385046, 5.681122638634406e-05, 2.8071119231753983e-05, 2.0366484022815712e-05, 1.6786978449090384e-05, 1.2437455552571919e-05, 1.2067244824720547e-05, 9.867918379313778e-06, 7.998637556738686e-06, 1.1743793947971426e-05, 8.628974683233537e-06, 6.6569491536938585e-06, 5.045078978582751e-06, 7.760080734442454e-06, 1.050878290698165e-05, 0, 0, 0, 0, 0], [0, 0.00037596028414554894, 5.60199077881407e-05, 2.4740751541685313e-05, 1.7855987607617863e-05, 1.2527108992799185e-05, 1.0523625860514585e-05, 8.70319581736112e-06, 8.428772162005771e-06, 7.64652304496849e-06, 1.8930160877062008e-05, 9.779904758033808e-06, 6.634867531829514e-06, 4.646340585168218e-06, 9.662380762165412e-06, 9.643849807616789e-06, 0, 0, 0, 0, 0], [0, 0.00039391921018250287, 6.906830094521865e-05, 3.245827974751592e-05, 2.2194242774276063e-05, 1.8965567505802028e-05, 1.6400847016484477e-05, 1.6194391719182022e-05, 1.4833290151727851e-05, 1.2275401786610018e-05, 1.1921581972273998e-05, 1.1672922482830472e-05, 1.1138958143419586e-05, 7.171636298153317e-06, 1.7403956007910892e-05, 1.0578653018455952e-05, 0, 0, 0, 0, 0]]}