{"alpha": 0.75, "beta": 0.5, "gamma": 5.0, "num_samples": 25, "node_count": 10, "density": 1.0, "startup_delay": 2.0, "forward_prob": 0, "epochs": [[0, 1, 2, 3, 4, 5, 6, 7, 8, 9, 10, 11, 12, 13, 14, 15, 16, 17, 18, 19, 20], [0, 1, 2, 3, 4, 5, 6, 7, 8, 9, 10, 11, 12, 13, 14, 15, 16, 17, 18, 19, 20], [0, 1, 2, 3, 4, 5, 6, 7, 8, 9, 10, 11, 12, 13, 14, 15, 16, 17, 18, 19, 20], [0, 1, 2, 3, 4, 5, 6, 7, 8, 9, 10, 11, 12, 13, 14, 15, 16, 17, 18, 19, 20], [0, 1, 2, 3, 4, 5, 6, 7, 8, 9, 10, 11, 12, 13, 14, 15, 16, 17, 18, 19, 20], [0, 1, 2, 3, 4, 5, 6, 7, 8, 9, 10, 11, 12, 13, 14, 15, 16, 17, 18, 19, 20], [0, 1, 2, 3, 4, 5, 6, 7, 8, 9, 10, 11, 12, 13, 14, 15, 16, 17, 18, 19, 20], [0, 1, 2, 3, 4, 5, 6, 7, 8, 9, 10, 11, 12, 13, 14, 15, 16, 17, 18, 19, 20], [0, 1, 2, 3, 4, 5, 6, 7, 8, 9, 10, 11, 12, 13, 14, 15, 16, 17, 18, 19, 20], [0, 1, 2, 3, 4, 5, 6, 7, 8, 9, 10, 11, 12, 13, 14, 15, 16, 17, 18, 19, 20]], "accuracies": [[12.52, 10.0, 17.22, 35.59, 27.63, 43.64, 28.79, 52.32, 36.67, 50.06, 35.28, 37.51, 48.25, 29.78, 47.19, 52.07, 53.02, 52.04, 43.94, 52.02, 41.17], [9.7, 10.0, 21.12, 34.12, 27.79, 30.26, 30.48, 38.33, 41.75, 37.93, 31.52, 44.4, 39.9, 38.07, 54.09, 41.92, 54.11, 45.95, 41.65, 54.55, 39.33], [10.86, 10.0, 20.13, 26.59, 35.93, 27.46, 45.76, 28.32, 44.91, 40.11, 34.04, 49.21, 36.98, 52.99, 47.21, 44.03, 49.45, 47.0, 51.43, 37.52, 45.14], [9.99, 10.0, 21.14, 22.89, 39.77, 28.45, 44.42, 39.58, 35.06, 53.83, 28.61, 54.45, 25.22, 47.01, 36.59, 36.46, 49.11, 34.91, 44.27, 37.73, 39.86], [10.63, 22.8, 19.23, 35.74, 24.96, 35.36, 25.29, 46.19, 38.98, 60.22, 31.54, 47.1, 43.21, 38.01, 38.47, 43.82, 55.11, 49.17, 44.24, 54.29, 52.28], [9.63, 10.52, 18.49, 28.64, 26.03, 38.14, 32.43, 41.55, 43.46, 49.25, 32.76, 40.18, 52.95, 46.16, 57.93, 49.03, 60.39, 47.44, 39.63, 54.55, 53.83], [6.06, 10.04, 18.9, 25.74, 34.3, 33.45, 50.74, 48.38, 50.64, 36.05, 43.58, 44.23, 32.61, 44.82, 50.78, 51.12, 54.57, 42.63, 49.95, 48.32, 51.32], [12.56, 16.82, 24.59, 25.03, 30.03, 39.54, 45.75, 36.16, 47.74, 31.31, 46.32, 49.79, 43.69, 57.96, 45.0, 59.43, 54.19, 36.42, 52.46, 49.93, 51.32], [16.72, 10.0, 19.56, 38.29, 23.38, 38.51, 46.78, 33.96, 55.73, 32.07, 57.25, 48.56, 43.75, 52.21, 40.3, 54.93, 40.76, 43.09, 57.72, 40.55, 51.32], [11.44, 19.41, 47.8, 27.55, 48.89, 44.8, 56.85, 47.96, 31.64, 49.03, 47.73, 54.77, 50.96, 44.81, 55.3, 45.7, 57.27, 52.33, 66.09, 51.32, 44.64]], "msds": [[0, 0.0006536234868690372, 8.030136814340949e-05, 5.374782995204441e-05, 2.5026132789207622e-05, 2.2203117623575963e-05, 2.4350469175260514e-05, 1.63732602231903e-05, 1.4300035218184348e-05, 9.920286174747162e-06, 1.8698565327213146e-05, 3.4576220059534535e-05, 1.7511407349957153e-05, 2.0772798961843364e-05, 2.1440815544337966e-05, 1.181966763397213e-05, 9.281700840801932e-06, 8.12639518699143e-06, 1.896976937132422e-05, 2.096914431604091e-05, 1.2831274034397211e-05], [0, 0.0006571669364348054, 7.650418410776183e-05, 4.409925895743072e-05, 2.2558780983672477e-05, 2.4363105694646947e-05, 3.229142021154985e-05, 2.1825553631060757e-05, 1.9899991457350552e-05, 1.3235327060101554e-05, 2.964597115351353e-05, 3.0401912226807326e-05, 2.9554075808846392e-05, 1.3182337170292158e-05, 1.4277918126026634e-05, 1.9562630768632516e-05, 7.908807674539275e-06, 1.0244914847135078e-05, 1.893899025162682e-05, 1.676634929026477e-05, 2.4414779545622878e-05], [0, 0.0006531597464345396, 7.795328565407544e-05, 4.396598887979053e-05, 1.9722770957741886e-05, 4.154791167820804e-05, 2.5341698346892372e-05, 2.8272073905100115e-05, 1.198066365759587e-05, 1.3137353562342469e-05, 1.9557224732125178e-05, 2.717562165344134e-05, 2.239410241600126e-05, 1.3059944649285171e-05, 2.2867605366627686e-05, 1.3969191968499217e-05, 6.776661848562071e-06, 1.4423228094528895e-05, 1.4920788089511916e-05, 4.064177846885286e-05, 1.3862375453754794e-05], [0, 0.0006519188173115253, 6.991174450377002e-05, 5.3318653954192996e-05, 2.62457560893381e-05, 4.0285220165969804e-05, 2.8205755370436236e-05, 3.404331800993532e-05, 1.4350486708281096e-05, 1.3360424418351613e-05, 2.029541792580858e-05, 2.5684485081001185e-05, 3.113388083875179e-05, 1.756543861120008e-05, 2.8351341825327836e-05, 1.5964831618475728e-05, 8.767266081122216e-06, 2.2122703740024008e-05, 1.8048487618216313e-05, 4.994009213987738e-05, 1.8652455764822662e-05], [0, 0.0006559171597473323, 7.525007822550833e-05, 4.3617354094749317e-05, 1.9450171748758294e-05, 2.2158161300467327e-05, 2.891306758101564e-05, 1.8224900486529805e-05, 1.1746464224415831e-05, 8.974024240160361e-06, 1.6128800780279562e-05, 2.903133827203419e-05, 1.6858351955306716e-05, 2.0886802303721197e-05, 1.1527614333317615e-05, 2.0416506231413223e-05, 8.025107490539085e-06, 7.755083061056212e-06, 1.7263644622289576e-05, 1.5047681699797977e-05, 1.6816187780932523e-05], [0, 0.0006500680465251207, 6.815184315200895e-05, 3.9959195419214666e-05, 1.890201383503154e-05, 2.60760589299025e-05, 2.3522155970567837e-05, 1.9720930140465498e-05, 1.283072469959734e-05, 1.2687729395111091e-05, 1.5866411558818072e-05, 2.4941156880231574e-05, 1.7627600755076855e-05, 1.3421175026451237e-05, 1.433398574590683e-05, 1.4138804544927552e-05, 9.62422836892074e-06, 1.0069712516269647e-05, 2.1035202735220082e-05, 1.7914813724928536e-05, 1.7958413081942126e-05], [0, 0.00046397800906561315, 7.755689875921234e-05, 2.5279396140831523e-05, 3.200296123395674e-05, 2.8022546757711098e-05, 2.6717032596934587e-05, 1.3320011021278333e-05, 1.008536582958186e-05, 1.490073191234842e-05, 2.6454570615896955e-05, 1.5476836779271252e-05, 1.914521817525383e-05, 1.6309471902786754e-05, 1.0547337296884507e-05, 8.899889508029446e-06, 7.963447387737688e-06, 2.0751473130076192e-05, 2.556412437115796e-05, 1.4089167052588891e-05, 1.2142108062107582e-05], [0, 0.0004959158832207322, 7.707752229180187e-05, 2.4720249712117948e-05, 2.754731940513011e-05, 3.722744804690592e-05, 2.0692998077720404e-05, 1.5693038221797906e-05, 1.8805729268933646e-05, 1.5946963685564697e-05, 2.9732191251241602e-05, 1.907022306113504e-05, 1.7388891137670726e-05, 1.4615219697589055e-05, 1.8885171812144108e-05, 8.269033060059883e-06, 8.960371815192048e-06, 1.9344004613230936e-05, 2.1169442334212363e-05, 2.0051718820468523e-05, 1.0257801477564499e-05], [0, 0.0004234287771396339, 6.600553751923144e-05, 2.6064604753628373e-05, 3.255463525420055e-05, 3.182769796694629e-05, 2.6120373149751686e-05, 1.8381295376457274e-05, 1.1180778528796509e-05, 2.02544924832182e-05, 2.278867395943962e-05, 3.3466094464529306e-05, 1.6466119632241316e-05, 1.8116643332177773e-05, 1.6158530343091115e-05, 8.562296898162458e-06, 1.1008641195076052e-05, 2.602650783956051e-05, 2.8658145311055705e-05, 1.5056140000524465e-05, 1.0602046131680254e-05], [0, 0.000441719894297421, 7.133001054171473e-05, 3.2769719837233424e-05, 2.7011570637114346e-05, 2.704982580326032e-05, 1.2590889127750415e-05, 2.002274413825944e-05, 1.577621151227504e-05, 4.063117376063019e-05, 1.7688465959508903e-05, 1.3551417396229226e-05, 1.4505195395031478e-05, 1.0669474249880295e-05, 1.1415699191275053e-05, 9.402260729984846e-06, 2.116965151799377e-05, 1.7951393601833843e-05, 1.1548951079021208e-05, 8.918867933971342e-06, 0]]}