{"alpha": 0.75, "beta": 0.5, "gamma": 5.0, "num_samples": 100, "node_count": 10, "density": 1.0, "startup_delay": 2.0, "forward_prob": 0, "epochs": [[0, 1, 2, 3, 4, 5, 6, 7, 8, 9, 10, 11, 12, 13, 14, 15, 16, 17, 18, 19, 20], [0, 1, 2, 3, 4, 5, 6, 7, 8, 9, 10, 11, 12, 13, 14, 15, 16, 17, 18, 19, 20], [0, 1, 2, 3, 4, 5, 6, 7, 8, 9, 10, 11, 12, 13, 14, 15, 16, 17, 18, 19, 20], [0, 1, 2, 3, 4, 5, 6, 7, 8, 9, 10, 11, 12, 13, 14, 15, 16, 17, 18, 19, 20], [0, 1, 2, 3, 4, 5, 6, 7, 8, 9, 10, 11, 12, 13, 14, 15, 16, 17, 18, 19, 20], [0, 1, 2, 3, 4, 5, 6, 7, 8, 9, 10, 11, 12, 13, 14, 15, 16, 17, 18, 19, 20], [0, 1, 2, 3, 4, 5, 6, 7, 8, 9, 10, 11, 12, 13, 14, 15, 16, 17, 18, 19, 20], [0, 1, 2, 3, 4, 5, 6, 7, 8, 9, 10, 11, 12, 13, 14, 15, 16, 17, 18, 19, 20], [0, 1, 2, 3, 4, 5, 6, 7, 8, 9, 10, 11, 12, 13, 14, 15, 16, 17, 18, 19, 20], [0, 1, 2, 3, 4, 5, 6, 7, 8, 9, 10, 11, 12, 13, 14, 15, 16, 17, 18, 19, 20]], "accuracies": [[8.88, 18.59, 16.79, 41.38, 35.17, 53.89, 37.54, 53.81, 41.45, 46.34, 48.25, 50.25, 60.92, 57.61, 56.33, 53.6, 48.93, 51.26, 45.84, 54.54, 48.52], [13.08, 18.21, 20.22, 33.39, 29.63, 38.9, 36.61, 33.9, 54.04, 43.45, 59.29, 40.14, 63.66, 41.38, 62.47, 48.45, 56.91, 49.71, 62.59, 49.47, 51.96], [7.16, 10.22, 23.63, 29.66, 30.83, 37.16, 40.17, 49.87, 48.41, 51.56, 43.99, 50.88, 41.39, 46.48, 53.03, 62.64, 46.45, 52.22, 48.96, 59.03, 58.92], [11.64, 10.98, 19.6, 19.95, 21.61, 39.71, 28.74, 42.03, 36.95, 41.3, 45.24, 30.32, 50.63, 33.36, 58.27, 44.83, 40.3, 37.87, 57.18, 46.53, 46.99], [17.29, 9.98, 10.01, 33.47, 33.59, 41.14, 39.19, 55.46, 43.85, 54.5, 45.95, 40.68, 48.51, 50.92, 52.57, 55.58, 40.11, 50.44, 43.66, 61.16, 55.65], [7.98, 10.0, 25.87, 29.11, 34.9, 37.08, 39.37, 41.88, 41.3, 51.36, 34.44, 54.2, 39.55, 50.93, 51.25, 53.65, 44.77, 52.55, 46.32, 59.52, 46.24], [6.06, 28.95, 35.17, 31.43, 50.26, 42.34, 48.45, 45.81, 47.38, 54.5, 46.79, 59.48, 56.21, 56.07, 54.98, 45.42, 50.07, 49.37, 50.19, 64.9, 52.19], [3.16, 10.29, 20.89, 40.34, 42.24, 40.12, 48.17, 46.31, 56.17, 44.09, 39.88, 45.49, 52.3, 59.05, 59.57, 43.22, 52.24, 52.43, 59.74, 42.15, 52.19], [9.97, 10.0, 24.69, 23.84, 48.37, 33.42, 48.09, 30.08, 38.74, 42.1, 31.05, 47.83, 33.23, 50.12, 46.46, 47.9, 43.68, 44.85, 48.1, 42.85, 52.19], [10.7, 24.99, 48.79, 41.39, 47.74, 35.43, 56.54, 43.31, 60.08, 45.69, 64.32, 55.63, 63.7, 46.68, 60.57, 51.92, 65.13, 43.63, 68.39, 52.19, 42.4]], "msds": [[0, 0.0006763566634617746, 9.958976443158463e-05, 5.9804850025102496e-05, 3.82575744879432e-05, 2.9359038308029994e-05, 3.1324965675594285e-05, 2.605727240734268e-05, 2.4275028408737853e-05, 2.614384902699385e-05, 3.6744717363035306e-05, 2.0655632397392765e-05, 1.9561171939130872e-05, 1.8602544514578767e-05, 2.043981476163026e-05, 1.427343249815749e-05, 2.272229721711483e-05, 2.368128662055824e-05, 3.241202648496255e-05, 2.9271475796122104e-05, 1.671743120823521e-05], [0, 0.0006727043073624372, 9.170956036541611e-05, 5.516628880286589e-05, 3.676955384435132e-05, 4.0106453525368124e-05, 2.4971186576294713e-05, 4.7236186219379306e-05, 2.523979128454812e-05, 2.5745039238245226e-05, 2.5300829292973503e-05, 3.063511394429952e-05, 2.002785913646221e-05, 3.241451850044541e-05, 1.9341163351782598e-05, 1.7208103599841706e-05, 2.7153944756719284e-05, 2.7326104827807285e-05, 2.699836841202341e-05, 2.5198456569341943e-05, 1.934667488967534e-05], [0, 0.0006689403089694679, 8.321073255501688e-05, 5.4689891840098426e-05, 2.828536344168242e-05, 3.161668428219855e-05, 2.407002102700062e-05, 3.6146077036391944e-05, 2.38970296777552e-05, 2.5372033633175306e-05, 3.1008912628749385e-05, 2.2640409952146e-05, 2.8410411687218584e-05, 2.5978524718084373e-05, 2.797864544845652e-05, 2.0626468540285714e-05, 2.2754849851480685e-05, 2.498899084457662e-05, 2.7392548872740008e-05, 2.278302599734161e-05, 2.120297540386673e-05], [0, 0.000674763519782573, 9.372631757287309e-05, 6.253048923099414e-05, 3.4024320484604686e-05, 3.83101541956421e-05, 2.8816763006034307e-05, 4.119160075788386e-05, 2.8591683076228946e-05, 4.164419442531653e-05, 2.690765177248977e-05, 4.143147816648707e-05, 3.4357522963546216e-05, 4.17161027144175e-05, 3.1601040973328054e-05, 2.2176622223923914e-05, 1.3521815162675921e-05, 4.572883699438535e-05, 2.917222082032822e-05, 4.0539140172768384e-05, 2.4551360183977522e-05], [0, 0.0006685291300527751, 9.083822078537196e-05, 5.907056402065791e-05, 2.684789251361508e-05, 3.0471826903522015e-05, 2.6580104531603865e-05, 2.9546181394835003e-05, 2.3904500267235562e-05, 2.194581611547619e-05, 2.358918936806731e-05, 1.923945455928333e-05, 2.6809140763361938e-05, 2.3228412828757428e-05, 2.3731961846351624e-05, 1.722086926747579e-05, 1.8367061784374528e-05, 2.1860147171537392e-05, 3.176019890815951e-05, 2.2275589799392037e-05, 1.739325853122864e-05], [0, 0.0006722750258632004, 9.54519200604409e-05, 6.20618520770222e-05, 2.8295018637436442e-05, 2.751423562585842e-05, 2.5958677724702284e-05, 3.076823486480862e-05, 2.9718054065597244e-05, 1.7947690139408223e-05, 2.6115329092135653e-05, 2.0752961063408293e-05, 2.240654248453211e-05, 2.128731102857273e-05, 1.807934677344747e-05, 2.0565814338624477e-05, 2.1555488274316303e-05, 1.9591161617427133e-05, 3.6054210795555264e-05, 1.9690465705934912e-05, 2.1079402358736843e-05], [0, 0.00047547314898110926, 8.253658597823232e-05, 3.7473870179383084e-05, 3.504668711684644e-05, 2.374204086663667e-05, 2.8304710212978534e-05, 2.7002588467439637e-05, 2.5830660888459533e-05, 1.885512756416574e-05, 2.452896660543047e-05, 2.1541227397392504e-05, 2.5409892259631306e-05, 1.5818462998140603e-05, 1.2827189493691549e-05, 1.8539913071435876e-05, 4.147063009440899e-05, 2.5752931833267212e-05, 3.636815745267086e-05, 1.4953224308555946e-05, 2.3069384042173624e-05], [0, 0.0005044219433329999, 9.714828047435731e-05, 3.988686148659326e-05, 3.889630170306191e-05, 2.345500251976773e-05, 3.477495556580834e-05, 2.4139908418874256e-05, 2.932518873421941e-05, 2.4890547138056718e-05, 2.306452370248735e-05, 2.951032729470171e-05, 2.549028977227863e-05, 2.308054899913259e-05, 1.4139541235635988e-05, 1.8817871023202315e-05, 2.0782088540727273e-05, 2.8955972084077075e-05, 2.2053300199331716e-05, 2.1831338017364033e-05, 1.7691627363092266e-05], [0, 0.0004811729886569083, 9.165737719740719e-05, 4.0501487092114985e-05, 3.0469949706457555e-05, 3.162691427860409e-05, 2.9238701245049015e-05, 2.750286330410745e-05, 2.6742553018266335e-05, 3.604743687901646e-05, 1.9076875105383806e-05, 2.3522925403085537e-05, 2.6249239454045892e-05, 1.8769429516396485e-05, 1.6739424609113485e-05, 1.6641572074149735e-05, 2.8304320949246176e-05, 3.703747279359959e-05, 2.53303751378553e-05, 2.6570665795588866e-05, 2.2055150111555122e-05], [0, 0.0004351673705969006, 7.175078644650057e-05, 3.8004862290108576e-05, 2.2428725060308352e-05, 3.3640084438957274e-05, 2.2688238459522836e-05, 2.7451624191598967e-05, 2.0626504920073785e-05, 2.9362892746576108e-05, 1.9862354747601785e-05, 2.196132845710963e-05, 2.2839400116936304e-05, 2.844626214937307e-05, 1.5092570720298681e-05, 3.414732782403007e-05, 2.2641639588982798e-05, 2.245689756819047e-05, 1.745932240737602e-05, 1.6887643141672015e-05, 0]]}