{"alpha": 0.9, "beta": 0.5, "gamma": 7.0, "num_samples": 100, "node_count": 10, "density": 0.75, "startup_delay": 0.0, "forward_prob": 0, "epochs": [[0, 1, 2, 3, 4, 5, 6, 7, 8, 9, 10, 11, 12, 13, 14, 15, 16, 17, 18, 19, 20], [0, 1, 2, 3, 4, 5, 6, 7, 8, 9, 10, 11, 12, 13, 14, 15, 16, 17, 18, 19, 20], [0, 1, 2, 3, 4, 5, 6, 7, 8, 9, 10, 11, 12, 13, 14, 15, 16, 17, 18, 19, 20], [0, 1, 2, 3, 4, 5, 6, 7, 8, 9, 10, 11, 12, 13, 14, 15, 16, 17, 18, 19, 20], [0, 1, 2, 3, 4, 5, 6, 7, 8, 9, 10, 11, 12, 13, 14, 15, 16, 17, 18, 19, 20], [0, 1, 2, 3, 4, 5, 6, 7, 8, 9, 10, 11, 12, 13, 14, 15, 16, 17, 18, 19, 20], [0, 1, 2, 3, 4, 5, 6, 7, 8, 9, 10, 11, 12, 13, 14, 15, 16, 17, 18, 19, 20], [0, 1, 2, 3, 4, 5, 6, 7, 8, 9, 10, 11, 12, 13, 14, 15, 16, 17, 18, 19, 20], [0, 1, 2, 3, 4, 5, 6, 7, 8, 9, 10, 11, 12, 13, 14, 15, 16, 17, 18, 19, 20], [0, 1, 2, 3, 4, 5, 6, 7, 8, 9, 10, 11, 12, 13, 14, 15, 16, 17, 18, 19, 20]], "accuracies": [[11.09, 10.0, 61.41, 70.41, 72.38, 71.49, 76.01, 75.1, 77.47, 77.0, 77.99, 77.77, 77.49, 78.73, 78.61, 77.96, 78.61, 79.07, 79.0, 78.35, 78.47], [10.05, 10.0, 61.37, 70.23, 72.86, 73.6, 76.09, 76.18, 77.9, 77.69, 78.16, 77.83, 77.35, 78.51, 78.56, 78.16, 78.43, 78.56, 78.94, 78.44, 78.15], [7.72, 10.0, 57.75, 69.62, 72.72, 72.75, 75.85, 76.04, 78.06, 77.16, 77.79, 75.47, 77.7, 78.61, 78.43, 78.59, 78.35, 78.76, 78.67, 77.85, 79.22], [11.31, 10.0, 61.85, 70.9, 70.82, 71.72, 74.75, 76.43, 77.76, 77.36, 76.87, 78.08, 78.44, 78.01, 78.51, 78.83, 79.25, 78.6, 78.42, 78.72, 77.86], [8.74, 10.0, 64.09, 71.59, 74.19, 76.65, 77.18, 77.93, 78.97, 77.3, 77.65, 78.97, 78.15, 78.44, 78.51, 78.97, 78.45, 78.56, 78.59, 78.73, 77.79], [14.16, 10.0, 61.22, 71.11, 73.5, 76.34, 76.19, 77.83, 78.43, 77.3, 77.34, 78.39, 78.62, 78.95, 78.65, 78.88, 78.66, 78.85, 78.51, 79.15, 77.65], [9.18, 10.0, 63.72, 71.69, 74.33, 76.29, 75.98, 77.87, 78.24, 77.74, 78.36, 78.84, 78.76, 78.75, 78.65, 79.21, 78.63, 78.85, 78.27, 79.14, 77.79], [8.4, 56.6, 71.23, 72.17, 76.05, 75.63, 76.86, 76.95, 75.82, 77.51, 78.19, 77.67, 78.04, 78.73, 78.25, 78.03, 77.81, 78.79, 77.78, 77.24, 77.44], [5.59, 50.71, 67.91, 72.05, 75.99, 76.72, 77.9, 77.17, 76.47, 77.07, 78.64, 78.56, 78.6, 78.3, 79.07, 77.28, 78.46, 78.67, 73.11, 73.31, 74.71], [12.55, 46.9, 69.52, 72.81, 75.05, 75.47, 77.42, 76.82, 77.63, 77.61, 78.79, 78.18, 78.88, 78.92, 78.36, 78.92, 78.28, 77.98, 74.02, 73.94, 74.61]], "msds": [[0, 0.0007321208249777555, 0.00013060415221843868, 6.0597583797061816e-05, 3.6583289329428226e-05, 3.061526513192803e-05, 2.8083581128157675e-05, 2.571489858382847e-05, 2.353210402361583e-05, 2.6068802981171757e-05, 2.4206980015151203e-05, 3.71571077266708e-05, 2.3817856344976462e-05, 1.9013397832168266e-05, 1.962512033060193e-05, 2.542718721088022e-05, 1.7373884475091472e-05, 1.2135861652495805e-05, 1.1139192793052644e-05, 1.1193877071491443e-05, 4.567010546452366e-05], [0, 0.0007416666485369205, 0.0001321194868069142, 6.144314829725772e-05, 3.449014911893755e-05, 2.9899736546212807e-05, 3.100749745499343e-05, 2.2835994968772866e-05, 2.2080992494011298e-05, 2.5455379727645777e-05, 2.0288043742766604e-05, 2.224656054750085e-05, 2.607526766951196e-05, 1.9321252693771385e-05, 1.8581649783300236e-05, 2.4959215807029977e-05, 1.3743925592279993e-05, 1.4679922969662584e-05, 1.1406628800614271e-05, 1.9488385078147985e-05, 1.757454447215423e-05], [0, 0.000737236172426492, 0.0001554309274069965, 6.402495637303218e-05, 3.922067480743863e-05, 3.1278934329748154e-05, 3.400459900149144e-05, 1.9847671865136363e-05, 1.982626781682484e-05, 1.974291262740735e-05, 2.0358214896987192e-05, 2.7135831260238774e-05, 2.5378178179380484e-05, 1.5447614714503288e-05, 1.991414319491014e-05, 2.030382165685296e-05, 1.5889938367763534e-05, 9.821558705880307e-06, 8.493132554576732e-06, 3.610469138948247e-05, 1.1339733646309469e-05], [0, 0.0007420252659358084, 0.0001447515096515417, 6.35062824585475e-05, 4.40434851043392e-05, 3.872302841045894e-05, 2.802067501761485e-05, 2.1898427803535014e-05, 2.7167005100636743e-05, 1.7380631106789224e-05, 3.303595440229401e-05, 3.5871704312739894e-05, 2.6744286515167914e-05, 1.9995733964606188e-05, 1.7167190890177153e-05, 2.9204120437498204e-05, 1.3416371075436473e-05, 9.930272426572628e-06, 2.1281151930452324e-05, 1.0346832823415753e-05, 1.7232248865184374e-05], [0, 0.0007466760580427945, 0.00013455796579364687, 5.17460830451455e-05, 3.6629135138355196e-05, 3.082781768171117e-05, 2.67059585894458e-05, 2.5217363145202398e-05, 2.0580262571456842e-05, 2.7219037292525172e-05, 2.7980198865407147e-05, 1.6367968783015385e-05, 2.6679343136493117e-05, 3.2599607948213816e-05, 1.7961505363928154e-05, 2.097767537634354e-05, 1.0941389518848155e-05, 2.1027359252911992e-05, 2.0778166799573228e-05, 1.0176690921070985e-05, 1.5473662642762065e-05], [0, 0.0007464418304152787, 0.0001249560300493613, 4.83367512060795e-05, 3.6046865716343746e-05, 3.1480540201300755e-05, 2.5356870537507348e-05, 2.821528323693201e-05, 2.235768079117406e-05, 2.793464227579534e-05, 2.178138129238505e-05, 2.2549749701283872e-05, 1.9079812773270532e-05, 1.8167893358622678e-05, 1.9257689928053878e-05, 1.4212267160473857e-05, 1.3589426089311019e-05, 2.1468054910656065e-05, 2.7378122467780486e-05, 1.017911472445121e-05, 2.705187398532871e-05], [0, 0.0007348699145950377, 0.00011705839278874919, 5.0561142415972427e-05, 3.145319351460785e-05, 2.725823833316099e-05, 2.5473911591689102e-05, 2.3528909878223203e-05, 1.9638115190900862e-05, 2.1137906514923088e-05, 2.3103359126253054e-05, 2.2913189241080545e-05, 1.2763981430907734e-05, 2.061755549220834e-05, 9.915610462485347e-06, 1.2654585589189082e-05, 1.281049753742991e-05, 1.748990143823903e-05, 1.809272180253174e-05, 1.1856259334308561e-05, 1.528439315734431e-05], [0, 0.0003958786546718329, 5.912733104196377e-05, 3.557026866474189e-05, 3.0457667890004814e-05, 3.254438706790097e-05, 2.271547600685153e-05, 2.2464701032731682e-05, 2.8039899916620925e-05, 2.1371588445617817e-05, 2.3816153770894744e-05, 1.8672120859264396e-05, 1.6638448869343847e-05, 1.563364639878273e-05, 2.8191956516820937e-05, 1.6901682101888582e-05, 1.6282017895719036e-05, 1.0548172213020734e-05, 1.1039993296435568e-05, 0, 0], [0, 0.00044698422425426543, 6.801517884014174e-05, 4.264115705154836e-05, 3.4987890103366226e-05, 3.092373663093895e-05, 2.7440402845968492e-05, 2.734144072746858e-05, 3.442211163928732e-05, 2.529396442696452e-05, 2.3204973331303336e-05, 2.2051477571949363e-05, 1.796092328731902e-05, 2.4083807147690095e-05, 1.3543188288167585e-05, 1.987818359339144e-05, 2.0926572688040324e-05, 2.2635800632997416e-05, 3.776056837523356e-05, 9.827993926592171e-05, 7.814003038220108e-05], [0, 0.00045600233715958893, 6.661575025646016e-05, 3.982611815445125e-05, 3.408951306482777e-05, 2.8259004466235638e-05, 2.760880670393817e-05, 2.820903500833083e-05, 2.7000165573554114e-05, 3.262849713792093e-05, 2.3589474949403666e-05, 2.7361978936824016e-05, 2.0371871869429015e-05, 4.760088995681144e-05, 2.102699363604188e-05, 1.808009074011352e-05, 2.4337505237781443e-05, 1.626337325433269e-05, 3.776056837523356e-05, 9.827993926592171e-05, 7.814003038220108e-05]]}