{"nodes_data": [[[0, 1, 2, 3, 4, 5, 6, 7, 8, 9, 10, 11, 12, 13, 14, 15, 16, 17, 18, 19, 20], [7.89, 28.62, 77.85, 77.11, 78.51, 81.17, 82.32, 83.4, 84.64, 84.56, 84.29, 84.69, 85.17, 85.56, 85.92, 85.71, 84.95, 86.06, 86.56, 85.95, 86.58], [0, 0.005349240265786648, 0.003919950686395168, 0.0013282272266224027, 0.0007172746700234711, 0.0004559208464343101, 0.00032321762409992516, 0.00023251307720784098, 0.0001865901576820761, 0.00016953023441601545, 0.00016011830302886665, 0.00015287713904399425, 0.00015217106556519866, 0.00015268268180079758, 0.00014800163626205176, 0.0001466521789552644, 0.0001595976500539109, 0.0001501673978054896, 0.00016358308494091034, 0.00015768421872053295, 0.0001674845116212964]], [[0, 1, 2, 3, 4, 5, 6, 7, 8, 9, 10, 11, 12, 13, 14, 15, 16, 17, 18, 19, 20], [10.03, 64.77, 63.75, 67.54, 80.56, 80.68, 82.77, 82.96, 83.3, 84.42, 84.4, 85.11, 85.02, 85.43, 85.54, 85.78, 86.09, 85.91, 86.14, 86.3, 86.5], [0, 0.005371119827032089, 0.002116275019943714, 0.0010419152677059174, 0.0006880062283016741, 0.0005338721093721688, 0.00035193064832128584, 0.00024935021065175533, 0.0002051196643151343, 0.000171482446603477, 0.00015848739712964743, 0.00015496024570893496, 0.00015111644461285323, 0.00015803608403075486, 0.0001482228108216077, 0.0001503874227637425, 0.0001524038234492764, 0.00015534390695393085, 0.00016118110215757042, 0.00016087578842416406, 0.00016735930694267154]]], "msds": [[[0, 1, 2, 3, 4, 5, 6, 7, 8, 9, 10, 11, 12, 13, 14, 15, 16, 17, 18, 19, 20], [7.89, 28.62, 77.85, 77.11, 78.51, 81.17, 82.32, 83.4, 84.64, 84.56, 84.29, 84.69, 85.17, 85.56, 85.92, 85.71, 84.95, 86.06, 86.56, 85.95, 86.58], [0, 0.005349240265786648, 0.003919950686395168, 0.0013282272266224027, 0.0007172746700234711, 0.0004559208464343101, 0.00032321762409992516, 0.00023251307720784098, 0.0001865901576820761, 0.00016953023441601545, 0.00016011830302886665, 0.00015287713904399425, 0.00015217106556519866, 0.00015268268180079758, 0.00014800163626205176, 0.0001466521789552644, 0.0001595976500539109, 0.0001501673978054896, 0.00016358308494091034, 0.00015768421872053295, 0.0001674845116212964]], [[0, 1, 2, 3, 4, 5, 6, 7, 8, 9, 10, 11, 12, 13, 14, 15, 16, 17, 18, 19, 20], [11.38, 65.53, 66.36, 69.91, 78.82, 81.31, 82.92, 83.09, 84.54, 84.14, 84.29, 85.15, 85.18, 85.39, 85.69, 85.96, 85.9, 86.21, 85.89, 86.7, 86.09], [0, 0.0053483424708247185, 0.0019839522428810596, 0.0013109325664117932, 0.0007464315858669579, 0.0004806839569937438, 0.0003281238896306604, 0.00023297024017665535, 0.0001871024287538603, 0.00017041283717844635, 0.0001628586178412661, 0.0001561593817314133, 0.00015603678184561431, 0.00014992042270023376, 0.0001570019667269662, 0.000161350384587422, 0.00016390018572565168, 0.00016062227950897068, 0.0001687493931967765, 0.00016651426267344505, 0.00017258536536246538]]], "alpha": 0.5, "beta": 2.0, "gamma": 0.0, "num_samples": 6000, "node_count": 10, "density": 0.75, "startup_delay": 0.0, "forward_prob": 0}