{"nodes_data": [[[0, 1, 2, 3, 4, 5, 6, 7, 8, 9, 10, 11, 12, 13, 14, 15, 16, 17, 18, 19, 20], [5.92, 10.0, 79.31, 81.73, 83.08, 83.22, 83.42, 84.57, 84.63, 85.55, 85.51, 85.48, 85.2, 86.5, 85.87, 86.37, 87.22, 86.68, 87.11, 87.02, 87.08], [0, 0.005374515894800425, 0.0008744577062316239, 0.00022296987299341708, 0.00011193196405656636, 8.357514889212325e-05, 8.27032927190885e-05, 7.791544339852408e-05, 8.901727414922789e-05, 9.212601435137913e-05, 7.220404950203374e-05, 8.429557783529162e-05, 7.7702927228529e-05, 8.877490472514182e-05, 0.00010102721716975793, 0.00010969609866151586, 8.469445310765877e-05, 9.662681259214878e-05, 0.00010937797196675092, 0.00011466974683571607, 0.0001133791811298579]], [[0, 1, 2, 3, 4, 5, 6, 7, 8, 9, 10, 11, 12, 13, 14, 15, 16, 17, 18, 19, 20], [11.01, 26.0, 79.78, 81.6, 83.24, 83.99, 84.41, 84.73, 84.98, 85.69, 85.67, 85.48, 85.62, 86.68, 86.5, 86.63, 87.12, 86.62, 87.2, 87.17, 87.29], [0, 0.005366149358451366, 0.0007868846296332777, 0.0002299128973390907, 0.00010618851956678554, 8.755313319852576e-05, 7.966525299707428e-05, 7.717426342424005e-05, 7.929465937195346e-05, 7.861493213567883e-05, 8.053573401411995e-05, 8.570158388465643e-05, 0.00010246104648103938, 9.744704584591091e-05, 8.754056034376845e-05, 9.383347787661478e-05, 0.00010042953363154083, 9.650997526478022e-05, 0.00011049370368709788, 0.00011832705786218867, 0.0001101129237213172]]], "msds": [[[0, 1, 2, 3, 4, 5, 6, 7, 8, 9, 10, 11, 12, 13, 14, 15, 16, 17, 18, 19, 20], [5.92, 10.0, 79.31, 81.73, 83.08, 83.22, 83.42, 84.57, 84.63, 85.55, 85.51, 85.48, 85.2, 86.5, 85.87, 86.37, 87.22, 86.68, 87.11, 87.02, 87.08], [0, 0.005374515894800425, 0.0008744577062316239, 0.00022296987299341708, 0.00011193196405656636, 8.357514889212325e-05, 8.27032927190885e-05, 7.791544339852408e-05, 8.901727414922789e-05, 9.212601435137913e-05, 7.220404950203374e-05, 8.429557783529162e-05, 7.7702927228529e-05, 8.877490472514182e-05, 0.00010102721716975793, 0.00010969609866151586, 8.469445310765877e-05, 9.662681259214878e-05, 0.00010937797196675092, 0.00011466974683571607, 0.0001133791811298579]], [[0, 1, 2, 3, 4, 5, 6, 7, 8, 9, 10, 11, 12, 13, 14, 15, 16, 17, 18, 19, 20], [9.29, 16.34, 78.8, 81.78, 83.03, 82.05, 83.42, 84.45, 85.19, 84.99, 85.83, 85.59, 85.38, 86.62, 86.22, 86.7, 87.13, 86.37, 87.31, 87.26, 87.33], [0, 0.00534843048080802, 0.0006832466460764408, 0.0001791634422261268, 0.00010868914250750095, 9.177612810162827e-05, 8.788389095570892e-05, 6.645362009294331e-05, 7.891671702964231e-05, 8.669509406900033e-05, 9.356937516713515e-05, 8.735802111914381e-05, 9.330698958365247e-05, 9.478272113483399e-05, 0.00010008404206018895, 9.452670929022133e-05, 0.00010191326873609796, 0.00010459756595082581, 0.00010728810593718663, 0.00011346673272782937, 0.00011919701501028612]]], "alpha": 0.0, "beta": 0.5, "gamma": 1.0, "num_samples": 6000, "node_count": 10, "density": 1.0, "startup_delay": 0.0, "forward_prob": 0}