{"nodes_data": [[[0, 1, 2, 3, 4, 5, 6, 7, 8, 9, 10, 11, 12, 13, 14, 15, 16, 17, 18, 19, 20], [9.89, 67.91, 70.74, 71.84, 78.75, 82.21, 82.45, 83.5, 84.06, 83.67, 84.21, 85.14, 84.81, 85.53, 85.45, 85.93, 86.01, 86.25, 86.31, 86.26, 86.42], [0, 0.005379296373575926, 0.0031810200307518244, 0.0012811932247132063, 0.0007727681659162045, 0.0005061645642854273, 0.0003191746072843671, 0.00022141580120660365, 0.00018124221242032945, 0.00016496973694302142, 0.00016414702986367047, 0.00015797658124938607, 0.0001538099895697087, 0.00014932738849893212, 0.0001492720766691491, 0.00015119981253519654, 0.000155965011799708, 0.00015837297542020679, 0.00015650040586479008, 0.0001579510426381603, 0.0001548655709484592]], [[0, 1, 2, 3, 4, 5, 6, 7, 8, 9, 10, 11, 12, 13, 14, 15, 16, 17, 18, 19, 20], [14.87, 53.44, 71.99, 72.18, 78.98, 81.36, 82.27, 83.69, 84.03, 84.47, 84.46, 85.06, 84.8, 85.65, 85.49, 86.03, 86.07, 86.24, 86.01, 86.31, 86.37], [0, 0.005369221791625023, 0.004025179892778397, 0.0012757140211760998, 0.0007090662838891149, 0.00047036726027727127, 0.0003110476245637983, 0.00021943823958281428, 0.00017820647917687893, 0.00016793813847471029, 0.0001560877717565745, 0.00014815259783063084, 0.00014844720135442913, 0.00014655489940196276, 0.00014894208288751543, 0.00015139984316192567, 0.0001495200558565557, 0.00014928507152944803, 0.00016038604371715337, 0.0001599935203557834, 0.00016083552327472717]]], "msds": [[[0, 1, 2, 3, 4, 5, 6, 7, 8, 9, 10, 11, 12, 13, 14, 15, 16, 17, 18, 19, 20], [9.89, 67.91, 70.74, 71.84, 78.75, 82.21, 82.45, 83.5, 84.06, 83.67, 84.21, 85.14, 84.81, 85.53, 85.45, 85.93, 86.01, 86.25, 86.31, 86.26, 86.42], [0, 0.005379296373575926, 0.0031810200307518244, 0.0012811932247132063, 0.0007727681659162045, 0.0005061645642854273, 0.0003191746072843671, 0.00022141580120660365, 0.00018124221242032945, 0.00016496973694302142, 0.00016414702986367047, 0.00015797658124938607, 0.0001538099895697087, 0.00014932738849893212, 0.0001492720766691491, 0.00015119981253519654, 0.000155965011799708, 0.00015837297542020679, 0.00015650040586479008, 0.0001579510426381603, 0.0001548655709484592]], [[0, 1, 2, 3, 4, 5, 6, 7, 8, 9, 10, 11, 12, 13, 14, 15, 16, 17, 18, 19, 20], [11.71, 53.63, 57.3, 69.44, 80.73, 81.73, 83.11, 83.12, 84.62, 84.39, 84.78, 85.14, 84.97, 85.55, 85.65, 86.36, 85.82, 86.2, 86.55, 86.62, 86.35], [0, 0.005355389788746834, 0.0024635677691549063, 0.0010868790559470654, 0.0007010156405158341, 0.00041758979205042124, 0.0002760007919277996, 0.0002057460806099698, 0.0001757854624884203, 0.00017030409071594477, 0.00016407168004661798, 0.00015703738608863205, 0.00015045798500068486, 0.0001554120535729453, 0.00015917993732728064, 0.00015533846453763545, 0.00015422111027874053, 0.0001550086453789845, 0.0001584896817803383, 0.00016019771283026785, 0.0001693118247203529]]], "alpha": 0.5, "beta": 2.0, "gamma": 1.0, "num_samples": 6000, "node_count": 10, "density": 1.0, "startup_delay": 0.0, "forward_prob": 0}