{"nodes_data": [[[0, 1, 2, 3, 4, 5, 6, 7, 8, 9, 10, 11, 12, 13, 14, 15, 16, 17, 18, 19, 20], [8.39, 21.79, 76.5, 82.15, 83.21, 83.12, 84.43, 84.64, 84.72, 85.2, 84.3, 85.65, 85.23, 86.01, 86.07, 86.18, 86.46, 86.57, 86.57, 86.66, 86.6], [0, 0.005384470801800489, 0.001825522631406784, 0.0008194078109227121, 0.00042627775110304356, 0.00031544925877824426, 0.0002108573680743575, 0.00018094918050337583, 0.00014535270747728646, 0.00012074595724698156, 0.00011363723024260253, 0.00010486232349649072, 9.466006304137409e-05, 9.643139492254704e-05, 8.966556197265163e-05, 0.00010317959095118567, 0.00011121224088128656, 9.794968354981393e-05, 0.00011054533388232812, 0.00010369771916884929, 0.00011916452058358118]], [[0, 1, 2, 3, 4, 5, 6, 7, 8, 9, 10, 11, 12, 13, 14, 15, 16, 17, 18, 19, 20], [13.49, 15.55, 81.06, 81.46, 82.76, 83.06, 83.98, 84.46, 84.33, 84.97, 85.41, 85.13, 85.73, 85.53, 86.66, 86.38, 86.62, 86.59, 86.32, 86.92, 86.63], [0, 0.005378705449402332, 0.0020276776049286127, 0.0013128361897543073, 0.000844809808768332, 0.0005617829156108201, 0.00037479307502508163, 0.0002710525586735457, 0.00018868643383029848, 0.0001604272983968258, 0.00012450256326701492, 0.0001314695255132392, 9.94047659332864e-05, 0.00010796923015732318, 0.00010062025103252381, 0.00011324036313453689, 0.00012369989417493343, 0.00011269839887972921, 0.00010734442912507802, 0.00010981225204886869, 0.00010957196354866028]]], "msds": [[[0, 1, 2, 3, 4, 5, 6, 7, 8, 9, 10, 11, 12, 13, 14, 15, 16, 17, 18, 19, 20], [8.39, 21.79, 76.5, 82.15, 83.21, 83.12, 84.43, 84.64, 84.72, 85.2, 84.3, 85.65, 85.23, 86.01, 86.07, 86.18, 86.46, 86.57, 86.57, 86.66, 86.6], [0, 0.005384470801800489, 0.001825522631406784, 0.0008194078109227121, 0.00042627775110304356, 0.00031544925877824426, 0.0002108573680743575, 0.00018094918050337583, 0.00014535270747728646, 0.00012074595724698156, 0.00011363723024260253, 0.00010486232349649072, 9.466006304137409e-05, 9.643139492254704e-05, 8.966556197265163e-05, 0.00010317959095118567, 0.00011121224088128656, 9.794968354981393e-05, 0.00011054533388232812, 0.00010369771916884929, 0.00011916452058358118]], [[0, 1, 2, 3, 4, 5, 6, 7, 8, 9, 10, 11, 12, 13, 14, 15, 16, 17, 18, 19, 20], [5.2, 51.88, 64.98, 82.28, 82.44, 82.34, 83.23, 83.28, 83.85, 84.68, 84.51, 85.13, 85.25, 85.41, 86.14, 85.9, 86.1, 86.34, 86.12, 86.52, 86.58], [0, 0.005369070917367935, 0.001848128391429782, 0.00042145911720581353, 0.00031012401450425386, 0.0001357145665679127, 0.00015521656314376742, 9.319524542661384e-05, 0.00010685808229027316, 8.019702363526449e-05, 9.108598897000775e-05, 7.837446901248768e-05, 8.651584357721731e-05, 8.457264630123973e-05, 8.131931099342182e-05, 8.6459971498698e-05, 7.943768287077546e-05, 9.369535837322474e-05, 9.887263149721548e-05, 8.952317148214206e-05, 0.0001049515776685439]]], "alpha": 0.9, "beta": 0.0, "gamma": 2.0, "num_samples": 6000, "node_count": 10, "density": 0.15, "startup_delay": 0.0, "forward_prob": 0}