{"nodes_data": [[[0, 1, 2, 3, 4, 5, 6, 7, 8, 9, 10, 11, 12, 13, 14, 15, 16, 17, 18, 19, 20], [6.59, 10.0, 74.12, 82.7, 84.31, 84.66, 85.41, 85.77, 85.65, 85.68, 86.53, 86.62, 86.83, 87.02, 87.2, 87.13, 87.3, 87.08, 86.67, 87.19, 84.23], [0, 0.005368553567677736, 0.0011443643597885966, 0.0007767904899083078, 0.000248955242568627, 0.0002098961267620325, 9.234707977157086e-05, 8.398848149226978e-05, 7.76903034420684e-05, 7.753825775580481e-05, 7.980391092132777e-05, 8.123549196170643e-05, 8.107486792141572e-05, 8.418165816692635e-05, 7.785500929458067e-05, 8.720828191144392e-05, 8.891915786080062e-05, 8.93394390004687e-05, 8.577016706112772e-05, 7.90230551501736e-05, 9.737897926243022e-05]], [[0, 1, 2, 3, 4, 5, 6, 7, 8, 9, 10, 11, 12, 13, 14, 15, 16, 17, 18, 19, 20], [9.3, 10.0, 76.12, 82.47, 83.99, 84.86, 83.91, 85.63, 84.65, 82.01, 86.39, 86.26, 86.11, 86.57, 86.45, 84.91, 87.31, 87.28, 87.19, 87.65, 87.1], [0, 0.005371234845370054, 0.0013892723945900798, 0.00042926048627123237, 0.0002929709735326469, 0.00023625734320376068, 0.00012845195305999368, 8.728630928089842e-05, 7.738142448943108e-05, 7.459883636329323e-05, 8.380281360587105e-05, 7.276744145201519e-05, 7.0583337219432e-05, 7.785985508235171e-05, 7.757337880320847e-05, 8.331824938068166e-05, 0.00010270976054016501, 7.967818237375468e-05, 7.461939821951091e-05, 8.501863339915872e-05, 8.303212962346151e-05]]], "msds": [[[0, 1, 2, 3, 4, 5, 6, 7, 8, 9, 10, 11, 12, 13, 14, 15, 16, 17, 18, 19, 20], [6.59, 10.0, 74.12, 82.7, 84.31, 84.66, 85.41, 85.77, 85.65, 85.68, 86.53, 86.62, 86.83, 87.02, 87.2, 87.13, 87.3, 87.08, 86.67, 87.19, 84.23], [0, 0.005368553567677736, 0.0011443643597885966, 0.0007767904899083078, 0.000248955242568627, 0.0002098961267620325, 9.234707977157086e-05, 8.398848149226978e-05, 7.76903034420684e-05, 7.753825775580481e-05, 7.980391092132777e-05, 8.123549196170643e-05, 8.107486792141572e-05, 8.418165816692635e-05, 7.785500929458067e-05, 8.720828191144392e-05, 8.891915786080062e-05, 8.93394390004687e-05, 8.577016706112772e-05, 7.90230551501736e-05, 9.737897926243022e-05]], [[0, 1, 2, 3, 4, 5, 6, 7, 8, 9, 10, 11, 12, 13, 14, 15, 16, 17, 18, 19, 20], [14.13, 25.09, 77.37, 82.66, 84.09, 82.51, 82.03, 85.86, 85.96, 86.13, 86.59, 86.58, 86.3, 87.0, 87.02, 86.32, 87.24, 86.9, 87.15, 87.71, 87.63], [0, 0.005372633691877127, 0.0011485170107334852, 0.000718107505235821, 0.0004371937830001116, 0.00017560439300723374, 0.00015227525727823377, 9.368791506858543e-05, 7.012611604295671e-05, 7.03627010807395e-05, 6.945388304302469e-05, 7.596649084007367e-05, 8.13633159850724e-05, 7.577199721708894e-05, 8.617510320618749e-05, 8.620585140306503e-05, 8.467444422421977e-05, 9.32484254008159e-05, 8.046610309975222e-05, 7.984276453498751e-05, 8.476154471281916e-05]]], "alpha": 1.0, "beta": 0.5, "gamma": 1.0, "num_samples": 6000, "node_count": 10, "density": 1.0, "startup_delay": 0.0, "forward_prob": 0}