{"nodes_data": [[[0, 1, 2, 3, 4, 5, 6, 7, 8, 9, 10, 11, 12, 13, 14, 15, 16, 17, 18, 19, 20], [11.96, 70.9, 58.82, 65.9, 82.42, 82.89, 83.65, 84.18, 85.03, 84.4, 85.51, 85.71, 86.13, 86.19, 86.57, 85.85, 86.3, 86.08, 86.5, 86.89, 87.05], [0, 0.005358752328902483, 0.001806951011531055, 0.0009306618012487888, 0.0005005472921766341, 0.0003065410128328949, 0.00020910055900458246, 0.00016883261559996754, 0.0001669204793870449, 0.00015885989705566317, 0.00015308837464544922, 0.00015266671834979206, 0.00014585143071599305, 0.00015515081759076566, 0.00015989418898243457, 0.00015230951248668134, 0.00016247840540017933, 0.00017247664800379425, 0.00017019384540617466, 0.00016169826267287135, 0.00017017620848491788]], [[0, 1, 2, 3, 4, 5, 6, 7, 8, 9, 10, 11, 12, 13, 14, 15, 16, 17, 18, 19, 20], [10.24, 46.47, 61.13, 64.73, 82.2, 83.14, 83.81, 84.59, 85.16, 84.81, 85.61, 86.11, 85.8, 86.58, 86.79, 86.01, 86.59, 86.15, 86.37, 86.86, 87.03], [0, 0.005377077031880617, 0.0017161892028525472, 0.0008540880517102778, 0.0005431091994978487, 0.00032789597753435373, 0.00022629520390182734, 0.00017430767184123397, 0.00015863400767557323, 0.00015656795585528016, 0.00015763347619213164, 0.00016033345309551805, 0.0001509544817963615, 0.00015956490824464709, 0.00015347427688539028, 0.00014854612527415156, 0.00015543533663731068, 0.00015979180170688778, 0.00015460436407011002, 0.00015900823927950114, 0.00015239304048009217]]], "msds": [[[0, 1, 2, 3, 4, 5, 6, 7, 8, 9, 10, 11, 12, 13, 14, 15, 16, 17, 18, 19, 20], [11.96, 70.9, 58.82, 65.9, 82.42, 82.89, 83.65, 84.18, 85.03, 84.4, 85.51, 85.71, 86.13, 86.19, 86.57, 85.85, 86.3, 86.08, 86.5, 86.89, 87.05], [0, 0.005358752328902483, 0.001806951011531055, 0.0009306618012487888, 0.0005005472921766341, 0.0003065410128328949, 0.00020910055900458246, 0.00016883261559996754, 0.0001669204793870449, 0.00015885989705566317, 0.00015308837464544922, 0.00015266671834979206, 0.00014585143071599305, 0.00015515081759076566, 0.00015989418898243457, 0.00015230951248668134, 0.00016247840540017933, 0.00017247664800379425, 0.00017019384540617466, 0.00016169826267287135, 0.00017017620848491788]], [[0, 1, 2, 3, 4, 5, 6, 7, 8, 9, 10, 11, 12, 13, 14, 15, 16, 17, 18, 19, 20], [10.05, 72.31, 60.52, 65.94, 81.87, 82.49, 83.75, 84.51, 83.86, 85.23, 85.35, 85.72, 85.88, 85.57, 86.51, 86.27, 86.16, 86.38, 86.47, 86.86, 86.29], [0, 0.005373985972255468, 0.0018666258547455072, 0.0009472646634094417, 0.0005217022262513638, 0.00032979639945551753, 0.00022271263878792524, 0.000185717610293068, 0.00017129734624177217, 0.0001699942658888176, 0.00015715695917606354, 0.00015810868353582919, 0.000151375075802207, 0.00016552592569496483, 0.00017346101230941713, 0.00016142698586918414, 0.00015385089500341564, 0.00017256631690543145, 0.00016735515964683145, 0.00016129108553286642, 0.00017707176448311657]]], "alpha": 0.5, "beta": 0.5, "gamma": 3.0, "num_samples": 6000, "node_count": 10, "density": 1.0, "startup_delay": 0.0, "forward_prob": 0}