{"nodes_data": [[[0, 1, 2, 3, 4, 5, 6, 7, 8, 9, 10, 11, 12, 13, 14, 15, 16, 17, 18, 19, 20], [9.38, 13.97, 57.17, 80.85, 82.73, 83.77, 84.41, 84.92, 85.23, 85.52, 86.2, 86.48, 86.51, 86.7, 86.5, 86.8, 86.62, 87.37, 87.08, 86.9, 87.18], [0, 0.005376494489610195, 0.0011425146367400885, 0.0003022828896064311, 0.00015345406427513808, 0.00011042626283597201, 0.00010804220801219344, 9.649488492868841e-05, 9.779821266420186e-05, 0.00010298212873749435, 0.00010213430505245924, 0.00010101669613504782, 0.0001100085282814689, 0.00010478742478881031, 0.00011248460214119405, 0.00010767061030492187, 0.00012143947969889268, 0.00011758109758375213, 0.0001155552890850231, 0.0001269039057660848, 0.00012465442705433816]], [[0, 1, 2, 3, 4, 5, 6, 7, 8, 9, 10, 11, 12, 13, 14, 15, 16, 17, 18, 19, 20], [4.18, 26.92, 55.15, 81.74, 82.36, 84.01, 84.37, 84.54, 85.16, 85.52, 86.1, 85.94, 86.44, 86.73, 86.64, 86.71, 86.9, 87.27, 87.21, 87.45, 87.38], [0, 0.005364985205233097, 0.001282657845877111, 0.00033839026582427323, 0.0001513308088760823, 0.00010609640594338998, 9.660562500357628e-05, 9.67440428212285e-05, 9.553639392834157e-05, 9.008938650367782e-05, 0.00010039810877060518, 9.357307862956077e-05, 0.00010553753236308694, 9.93360226857476e-05, 0.00011206728231627494, 0.00010882977221626788, 0.00011918938253074884, 0.00011662326869554818, 0.00011272374831605703, 0.00012282990792300552, 0.00012207444524392486]]], "msds": [[[0, 1, 2, 3, 4, 5, 6, 7, 8, 9, 10, 11, 12, 13, 14, 15, 16, 17, 18, 19, 20], [9.38, 13.97, 57.17, 80.85, 82.73, 83.77, 84.41, 84.92, 85.23, 85.52, 86.2, 86.48, 86.51, 86.7, 86.5, 86.8, 86.62, 87.37, 87.08, 86.9, 87.18], [0, 0.005376494489610195, 0.0011425146367400885, 0.0003022828896064311, 0.00015345406427513808, 0.00011042626283597201, 0.00010804220801219344, 9.649488492868841e-05, 9.779821266420186e-05, 0.00010298212873749435, 0.00010213430505245924, 0.00010101669613504782, 0.0001100085282814689, 0.00010478742478881031, 0.00011248460214119405, 0.00010767061030492187, 0.00012143947969889268, 0.00011758109758375213, 0.0001155552890850231, 0.0001269039057660848, 0.00012465442705433816]], [[0, 1, 2, 3, 4, 5, 6, 7, 8, 9, 10, 11, 12, 13, 14, 15, 16, 17, 18, 19, 20], [13.69, 21.16, 49.85, 81.23, 82.94, 83.38, 84.49, 85.03, 85.42, 85.54, 86.06, 85.94, 86.51, 86.58, 86.83, 86.73, 86.79, 87.22, 86.37, 87.3, 87.17], [0, 0.005390941631048918, 0.0011094645597040653, 0.00033294549211859703, 0.00013549112190958112, 0.00010485271195648238, 9.509935625828803e-05, 8.879514643922448e-05, 9.285776468459517e-05, 9.275335469283164e-05, 0.00010022577771451324, 9.752796904649585e-05, 0.00010067550465464592, 0.00010031201236415654, 0.00010061691864393651, 0.00011019240628229454, 0.00011194969556527212, 0.00010900738561758772, 0.00010637813829816878, 0.00012341710680630058, 0.00011379183706594631]]], "alpha": 0.7, "beta": 0.0, "gamma": 3.0, "num_samples": 6000, "node_count": 10, "density": 0.75, "startup_delay": 0.0, "forward_prob": 0}