{"nodes_data": [[[0, 1, 2, 3, 4, 5, 6, 7, 8, 9, 10, 11, 12, 13, 14, 15, 16, 17, 18, 19, 20], [7.96, 79.63, 79.4, 81.42, 82.67, 83.32, 79.73, 82.4, 84.85, 84.68, 84.34, 83.56, 85.5, 85.1, 85.35, 84.86, 86.09, 86.32, 85.04, 85.69, 85.93], [0, 0.005376546643674374, 0.003098471323028207, 0.0016610868042334914, 0.0013196850195527077, 0.0009683734970167279, 0.0007683721487410367, 0.0006012803642079234, 0.00044104206608608365, 0.00035158044192939997, 0.00026324717327952385, 9.928346116794273e-05, 6.594248407054693e-05, 6.970682443352416e-05, 5.5295004131039605e-05, 8.570402133045718e-05, 8.264603820862249e-05, 7.449359691236168e-05, 8.168206841219217e-05, 7.413255661958829e-05, 8.315972081618384e-05]], [[0, 1, 2, 3, 4, 5, 6, 7, 8, 9, 10, 11, 12, 13, 14, 15, 16, 17, 18, 19, 20], [8.38, 43.75, 79.68, 81.77, 81.79, 79.6, 84.26, 84.39, 84.3, 84.91, 85.36, 85.65, 85.87, 85.3, 85.22, 86.29, 86.41, 86.4, 86.81, 86.7, 86.83], [0, 0.005379630718380213, 0.002301586791872978, 0.0015526318456977606, 0.0012024038005620241, 0.0007565470295958221, 0.00043222372187301517, 0.00034348011831752956, 0.00027039239648729563, 0.00025655044009909034, 0.0002362651430303231, 0.0001840745098888874, 0.00016518514894414693, 0.00016361725283786654, 0.00017418505740351975, 0.00018172743148170412, 0.0001806854852475226, 0.00018082269525621086, 0.00016254613001365215, 0.0001583344128448516, 0.00016092168516479433]]], "msds": [[[0, 1, 2, 3, 4, 5, 6, 7, 8, 9, 10, 11, 12, 13, 14, 15, 16, 17, 18, 19, 20], [7.96, 79.63, 79.4, 81.42, 82.67, 83.32, 79.73, 82.4, 84.85, 84.68, 84.34, 83.56, 85.5, 85.1, 85.35, 84.86, 86.09, 86.32, 85.04, 85.69, 85.93], [0, 0.005376546643674374, 0.003098471323028207, 0.0016610868042334914, 0.0013196850195527077, 0.0009683734970167279, 0.0007683721487410367, 0.0006012803642079234, 0.00044104206608608365, 0.00035158044192939997, 0.00026324717327952385, 9.928346116794273e-05, 6.594248407054693e-05, 6.970682443352416e-05, 5.5295004131039605e-05, 8.570402133045718e-05, 8.264603820862249e-05, 7.449359691236168e-05, 8.168206841219217e-05, 7.413255661958829e-05, 8.315972081618384e-05]], [[0, 1, 2, 3, 4, 5, 6, 7, 8, 9, 10, 11, 12, 13, 14, 15, 16, 17, 18, 19, 20], [9.03, 38.29, 81.52, 81.38, 82.71, 81.84, 84.68, 84.9, 85.28, 85.66, 85.65, 85.62, 85.81, 86.57, 86.46, 86.23, 86.52, 86.88, 86.75, 86.79, 87.07], [0, 0.005366184748709202, 0.0026435134932398796, 0.0017983693396672606, 0.0013135866029188037, 0.0007684652809984982, 0.00041071855230256915, 0.00012226049148011953, 0.00011345536768203601, 0.00010573035979177803, 0.00011451618047431111, 0.00012446923938114196, 0.00012887115008197725, 0.00013507160474546254, 0.00012152959243394434, 0.00011872874165419489, 0.00011470263416413218, 0.00011495208309497684, 0.00011740557965822518, 0.0001319284492637962, 0.00013959617353975773]]], "alpha": 0.9, "beta": 2.0, "gamma": 5.0, "num_samples": 6000, "node_count": 10, "density": 0.0, "startup_delay": 0.0, "forward_prob": 0}