{"nodes_data": [[[0, 1, 2, 3, 4, 5, 6, 7, 8, 9, 10, 11, 12, 13, 14, 15, 16, 17, 18, 19, 20], [5.56, 78.59, 79.4, 81.64, 82.75, 82.27, 84.05, 83.81, 84.49, 83.63, 83.4, 84.82, 84.54, 84.7, 82.98, 84.58, 84.77, 85.97, 85.78, 85.36, 85.97], [0, 0, 0, 0, 0, 0, 0, 0, 0, 0, 0, 0.00012218627671245486, 0, 0, 0, 0, 0.00012722266546916217, 0.00010074308374896646, 0.00010436490993015468, 0.00011642483877949417, 0]], [[0, 1, 2, 3, 4, 5, 6, 7, 8, 9, 10, 11, 12, 13, 14, 15, 16, 17, 18, 19, 20], [8.02, 20.14, 80.05, 82.09, 83.65, 84.19, 84.89, 84.68, 85.03, 84.94, 85.0, 83.38, 85.1, 85.63, 84.83, 85.99, 83.69, 84.73, 84.75, 84.57, 86.68], [0, 0.005385566968470812, 0.0017069901805371046, 0.0013623542618006468, 0.00022116079344414175, 0.0001279596908716485, 0.00011967692262260243, 0.00011370302672730759, 0.00011319008626742288, 0.00010966219269903377, 0.00010389513772679493, 0, 9.954746928997338e-05, 0.00010359763109590858, 0.0001090656514861621, 0.00012129609240218997, 0, 0, 0, 0, 0.00010430240945424885]]], "msds": [[[0, 1, 2, 3, 4, 5, 6, 7, 8, 9, 10, 11, 12, 13, 14, 15, 16, 17, 18, 19, 20], [5.56, 78.59, 79.4, 81.64, 82.75, 82.27, 84.05, 83.81, 84.49, 83.63, 83.4, 84.82, 84.54, 84.7, 82.98, 84.58, 84.77, 85.97, 85.78, 85.36, 85.97], [0, 0, 0, 0, 0, 0, 0, 0, 0, 0, 0, 0.00012218627671245486, 0, 0, 0, 0, 0.00012722266546916217, 0.00010074308374896646, 0.00010436490993015468, 0.00011642483877949417, 0]], [[0, 1, 2, 3, 4, 5, 6, 7, 8, 9, 10, 11, 12, 13, 14, 15, 16, 17, 18, 19, 20], [9.94, 29.5, 57.42, 82.62, 83.3, 84.74, 85.33, 85.2, 85.46, 85.27, 85.72, 85.69, 85.94, 85.84, 86.15, 86.66, 85.5, 86.47, 86.39, 85.9, 86.59], [0, 0.005368302576243877, 0.0014769991394132376, 0.0012645481619983912, 0.0004881804925389588, 0.0003459793806541711, 0.0001653522194828838, 0.00013592645700555295, 0.00013509069685824215, 0.0001283283781958744, 0.00012128922389820218, 0.00013281404972076416, 0.00011987257312284783, 0.00012126905494369566, 0.0001267338520847261, 0.00013805351045448333, 0.0001411632401868701, 0.0001275480753974989, 0.00013083689555060118, 0.00013848616799805313, 0.00014160956197883934]]], "alpha": 0.7, "beta": 0.0, "gamma": 0.0, "num_samples": 6000, "node_count": 10, "density": 1.0, "startup_delay": 0.0, "forward_prob": 0}