{"nodes_data": [[[0, 1, 2, 3, 4, 5, 6, 7, 8, 9, 10, 11, 12, 13, 14, 15, 16, 17, 18, 19, 20], [13.1, 10.0, 69.93, 80.74, 81.77, 83.25, 83.37, 83.95, 84.55, 84.45, 84.55, 84.93, 84.88, 85.54, 85.63, 85.77, 86.09, 86.23, 86.34, 86.41, 86.36], [0, 0.005370342638343573, 0.0007995107444003224, 0.0003655009204521775, 0.00013173023762647063, 8.423996769124642e-05, 7.662387361051515e-05, 7.456901948899031e-05, 7.698390982113779e-05, 7.518233178416267e-05, 7.517845369875431e-05, 7.971775630721822e-05, 8.217960566980764e-05, 8.147764310706407e-05, 8.406430424656719e-05, 8.159606659319252e-05, 8.804220124147832e-05, 9.010027133626863e-05, 9.15515556698665e-05, 9.099404996959493e-05, 9.652365406509489e-05]], [[0, 1, 2, 3, 4, 5, 6, 7, 8, 9, 10, 11, 12, 13, 14, 15, 16, 17, 18, 19, 20], [12.72, 31.16, 10.0, 69.45, 81.57, 81.56, 83.24, 83.85, 83.97, 84.6, 84.58, 84.89, 84.84, 85.5, 85.56, 85.48, 86.05, 86.4, 86.29, 86.3, 86.28], [0, 0.005371438805013895, 0.0035696360282599926, 0.0006811806233599782, 0.0002969923662021756, 0.00012824615987483412, 8.362829976249486e-05, 7.224996079457924e-05, 7.369859667960554e-05, 7.447531243087724e-05, 7.235517841763794e-05, 7.373180415015668e-05, 8.056993101490662e-05, 8.524420263711363e-05, 8.304035145556554e-05, 8.218142465921119e-05, 8.878045628080145e-05, 9.502504690317437e-05, 8.703099592821673e-05, 9.261146624339744e-05, 9.264540130971e-05]]], "msds": [[[0, 1, 2, 3, 4, 5, 6, 7, 8, 9, 10, 11, 12, 13, 14, 15, 16, 17, 18, 19, 20], [13.1, 10.0, 69.93, 80.74, 81.77, 83.25, 83.37, 83.95, 84.55, 84.45, 84.55, 84.93, 84.88, 85.54, 85.63, 85.77, 86.09, 86.23, 86.34, 86.41, 86.36], [0, 0.005370342638343573, 0.0007995107444003224, 0.0003655009204521775, 0.00013173023762647063, 8.423996769124642e-05, 7.662387361051515e-05, 7.456901948899031e-05, 7.698390982113779e-05, 7.518233178416267e-05, 7.517845369875431e-05, 7.971775630721822e-05, 8.217960566980764e-05, 8.147764310706407e-05, 8.406430424656719e-05, 8.159606659319252e-05, 8.804220124147832e-05, 9.010027133626863e-05, 9.15515556698665e-05, 9.099404996959493e-05, 9.652365406509489e-05]], [[0, 1, 2, 3, 4, 5, 6, 7, 8, 9, 10, 11, 12, 13, 14, 15, 16, 17, 18, 19, 20], [8.94, 10.0, 70.0, 81.53, 81.87, 81.94, 83.46, 83.91, 84.53, 84.46, 84.58, 85.03, 85.09, 85.65, 85.54, 85.65, 86.21, 86.22, 86.23, 86.45, 86.44], [0, 0.005375297740101814, 0.0011330111883580685, 0.0003102846385445446, 0.00018270064902026206, 0.00010693400690797716, 7.739459397271276e-05, 6.96147617418319e-05, 7.143207039916888e-05, 7.46706937206909e-05, 7.40139585104771e-05, 7.955294131534174e-05, 8.289242396131158e-05, 8.122365397866815e-05, 8.628370414953679e-05, 8.297465683426708e-05, 8.521671406924725e-05, 9.002911247080192e-05, 8.757660543778911e-05, 9.231169678969309e-05, 9.981093171518296e-05]]], "alpha": 0.9, "beta": 1.0, "gamma": 2.0, "num_samples": 6000, "node_count": 10, "density": 1.0, "startup_delay": 0.0, "forward_prob": 0}