{"nodes_data": [[[0, 1, 2, 3, 4, 5, 6, 7, 8, 9, 10, 11, 12, 13, 14, 15, 16, 17, 18, 19, 20], [12.52, 32.25, 32.25, 63.85, 76.14, 80.93, 81.66, 82.1, 83.57, 84.19, 83.43, 82.93, 83.44, 84.95, 84.78, 84.66, 85.59, 84.83, 85.39, 85.95, 85.97], [0, 0.005358665715903044, 0.0015279302606359124, 0.0014942910056561232, 0.0009167153621092439, 0.00064915168331936, 0.0011622579768300056, 0.0008859114605002105, 0.00029011713922955096, 0.0005868145963177085, 0.0006426647887565196, 0.00022688292665407062, 0.0005848216824233532, 0.0005889568128623068, 0.0001710437936708331, 0.0003995888400822878, 0.00047494255704805255, 0.00017610305803827941, 0.0003211220900993794, 0.000389049353543669, 0.00017269031377509236]], [[0, 1, 2, 3, 4, 5, 6, 7, 8, 9, 10, 11, 12, 13, 14, 15, 16, 17, 18, 19, 20], [10.98, 46.31, 15.66, 78.17, 78.21, 81.47, 82.82, 82.51, 83.66, 83.94, 83.8, 84.37, 84.63, 84.93, 84.88, 85.3, 85.63, 85.34, 85.67, 86.26, 86.01], [0, 0.005357138812541962, 0.0024715515319257975, 0.0015586464432999492, 0.0007072973530739546, 0.00028535170713439584, 0.00046722113620489836, 0.00045780325308442116, 0.00017170469800475985, 0.00023105346190277487, 0.0002776200417429209, 0.0002532400831114501, 0.0001417387102264911, 0.0001913784653879702, 0.00014621709124185145, 0.00011899595119757578, 0.00012852232612203807, 0.00011601742880884558, 0.00011228951916564256, 0.00010704560554586351, 0.00010458563338033855]]], "msds": [[[0, 1, 2, 3, 4, 5, 6, 7, 8, 9, 10, 11, 12, 13, 14, 15, 16, 17, 18, 19, 20], [12.52, 32.25, 32.25, 63.85, 76.14, 80.93, 81.66, 82.1, 83.57, 84.19, 83.43, 82.93, 83.44, 84.95, 84.78, 84.66, 85.59, 84.83, 85.39, 85.95, 85.97], [0, 0.005358665715903044, 0.0015279302606359124, 0.0014942910056561232, 0.0009167153621092439, 0.00064915168331936, 0.0011622579768300056, 0.0008859114605002105, 0.00029011713922955096, 0.0005868145963177085, 0.0006426647887565196, 0.00022688292665407062, 0.0005848216824233532, 0.0005889568128623068, 0.0001710437936708331, 0.0003995888400822878, 0.00047494255704805255, 0.00017610305803827941, 0.0003211220900993794, 0.000389049353543669, 0.00017269031377509236]], [[0, 1, 2, 3, 4, 5, 6, 7, 8, 9, 10, 11, 12, 13, 14, 15, 16, 17, 18, 19, 20], [18.8, 44.87, 54.59, 79.46, 81.22, 79.51, 82.24, 83.2, 83.53, 84.17, 83.37, 84.28, 84.07, 84.72, 84.89, 84.63, 85.7, 84.76, 85.79, 85.6, 85.65], [0, 0.005354417022317648, 0.0020437550265341997, 0.001270204782485962, 0.0016558461356908083, 0.0005966651369817555, 0.00045089039485901594, 0.0005595586262643337, 0.000305233959807083, 0.00022641380201093853, 0.00036229670513421297, 0.0002148114872397855, 0.00022765382891520858, 0.00028406616183929145, 0.00013706610479857773, 0.00021564467169810086, 0.0002913236094173044, 0.00010484454105608165, 0.00017853447934612632, 0.00016661270637996495, 0.00011881665705004707]]], "alpha": 1.0, "beta": 1.0, "gamma": 2.0, "num_samples": 6000, "node_count": 10, "density": 0.15, "startup_delay": 0.0, "forward_prob": 0}