{"nodes_data": [[[0, 1, 2, 3, 4, 5, 6, 7, 8, 9, 10, 11, 12, 13, 14, 15, 16, 17, 18, 19, 20], [9.78, 22.39, 79.81, 81.35, 82.11, 83.34, 83.76, 84.36, 84.26, 84.23, 84.46, 85.55, 85.73, 86.34, 85.94, 86.19, 86.34, 86.4, 86.35, 86.71, 86.45], [0, 0.0053804186172783375, 0.0011453450424596667, 0.0005005049169994891, 0.00032397592440247536, 0.00027314768522046506, 0.0002546075847931206, 0.00024795427452772856, 0.0002460516698192805, 0.00024088150530587882, 0.00023912698088679463, 0.000245323171839118, 0.00024270950234495103, 0.00025126527179963887, 0.0002506149176042527, 0.00025095537421293557, 0.00024448824115097523, 0.0002486561716068536, 0.0002441458054818213, 0.00025018371525220573, 0.00024749344447627664]], [[0, 1, 2, 3, 4, 5, 6, 7, 8, 9, 10, 11, 12, 13, 14, 15, 16, 17, 18, 19, 20], [10.3, 42.09, 77.62, 80.37, 81.87, 82.81, 84.49, 83.9, 84.97, 85.05, 85.61, 85.71, 86.08, 86.03, 85.19, 85.86, 86.24, 86.66, 86.14, 86.36, 86.72], [0, 0.005379684269428253, 0.0011429100995883346, 0.0004988791770301759, 0.0003497327270451933, 0.00028947379905730486, 0.00027207619859836996, 0.0002605684567242861, 0.0002387279091635719, 0.0002278312895214185, 0.0002298752951901406, 0.0002266621304443106, 0.00022233466734178364, 0.00023347913520410657, 0.00024244468659162521, 0.00023369192786049098, 0.0002382977254455909, 0.00024943711468949914, 0.00023469771258533, 0.0002433389745419845, 0.00023138087999541312]]], "msds": [[[0, 1, 2, 3, 4, 5, 6, 7, 8, 9, 10, 11, 12, 13, 14, 15, 16, 17, 18, 19, 20], [9.78, 22.39, 79.81, 81.35, 82.11, 83.34, 83.76, 84.36, 84.26, 84.23, 84.46, 85.55, 85.73, 86.34, 85.94, 86.19, 86.34, 86.4, 86.35, 86.71, 86.45], [0, 0.0053804186172783375, 0.0011453450424596667, 0.0005005049169994891, 0.00032397592440247536, 0.00027314768522046506, 0.0002546075847931206, 0.00024795427452772856, 0.0002460516698192805, 0.00024088150530587882, 0.00023912698088679463, 0.000245323171839118, 0.00024270950234495103, 0.00025126527179963887, 0.0002506149176042527, 0.00025095537421293557, 0.00024448824115097523, 0.0002486561716068536, 0.0002441458054818213, 0.00025018371525220573, 0.00024749344447627664]], [[0, 1, 2, 3, 4, 5, 6, 7, 8, 9, 10, 11, 12, 13, 14, 15, 16, 17, 18, 19, 20], [10.26, 35.68, 75.88, 79.56, 81.17, 83.91, 83.9, 84.28, 85.08, 85.62, 85.54, 85.93, 86.21, 86.27, 85.76, 86.77, 85.92, 86.72, 86.66, 87.02, 86.53], [0, 0.00537562370300293, 0.0011954901274293661, 0.0004281172004994005, 0.00023134006187319756, 0.00017533593927510083, 0.00015919076395221055, 0.00015356994117610157, 0.00015172065468505025, 0.0001425269729224965, 0.0001410815166309476, 0.00012013602827209979, 0.00012129370588809252, 0.00011990567145403475, 0.00012435570533853024, 0.00011999101843684912, 0.00011136796092614532, 0.00011870286834891886, 0.0001300856238231063, 0.00012122560292482376, 0.0001391203113598749]]], "alpha": 0.7, "beta": 2.0, "gamma": 3.0, "num_samples": 6000, "node_count": 10, "density": 0.0, "startup_delay": 0.0, "forward_prob": 0}