{"nodes_data": [[[0, 1, 2, 3, 4, 5, 6, 7, 8, 9, 10, 11, 12, 13, 14, 15, 16, 17, 18, 19, 20], [12.03, 10.0, 16.47, 73.52, 81.15, 81.9, 83.23, 83.58, 83.81, 84.55, 84.51, 85.18, 85.37, 85.82, 85.73, 86.15, 86.14, 86.18, 86.37, 86.75, 86.8], [0, 0.0053767547942698, 0.002871421631425619, 0.0008692630799487233, 0.00024557585129514337, 0.00011642881872830912, 8.247653022408485e-05, 7.787763752276078e-05, 7.5848976848647e-05, 7.864187500672415e-05, 7.886590174166486e-05, 8.66190530359745e-05, 8.055206126300618e-05, 9.090556704904884e-05, 8.794762834440917e-05, 9.232744196197018e-05, 9.41982216318138e-05, 9.41774487728253e-05, 9.739955567056313e-05, 9.951678657671437e-05, 0.0001023786244331859]], [[0, 1, 2, 3, 4, 5, 6, 7, 8, 9, 10, 11, 12, 13, 14, 15, 16, 17, 18, 19, 20], [13.5, 17.24, 43.28, 76.96, 80.82, 82.25, 83.06, 83.75, 83.62, 84.74, 84.84, 85.14, 85.25, 85.97, 85.81, 86.21, 86.26, 86.09, 86.38, 86.7, 86.92], [0, 0.005370198283344507, 0.002587010385468602, 0.0007151204627007246, 0.00015696916671004146, 0.00010222356650047004, 7.682331488467753e-05, 7.240822742460296e-05, 7.676686072954908e-05, 7.385232311207801e-05, 7.960307993926108e-05, 8.557338878745213e-05, 7.847922825021669e-05, 8.346238610101864e-05, 8.884114504326135e-05, 9.034441609401256e-05, 9.15507334866561e-05, 9.583631617715582e-05, 9.769586904440075e-05, 9.876192052615806e-05, 9.544218482915312e-05]]], "msds": [[[0, 1, 2, 3, 4, 5, 6, 7, 8, 9, 10, 11, 12, 13, 14, 15, 16, 17, 18, 19, 20], [12.03, 10.0, 16.47, 73.52, 81.15, 81.9, 83.23, 83.58, 83.81, 84.55, 84.51, 85.18, 85.37, 85.82, 85.73, 86.15, 86.14, 86.18, 86.37, 86.75, 86.8], [0, 0.0053767547942698, 0.002871421631425619, 0.0008692630799487233, 0.00024557585129514337, 0.00011642881872830912, 8.247653022408485e-05, 7.787763752276078e-05, 7.5848976848647e-05, 7.864187500672415e-05, 7.886590174166486e-05, 8.66190530359745e-05, 8.055206126300618e-05, 9.090556704904884e-05, 8.794762834440917e-05, 9.232744196197018e-05, 9.41982216318138e-05, 9.41774487728253e-05, 9.739955567056313e-05, 9.951678657671437e-05, 0.0001023786244331859]], [[0, 1, 2, 3, 4, 5, 6, 7, 8, 9, 10, 11, 12, 13, 14, 15, 16, 17, 18, 19, 20], [10.25, 10.0, 47.73, 74.76, 80.88, 82.79, 83.39, 83.94, 83.68, 84.83, 84.8, 85.41, 85.16, 85.98, 85.86, 86.11, 86.27, 86.39, 86.57, 86.71, 86.83], [0, 0.005358974449336529, 0.0025416810531169176, 0.0008165881736204028, 0.00019211317703593522, 8.502507262164727e-05, 7.932454900583252e-05, 7.661591371288523e-05, 7.46723308111541e-05, 7.566472777398303e-05, 7.603915582876652e-05, 8.163074380718172e-05, 7.738817657809705e-05, 8.485426951665431e-05, 8.684592467034236e-05, 8.713611168786883e-05, 9.10499002202414e-05, 9.616684110369533e-05, 9.400180715601891e-05, 9.525613131700084e-05, 9.8888594948221e-05]]], "alpha": 0.9, "beta": 1.0, "gamma": 1.0, "num_samples": 6000, "node_count": 10, "density": 1.0, "startup_delay": 0.0, "forward_prob": 0}