{"nodes_data": [[[0, 1, 2, 3, 4, 5, 6, 7, 8, 9, 10, 11, 12, 13, 14, 15, 16, 17, 18, 19, 20], [11.64, 33.94, 80.49, 79.99, 82.44, 81.94, 83.09, 83.61, 83.72, 84.7, 83.45, 84.34, 84.64, 82.86, 84.42, 82.57, 84.73, 81.84, 83.97, 84.91, 85.49], [0, 0.00539397494867444, 0, 0, 0, 0, 0, 0, 0, 0, 0, 0, 0, 0, 0, 0, 0, 0, 0, 0, 0]], [[0, 1, 2, 3, 4, 5, 6, 7, 8, 9, 10, 11, 12, 13, 14, 15, 16, 17, 18, 19, 20], [11.13, 10.0, 70.0, 82.0, 83.37, 84.24, 84.5, 84.4, 85.09, 85.19, 85.02, 85.66, 85.51, 85.55, 85.85, 85.42, 85.66, 85.17, 85.64, 85.79, 85.7], [0, 0.0053617642261087894, 0.002035021549090743, 0.00034695526119321585, 0.00025164589169435203, 0.00020301715994719416, 0.0001298742718063295, 0.00011672337859636173, 0.00012210050772409886, 0.00012268873979337513, 0.0001294715766562149, 0.00011284094944130629, 0.00013289880007505417, 0.00015356553194578737, 0.00015217538748402148, 0.00013793210382573307, 0.00017123951693065464, 0.0001498771016485989, 0.00014647580974269658, 0.00015202301437966526, 0.00014679069863632321]]], "msds": [[[0, 1, 2, 3, 4, 5, 6, 7, 8, 9, 10, 11, 12, 13, 14, 15, 16, 17, 18, 19, 20], [11.64, 33.94, 80.49, 79.99, 82.44, 81.94, 83.09, 83.61, 83.72, 84.7, 83.45, 84.34, 84.64, 82.86, 84.42, 82.57, 84.73, 81.84, 83.97, 84.91, 85.49], [0, 0.00539397494867444, 0, 0, 0, 0, 0, 0, 0, 0, 0, 0, 0, 0, 0, 0, 0, 0, 0, 0, 0]], [[0, 1, 2, 3, 4, 5, 6, 7, 8, 9, 10, 11, 12, 13, 14, 15, 16, 17, 18, 19, 20], [11.43, 79.33, 80.15, 80.89, 83.24, 83.55, 83.98, 84.15, 84.56, 85.16, 84.43, 84.94, 85.29, 84.45, 84.67, 84.85, 85.05, 83.8, 84.39, 85.3, 85.65], [0, 0, 0.002008146373555064, 0.000312443939037621, 0.00012755556963384151, 9.9200289696455e-05, 9.665619290899485e-05, 0.00010450602712808177, 0.00010863252828130499, 0.00011039539822377264, 0.00011240602907491848, 0.0001144967318396084, 0.00012680650979746133, 0.00011592755618039519, 0.00012552387488540262, 0.00011998097033938393, 0.00014530812040902674, 0.000121191049402114, 0.000130789601826109, 0.00013074644084554166, 0.00012848620826844126]]], "alpha": 0.7, "beta": 0.5, "gamma": 0.0, "num_samples": 6000, "node_count": 10, "density": 1.0, "startup_delay": 0.0, "forward_prob": 0}