{"nodes_data": [[[0, 1, 2, 3, 4, 5, 6, 7, 8, 9, 10, 11, 12, 13, 14, 15, 16, 17, 18, 19, 20], [9.03, 10.02, 76.03, 80.85, 82.43, 83.88, 84.4, 84.64, 84.83, 85.78, 85.77, 85.74, 86.27, 86.47, 86.65, 86.61, 86.49, 86.78, 87.14, 87.4, 87.02], [0, 0.005355390720069408, 0.0005911409971304238, 0.00013212279009167105, 6.80800512782298e-05, 7.09080122760497e-05, 6.614816811634228e-05, 7.206779264379293e-05, 7.320966687984765e-05, 7.305213512154296e-05, 8.361740765394643e-05, 8.010682358872145e-05, 8.260936010628939e-05, 8.726519445190206e-05, 8.97407517186366e-05, 9.183524525724351e-05, 9.514834528090432e-05, 9.523257904220372e-05, 9.618150215828791e-05, 9.918667637975886e-05, 9.956231224350631e-05]], [[0, 1, 2, 3, 4, 5, 6, 7, 8, 9, 10, 11, 12, 13, 14, 15, 16, 17, 18, 19, 20], [10.21, 10.0, 75.81, 80.9, 82.38, 83.72, 84.51, 84.42, 84.96, 85.58, 85.77, 85.84, 86.27, 86.45, 86.76, 86.59, 86.51, 86.78, 87.14, 87.34, 87.2], [0, 0.005392120219767094, 0.0005529358168132603, 0.00013418808521237224, 6.989816029090434e-05, 7.153437763918191e-05, 6.726542778778821e-05, 6.830247730249539e-05, 7.256846583914012e-05, 7.509578426834196e-05, 7.931877189548686e-05, 7.65471049817279e-05, 8.183520549209788e-05, 8.478380186716095e-05, 8.346964023075998e-05, 9.180927008856088e-05, 9.352814231533557e-05, 9.377918468089774e-05, 9.482069435762241e-05, 9.836701065069064e-05, 0.00010225793812423944]]], "msds": [[[0, 1, 2, 3, 4, 5, 6, 7, 8, 9, 10, 11, 12, 13, 14, 15, 16, 17, 18, 19, 20], [9.03, 10.02, 76.03, 80.85, 82.43, 83.88, 84.4, 84.64, 84.83, 85.78, 85.77, 85.74, 86.27, 86.47, 86.65, 86.61, 86.49, 86.78, 87.14, 87.4, 87.02], [0, 0.005355390720069408, 0.0005911409971304238, 0.00013212279009167105, 6.80800512782298e-05, 7.09080122760497e-05, 6.614816811634228e-05, 7.206779264379293e-05, 7.320966687984765e-05, 7.305213512154296e-05, 8.361740765394643e-05, 8.010682358872145e-05, 8.260936010628939e-05, 8.726519445190206e-05, 8.97407517186366e-05, 9.183524525724351e-05, 9.514834528090432e-05, 9.523257904220372e-05, 9.618150215828791e-05, 9.918667637975886e-05, 9.956231224350631e-05]], [[0, 1, 2, 3, 4, 5, 6, 7, 8, 9, 10, 11, 12, 13, 14, 15, 16, 17, 18, 19, 20], [12.44, 11.0, 75.53, 80.95, 82.38, 83.73, 84.49, 84.64, 84.77, 85.78, 85.77, 85.69, 86.38, 86.47, 86.66, 86.61, 86.51, 86.78, 86.86, 87.34, 87.32], [0, 0.0053836810402572155, 0.0006214401801116765, 0.00012068637443007901, 6.886445771669969e-05, 6.907329225214198e-05, 6.833273073425516e-05, 7.044539233902469e-05, 7.29301682440564e-05, 8.014134800760075e-05, 7.770289812469855e-05, 8.070551848504692e-05, 7.823517080396414e-05, 8.968023030320182e-05, 9.040545410243794e-05, 9.419307752978057e-05, 8.721489575691521e-05, 8.964402513811365e-05, 9.720936213852838e-05, 0.00010067070979857817, 9.904689068207517e-05]]], "alpha": 0.9, "beta": 0.0, "gamma": 5.0, "num_samples": 6000, "node_count": 10, "density": 1.0, "startup_delay": 0.0, "forward_prob": 0}