{"nodes_data": [[[0, 1, 2, 3, 4, 5, 6, 7, 8, 9, 10, 11, 12, 13, 14, 15, 16, 17, 18, 19, 20], [8.23, 25.62, 78.47, 82.29, 82.91, 84.14, 83.69, 84.93, 85.3, 85.82, 86.47, 86.37, 86.67, 86.98, 86.9, 86.79, 87.23, 87.22, 86.86, 87.29, 87.01], [0, 0.005385872907936573, 0, 0.000357821088982746, 0, 0.00011487277515698224, 5.8398927649250254e-05, 4.721096411230974e-05, 4.557000283966772e-05, 6.1015536630293354e-05, 5.4417210776591673e-05, 8.652464748593047e-05, 7.3344970587641e-05, 7.916364847915247e-05, 7.637768430868164e-05, 8.025240094866604e-05, 8.872695616446435e-05, 7.571138849016279e-05, 6.816781387897208e-05, 8.849134610500187e-05, 0.00013816200953442603]], [[0, 1, 2, 3, 4, 5, 6, 7, 8, 9, 10, 11, 12, 13, 14, 15, 16, 17, 18, 19, 20], [16.97, 16.46, 78.51, 82.64, 81.15, 82.54, 83.51, 84.73, 85.69, 84.29, 85.61, 86.31, 87.04, 86.7, 86.55, 86.78, 86.45, 86.77, 86.58, 86.81, 86.59], [0, 0.005381887778639793, 0, 0.0003159552870783955, 0.0006023016758263111, 6.602079520234838e-05, 4.8433874326292425e-05, 4.49375766038429e-05, 4.075884498888627e-05, 4.366424400359392e-05, 4.526248812908307e-05, 9.159690671367571e-05, 0.000150186795508489, 0.00012113167758798227, 0.0003516723809298128, 0.00010208137973677367, 0.0007428145036101341, 0.0004536474298220128, 0.0005118530243635178, 0.0004562039684969932, 0.00039296518662013113]]], "msds": [[[0, 1, 2, 3, 4, 5, 6, 7, 8, 9, 10, 11, 12, 13, 14, 15, 16, 17, 18, 19, 20], [8.23, 25.62, 78.47, 82.29, 82.91, 84.14, 83.69, 84.93, 85.3, 85.82, 86.47, 86.37, 86.67, 86.98, 86.9, 86.79, 87.23, 87.22, 86.86, 87.29, 87.01], [0, 0.005385872907936573, 0, 0.000357821088982746, 0, 0.00011487277515698224, 5.8398927649250254e-05, 4.721096411230974e-05, 4.557000283966772e-05, 6.1015536630293354e-05, 5.4417210776591673e-05, 8.652464748593047e-05, 7.3344970587641e-05, 7.916364847915247e-05, 7.637768430868164e-05, 8.025240094866604e-05, 8.872695616446435e-05, 7.571138849016279e-05, 6.816781387897208e-05, 8.849134610500187e-05, 0.00013816200953442603]], [[0, 1, 2, 3, 4, 5, 6, 7, 8, 9, 10, 11, 12, 13, 14, 15, 16, 17, 18, 19, 20], [10.34, 71.16, 83.1, 83.39, 84.82, 84.8, 84.25, 85.48, 84.61, 85.67, 86.16, 85.91, 86.27, 86.6, 86.93, 87.1, 86.8, 84.75, 85.45, 86.04, 85.93], [0, 0.0026025380939245224, 0.0003072725376114249, 0.00011109290062449872, 4.913646625936963e-05, 4.529369834926911e-05, 4.928461930830963e-05, 6.399831181624904e-05, 0, 0.00011005029955413193, 7.519902283092961e-05, 9.273062460124493e-05, 0.00010257021494908258, 9.505329217063263e-05, 7.734815881121904e-05, 7.948206621222198e-05, 8.225131750805303e-05, 0, 0, 0, 0]]], "alpha": 0.7, "beta": 0.5, "gamma": 3.0, "num_samples": 6000, "node_count": 10, "density": 0.0, "startup_delay": 0.0, "forward_prob": 0}