{"nodes_data": [[[0, 1, 2, 3, 4, 5, 6, 7, 8, 9, 10, 11, 12, 13, 14, 15, 16, 17, 18, 19, 20], [12.31, 75.83, 39.87, 68.59, 77.0, 79.58, 83.31, 83.22, 84.07, 84.33, 84.46, 84.3, 85.25, 84.7, 85.76, 85.59, 85.77, 86.17, 85.39, 86.07, 86.01], [0, 0, 0.005540172103792429, 0.00123463140334934, 0.0007314502727240324, 0.0005132206133566797, 0.00026313093258067966, 0.0001918529742397368, 0.00017850662698037922, 0.0001590539759490639, 0.00013886266970075667, 0.00012298977526370436, 0.00012189318658784032, 0.00012117924052290618, 0.0001241274003405124, 0.00011805191752500832, 0.00012146437802584842, 0.00011852307216031477, 0.00012254991452209651, 0.00012423275620676577, 0.0001199477628688328]], [[0, 1, 2, 3, 4, 5, 6, 7, 8, 9, 10, 11, 12, 13, 14, 15, 16, 17, 18, 19, 20], [11.56, 31.45, 67.67, 67.65, 78.24, 81.81, 82.97, 83.22, 83.57, 84.68, 84.2, 84.17, 84.53, 85.16, 85.61, 85.67, 85.6, 85.88, 85.81, 86.3, 86.17], [0, 0.005366348195821047, 0.0019132927991449833, 0.00173721625469625, 0.0006193448207341135, 0.00040532194543629885, 0.00027425712323747575, 0.0002201526949647814, 0.00017760583432391286, 0.0001912610314320773, 0.000154834269778803, 0.00013493630103766918, 0.0001319415314355865, 0.00012946815695613623, 0.0001245473831659183, 0.00012104948109481484, 0.0001272528461413458, 0.00012317158689256757, 0.0001201052000396885, 0.00012534997949842364, 0.000123394129332155]]], "msds": [[[0, 1, 2, 3, 4, 5, 6, 7, 8, 9, 10, 11, 12, 13, 14, 15, 16, 17, 18, 19, 20], [12.31, 75.83, 39.87, 68.59, 77.0, 79.58, 83.31, 83.22, 84.07, 84.33, 84.46, 84.3, 85.25, 84.7, 85.76, 85.59, 85.77, 86.17, 85.39, 86.07, 86.01], [0, 0, 0.005540172103792429, 0.00123463140334934, 0.0007314502727240324, 0.0005132206133566797, 0.00026313093258067966, 0.0001918529742397368, 0.00017850662698037922, 0.0001590539759490639, 0.00013886266970075667, 0.00012298977526370436, 0.00012189318658784032, 0.00012117924052290618, 0.0001241274003405124, 0.00011805191752500832, 0.00012146437802584842, 0.00011852307216031477, 0.00012254991452209651, 0.00012423275620676577, 0.0001199477628688328]], [[0, 1, 2, 3, 4, 5, 6, 7, 8, 9, 10, 11, 12, 13, 14, 15, 16, 17, 18, 19, 20], [4.0, 65.31, 80.07, 82.53, 80.54, 82.55, 81.88, 83.45, 83.05, 84.27, 84.29, 84.71, 84.25, 84.69, 83.93, 85.09, 85.64, 85.21, 84.04, 85.67, 86.26], [0, 0.00537537457421422, 0.0005697357701137662, 0.0001527164422441274, 0.0011956692906096578, 0.00019105308456346393, 0.0001740774023346603, 0.00021761489915661514, 0.0001634290674701333, 0.0001309952640440315, 0.00011553314107004553, 0.00010593270417302847, 0.00012587405217345804, 0.00011276359873590991, 0.00011417207861086354, 0.00011280846956651658, 0.0001141082466347143, 0.00011182689195265993, 0.00011759171320591122, 0.0001079812936950475, 0.0001083141251001507]]], "alpha": 0.7, "beta": 1.0, "gamma": 0.0, "num_samples": 6000, "node_count": 10, "density": 0.15, "startup_delay": 0.0, "forward_prob": 0}