{"nodes_data": [[[0, 1, 2, 3, 4, 5, 6, 7, 8, 9, 10, 11, 12, 13, 14, 15, 16, 17, 18, 19, 20], [9.98, 10.0, 73.05, 81.46, 83.0, 84.0, 84.37, 85.06, 85.19, 85.56, 85.87, 85.87, 86.33, 86.43, 86.32, 86.76, 86.47, 87.21, 86.95, 87.32, 87.36], [0, 0.005363715812563896, 0.0005511663621291518, 0.000131904540467076, 7.592631300212815e-05, 7.386521610897034e-05, 7.275552343344316e-05, 7.1250120527111e-05, 7.999419904081151e-05, 7.650277984794229e-05, 8.40399443404749e-05, 8.350356802111492e-05, 8.38048363220878e-05, 7.914816524134949e-05, 8.987006003735587e-05, 9.370680345455185e-05, 9.173672879114747e-05, 9.377887181472033e-05, 8.842864917824045e-05, 9.758835949469358e-05, 9.817755926633254e-05]], [[0, 1, 2, 3, 4, 5, 6, 7, 8, 9, 10, 11, 12, 13, 14, 15, 16, 17, 18, 19, 20], [8.66, 10.0, 74.39, 81.48, 82.91, 84.11, 84.24, 85.14, 85.29, 85.63, 85.79, 85.76, 86.25, 86.51, 86.1, 86.76, 86.26, 87.21, 87.09, 87.32, 87.5], [0, 0.005385903641581535, 0.0005854584160260856, 0.0001312970562139526, 7.749756332486868e-05, 7.860653568059206e-05, 7.093516614986584e-05, 7.79393085394986e-05, 7.936898327898234e-05, 8.019601955311373e-05, 8.559436537325382e-05, 8.269169484265149e-05, 8.523795986548066e-05, 8.44626993057318e-05, 8.974478987511247e-05, 9.48103770497255e-05, 9.763345587998629e-05, 9.043640602612868e-05, 8.997906115837395e-05, 9.836726530920714e-05, 9.526661597192287e-05]]], "msds": [[[0, 1, 2, 3, 4, 5, 6, 7, 8, 9, 10, 11, 12, 13, 14, 15, 16, 17, 18, 19, 20], [9.98, 10.0, 73.05, 81.46, 83.0, 84.0, 84.37, 85.06, 85.19, 85.56, 85.87, 85.87, 86.33, 86.43, 86.32, 86.76, 86.47, 87.21, 86.95, 87.32, 87.36], [0, 0.005363715812563896, 0.0005511663621291518, 0.000131904540467076, 7.592631300212815e-05, 7.386521610897034e-05, 7.275552343344316e-05, 7.1250120527111e-05, 7.999419904081151e-05, 7.650277984794229e-05, 8.40399443404749e-05, 8.350356802111492e-05, 8.38048363220878e-05, 7.914816524134949e-05, 8.987006003735587e-05, 9.370680345455185e-05, 9.173672879114747e-05, 9.377887181472033e-05, 8.842864917824045e-05, 9.758835949469358e-05, 9.817755926633254e-05]], [[0, 1, 2, 3, 4, 5, 6, 7, 8, 9, 10, 11, 12, 13, 14, 15, 16, 17, 18, 19, 20], [6.46, 10.0, 73.05, 81.21, 83.0, 84.11, 84.37, 85.07, 85.19, 85.48, 85.93, 85.87, 86.33, 86.51, 86.32, 86.76, 86.43, 87.21, 87.05, 87.32, 87.28], [0, 0.005368952639400959, 0.0005803590174764395, 0.00013892965216655284, 7.883959187893197e-05, 7.063383236527443e-05, 7.866954547353089e-05, 7.394251588266343e-05, 8.050259930314496e-05, 7.82262795837596e-05, 8.86763446033001e-05, 8.700745820533484e-05, 8.295946463476866e-05, 8.175001130439341e-05, 9.276363562094048e-05, 9.736335778143257e-05, 9.182740177493542e-05, 0.00010316778207197785, 9.139114990830421e-05, 9.712079918244854e-05, 0.00010014295548899099]]], "alpha": 0.0, "beta": 0.5, "gamma": 5.0, "num_samples": 6000, "node_count": 10, "density": 1.0, "startup_delay": 0.0, "forward_prob": 0}