{"nodes_data": [[[0, 1, 2, 3, 4, 5, 6, 7, 8, 9, 10, 11, 12, 13, 14, 15, 16, 17, 18, 19, 20], [9.97, 74.42, 78.16, 81.4, 79.64, 82.69, 81.74, 81.02, 79.53, 83.27, 83.61, 84.35, 84.73, 83.87, 84.9, 84.53, 84.71, 84.43, 84.29, 83.92, 84.52], [0, 0.005422232672572136, 0.001057191751897335, 0, 0, 0, 0, 0, 0, 0, 0, 0, 0, 0, 0, 0, 0, 0, 0, 0, 0]], [[0, 1, 2, 3, 4, 5, 6, 7, 8, 9, 10, 11, 12, 13, 14, 15, 16, 17, 18, 19, 20], [8.24, 10.0, 78.91, 82.92, 83.34, 83.22, 83.12, 82.59, 82.38, 83.49, 85.1, 85.0, 85.31, 84.87, 85.48, 84.96, 85.3, 85.03, 85.18, 85.13, 85.09], [0, 0.005371215753257275, 0.0025546294637024403, 0.0004569870070554316, 0.00016412520199082792, 0.00018050041398964822, 0.00010899716289713979, 0.00010240088158752769, 9.699255315354094e-05, 0.00011607658234424889, 0.00012008204794256017, 0.00011724981595762074, 0.00011085041478509083, 0.00011535819066921249, 0.00011622204328887165, 0.00012342656555119902, 0.00013134187611285597, 0.00014120280684437603, 0.0001449174014851451, 0.00014252887922339141, 0.00012595238513313234]]], "msds": [[[0, 1, 2, 3, 4, 5, 6, 7, 8, 9, 10, 11, 12, 13, 14, 15, 16, 17, 18, 19, 20], [9.97, 74.42, 78.16, 81.4, 79.64, 82.69, 81.74, 81.02, 79.53, 83.27, 83.61, 84.35, 84.73, 83.87, 84.9, 84.53, 84.71, 84.43, 84.29, 83.92, 84.52], [0, 0.005422232672572136, 0.001057191751897335, 0, 0, 0, 0, 0, 0, 0, 0, 0, 0, 0, 0, 0, 0, 0, 0, 0, 0]], [[0, 1, 2, 3, 4, 5, 6, 7, 8, 9, 10, 11, 12, 13, 14, 15, 16, 17, 18, 19, 20], [10.91, 10.09, 80.07, 81.67, 82.84, 84.45, 84.68, 85.19, 85.68, 84.96, 85.66, 85.28, 85.88, 86.09, 86.54, 86.19, 85.86, 86.06, 85.73, 85.97, 85.71], [0, 0.005399002693593502, 0.0012295175110921264, 0.0003198792692273855, 0.00019851008255500346, 0.00012803393474314362, 0.00014578890113625675, 0.00014582977746613324, 0.0001448531838832423, 0.00014466085121966898, 0.00014152856601867825, 0.00017789326375350356, 0.0001542013487778604, 0.000140443560667336, 0.0001472632575314492, 0.00016597493959125131, 0.00020781773491762578, 0.00018658193584997207, 0.00017869292059913278, 0.00017447929712943733, 0.00016210855392273515]]], "alpha": 0.7, "beta": 0.5, "gamma": 0.0, "num_samples": 6000, "node_count": 10, "density": 1.0, "startup_delay": 0.0, "forward_prob": 0}