{"nodes_data": [[[0, 1, 2, 3, 4, 5, 6, 7, 8, 9, 10, 11, 12, 13, 14, 15, 16, 17, 18, 19, 20], [11.83, 10.0, 74.17, 80.51, 83.25, 83.95, 84.5, 83.66, 85.26, 85.58, 85.78, 85.97, 85.89, 86.73, 86.96, 87.18, 85.95, 87.46, 87.24, 86.7, 87.05], [0, 0.005366428289562464, 0.0007499406929127872, 0.00014795249444432557, 7.940091745695099e-05, 7.130544690880924e-05, 7.547956920461729e-05, 7.447116513503715e-05, 7.585148705402389e-05, 7.190446194726974e-05, 7.920741336420178e-05, 7.983545947354287e-05, 7.06067294231616e-05, 8.91628660610877e-05, 8.605346374679357e-05, 9.42772749112919e-05, 9.25335189094767e-05, 9.694807522464544e-05, 9.162611968349665e-05, 0.0001033263179124333, 0.00010091195144923404]], [[0, 1, 2, 3, 4, 5, 6, 7, 8, 9, 10, 11, 12, 13, 14, 15, 16, 17, 18, 19, 20], [12.58, 11.11, 76.12, 81.44, 83.23, 84.05, 84.3, 84.93, 85.26, 85.79, 85.96, 85.97, 86.27, 86.41, 86.53, 86.95, 87.08, 87.41, 87.21, 87.17, 87.06], [0, 0.005380422808229923, 0.0006646776455454528, 0.00013749426580034196, 7.303319580387324e-05, 6.948349619051442e-05, 7.356607966357842e-05, 6.841890717623755e-05, 6.670878792647272e-05, 7.751062366878614e-05, 7.649251347174868e-05, 7.630491745658219e-05, 8.004970732145011e-05, 8.293606515508145e-05, 8.681418694322929e-05, 8.814025932224467e-05, 8.808622078504413e-05, 9.305449930252507e-05, 9.48860906646587e-05, 0.00010345874034101143, 0.00010352805111324415]]], "msds": [[[0, 1, 2, 3, 4, 5, 6, 7, 8, 9, 10, 11, 12, 13, 14, 15, 16, 17, 18, 19, 20], [11.83, 10.0, 74.17, 80.51, 83.25, 83.95, 84.5, 83.66, 85.26, 85.58, 85.78, 85.97, 85.89, 86.73, 86.96, 87.18, 85.95, 87.46, 87.24, 86.7, 87.05], [0, 0.005366428289562464, 0.0007499406929127872, 0.00014795249444432557, 7.940091745695099e-05, 7.130544690880924e-05, 7.547956920461729e-05, 7.447116513503715e-05, 7.585148705402389e-05, 7.190446194726974e-05, 7.920741336420178e-05, 7.983545947354287e-05, 7.06067294231616e-05, 8.91628660610877e-05, 8.605346374679357e-05, 9.42772749112919e-05, 9.25335189094767e-05, 9.694807522464544e-05, 9.162611968349665e-05, 0.0001033263179124333, 0.00010091195144923404]], [[0, 1, 2, 3, 4, 5, 6, 7, 8, 9, 10, 11, 12, 13, 14, 15, 16, 17, 18, 19, 20], [9.87, 10.0, 75.59, 81.21, 82.92, 82.99, 84.5, 84.93, 84.75, 85.81, 85.85, 85.85, 86.39, 86.58, 86.37, 86.52, 87.08, 87.34, 87.21, 86.94, 86.98], [0, 0.005368692334741354, 0.0008371584117412567, 0.0001385185751132667, 6.805355951655656e-05, 6.717370706610382e-05, 7.0334026531782e-05, 6.548945384565741e-05, 7.360621384577826e-05, 7.345751510001719e-05, 7.649355393368751e-05, 7.559596269857138e-05, 7.422839553328231e-05, 8.304353104904294e-05, 8.808341226540506e-05, 8.463102858513594e-05, 9.541487088426948e-05, 8.63918467075564e-05, 9.009723726194352e-05, 9.964990749722347e-05, 9.537170262774453e-05]]], "alpha": 0.9, "beta": 0.5, "gamma": 2.0, "num_samples": 6000, "node_count": 10, "density": 1.0, "startup_delay": 0.0, "forward_prob": 0}