{"nodes_data": [[[0, 1, 2, 3, 4, 5, 6, 7, 8, 9, 10, 11, 12, 13, 14, 15, 16, 17, 18, 19, 20], [18.89, 19.89, 60.22, 55.47, 80.9, 82.0, 81.94, 82.77, 84.13, 84.0, 84.74, 85.24, 84.9, 85.21, 85.4, 85.65, 86.32, 86.03, 86.04, 86.49, 86.3], [0, 0.005366997327655554, 0.0019187325378879905, 0.001264213235117495, 0.00047212091158144176, 0.0003222661616746336, 0.0002014975470956415, 0.00015017620171420276, 0.000125535050756298, 0.00011447469296399504, 0.00010785010817926377, 0.00010548735008342192, 0.00011008371075149626, 0.00010595869389362633, 0.00010809367813635617, 0.00010749723151093349, 0.00010758525604614988, 0.00011349107080604881, 0.00011446706776041538, 0.00011382487718947232, 0.00010666978050721809]], [[0, 1, 2, 3, 4, 5, 6, 7, 8, 9, 10, 11, 12, 13, 14, 15, 16, 17, 18, 19, 20], [10.86, 19.12, 46.16, 63.52, 80.68, 81.98, 82.48, 83.48, 83.56, 84.15, 84.28, 84.57, 84.56, 84.34, 85.51, 85.75, 85.72, 85.73, 86.29, 85.75, 85.83], [0, 0.005387534853070974, 0.0024291721638292074, 0.0012998973252251744, 0.0003844357852358371, 0.0002161557349609211, 0.00014770004781894386, 0.00010974928591167554, 0.0001073862804332748, 9.849562775343657e-05, 9.483614849159494e-05, 9.485827467869967e-05, 0.0001034326633089222, 0.00010399389429949224, 0.00010426410153741017, 0.00010940038919216022, 0.00010576393106020987, 0.0001130486125475727, 0.00011628462380031124, 0.00010851467959582806, 0.00012949801748618484]]], "msds": [[[0, 1, 2, 3, 4, 5, 6, 7, 8, 9, 10, 11, 12, 13, 14, 15, 16, 17, 18, 19, 20], [18.89, 19.89, 60.22, 55.47, 80.9, 82.0, 81.94, 82.77, 84.13, 84.0, 84.74, 85.24, 84.9, 85.21, 85.4, 85.65, 86.32, 86.03, 86.04, 86.49, 86.3], [0, 0.005366997327655554, 0.0019187325378879905, 0.001264213235117495, 0.00047212091158144176, 0.0003222661616746336, 0.0002014975470956415, 0.00015017620171420276, 0.000125535050756298, 0.00011447469296399504, 0.00010785010817926377, 0.00010548735008342192, 0.00011008371075149626, 0.00010595869389362633, 0.00010809367813635617, 0.00010749723151093349, 0.00010758525604614988, 0.00011349107080604881, 0.00011446706776041538, 0.00011382487718947232, 0.00010666978050721809]], [[0, 1, 2, 3, 4, 5, 6, 7, 8, 9, 10, 11, 12, 13, 14, 15, 16, 17, 18, 19, 20], [7.4, 24.48, 52.65, 61.6, 81.62, 81.55, 82.08, 83.11, 83.17, 83.87, 84.53, 84.89, 85.19, 84.46, 85.62, 85.75, 86.12, 85.33, 85.87, 85.74, 86.57], [0, 0.005372281651943922, 0.0026320612523704767, 0.0012606087839230895, 0.000625659478828311, 0.00038548815064132214, 0.0002117154945153743, 0.0001423377252649516, 0.0001128501899074763, 0.00010544561519054696, 0.0001035343884723261, 9.767847950570285e-05, 0.00010298639972461388, 0.00010328714415663853, 0.00010200162068940699, 0.00010482094512553886, 0.00010189953172812238, 0.00011293240095255896, 0.00010829907841980457, 0.00011386251571821049, 0.00010924260277533904]]], "alpha": 0.0, "beta": 1.0, "gamma": 2.0, "num_samples": 6000, "node_count": 10, "density": 0.15, "startup_delay": 0.0, "forward_prob": 0}