{"nodes_data": [[[0, 1, 2, 3, 4, 5, 6, 7, 8, 9, 10, 11, 12, 13, 14, 15, 16, 17, 18, 19, 20], [9.74, 49.94, 66.98, 81.42, 80.57, 82.11, 83.4, 83.38, 83.41, 84.74, 84.65, 85.24, 84.68, 84.06, 85.27, 85.17, 85.35, 86.08, 85.64, 86.17, 85.81], [0, 0.005383254494518042, 0.0025759285781532526, 0.001487518078647554, 0.0007003485225141048, 0.0005213497788645327, 0.00031662723631598055, 0.0002759149356279522, 0.00021251384168863297, 0.00019899551989510655, 0.00015571565018035471, 0.00013507489347830415, 0.0001526705309515819, 0.00015858512779232115, 0.00015675181930419058, 0.00013534337631426752, 0.00012689836148638278, 0.00014546392776537687, 0.0001530873851152137, 0.0001499920035712421, 0.0002602573367767036]], [[0, 1, 2, 3, 4, 5, 6, 7, 8, 9, 10, 11, 12, 13, 14, 15, 16, 17, 18, 19, 20], [6.81, 79.06, 80.43, 81.86, 79.89, 81.96, 83.09, 82.96, 84.28, 84.32, 84.68, 84.65, 84.37, 85.06, 85.56, 84.45, 85.65, 85.71, 85.68, 85.76, 85.11], [0, 0, 0.0006070167873986065, 0.0006679634680040181, 0.0002548641641624272, 0.00023620684805791825, 0.0001757729914970696, 0.00013416526780929416, 0.0001299604045925662, 0.00011000208905898035, 0.00011209020885871723, 0.00011117443500552326, 0.0001070525759132579, 0.00011418008216423914, 0.00011434024781920016, 0.0001121090681408532, 0.0001098331922548823, 0.00011850448208861053, 0.00012518002768047154, 0.00011253928823862225, 0.00011448663281043991]]], "msds": [[[0, 1, 2, 3, 4, 5, 6, 7, 8, 9, 10, 11, 12, 13, 14, 15, 16, 17, 18, 19, 20], [9.74, 49.94, 66.98, 81.42, 80.57, 82.11, 83.4, 83.38, 83.41, 84.74, 84.65, 85.24, 84.68, 84.06, 85.27, 85.17, 85.35, 86.08, 85.64, 86.17, 85.81], [0, 0.005383254494518042, 0.0025759285781532526, 0.001487518078647554, 0.0007003485225141048, 0.0005213497788645327, 0.00031662723631598055, 0.0002759149356279522, 0.00021251384168863297, 0.00019899551989510655, 0.00015571565018035471, 0.00013507489347830415, 0.0001526705309515819, 0.00015858512779232115, 0.00015675181930419058, 0.00013534337631426752, 0.00012689836148638278, 0.00014546392776537687, 0.0001530873851152137, 0.0001499920035712421, 0.0002602573367767036]], [[0, 1, 2, 3, 4, 5, 6, 7, 8, 9, 10, 11, 12, 13, 14, 15, 16, 17, 18, 19, 20], [9.15, 45.8, 62.97, 71.04, 73.43, 82.43, 83.24, 82.96, 83.63, 83.99, 84.94, 84.26, 85.07, 85.82, 85.51, 85.12, 85.9, 85.77, 85.3, 85.86, 86.48], [0, 0.005383545067161322, 0.002201618393883109, 0.0018650040728971362, 0.000767868768889457, 0.0005819634534418583, 0.00042749568819999695, 0.00035534382914192975, 0.00021511026716325432, 0.00014950562035664916, 0.00024268130073323846, 0.00024360833049286157, 0.00022324372548609972, 0.00014731785631738603, 0.000127405917737633, 0.00022371768136508763, 0.00021036095859017223, 0.00020900634990539402, 0.0002631843672133982, 0.0002651236136443913, 0.0002302680950378999]]], "alpha": 0.7, "beta": 1.0, "gamma": 0.0, "num_samples": 6000, "node_count": 10, "density": 0.0, "startup_delay": 0.0, "forward_prob": 0}