{"nodes_data": [[[0, 1, 2, 3, 4, 5, 6, 7, 8, 9, 10, 11, 12, 13, 14, 15, 16, 17, 18, 19, 20], [10.8, 19.91, 80.95, 81.02, 82.01, 83.59, 80.8, 84.05, 84.25, 84.88, 85.49, 85.67, 86.15, 86.22, 86.68, 86.48, 87.24, 87.25, 87.18, 86.39, 87.12], [0, 0.004622673150151968, 0, 0, 0.000698427262250334, 0.0007770655211061239, 0.0003216699988115579, 0.00017302457126788795, 0.00013802047760691494, 0.0001231178903253749, 0.00010183888662140816, 0.00010240694246022031, 8.82134772837162e-05, 0.00010291184298694134, 0.00012276234338060021, 0.0001326263736700639, 6.9183181039989e-05, 8.866426651366055e-05, 0.00014520040713250637, 0.0001349539088550955, 0.00013511237921193242]], [[0, 1, 2, 3, 4, 5, 6, 7, 8, 9, 10, 11, 12, 13, 14, 15, 16, 17, 18, 19, 20], [9.24, 79.1, 82.97, 83.25, 83.46, 84.41, 83.7, 84.67, 84.88, 84.83, 85.37, 85.7, 86.19, 86.15, 86.42, 86.01, 86.18, 86.61, 86.73, 86.68, 87.02], [0, 0.002403826219961047, 0.00032888667192310095, 0.00012091345706721768, 0.00010942459630314261, 0.00010825860226759687, 0.00010333841055398807, 6.70396548230201e-05, 7.60537659516558e-05, 7.557051139883697e-05, 0, 0, 0.00019157244241796434, 0.00025477499002590775, 0.0001843367499532178, 0.00016098935157060623, 0.0001874468580354005, 0.00013978675997350365, 0.0001347543584415689, 0.00013620019308291376, 0.0001435716258129105]]], "msds": [[[0, 1, 2, 3, 4, 5, 6, 7, 8, 9, 10, 11, 12, 13, 14, 15, 16, 17, 18, 19, 20], [10.8, 19.91, 80.95, 81.02, 82.01, 83.59, 80.8, 84.05, 84.25, 84.88, 85.49, 85.67, 86.15, 86.22, 86.68, 86.48, 87.24, 87.25, 87.18, 86.39, 87.12], [0, 0.004622673150151968, 0, 0, 0.000698427262250334, 0.0007770655211061239, 0.0003216699988115579, 0.00017302457126788795, 0.00013802047760691494, 0.0001231178903253749, 0.00010183888662140816, 0.00010240694246022031, 8.82134772837162e-05, 0.00010291184298694134, 0.00012276234338060021, 0.0001326263736700639, 6.9183181039989e-05, 8.866426651366055e-05, 0.00014520040713250637, 0.0001349539088550955, 0.00013511237921193242]], [[0, 1, 2, 3, 4, 5, 6, 7, 8, 9, 10, 11, 12, 13, 14, 15, 16, 17, 18, 19, 20], [7.12, 77.44, 80.52, 81.89, 82.98, 82.18, 84.3, 84.67, 84.79, 85.22, 85.67, 85.5, 84.13, 86.0, 85.33, 86.29, 86.51, 86.19, 86.3, 86.54, 86.14], [0, 0.002356454962864518, 0.0007292829686775804, 0.00029251957312226295, 0.0004888080293312669, 0.00025308423209935427, 0.00015665253158658743, 0.00013206663425080478, 0.00011584311141632497, 6.274462066357955e-05, 6.854644016129896e-05, 7.006923260632902e-05, 0, 0, 0, 0.00025136274052783847, 0.00032895556068979204, 0.00014883883704897016, 0.00014472581096924841, 0.00013727853365708143, 0.00011890296445926651]]], "alpha": 0.7, "beta": 0.0, "gamma": 3.0, "num_samples": 6000, "node_count": 10, "density": 0.0, "startup_delay": 0.0, "forward_prob": 0}