{"nodes_data": [[[0, 1, 2, 3, 4, 5, 6, 7, 8, 9, 10, 11, 12, 13, 14, 15, 16, 17, 18, 19, 20], [18.8, 78.91, 72.89, 81.17, 79.83, 80.41, 81.0, 79.53, 78.65, 81.14, 80.66, 80.66, 83.75, 83.39, 83.58, 84.2, 84.86, 83.82, 83.82, 84.41, 83.03], [0, 0, 0.005537486635148525, 0.004565526731312275, 0.0016214296920225024, 0.0005236060824245214, 0.000711311586201191, 0.0004781496827490628, 0.00023095916549209505, 0.00028875027783215046, 0.0002404825936537236, 5.0344762712484226e-05, 0.0001966866839211434, 0.0001543382095405832, 0.00010743448365246877, 0.00014373128942679614, 0.00012157318997196853, 0.00010909971024375409, 0.0001130995005951263, 0.00010101925727212802, 0.0001130973469116725]], [[0, 1, 2, 3, 4, 5, 6, 7, 8, 9, 10, 11, 12, 13, 14, 15, 16, 17, 18, 19, 20], [12.16, 28.11, 64.26, 63.65, 77.17, 81.64, 82.69, 83.03, 83.26, 83.58, 83.68, 84.37, 84.85, 84.63, 84.79, 85.0, 85.69, 85.1, 85.58, 85.76, 85.55], [0, 0.005371464882045984, 0.0019982503727078438, 0.0016642616828903556, 0.0008867231663316488, 0.0005167655181139708, 0.00042766882688738406, 0.000334535347064957, 0.0002670619578566402, 0.00020765961380675435, 0.0001972557365661487, 0.0001607647427590564, 0.00011324107617838308, 0.0001113947291742079, 0.00011366807302692905, 0.00010633457713993266, 0.00010643527639331296, 0.00011041303514502943, 0.00010006578668253496, 0.00011364115925971419, 0.00011083135177614167]]], "msds": [[[0, 1, 2, 3, 4, 5, 6, 7, 8, 9, 10, 11, 12, 13, 14, 15, 16, 17, 18, 19, 20], [18.8, 78.91, 72.89, 81.17, 79.83, 80.41, 81.0, 79.53, 78.65, 81.14, 80.66, 80.66, 83.75, 83.39, 83.58, 84.2, 84.86, 83.82, 83.82, 84.41, 83.03], [0, 0, 0.005537486635148525, 0.004565526731312275, 0.0016214296920225024, 0.0005236060824245214, 0.000711311586201191, 0.0004781496827490628, 0.00023095916549209505, 0.00028875027783215046, 0.0002404825936537236, 5.0344762712484226e-05, 0.0001966866839211434, 0.0001543382095405832, 0.00010743448365246877, 0.00014373128942679614, 0.00012157318997196853, 0.00010909971024375409, 0.0001130995005951263, 0.00010101925727212802, 0.0001130973469116725]], [[0, 1, 2, 3, 4, 5, 6, 7, 8, 9, 10, 11, 12, 13, 14, 15, 16, 17, 18, 19, 20], [10.14, 78.36, 22.51, 76.6, 77.84, 82.12, 82.3, 82.84, 83.56, 83.46, 84.35, 84.49, 84.26, 84.75, 84.36, 85.18, 85.44, 85.17, 85.33, 84.81, 85.45], [0, 0, 0.005544584710150957, 0.0022226045839488506, 0.0007881033816374838, 0.00044673364027403295, 0.0003843414015136659, 0.00026391615392640233, 0.00018770821043290198, 0.0002024753630394116, 0.00015332330076489598, 0.00011410974548198283, 0.00010986790584865957, 9.702007082523778e-05, 9.222314110957086e-05, 9.596828749636188e-05, 9.137512824963778e-05, 9.80695549515076e-05, 9.0160989202559e-05, 9.504801710136235e-05, 0.00010663949069567025]]], "alpha": 1.0, "beta": 1.0, "gamma": 0.0, "num_samples": 6000, "node_count": 10, "density": 0.15, "startup_delay": 0.0, "forward_prob": 0}