{"nodes_data": [[[0, 1, 2, 3, 4, 5, 6, 7, 8, 9, 10, 11, 12, 13, 14, 15, 16, 17, 18, 19, 20], [12.15, 41.55, 75.68, 74.41, 73.43, 81.9, 82.05, 83.61, 83.74, 84.89, 84.84, 84.93, 85.15, 85.48, 85.52, 85.9, 85.58, 86.58, 86.11, 86.11, 86.39], [0, 0.005389499012380838, 0.0036762352101504803, 0.001501591643318534, 0.0008034088532440364, 0.000535139290150255, 0.0003583585494197905, 0.00025386837660335004, 0.00019756863184738904, 0.0001786826178431511, 0.00017127086175605655, 0.00016298016998916864, 0.00015811424236744642, 0.00015784258721396327, 0.0001537890639156103, 0.000149444182170555, 0.00015211044228635728, 0.0001553565525682643, 0.00015483055904041976, 0.00015900882135611027, 0.00016133084136527032]], [[0, 1, 2, 3, 4, 5, 6, 7, 8, 9, 10, 11, 12, 13, 14, 15, 16, 17, 18, 19, 20], [16.86, 35.51, 72.47, 68.92, 78.31, 82.7, 81.43, 83.94, 84.36, 84.56, 84.8, 85.47, 85.2, 85.61, 85.9, 85.11, 85.91, 86.12, 86.34, 86.59, 86.51], [0, 0.0053905341774225235, 0.002687269588932395, 0.0012818073155358434, 0.0007048338884487748, 0.0004152781330049038, 0.00030330699519254267, 0.00021810740872751921, 0.00017736677546054125, 0.00016783038154244423, 0.0001565107813803479, 0.0001499902573414147, 0.00014865852426737547, 0.00015255523612722754, 0.0001404813228873536, 0.0001451557909604162, 0.00014868893777020276, 0.000149136598338373, 0.0001611483603483066, 0.0001558400399517268, 0.00015775933570694178]]], "msds": [[[0, 1, 2, 3, 4, 5, 6, 7, 8, 9, 10, 11, 12, 13, 14, 15, 16, 17, 18, 19, 20], [12.15, 41.55, 75.68, 74.41, 73.43, 81.9, 82.05, 83.61, 83.74, 84.89, 84.84, 84.93, 85.15, 85.48, 85.52, 85.9, 85.58, 86.58, 86.11, 86.11, 86.39], [0, 0.005389499012380838, 0.0036762352101504803, 0.001501591643318534, 0.0008034088532440364, 0.000535139290150255, 0.0003583585494197905, 0.00025386837660335004, 0.00019756863184738904, 0.0001786826178431511, 0.00017127086175605655, 0.00016298016998916864, 0.00015811424236744642, 0.00015784258721396327, 0.0001537890639156103, 0.000149444182170555, 0.00015211044228635728, 0.0001553565525682643, 0.00015483055904041976, 0.00015900882135611027, 0.00016133084136527032]], [[0, 1, 2, 3, 4, 5, 6, 7, 8, 9, 10, 11, 12, 13, 14, 15, 16, 17, 18, 19, 20], [9.94, 63.38, 64.75, 55.02, 71.43, 81.25, 83.58, 83.7, 83.56, 84.6, 85.04, 84.95, 85.34, 85.62, 85.27, 85.46, 86.28, 86.35, 86.6, 86.61, 86.7], [0, 0.005365402903407812, 0.0030825247522443533, 0.0014493531780317426, 0.0008510954794473946, 0.0005822530365549028, 0.0003691769961733371, 0.000252838886808604, 0.00020519917597994208, 0.00017616647528484464, 0.00016556208720430732, 0.00016118747589644045, 0.00015630904817953706, 0.0001536384370410815, 0.00014790140266995877, 0.00014760892372578382, 0.00014577562978956848, 0.00015961086319293827, 0.00015378266107290983, 0.00015875507961027324, 0.00016705275629647076]]], "alpha": 0.5, "beta": 1.0, "gamma": 0.0, "num_samples": 6000, "node_count": 10, "density": 0.75, "startup_delay": 0.0, "forward_prob": 0}