{"nodes_data": [[[0, 1, 2, 3, 4, 5, 6, 7, 8, 9, 10, 11, 12, 13, 14, 15, 16, 17, 18, 19, 20], [11.23, 28.62, 63.81, 68.5, 79.92, 80.84, 81.94, 82.85, 83.94, 84.39, 84.45, 84.69, 84.34, 84.64, 85.5, 85.57, 85.5, 86.0, 85.49, 86.11, 85.72], [0, 0.005365635734051466, 0.001922593335621059, 0.000996407470665872, 0.0006604076479561627, 0.00045832639443688095, 0.000261508219409734, 0.00026515242643654346, 0.00019775037071667612, 0.00017500604735687375, 0.00015352496120613068, 0.00014511655899696052, 0.00014248468505684286, 0.00013405941717792302, 0.00012461801816243678, 0.00013028383546043187, 0.0001339123846264556, 0.00012774366769008338, 0.00012058230640832335, 0.0001231776986969635, 0.0001289997308049351]], [[0, 1, 2, 3, 4, 5, 6, 7, 8, 9, 10, 11, 12, 13, 14, 15, 16, 17, 18, 19, 20], [13.85, 10.67, 58.03, 63.58, 81.61, 82.23, 82.82, 83.55, 83.89, 84.29, 84.46, 84.69, 84.92, 85.57, 85.34, 85.59, 85.93, 85.91, 85.69, 85.91, 86.45], [0, 0.005363352596759796, 0.002269002376124263, 0.0015669800341129303, 0.0005227731890045106, 0.0004618976963683963, 0.0003654799365904182, 0.00023439178767148405, 0.0002233243576483801, 0.00017585144087206572, 0.0001614213251741603, 0.00014535404625348747, 0.00013974242028780282, 0.00013838177255820483, 0.00012771959882229567, 0.00013559931539930403, 0.0001331001694779843, 0.00013525731628760695, 0.0001243075676029548, 0.00014495852519758046, 0.0001350952370557934]]], "msds": [[[0, 1, 2, 3, 4, 5, 6, 7, 8, 9, 10, 11, 12, 13, 14, 15, 16, 17, 18, 19, 20], [11.23, 28.62, 63.81, 68.5, 79.92, 80.84, 81.94, 82.85, 83.94, 84.39, 84.45, 84.69, 84.34, 84.64, 85.5, 85.57, 85.5, 86.0, 85.49, 86.11, 85.72], [0, 0.005365635734051466, 0.001922593335621059, 0.000996407470665872, 0.0006604076479561627, 0.00045832639443688095, 0.000261508219409734, 0.00026515242643654346, 0.00019775037071667612, 0.00017500604735687375, 0.00015352496120613068, 0.00014511655899696052, 0.00014248468505684286, 0.00013405941717792302, 0.00012461801816243678, 0.00013028383546043187, 0.0001339123846264556, 0.00012774366769008338, 0.00012058230640832335, 0.0001231776986969635, 0.0001289997308049351]], [[0, 1, 2, 3, 4, 5, 6, 7, 8, 9, 10, 11, 12, 13, 14, 15, 16, 17, 18, 19, 20], [9.0, 22.07, 63.73, 67.48, 80.22, 81.41, 82.42, 83.52, 83.15, 84.12, 84.61, 84.6, 84.38, 85.45, 85.41, 85.66, 85.61, 85.93, 86.15, 86.22, 86.12], [0, 0.005355345085263252, 0.002262215595692396, 0.0015852481592446566, 0.0005394802428781986, 0.0005076627130620182, 0.0003845741448458284, 0.00023051316384226084, 0.00023245986085385084, 0.00017279603343922645, 0.00016807642532512546, 0.00014490415924228728, 0.0001397957094013691, 0.00013330458023119718, 0.00012861522554885596, 0.00013291127106640488, 0.00013741443399339914, 0.00013402376498561352, 0.00012861147115472704, 0.00012823239376302809, 0.00012653630983550102]]], "alpha": 0.0, "beta": 1.0, "gamma": 2.0, "num_samples": 6000, "node_count": 10, "density": 0.15, "startup_delay": 0.0, "forward_prob": 0}