{"nodes_data": [[[0, 1, 2, 3, 4, 5, 6, 7, 8, 9, 10, 11, 12, 13, 14, 15, 16, 17, 18, 19, 20], [9.72, 11.57, 29.96, 77.64, 81.21, 82.08, 82.71, 83.52, 83.97, 84.55, 84.56, 85.15, 85.22, 85.35, 85.58, 85.77, 85.98, 86.04, 86.13, 86.25, 86.52], [0, 0.00536471838131547, 0.0027482055593281984, 0.0005391117883846164, 0.0002318407059647143, 0.00010521513468120247, 7.710372301517054e-05, 7.416234439006075e-05, 7.207017915789038e-05, 7.162021938711405e-05, 7.794491102686152e-05, 7.530286529799923e-05, 8.671714022057131e-05, 7.78116809669882e-05, 8.388060086872429e-05, 8.502083801431581e-05, 8.894064376363531e-05, 8.383701788261533e-05, 8.708138921065256e-05, 9.078629955183715e-05, 9.357669478049502e-05]], [[0, 1, 2, 3, 4, 5, 6, 7, 8, 9, 10, 11, 12, 13, 14, 15, 16, 17, 18, 19, 20], [10.02, 22.53, 46.92, 78.17, 81.3, 81.95, 82.79, 83.63, 84.09, 84.46, 84.56, 85.1, 85.28, 85.32, 85.48, 85.83, 85.92, 86.17, 86.17, 86.49, 86.45], [0, 0.005346778780221939, 0.0025444626808166504, 0.0004986556596122682, 0.0002328180562471971, 9.530491661280394e-05, 7.803450716892257e-05, 7.265232125064358e-05, 7.367592479567975e-05, 7.51985571696423e-05, 7.654284127056599e-05, 8.452310430584475e-05, 7.993113104021177e-05, 8.175610128091648e-05, 8.526097371941432e-05, 8.91029994818382e-05, 9.049497020896524e-05, 8.895538485376164e-05, 8.80090010468848e-05, 9.362841956317425e-05, 9.539657912682742e-05]]], "msds": [[[0, 1, 2, 3, 4, 5, 6, 7, 8, 9, 10, 11, 12, 13, 14, 15, 16, 17, 18, 19, 20], [9.72, 11.57, 29.96, 77.64, 81.21, 82.08, 82.71, 83.52, 83.97, 84.55, 84.56, 85.15, 85.22, 85.35, 85.58, 85.77, 85.98, 86.04, 86.13, 86.25, 86.52], [0, 0.00536471838131547, 0.0027482055593281984, 0.0005391117883846164, 0.0002318407059647143, 0.00010521513468120247, 7.710372301517054e-05, 7.416234439006075e-05, 7.207017915789038e-05, 7.162021938711405e-05, 7.794491102686152e-05, 7.530286529799923e-05, 8.671714022057131e-05, 7.78116809669882e-05, 8.388060086872429e-05, 8.502083801431581e-05, 8.894064376363531e-05, 8.383701788261533e-05, 8.708138921065256e-05, 9.078629955183715e-05, 9.357669478049502e-05]], [[0, 1, 2, 3, 4, 5, 6, 7, 8, 9, 10, 11, 12, 13, 14, 15, 16, 17, 18, 19, 20], [11.17, 10.0, 11.37, 75.8, 81.38, 82.28, 83.0, 83.57, 84.39, 84.34, 84.93, 85.1, 85.3, 85.25, 85.57, 85.69, 86.11, 86.1, 86.12, 86.35, 86.49], [0, 0.005361087154597044, 0.002861066022887826, 0.0005613604444079101, 0.00017984173609875143, 9.571045666234568e-05, 7.793817349011078e-05, 6.801744893891737e-05, 7.195240323198959e-05, 7.374255801551044e-05, 7.258504047058523e-05, 7.715467654634267e-05, 7.783449109410867e-05, 7.954261673148721e-05, 8.203460311051458e-05, 9.064110781764612e-05, 8.691021503182128e-05, 8.213484397856519e-05, 8.660772436996922e-05, 9.494197001913562e-05, 8.947757305577397e-05]]], "alpha": 0.0, "beta": 2.0, "gamma": 3.0, "num_samples": 6000, "node_count": 10, "density": 1.0, "startup_delay": 0.0, "forward_prob": 0}