{"nodes_data": [[[0, 1, 2, 3, 4, 5, 6, 7, 8, 9, 10, 11, 12, 13, 14, 15, 16, 17, 18, 19, 20], [7.98, 77.56, 78.38, 83.52, 82.27, 83.27, 83.38, 84.26, 83.9, 82.93, 85.15, 85.23, 83.17, 84.23, 85.03, 85.54, 82.93, 84.74, 80.74, 83.72, 83.44], [0, 0, 0, 0, 0, 0, 0, 0, 0, 0, 0, 0, 0, 0, 0, 0, 0, 0, 0, 0, 0]], [[0, 1, 2, 3, 4, 5, 6, 7, 8, 9, 10, 11, 12, 13, 14, 15, 16, 17, 18, 19, 20], [9.99, 47.8, 73.83, 81.78, 82.8, 83.41, 82.59, 84.05, 83.56, 83.53, 84.27, 81.36, 82.34, 83.54, 84.3, 84.29, 84.89, 84.71, 83.99, 84.98, 83.99], [0, 0.005379209760576487, 0, 0, 0, 0, 0, 0, 0, 0, 0, 0, 0, 0, 0, 0, 0, 0, 0, 0, 0]]], "msds": [[[0, 1, 2, 3, 4, 5, 6, 7, 8, 9, 10, 11, 12, 13, 14, 15, 16, 17, 18, 19, 20], [7.98, 77.56, 78.38, 83.52, 82.27, 83.27, 83.38, 84.26, 83.9, 82.93, 85.15, 85.23, 83.17, 84.23, 85.03, 85.54, 82.93, 84.74, 80.74, 83.72, 83.44], [0, 0, 0, 0, 0, 0, 0, 0, 0, 0, 0, 0, 0, 0, 0, 0, 0, 0, 0, 0, 0]], [[0, 1, 2, 3, 4, 5, 6, 7, 8, 9, 10, 11, 12, 13, 14, 15, 16, 17, 18, 19, 20], [8.36, 10.05, 78.99, 80.46, 82.47, 82.17, 82.56, 83.99, 82.6, 83.5, 84.02, 83.23, 84.9, 84.35, 84.66, 84.24, 83.03, 85.14, 84.13, 84.66, 85.23], [0, 0.005351294297724962, 0.002378015546128154, 0, 0.0006443089223466814, 0, 0, 0, 0, 0, 0, 0, 0, 0, 0, 0, 0, 0, 0, 0, 0]]], "alpha": 0.0, "beta": 0.0, "gamma": 0.0, "num_samples": 6000, "node_count": 10, "density": 0.15, "startup_delay": 0.0, "forward_prob": 0}