{"nodes_data": [[[0, 1, 2, 3, 4, 5, 6, 7, 8, 9, 10, 11, 12, 13, 14, 15, 16, 17, 18, 19, 20], [13.19, 42.13, 80.02, 79.68, 82.13, 82.74, 80.3, 82.3, 84.62, 82.18, 83.99, 83.45, 82.88, 83.39, 84.97, 84.38, 84.61, 85.16, 82.06, 84.83, 84.24], [0, 0.005353081971406937, 0, 0, 0, 0, 0, 0, 0, 0, 0, 0, 0, 0, 0, 0, 0, 0, 0, 0, 0]], [[0, 1, 2, 3, 4, 5, 6, 7, 8, 9, 10, 11, 12, 13, 14, 15, 16, 17, 18, 19, 20], [9.41, 38.78, 62.36, 81.09, 82.33, 83.99, 84.05, 84.19, 84.94, 85.17, 85.28, 85.22, 84.68, 85.45, 85.89, 85.98, 85.76, 85.48, 86.27, 86.13, 86.49], [0, 0.005394355393946171, 0.0020219185389578342, 0.0009562621125951409, 0.0007710221689194441, 0.0004983811522834003, 0.00025960817583836615, 0.00016837385192047805, 0.00023794702428858727, 0.00019913654250558466, 0.00018331043247599155, 0.0001789295783964917, 0.00016950408462435007, 0.0001687409821897745, 0.00017083011334761977, 0.00017367189866490662, 0.0001903891534311697, 0.00019357075507286936, 0.00019316234102007002, 0.00020533116185106337, 0.00022006816288921982]]], "msds": [[[0, 1, 2, 3, 4, 5, 6, 7, 8, 9, 10, 11, 12, 13, 14, 15, 16, 17, 18, 19, 20], [13.19, 42.13, 80.02, 79.68, 82.13, 82.74, 80.3, 82.3, 84.62, 82.18, 83.99, 83.45, 82.88, 83.39, 84.97, 84.38, 84.61, 85.16, 82.06, 84.83, 84.24], [0, 0.005353081971406937, 0, 0, 0, 0, 0, 0, 0, 0, 0, 0, 0, 0, 0, 0, 0, 0, 0, 0, 0]], [[0, 1, 2, 3, 4, 5, 6, 7, 8, 9, 10, 11, 12, 13, 14, 15, 16, 17, 18, 19, 20], [10.54, 58.07, 56.1, 73.61, 82.78, 83.51, 84.03, 84.52, 85.33, 86.14, 85.9, 85.52, 86.09, 85.41, 86.03, 85.94, 86.47, 86.59, 85.74, 86.08, 85.8], [0, 0.005365184508264065, 0.0021035093814134598, 0.0012033784296363592, 0.000939251622185111, 0.0005549147026613355, 0.0003284382401034236, 0.0002640875754877925, 0.00023173140652943403, 0.00021044007735326886, 0.00021316306083463132, 0.00021911654039286077, 0.00020781796774826944, 0.00020886190759483725, 0.00020814751042053103, 0.0002114682283718139, 0.00021500031289178878, 0.00022130526485852897, 0.0002469404134899378, 0.00024850116460584104, 0.0002841006207745522]]], "alpha": 0.5, "beta": 0.5, "gamma": 0.0, "num_samples": 6000, "node_count": 10, "density": 1.0, "startup_delay": 0.0, "forward_prob": 0}