{"nodes_data": [[[0, 1, 2, 3, 4, 5, 6, 7, 8, 9, 10, 11, 12, 13, 14, 15, 16, 17, 18, 19, 20], [8.55, 51.03, 10.0, 70.97, 80.15, 82.05, 83.0, 83.74, 83.99, 84.47, 84.95, 85.08, 85.24, 85.16, 85.76, 86.02, 85.81, 85.84, 86.2, 86.4, 86.54], [0, 0.0053775194101035595, 0.004045040346682072, 0.000981826800853014, 0.00028627397841773927, 0.00011872247705468908, 7.707878103246912e-05, 7.132213067961857e-05, 7.163557893363759e-05, 7.270649803103879e-05, 7.603292760904878e-05, 7.401930633932352e-05, 7.678238034714013e-05, 8.004131086636335e-05, 8.444501145277172e-05, 8.342595538124442e-05, 8.067784074228257e-05, 8.669830276630819e-05, 8.936625090427697e-05, 8.978530968306586e-05, 8.773396257311106e-05]], [[0, 1, 2, 3, 4, 5, 6, 7, 8, 9, 10, 11, 12, 13, 14, 15, 16, 17, 18, 19, 20], [9.7, 37.79, 49.65, 73.42, 81.1, 82.63, 83.42, 83.76, 83.91, 84.44, 84.9, 85.24, 85.2, 85.14, 85.72, 86.1, 85.69, 86.08, 86.39, 86.44, 86.46], [0, 0.005399313289672136, 0.0026898325886577368, 0.000820755201857537, 0.0002308468974661082, 0.00010473928705323488, 8.222415635827929e-05, 7.136162457754835e-05, 7.13970948709175e-05, 7.314713730011135e-05, 7.265303429448977e-05, 7.47228623367846e-05, 7.934570021461695e-05, 8.229073864640668e-05, 8.410364534938708e-05, 8.912456542020664e-05, 9.621516073821113e-05, 8.840044029057026e-05, 9.257718193111941e-05, 8.8744520326145e-05, 9.58104501478374e-05]]], "msds": [[[0, 1, 2, 3, 4, 5, 6, 7, 8, 9, 10, 11, 12, 13, 14, 15, 16, 17, 18, 19, 20], [8.55, 51.03, 10.0, 70.97, 80.15, 82.05, 83.0, 83.74, 83.99, 84.47, 84.95, 85.08, 85.24, 85.16, 85.76, 86.02, 85.81, 85.84, 86.2, 86.4, 86.54], [0, 0.0053775194101035595, 0.004045040346682072, 0.000981826800853014, 0.00028627397841773927, 0.00011872247705468908, 7.707878103246912e-05, 7.132213067961857e-05, 7.163557893363759e-05, 7.270649803103879e-05, 7.603292760904878e-05, 7.401930633932352e-05, 7.678238034714013e-05, 8.004131086636335e-05, 8.444501145277172e-05, 8.342595538124442e-05, 8.067784074228257e-05, 8.669830276630819e-05, 8.936625090427697e-05, 8.978530968306586e-05, 8.773396257311106e-05]], [[0, 1, 2, 3, 4, 5, 6, 7, 8, 9, 10, 11, 12, 13, 14, 15, 16, 17, 18, 19, 20], [9.95, 10.0, 73.62, 80.7, 81.6, 83.17, 82.94, 83.87, 84.11, 84.57, 84.91, 85.4, 85.28, 85.36, 85.79, 86.02, 85.56, 86.29, 86.43, 86.54, 86.36], [0, 0.005361900199204683, 0.001387180993333459, 0.0005770931602455676, 0.00014891466707922518, 8.010563760763034e-05, 7.593878399347886e-05, 7.203698623925447e-05, 6.873439269838855e-05, 7.254275260493159e-05, 7.379448652500287e-05, 7.370763341896236e-05, 8.016770152607933e-05, 8.044237620197237e-05, 8.496038208249956e-05, 8.702120248926803e-05, 8.836160850478336e-05, 9.22570688999258e-05, 9.226634574588388e-05, 9.293993207393214e-05, 9.348234016215429e-05]]], "alpha": 0.0, "beta": 1.0, "gamma": 0.0, "num_samples": 6000, "node_count": 10, "density": 1.0, "startup_delay": 0.0, "forward_prob": 0}