{"nodes_data": [[[0, 1, 2, 3, 4, 5, 6, 7, 8, 9, 10, 11, 12, 13, 14, 15, 16, 17, 18, 19, 20], [10.7, 11.82, 76.55, 81.66, 76.17, 83.41, 84.05, 84.62, 85.22, 85.68, 85.9, 85.88, 85.92, 86.55, 86.74, 86.79, 86.32, 87.01, 86.58, 86.99, 87.15], [0, 0.005380093120038509, 0, 0, 0, 0, 0.00010212258348474279, 9.909864456858486e-05, 9.978456364478916e-05, 8.856238855514675e-05, 7.970885053509846e-05, 8.399113721679896e-05, 8.04887167760171e-05, 8.672663534525782e-05, 7.979636575328186e-05, 0.00010251349885948002, 8.499202522216365e-05, 0.00013164598203729838, 0.00013533837045542896, 0.0001343603798886761, 0.00013941650104243308]], [[0, 1, 2, 3, 4, 5, 6, 7, 8, 9, 10, 11, 12, 13, 14, 15, 16, 17, 18, 19, 20], [8.24, 72.74, 80.31, 81.34, 83.6, 83.63, 83.88, 84.65, 85.64, 85.56, 85.78, 85.56, 86.04, 86.22, 86.29, 85.89, 86.38, 86.94, 87.49, 87.16, 85.99], [0, 0.004001974128186703, 0.0010521841468289495, 0.0003994239668827504, 0.00020594123634509742, 0.00014702029875479639, 0.00013381760800257325, 7.972234016051516e-05, 8.42384179122746e-05, 0.00012004066229565069, 0.00010441506310598925, 0.00012481471640057862, 0.00012866826727986336, 0.00012841213901992887, 0.0001320731535088271, 0.00013038457836955786, 0.00014455469499807805, 0.0001479235797887668, 0.00015201576752588153, 0.000100851604656782, 9.969753591576591e-05]]], "msds": [[[0, 1, 2, 3, 4, 5, 6, 7, 8, 9, 10, 11, 12, 13, 14, 15, 16, 17, 18, 19, 20], [10.7, 11.82, 76.55, 81.66, 76.17, 83.41, 84.05, 84.62, 85.22, 85.68, 85.9, 85.88, 85.92, 86.55, 86.74, 86.79, 86.32, 87.01, 86.58, 86.99, 87.15], [0, 0.005380093120038509, 0, 0, 0, 0, 0.00010212258348474279, 9.909864456858486e-05, 9.978456364478916e-05, 8.856238855514675e-05, 7.970885053509846e-05, 8.399113721679896e-05, 8.04887167760171e-05, 8.672663534525782e-05, 7.979636575328186e-05, 0.00010251349885948002, 8.499202522216365e-05, 0.00013164598203729838, 0.00013533837045542896, 0.0001343603798886761, 0.00013941650104243308]], [[0, 1, 2, 3, 4, 5, 6, 7, 8, 9, 10, 11, 12, 13, 14, 15, 16, 17, 18, 19, 20], [11.14, 36.41, 80.88, 81.79, 83.36, 84.32, 82.5, 84.86, 85.61, 86.2, 86.11, 86.37, 86.69, 86.03, 85.73, 86.66, 87.29, 87.14, 86.79, 86.9, 87.06], [0, 0.004462766461074352, 0.000794435734860599, 0.00041890566353686154, 0.000215374500839971, 0.00015405911835841835, 0.00013302412116900086, 0.00014237250434234738, 9.353870700579137e-05, 9.248922287952155e-05, 7.010324770817533e-05, 7.930518768262118e-05, 7.860139157855883e-05, 0, 0, 0.0001697171974228695, 0.00016796249838080257, 0.00014571589417755604, 0.00011590999929467216, 9.78473253780976e-05, 6.561203190358356e-05]]], "alpha": 0.0, "beta": 0.0, "gamma": 5.0, "num_samples": 6000, "node_count": 10, "density": 0.15, "startup_delay": 0.0, "forward_prob": 0}