{"nodes_data": [[[0, 1, 2, 3, 4, 5, 6, 7, 8, 9, 10, 11, 12, 13, 14, 15, 16, 17, 18, 19, 20], [11.03, 25.97, 16.21, 62.41, 80.41, 81.69, 83.02, 84.04, 83.46, 84.49, 85.01, 85.21, 85.12, 85.32, 85.79, 85.61, 85.83, 86.25, 86.22, 86.38, 86.69], [0, 0.005380867514759302, 0.0030720524955540895, 0.0008603950846008956, 0.0003526244836393744, 0.00016512611182406545, 0.0001021033021970652, 7.586776337120682e-05, 8.009641896933317e-05, 7.325108890654519e-05, 7.79655747464858e-05, 7.899377669673413e-05, 8.185974002117291e-05, 8.164813334587961e-05, 8.514538058079779e-05, 8.922909910324961e-05, 9.145146032096818e-05, 9.042836609296501e-05, 9.677939669927582e-05, 9.025276085594669e-05, 9.760903776623309e-05]], [[0, 1, 2, 3, 4, 5, 6, 7, 8, 9, 10, 11, 12, 13, 14, 15, 16, 17, 18, 19, 20], [10.03, 10.0, 59.75, 79.26, 81.59, 83.07, 83.84, 83.72, 84.38, 84.56, 84.66, 85.01, 85.26, 85.55, 85.78, 85.6, 85.92, 86.08, 86.14, 86.17, 86.69], [0, 0.0053698220290243626, 0.0012875107349827886, 0.0005253244307823479, 0.00022187344438862056, 0.00010598110384307802, 8.049851021496579e-05, 7.80461123213172e-05, 7.16011127224192e-05, 7.371984247583896e-05, 8.402770617976785e-05, 8.056557271629572e-05, 7.990495942067355e-05, 8.766137761995196e-05, 8.703637286089361e-05, 8.787821570876986e-05, 9.11556271603331e-05, 9.658755880082026e-05, 9.710031736176461e-05, 9.394604421686381e-05, 0.00010127227869816124]]], "msds": [[[0, 1, 2, 3, 4, 5, 6, 7, 8, 9, 10, 11, 12, 13, 14, 15, 16, 17, 18, 19, 20], [11.03, 25.97, 16.21, 62.41, 80.41, 81.69, 83.02, 84.04, 83.46, 84.49, 85.01, 85.21, 85.12, 85.32, 85.79, 85.61, 85.83, 86.25, 86.22, 86.38, 86.69], [0, 0.005380867514759302, 0.0030720524955540895, 0.0008603950846008956, 0.0003526244836393744, 0.00016512611182406545, 0.0001021033021970652, 7.586776337120682e-05, 8.009641896933317e-05, 7.325108890654519e-05, 7.79655747464858e-05, 7.899377669673413e-05, 8.185974002117291e-05, 8.164813334587961e-05, 8.514538058079779e-05, 8.922909910324961e-05, 9.145146032096818e-05, 9.042836609296501e-05, 9.677939669927582e-05, 9.025276085594669e-05, 9.760903776623309e-05]], [[0, 1, 2, 3, 4, 5, 6, 7, 8, 9, 10, 11, 12, 13, 14, 15, 16, 17, 18, 19, 20], [10.49, 10.02, 51.68, 70.86, 81.67, 82.66, 83.29, 84.05, 83.63, 84.58, 84.87, 85.39, 85.05, 85.58, 85.7, 85.73, 86.14, 86.14, 86.38, 86.61, 86.53], [0, 0.005372423678636551, 0.0019043530337512493, 0.0006541022448800504, 0.00024407728051301092, 0.00010983037645928562, 8.559418347431347e-05, 7.841677143005654e-05, 7.361188909271732e-05, 7.521500083385035e-05, 7.52009655116126e-05, 8.028958836803213e-05, 7.719801942585036e-05, 8.559392153983936e-05, 8.276777225546539e-05, 8.583685121266171e-05, 8.975611126516014e-05, 9.254637552658096e-05, 9.142210183199495e-05, 9.104853961616755e-05, 9.828093607211486e-05]]], "alpha": 0.9, "beta": 2.0, "gamma": 2.0, "num_samples": 6000, "node_count": 10, "density": 0.75, "startup_delay": 0.0, "forward_prob": 0}