{"nodes_data": [[[0, 1, 2, 3, 4, 5, 6, 7, 8, 9, 10, 11, 12, 13, 14, 15, 16, 17, 18, 19, 20], [12.77, 79.96, 46.11, 69.08, 81.06, 82.16, 82.98, 83.63, 84.22, 84.75, 84.94, 85.28, 85.4, 85.61, 85.69, 85.67, 85.89, 86.27, 86.3, 86.49, 86.68], [0, 0.00537602324038744, 0.003465753747150302, 0.0007128441939130425, 0.0003901337331626564, 0.00016075461462605745, 8.565735333831981e-05, 7.656787784071639e-05, 7.066283433232456e-05, 6.817092071287334e-05, 6.994340219534934e-05, 7.484068191843107e-05, 7.556589116575196e-05, 7.329565414693207e-05, 7.442182686645538e-05, 8.11815625638701e-05, 8.451737085124478e-05, 8.482969860779122e-05, 8.747501851757988e-05, 8.383666863664985e-05, 9.161869093077257e-05]], [[0, 1, 2, 3, 4, 5, 6, 7, 8, 9, 10, 11, 12, 13, 14, 15, 16, 17, 18, 19, 20], [9.84, 46.2, 18.29, 65.17, 81.35, 82.22, 83.28, 83.49, 84.35, 84.83, 84.81, 85.29, 85.27, 85.38, 85.8, 85.71, 86.04, 86.34, 86.36, 86.61, 86.78], [0, 0.005378229543566704, 0.0033836103975772858, 0.0009822832653298974, 0.00029615318635478616, 0.00013418497110251337, 8.737495954846963e-05, 7.666186866117641e-05, 6.912231037858874e-05, 6.56882839393802e-05, 7.260581332957372e-05, 7.434644794557244e-05, 7.20969692338258e-05, 7.199220999609679e-05, 7.470330456271768e-05, 7.707346230745316e-05, 8.656535646878183e-05, 8.478069503325969e-05, 8.733411232242361e-05, 8.715625881450251e-05, 9.043773025041446e-05]]], "msds": [[[0, 1, 2, 3, 4, 5, 6, 7, 8, 9, 10, 11, 12, 13, 14, 15, 16, 17, 18, 19, 20], [12.77, 79.96, 46.11, 69.08, 81.06, 82.16, 82.98, 83.63, 84.22, 84.75, 84.94, 85.28, 85.4, 85.61, 85.69, 85.67, 85.89, 86.27, 86.3, 86.49, 86.68], [0, 0.00537602324038744, 0.003465753747150302, 0.0007128441939130425, 0.0003901337331626564, 0.00016075461462605745, 8.565735333831981e-05, 7.656787784071639e-05, 7.066283433232456e-05, 6.817092071287334e-05, 6.994340219534934e-05, 7.484068191843107e-05, 7.556589116575196e-05, 7.329565414693207e-05, 7.442182686645538e-05, 8.11815625638701e-05, 8.451737085124478e-05, 8.482969860779122e-05, 8.747501851757988e-05, 8.383666863664985e-05, 9.161869093077257e-05]], [[0, 1, 2, 3, 4, 5, 6, 7, 8, 9, 10, 11, 12, 13, 14, 15, 16, 17, 18, 19, 20], [4.99, 10.04, 21.34, 70.9, 81.62, 82.48, 83.38, 83.91, 84.42, 84.65, 84.73, 85.34, 85.22, 85.43, 85.95, 85.79, 86.13, 86.29, 86.57, 86.62, 86.71], [0, 0.005363168194890022, 0.0025913550052791834, 0.000662466511130333, 0.00027434606454335153, 0.00013382847828324884, 8.765326492721215e-05, 7.337899296544492e-05, 6.776212103432044e-05, 6.61816302454099e-05, 6.889863288961351e-05, 7.063313387334347e-05, 7.04507328919135e-05, 6.99639567756094e-05, 7.92823193478398e-05, 7.886417006375268e-05, 8.167605119524524e-05, 8.835473272483796e-05, 8.799025090411305e-05, 8.50245778565295e-05, 9.002372098620981e-05]]], "alpha": 1.0, "beta": 1.0, "gamma": 1.0, "num_samples": 6000, "node_count": 10, "density": 1.0, "startup_delay": 0.0, "forward_prob": 0}