{"nodes_data": [[[0, 1, 2, 3, 4, 5, 6, 7, 8, 9, 10, 11, 12, 13, 14, 15, 16, 17, 18, 19, 20], [8.13, 80.47, 80.73, 82.72, 80.6, 81.94, 82.51, 82.51, 84.53, 84.53, 83.35, 85.02, 84.27, 84.12, 85.44, 85.02, 86.14, 85.2, 85.9, 84.16, 86.38], [0, 0.005366646219044924, 0.00454254075884819, 0.00352561310864985, 0.0034452832769602537, 0.0007831096299923956, 0.00026109034661203623, 0.00032716538407839835, 0.00015834273654036224, 5.034007699578069e-05, 0.00019257258099969476, 8.55658799991943e-05, 8.483393321512267e-05, 7.775777339702472e-05, 8.247338701039553e-05, 6.728908920194954e-05, 0.00011261853069299832, 0.0001304976613027975, 0.0001519656798336655, 8.594550308771431e-05, 8.065004658419639e-05]], [[0, 1, 2, 3, 4, 5, 6, 7, 8, 9, 10, 11, 12, 13, 14, 15, 16, 17, 18, 19, 20], [11.83, 45.35, 77.54, 79.58, 83.16, 82.42, 81.38, 84.12, 84.35, 84.83, 85.11, 85.34, 84.43, 84.43, 84.99, 86.28, 86.24, 86.75, 86.32, 86.49, 86.9], [0, 0.0053563546389341354, 0.0033079939894378185, 0.0030267543625086546, 0.0029855791945010424, 0.0029997695237398148, 0.0009048856445588171, 0.00031109750852920115, 0.0002649878151714802, 0.00015881423314567655, 9.327759471489117e-05, 5.9606685681501403e-05, 5.3989700973033905e-05, 4.6775330702075735e-05, 0.00020402359950821847, 0.00014196768461260945, 0.0001568200095789507, 0.0001783026964403689, 0.00017890897288452834, 0.00019280135165899992, 0.00020077663066331297]]], "msds": [[[0, 1, 2, 3, 4, 5, 6, 7, 8, 9, 10, 11, 12, 13, 14, 15, 16, 17, 18, 19, 20], [8.13, 80.47, 80.73, 82.72, 80.6, 81.94, 82.51, 82.51, 84.53, 84.53, 83.35, 85.02, 84.27, 84.12, 85.44, 85.02, 86.14, 85.2, 85.9, 84.16, 86.38], [0, 0.005366646219044924, 0.00454254075884819, 0.00352561310864985, 0.0034452832769602537, 0.0007831096299923956, 0.00026109034661203623, 0.00032716538407839835, 0.00015834273654036224, 5.034007699578069e-05, 0.00019257258099969476, 8.55658799991943e-05, 8.483393321512267e-05, 7.775777339702472e-05, 8.247338701039553e-05, 6.728908920194954e-05, 0.00011261853069299832, 0.0001304976613027975, 0.0001519656798336655, 8.594550308771431e-05, 8.065004658419639e-05]], [[0, 1, 2, 3, 4, 5, 6, 7, 8, 9, 10, 11, 12, 13, 14, 15, 16, 17, 18, 19, 20], [4.91, 29.22, 79.44, 82.32, 83.28, 79.22, 80.68, 83.27, 84.92, 85.33, 85.48, 85.57, 85.57, 85.81, 85.81, 86.4, 85.94, 86.32, 85.82, 86.21, 86.92], [0, 0.005356784909963608, 0.0039060150738805532, 0.0036326043773442507, 0.003493296215310693, 0.001978227635845542, 0.0008053735364228487, 0.0004085343680344522, 0.00010977657075272873, 8.262878691311926e-05, 4.010799966636114e-05, 4.464362791622989e-05, 5.297769166645594e-05, 7.936155452625826e-05, 5.9533595049288124e-05, 0.00011758799519157037, 9.693345782579854e-05, 0.00013280202983878553, 0.00014529298641718924, 0.00016862864140421152, 0.00018584496865514666]]], "alpha": 1.0, "beta": 1.0, "gamma": 5.0, "num_samples": 6000, "node_count": 10, "density": 0.0, "startup_delay": 0.0, "forward_prob": 0}