{"nodes_data": [[[0, 1, 2, 3, 4, 5, 6, 7, 8, 9, 10, 11, 12, 13, 14, 15, 16, 17, 18, 19, 20], [13.76, 27.13, 79.15, 82.32, 83.85, 84.46, 83.74, 85.22, 86.09, 84.79, 85.47, 85.92, 85.86, 86.11, 86.17, 84.8, 86.65, 86.59, 86.48, 86.69, 87.08], [0, 0.005392079241573811, 0.0007591969915665686, 0.00037792016519233584, 0.0002995091490447521, 0.00026991331833414733, 0.00012493909162003547, 9.928300278261304e-05, 9.325505379820243e-05, 0, 0.000175036650034599, 0.0001226572785526514, 0, 0.00013212370686233044, 0, 0, 0.00014966221351642162, 0.00012948880612384528, 0.00013181965914554894, 0.00010928748815786093, 9.117663284996524e-05]], [[0, 1, 2, 3, 4, 5, 6, 7, 8, 9, 10, 11, 12, 13, 14, 15, 16, 17, 18, 19, 20], [8.41, 10.25, 79.5, 82.12, 84.45, 83.96, 84.86, 85.52, 85.78, 86.2, 86.03, 86.12, 86.08, 86.74, 86.6, 86.75, 87.2, 86.59, 87.32, 87.13, 86.94], [0, 0.005368625745177269, 0.0008246482466347516, 0.0005996581166982651, 0.0002499568508937955, 0.0001886901300167665, 0.00027238079928793013, 0.0002848022850230336, 0.0002870060270652175, 0.0002666531363502145, 0.0004069641581736505, 0.00024389673490077257, 0.0001839347241912037, 0.00017849422874860466, 0.00016106016119010746, 0.00012213102309033275, 0.00022525675012730062, 0.00021173835557419807, 0.00012170378613518551, 0.00016751338262110949, 0.00013485045928973705]]], "msds": [[[0, 1, 2, 3, 4, 5, 6, 7, 8, 9, 10, 11, 12, 13, 14, 15, 16, 17, 18, 19, 20], [13.76, 27.13, 79.15, 82.32, 83.85, 84.46, 83.74, 85.22, 86.09, 84.79, 85.47, 85.92, 85.86, 86.11, 86.17, 84.8, 86.65, 86.59, 86.48, 86.69, 87.08], [0, 0.005392079241573811, 0.0007591969915665686, 0.00037792016519233584, 0.0002995091490447521, 0.00026991331833414733, 0.00012493909162003547, 9.928300278261304e-05, 9.325505379820243e-05, 0, 0.000175036650034599, 0.0001226572785526514, 0, 0.00013212370686233044, 0, 0, 0.00014966221351642162, 0.00012948880612384528, 0.00013181965914554894, 0.00010928748815786093, 9.117663284996524e-05]], [[0, 1, 2, 3, 4, 5, 6, 7, 8, 9, 10, 11, 12, 13, 14, 15, 16, 17, 18, 19, 20], [11.33, 18.7, 74.93, 81.88, 82.75, 84.05, 83.39, 84.78, 84.87, 85.59, 85.74, 85.93, 85.71, 85.77, 85.76, 85.89, 85.79, 86.86, 86.55, 87.26, 86.74], [0, 0.005365822464227676, 0.0009497450082562864, 0.00047134471242316067, 0.0003384461742825806, 0.0002786997065413743, 0.0005419481894932687, 0.0003740968240890652, 0.00031453973497264087, 0.0002476938534528017, 0.00013478622713591903, 0.00017883273540064692, 0.00019862322369590402, 0.0001840638869907707, 0.00010644651774782687, 9.55276409513317e-05, 0.00010395383287686855, 0.00018197335884906352, 0.00017937683151103556, 0.00012469034118112177, 0.00011042443657061085]]], "alpha": 0.0, "beta": 0.5, "gamma": 2.0, "num_samples": 6000, "node_count": 10, "density": 0.0, "startup_delay": 0.0, "forward_prob": 0}