{"nodes_data": [[[0, 1, 2, 3, 4, 5, 6, 7, 8, 9, 10, 11, 12, 13, 14, 15, 16, 17, 18, 19, 20], [9.5, 24.84, 40.82, 54.3, 79.43, 80.05, 81.62, 83.02, 83.38, 83.3, 84.21, 83.61, 84.45, 84.45, 84.42, 84.66, 84.78, 84.91, 84.76, 85.23, 85.42], [0, 0.005371915176510811, 0.0017168725607916713, 0.0011065247235819697, 0.0005929510807618499, 0.00051251141121611, 0.00028416060376912355, 0.0003097611479461193, 0.00024516801931895316, 0.00022020364121999592, 0.00017416285118088126, 0.00012032764061586931, 0.0001063159215846099, 8.17080435808748e-05, 0.00010629488679114729, 0.00011082702258136123, 0.00010672133066691458, 0.00010710566130001098, 9.405117452843115e-05, 0.00010981149534927681, 8.803903619991615e-05]], [[0, 1, 2, 3, 4, 5, 6, 7, 8, 9, 10, 11, 12, 13, 14, 15, 16, 17, 18, 19, 20], [10.87, 11.3, 11.3, 56.42, 55.22, 68.22, 77.37, 81.86, 82.65, 83.69, 84.09, 82.84, 83.52, 84.38, 84.46, 84.68, 84.82, 84.56, 85.22, 85.14, 85.77], [0, 0.005370539613068104, 0.0023070238530635834, 0.0019571285229176283, 0.0012290625600144267, 0.0009476658888161182, 0.0005439885426312685, 0.00036288995761424303, 0.0004812571860384196, 0.00032740490860305727, 0.0001883390941657126, 0.00012842006981372833, 0.00014043707051314414, 0.00012529161176644266, 0.0001921022339956835, 0.00014621164882555604, 0.0001325808698311448, 0.00010774534166557714, 0.00011461335088824853, 0.00011020524107152596, 0.00010595822823233902]]], "msds": [[[0, 1, 2, 3, 4, 5, 6, 7, 8, 9, 10, 11, 12, 13, 14, 15, 16, 17, 18, 19, 20], [9.5, 24.84, 40.82, 54.3, 79.43, 80.05, 81.62, 83.02, 83.38, 83.3, 84.21, 83.61, 84.45, 84.45, 84.42, 84.66, 84.78, 84.91, 84.76, 85.23, 85.42], [0, 0.005371915176510811, 0.0017168725607916713, 0.0011065247235819697, 0.0005929510807618499, 0.00051251141121611, 0.00028416060376912355, 0.0003097611479461193, 0.00024516801931895316, 0.00022020364121999592, 0.00017416285118088126, 0.00012032764061586931, 0.0001063159215846099, 8.17080435808748e-05, 0.00010629488679114729, 0.00011082702258136123, 0.00010672133066691458, 0.00010710566130001098, 9.405117452843115e-05, 0.00010981149534927681, 8.803903619991615e-05]], [[0, 1, 2, 3, 4, 5, 6, 7, 8, 9, 10, 11, 12, 13, 14, 15, 16, 17, 18, 19, 20], [10.18, 25.6, 76.2, 71.64, 79.5, 79.99, 82.56, 82.63, 83.29, 83.28, 83.66, 83.75, 83.15, 84.64, 84.51, 85.1, 85.03, 85.0, 85.33, 85.58, 85.58], [0, 0.005380099639296532, 0.0018729621078819036, 0.0014554581139236689, 0.0004372977127786726, 0.0004676936659961939, 0.0003786137676797807, 0.00022892198467161506, 0.00019839599553961307, 0.00016042820061556995, 0.00012060319568263367, 0.00011550166527740657, 0.00011039979290217161, 9.293587208958343e-05, 8.581682777730748e-05, 0.00010299407585989684, 9.507925278740004e-05, 9.358234092360362e-05, 0.00010682996071409434, 7.714310777373612e-05, 8.067535236477852e-05]]], "alpha": 1.0, "beta": 2.0, "gamma": 3.0, "num_samples": 6000, "node_count": 10, "density": 0.15, "startup_delay": 0.0, "forward_prob": 0}