{"nodes_data": [[[0, 1, 2, 3, 4, 5, 6, 7, 8, 9, 10, 11, 12, 13, 14, 15, 16, 17, 18, 19, 20], [6.61, 47.81, 78.46, 80.66, 83.05, 82.58, 83.55, 84.14, 83.54, 85.18, 85.43, 84.61, 86.0, 85.68, 86.33, 86.24, 86.37, 86.48, 86.72, 86.53, 86.04], [0, 0.005368145648390055, 0, 0.0001403035275870934, 0.00048712341231293976, 0, 6.915747508173808e-05, 7.05700513208285e-05, 0.00018647457181941718, 0.000153424683958292, 7.275156531250104e-05, 0.00010034458682639524, 0.00012972916010767221, 0, 9.952194523066282e-05, 0, 8.622141467640176e-05, 0, 9.894449613057077e-05, 5.381114533520304e-05, 4.984629413229413e-05]], [[0, 1, 2, 3, 4, 5, 6, 7, 8, 9, 10, 11, 12, 13, 14, 15, 16, 17, 18, 19, 20], [11.18, 65.56, 80.84, 80.33, 82.35, 84.77, 84.78, 84.83, 84.63, 86.27, 86.14, 86.33, 86.73, 87.0, 86.22, 86.34, 86.19, 86.82, 86.63, 86.26, 85.68], [0, 0.0037105539813637733, 0.0013787535717710853, 0.0009280449594371021, 0.0005858080112375319, 0.00031820929143577814, 5.014253474655561e-05, 0.00010660174302756786, 0.00010034458682639524, 0.00012497995339799672, 0.00010889673285419121, 0.00012576670269481838, 0.00014564604498445988, 0.0001724066532915458, 0.00016936264000833035, 0.00020045178825967014, 6.652977754129097e-05, 6.111008406151086e-05, 5.7482153351884335e-05, 6.730300083290786e-05, 6.281966489041224e-05]]], "msds": [[[0, 1, 2, 3, 4, 5, 6, 7, 8, 9, 10, 11, 12, 13, 14, 15, 16, 17, 18, 19, 20], [6.61, 47.81, 78.46, 80.66, 83.05, 82.58, 83.55, 84.14, 83.54, 85.18, 85.43, 84.61, 86.0, 85.68, 86.33, 86.24, 86.37, 86.48, 86.72, 86.53, 86.04], [0, 0.005368145648390055, 0, 0.0001403035275870934, 0.00048712341231293976, 0, 6.915747508173808e-05, 7.05700513208285e-05, 0.00018647457181941718, 0.000153424683958292, 7.275156531250104e-05, 0.00010034458682639524, 0.00012972916010767221, 0, 9.952194523066282e-05, 0, 8.622141467640176e-05, 0, 9.894449613057077e-05, 5.381114533520304e-05, 4.984629413229413e-05]], [[0, 1, 2, 3, 4, 5, 6, 7, 8, 9, 10, 11, 12, 13, 14, 15, 16, 17, 18, 19, 20], [3.01, 75.62, 78.88, 80.69, 82.75, 81.15, 82.98, 83.75, 84.5, 85.41, 85.37, 85.48, 85.59, 86.17, 86.03, 86.2, 85.12, 85.49, 86.47, 87.1, 86.67], [0, 0.00540146604180336, 0.003178452141582966, 0.0016359835863113403, 0.001148717012256384, 0.0006325774593278766, 0.0002909098984673619, 0.00018954869301524013, 0.00012398198305163532, 9.258305362891406e-05, 0, 0.00013237450912129134, 8.040866669034585e-05, 0.00010202073463005945, 0.0003107933735009283, 6.466152990469709e-05, 5.553599476115778e-05, 5.9763809986179695e-05, 5.7188004575436935e-05, 5.320716809364967e-05, 5.888312807655893e-05]]], "alpha": 0.9, "beta": 0.5, "gamma": 3.0, "num_samples": 6000, "node_count": 10, "density": 0.0, "startup_delay": 0.0, "forward_prob": 0}