{"nodes_data": [[[0, 1, 2, 3, 4, 5, 6, 7, 8, 9, 10, 11, 12, 13, 14, 15, 16, 17, 18, 19, 20], [8.75, 74.67, 78.35, 81.96, 82.26, 82.08, 83.54, 83.69, 84.49, 85.03, 85.63, 84.55, 85.12, 85.86, 85.17, 84.75, 85.38, 85.17, 84.37, 85.52, 85.3], [0, 0.005382581148296595, 0, 0, 0, 0, 0, 0, 0, 0.00010404927161289379, 8.235541463363916e-05, 0, 0, 0.00010923700756393373, 0, 0, 0, 0, 0, 0, 0]], [[0, 1, 2, 3, 4, 5, 6, 7, 8, 9, 10, 11, 12, 13, 14, 15, 16, 17, 18, 19, 20], [13.02, 10.16, 74.06, 80.12, 83.62, 83.46, 84.44, 85.32, 85.45, 85.43, 85.5, 85.15, 85.67, 85.06, 85.69, 85.65, 86.45, 86.35, 86.37, 85.91, 86.22], [0, 0.005370153579860926, 0.0016337346751242876, 0.0013535040197893977, 0.0003795576049014926, 0.00033446575980633497, 0.00030211274861358106, 0.0003360374830663204, 0.00016297186084557325, 0.00013009374379180372, 0.00010941245272988454, 9.419787966180593e-05, 0.00010079874482471496, 0, 9.370059706270695e-05, 0.00010120436490979046, 0.000125208985991776, 0.00015889493806753308, 0.0001937665801960975, 0.00024900148855522275, 0.00014504371210932732]]], "msds": [[[0, 1, 2, 3, 4, 5, 6, 7, 8, 9, 10, 11, 12, 13, 14, 15, 16, 17, 18, 19, 20], [8.75, 74.67, 78.35, 81.96, 82.26, 82.08, 83.54, 83.69, 84.49, 85.03, 85.63, 84.55, 85.12, 85.86, 85.17, 84.75, 85.38, 85.17, 84.37, 85.52, 85.3], [0, 0.005382581148296595, 0, 0, 0, 0, 0, 0, 0, 0.00010404927161289379, 8.235541463363916e-05, 0, 0, 0.00010923700756393373, 0, 0, 0, 0, 0, 0, 0]], [[0, 1, 2, 3, 4, 5, 6, 7, 8, 9, 10, 11, 12, 13, 14, 15, 16, 17, 18, 19, 20], [11.43, 17.74, 70.06, 81.82, 82.1, 83.23, 84.73, 85.42, 85.85, 85.78, 85.92, 86.4, 86.21, 86.35, 86.45, 86.23, 84.92, 85.93, 85.7, 86.65, 86.57], [0, 0.005366988014429808, 0.0011502758134156466, 0.0005522209103219211, 0, 0.0004806460055988282, 0.00045537768164649606, 0.0001986651332117617, 0.00015844256267882884, 0.00016938905173446983, 0.00015461885777767748, 0.0001506940898252651, 0.00013856292935088277, 0.00012628156400751323, 0.0001348170917481184, 0.0001571458560647443, 0, 0, 0, 0.00022708994220010936, 0.00023257391876541078]]], "alpha": 0.7, "beta": 0.5, "gamma": 0.0, "num_samples": 6000, "node_count": 10, "density": 0.75, "startup_delay": 0.0, "forward_prob": 0}