{"nodes_data": [[[0, 1, 2, 3, 4, 5, 6, 7, 8, 9, 10, 11, 12, 13, 14, 15, 16, 17, 18, 19, 20], [15.3, 21.52, 50.49, 79.12, 81.66, 82.2, 83.27, 83.63, 84.31, 84.68, 84.72, 85.45, 85.11, 85.65, 85.67, 85.8, 86.01, 86.43, 86.55, 86.52, 86.32], [0, 0.005373384803533554, 0.002719826763495803, 0.0006967580993659794, 0.0003274581686127931, 0.00020747016242239624, 0.00011498166713863611, 0.00010440648475196213, 9.773016790859401e-05, 9.688673890195787e-05, 9.778697130968794e-05, 0.00010321473382646218, 0.00010490178829059005, 0.0001026632307912223, 0.00010769097571028396, 0.00010458952601766214, 0.00010854243737412617, 0.00011214276310056448, 0.00012061412417097017, 0.00011167703632963821, 0.00011416300549171865]], [[0, 1, 2, 3, 4, 5, 6, 7, 8, 9, 10, 11, 12, 13, 14, 15, 16, 17, 18, 19, 20], [8.93, 11.9, 63.62, 79.05, 81.71, 82.38, 83.27, 83.67, 84.53, 83.97, 85.02, 85.12, 85.25, 85.87, 85.57, 86.05, 85.96, 86.5, 86.55, 86.55, 86.82], [0, 0.005028365645557642, 0.002120690420269966, 0.0005751035059802234, 0.00027731931186281145, 0.0001354995183646679, 0.00010883635695790872, 0.0001037649271893315, 9.984521602746099e-05, 0.00010112970630871132, 0.00010149041918339208, 0.00010179982928093523, 0.00010862771887332201, 0.00010887389362324029, 0.0001041850628098473, 0.00010891579586314037, 0.00011142584116896614, 0.00011304144572932273, 0.00011332464055158198, 0.00011402058589737862, 0.00011493622878333554]]], "msds": [[[0, 1, 2, 3, 4, 5, 6, 7, 8, 9, 10, 11, 12, 13, 14, 15, 16, 17, 18, 19, 20], [15.3, 21.52, 50.49, 79.12, 81.66, 82.2, 83.27, 83.63, 84.31, 84.68, 84.72, 85.45, 85.11, 85.65, 85.67, 85.8, 86.01, 86.43, 86.55, 86.52, 86.32], [0, 0.005373384803533554, 0.002719826763495803, 0.0006967580993659794, 0.0003274581686127931, 0.00020747016242239624, 0.00011498166713863611, 0.00010440648475196213, 9.773016790859401e-05, 9.688673890195787e-05, 9.778697130968794e-05, 0.00010321473382646218, 0.00010490178829059005, 0.0001026632307912223, 0.00010769097571028396, 0.00010458952601766214, 0.00010854243737412617, 0.00011214276310056448, 0.00012061412417097017, 0.00011167703632963821, 0.00011416300549171865]], [[0, 1, 2, 3, 4, 5, 6, 7, 8, 9, 10, 11, 12, 13, 14, 15, 16, 17, 18, 19, 20], [12.42, 10.0, 48.87, 65.06, 81.38, 82.43, 83.01, 83.35, 84.18, 84.51, 84.73, 85.41, 85.07, 85.36, 85.53, 85.87, 86.05, 86.33, 86.53, 86.54, 86.42], [0, 0.005364198703318834, 0.003045907709747553, 0.0022109325509518385, 0.00037467596121132374, 0.00015685998369008303, 0.00011492527119116858, 0.00010711081267800182, 9.58808304858394e-05, 9.891160152619705e-05, 9.664458048064262e-05, 0.000103970683994703, 0.00010631282202666625, 0.00010090373689308763, 0.00010227078018942848, 0.0001006213715299964, 0.00010373409168096259, 0.00010507032857276499, 0.00010929258860414848, 0.00010711383220041171, 0.00011872610048158094]]], "alpha": 0.7, "beta": 2.0, "gamma": 5.0, "num_samples": 6000, "node_count": 10, "density": 0.75, "startup_delay": 0.0, "forward_prob": 0}