{"nodes_data": [[[0, 1, 2, 3, 4, 5, 6, 7, 8, 9, 10, 11, 12, 13, 14, 15, 16, 17, 18, 19, 20], [8.91, 46.35, 81.72, 80.0, 83.41, 80.65, 82.84, 83.81, 82.45, 84.02, 83.41, 83.58, 83.54, 84.48, 84.46, 84.02, 84.4, 84.89, 84.27, 84.47, 84.52], [0, 0.005383667536079884, 0, 0, 0, 0, 0, 0, 0, 0, 0, 0, 0, 0, 0, 0, 0, 0, 0, 0, 0]], [[0, 1, 2, 3, 4, 5, 6, 7, 8, 9, 10, 11, 12, 13, 14, 15, 16, 17, 18, 19, 20], [10.63, 79.59, 79.59, 78.86, 83.37, 82.84, 84.2, 82.58, 84.67, 84.59, 84.08, 84.02, 82.53, 83.53, 84.63, 83.22, 84.49, 84.54, 84.76, 84.11, 85.08], [0, 0.005384013056755066, 0, 0, 0, 0, 0, 0, 0, 0, 0, 0, 0, 0, 0, 0, 0, 0, 0, 0, 0]]], "msds": [[[0, 1, 2, 3, 4, 5, 6, 7, 8, 9, 10, 11, 12, 13, 14, 15, 16, 17, 18, 19, 20], [8.91, 46.35, 81.72, 80.0, 83.41, 80.65, 82.84, 83.81, 82.45, 84.02, 83.41, 83.58, 83.54, 84.48, 84.46, 84.02, 84.4, 84.89, 84.27, 84.47, 84.52], [0, 0.005383667536079884, 0, 0, 0, 0, 0, 0, 0, 0, 0, 0, 0, 0, 0, 0, 0, 0, 0, 0, 0]], [[0, 1, 2, 3, 4, 5, 6, 7, 8, 9, 10, 11, 12, 13, 14, 15, 16, 17, 18, 19, 20], [10.0, 14.8, 80.14, 82.48, 83.84, 84.02, 84.45, 84.5, 84.69, 85.25, 84.82, 85.63, 85.01, 85.76, 84.7, 85.75, 86.09, 85.77, 85.58, 85.91, 85.56], [0, 0.005377800669521093, 0.00216917903162539, 0.0005776025936938822, 0.00022249278845265508, 0.00023757867165841162, 0.0003528202942106873, 0.00027541618328541517, 0.0002768758567981422, 0.00011826238187495619, 0.0001159236126113683, 0.00011630317021626979, 0.0001309515064349398, 0.00013144206604920328, 0.0001260167482541874, 0.00013267887698020786, 0.00012997958401683718, 0.00012767972657456994, 0.0001335532870143652, 0.00013014923024456948, 0.00014212122187018394]]], "alpha": 0.9, "beta": 0.0, "gamma": 0.0, "num_samples": 6000, "node_count": 10, "density": 0.75, "startup_delay": 0.0, "forward_prob": 0}