{"nodes_data": [[[0, 1, 2, 3, 4, 5, 6, 7, 8, 9, 10, 11, 12, 13, 14, 15, 16, 17, 18, 19, 20], [16.74, 28.1, 79.84, 82.18, 83.53, 84.71, 84.88, 85.36, 85.65, 85.85, 86.03, 85.88, 86.03, 86.11, 86.37, 86.14, 86.97, 87.04, 87.37, 87.12, 86.16], [0, 0.005371849983930588, 0.0011732646962627769, 0.0011195631232112646, 0.0002083957224385813, 0.00014416717749554664, 0.00013685897283721715, 7.527425623266026e-05, 8.67734124767594e-05, 6.835970270913094e-05, 7.380762690445408e-05, 7.702381117269397e-05, 7.058746996335685e-05, 6.603101792279631e-05, 6.872083031339571e-05, 7.284342427738011e-05, 9.68109379755333e-05, 8.039251406444237e-05, 7.775154517730698e-05, 8.972441719379276e-05, 8.663125481689349e-05]], [[0, 1, 2, 3, 4, 5, 6, 7, 8, 9, 10, 11, 12, 13, 14, 15, 16, 17, 18, 19, 20], [7.44, 10.0, 75.99, 82.2, 82.37, 82.8, 85.08, 85.57, 85.41, 85.77, 86.03, 85.3, 86.24, 86.36, 86.12, 86.95, 86.93, 87.04, 87.42, 87.18, 87.13], [0, 0.005361943040043116, 0.001053969725035131, 0.0005270700785331428, 0.000352241302607581, 0.00014690151147078723, 0.00020204551401548088, 8.825722034089267e-05, 8.689954847795889e-05, 7.998114597285166e-05, 8.051309850998223e-05, 7.001101766945794e-05, 8.384857210330665e-05, 7.719748828094453e-05, 7.150398596422747e-05, 7.544496475020424e-05, 8.511180203640833e-05, 8.623480243841186e-05, 7.999877561815083e-05, 8.489655010635033e-05, 9.177377069136128e-05]]], "msds": [[[0, 1, 2, 3, 4, 5, 6, 7, 8, 9, 10, 11, 12, 13, 14, 15, 16, 17, 18, 19, 20], [16.74, 28.1, 79.84, 82.18, 83.53, 84.71, 84.88, 85.36, 85.65, 85.85, 86.03, 85.88, 86.03, 86.11, 86.37, 86.14, 86.97, 87.04, 87.37, 87.12, 86.16], [0, 0.005371849983930588, 0.0011732646962627769, 0.0011195631232112646, 0.0002083957224385813, 0.00014416717749554664, 0.00013685897283721715, 7.527425623266026e-05, 8.67734124767594e-05, 6.835970270913094e-05, 7.380762690445408e-05, 7.702381117269397e-05, 7.058746996335685e-05, 6.603101792279631e-05, 6.872083031339571e-05, 7.284342427738011e-05, 9.68109379755333e-05, 8.039251406444237e-05, 7.775154517730698e-05, 8.972441719379276e-05, 8.663125481689349e-05]], [[0, 1, 2, 3, 4, 5, 6, 7, 8, 9, 10, 11, 12, 13, 14, 15, 16, 17, 18, 19, 20], [9.18, 10.0, 77.01, 82.21, 83.48, 84.75, 84.94, 85.44, 85.46, 85.67, 86.02, 86.1, 85.7, 86.39, 86.78, 86.88, 86.81, 86.62, 87.22, 87.04, 87.45], [0, 0.005368615034967661, 0.0012744648847728968, 0.0010940151987597346, 0.0005726035451516509, 0.0001464013766963035, 0.0001102226015063934, 9.543646592646837e-05, 8.189597429009154e-05, 8.036658255150542e-05, 7.149612065404654e-05, 7.234208169393241e-05, 8.271485421573743e-05, 8.796225301921368e-05, 6.934997509233654e-05, 7.222260319394991e-05, 8.337195322383195e-05, 0.00010108290007337928, 8.385633555008098e-05, 9.450453944737092e-05, 8.504634024575353e-05]]], "alpha": 0.9, "beta": 0.0, "gamma": 1.0, "num_samples": 6000, "node_count": 10, "density": 1.0, "startup_delay": 0.0, "forward_prob": 0}