{"nodes_data": [[[0, 1, 2, 3, 4, 5, 6, 7, 8, 9, 10, 11, 12, 13, 14, 15, 16, 17, 18, 19, 20], [9.49, 61.45, 64.92, 79.61, 82.38, 83.73, 83.35, 83.98, 84.36, 85.22, 85.72, 85.16, 85.66, 85.9, 85.92, 86.65, 86.57, 86.71, 86.43, 87.23, 86.47], [0, 0.0053720553405582905, 0.0012625042581930757, 0.0007007294916547835, 0.00039177489816211164, 0.0003456353151705116, 0.00022093451116234064, 0.0002099838893627748, 0.00017442709940951318, 0.00017365894746035337, 0.00015015156532172114, 0.00016151041199918836, 0.0001653611980145797, 0.00015471312508452684, 0.0001620827242732048, 0.00017091016343329102, 0.0001510261499788612, 0.00016526461695320904, 0.00016446487279608846, 0.0001372226106468588, 0.00014558550901710987]], [[0, 1, 2, 3, 4, 5, 6, 7, 8, 9, 10, 11, 12, 13, 14, 15, 16, 17, 18, 19, 20], [9.4, 67.99, 66.19, 78.4, 81.27, 83.0, 83.13, 82.51, 84.22, 84.4, 85.81, 85.71, 85.11, 86.01, 86.11, 86.29, 86.4, 86.37, 87.0, 86.71, 86.91], [0, 0.005379526410251856, 0.0014196502743288875, 0.0007346290512941778, 0.0006432052468881011, 0.00037284125573933125, 0.00027348025469109416, 0.00022577789786737412, 0.0002963753358926624, 0.00017164397286251187, 0.00021272350568324327, 0.0001874161243904382, 0.0002011993492487818, 0.00022452708799391985, 0.00016129823052324355, 0.0001404944050591439, 0.00013508021947927773, 0.00013131766172591597, 0.00014464209380093962, 0.0001411729899700731, 0.00017430733714718372]]], "msds": [[[0, 1, 2, 3, 4, 5, 6, 7, 8, 9, 10, 11, 12, 13, 14, 15, 16, 17, 18, 19, 20], [9.49, 61.45, 64.92, 79.61, 82.38, 83.73, 83.35, 83.98, 84.36, 85.22, 85.72, 85.16, 85.66, 85.9, 85.92, 86.65, 86.57, 86.71, 86.43, 87.23, 86.47], [0, 0.0053720553405582905, 0.0012625042581930757, 0.0007007294916547835, 0.00039177489816211164, 0.0003456353151705116, 0.00022093451116234064, 0.0002099838893627748, 0.00017442709940951318, 0.00017365894746035337, 0.00015015156532172114, 0.00016151041199918836, 0.0001653611980145797, 0.00015471312508452684, 0.0001620827242732048, 0.00017091016343329102, 0.0001510261499788612, 0.00016526461695320904, 0.00016446487279608846, 0.0001372226106468588, 0.00014558550901710987]], [[0, 1, 2, 3, 4, 5, 6, 7, 8, 9, 10, 11, 12, 13, 14, 15, 16, 17, 18, 19, 20], [9.24, 59.94, 79.44, 80.02, 82.12, 82.67, 83.44, 83.31, 84.3, 84.84, 85.1, 85.75, 85.56, 85.41, 86.14, 86.14, 86.49, 85.98, 86.84, 86.23, 86.81], [0, 0.005364568904042244, 0.001409356016665697, 0.0008667731308378279, 0.0006209443090483546, 0.0005246197688393295, 0.0004027394752483815, 0.0003304439305793494, 0.00025085825473070145, 0.0003137037274427712, 0.0002626264176797122, 0.0002433274348732084, 0.00023463284014724195, 0.0002054175711236894, 0.00015153390995692462, 0.00013995947665534914, 0.00013004902575630695, 0.0001416895684087649, 0.00018290641310159117, 0.0001477934274589643, 0.00023242761380970478]]], "alpha": 0.5, "beta": 0.0, "gamma": 2.0, "num_samples": 6000, "node_count": 10, "density": 0.15, "startup_delay": 0.0, "forward_prob": 0}