{"nodes_data": [[[0, 1, 2, 3, 4, 5, 6, 7, 8, 9, 10, 11, 12, 13, 14, 15, 16, 17, 18, 19, 20], [7.11, 10.0, 77.96, 81.09, 82.46, 83.68, 84.38, 85.21, 84.97, 85.66, 86.0, 86.28, 86.42, 87.0, 86.91, 87.06, 87.11, 87.35, 87.36, 87.6, 87.47], [0, 0.005369121208786964, 0.0005762664950452745, 0.00011316462041577324, 7.972760795382783e-05, 6.712425238220021e-05, 6.973075505811721e-05, 7.199869287433103e-05, 7.137383363442495e-05, 7.291646033991128e-05, 7.901802018750459e-05, 8.239830640377477e-05, 8.959252591012046e-05, 8.742071076994762e-05, 8.953484939411283e-05, 9.197783947456628e-05, 9.307634172728285e-05, 8.866965799825266e-05, 9.388689795741811e-05, 0.00010029334225691855, 9.464967297390103e-05]], [[0, 1, 2, 3, 4, 5, 6, 7, 8, 9, 10, 11, 12, 13, 14, 15, 16, 17, 18, 19, 20], [8.72, 10.0, 75.44, 81.45, 82.35, 83.63, 84.27, 85.16, 84.88, 85.81, 86.0, 86.28, 86.34, 87.0, 86.99, 87.06, 87.31, 87.35, 87.5, 87.42, 87.59], [0, 0.005357381422072649, 0.0005780181963928044, 0.00014436160563491285, 7.330007065320387e-05, 6.976196164032444e-05, 6.938551814528182e-05, 7.104121323209256e-05, 7.210101466625929e-05, 7.097206253092736e-05, 7.322330202441663e-05, 7.928410195745528e-05, 7.994931365828961e-05, 8.971054194262251e-05, 8.730864647077397e-05, 8.908216113923118e-05, 8.884910494089127e-05, 9.492613025940955e-05, 8.914803765946999e-05, 0.00010461876809131354, 0.00010429775284137577]]], "msds": [[[0, 1, 2, 3, 4, 5, 6, 7, 8, 9, 10, 11, 12, 13, 14, 15, 16, 17, 18, 19, 20], [7.11, 10.0, 77.96, 81.09, 82.46, 83.68, 84.38, 85.21, 84.97, 85.66, 86.0, 86.28, 86.42, 87.0, 86.91, 87.06, 87.11, 87.35, 87.36, 87.6, 87.47], [0, 0.005369121208786964, 0.0005762664950452745, 0.00011316462041577324, 7.972760795382783e-05, 6.712425238220021e-05, 6.973075505811721e-05, 7.199869287433103e-05, 7.137383363442495e-05, 7.291646033991128e-05, 7.901802018750459e-05, 8.239830640377477e-05, 8.959252591012046e-05, 8.742071076994762e-05, 8.953484939411283e-05, 9.197783947456628e-05, 9.307634172728285e-05, 8.866965799825266e-05, 9.388689795741811e-05, 0.00010029334225691855, 9.464967297390103e-05]], [[0, 1, 2, 3, 4, 5, 6, 7, 8, 9, 10, 11, 12, 13, 14, 15, 16, 17, 18, 19, 20], [12.67, 10.0, 77.96, 81.45, 82.67, 83.81, 84.25, 85.21, 85.05, 85.66, 86.0, 85.99, 86.42, 86.64, 86.94, 86.7, 87.11, 87.35, 87.5, 87.42, 87.59], [0, 0.005359623581171036, 0.0005835500778630376, 0.0001321067538810894, 7.47618978493847e-05, 7.059797644615173e-05, 6.968701200094074e-05, 7.40259129088372e-05, 7.272817310877144e-05, 7.99969639047049e-05, 8.017031359486282e-05, 8.348457049578428e-05, 8.686249202582985e-05, 8.59414940350689e-05, 8.981100836535916e-05, 9.551728726364672e-05, 9.322115511167794e-05, 9.200623753713444e-05, 9.503822366241366e-05, 0.00010537406342336908, 0.00010433093848405406]]], "alpha": 0.0, "beta": 0.5, "gamma": 5.0, "num_samples": 6000, "node_count": 10, "density": 1.0, "startup_delay": 0.0, "forward_prob": 0}