{"nodes_data": [[[0, 1, 2, 3, 4, 5, 6, 7, 8, 9, 10, 11, 12, 13, 14, 15, 16, 17, 18, 19, 20], [7.35, 78.25, 82.7, 81.7, 80.08, 84.33, 82.22, 84.74, 80.2, 84.49, 82.58, 84.92, 85.41, 84.96, 86.05, 85.54, 84.07, 84.72, 85.45, 85.06, 85.05], [0, 0, 0, 0, 0, 0, 0, 0, 0, 0, 0, 0, 0, 0, 0.00019004967180080712, 0.00015009909111540765, 0, 0, 0, 0, 0]], [[0, 1, 2, 3, 4, 5, 6, 7, 8, 9, 10, 11, 12, 13, 14, 15, 16, 17, 18, 19, 20], [5.51, 79.26, 82.37, 80.66, 83.07, 83.96, 85.0, 83.22, 84.27, 84.82, 83.0, 84.53, 84.9, 84.92, 84.92, 86.32, 84.67, 84.67, 83.33, 85.22, 85.27], [0, 0, 0, 0, 0, 0, 0, 0, 0, 0, 0, 0, 0, 0, 0, 0, 0, 0, 0, 0, 0]]], "msds": [[[0, 1, 2, 3, 4, 5, 6, 7, 8, 9, 10, 11, 12, 13, 14, 15, 16, 17, 18, 19, 20], [7.35, 78.25, 82.7, 81.7, 80.08, 84.33, 82.22, 84.74, 80.2, 84.49, 82.58, 84.92, 85.41, 84.96, 86.05, 85.54, 84.07, 84.72, 85.45, 85.06, 85.05], [0, 0, 0, 0, 0, 0, 0, 0, 0, 0, 0, 0, 0, 0, 0.00019004967180080712, 0.00015009909111540765, 0, 0, 0, 0, 0]], [[0, 1, 2, 3, 4, 5, 6, 7, 8, 9, 10, 11, 12, 13, 14, 15, 16, 17, 18, 19, 20], [5.62, 56.4, 81.19, 81.66, 82.11, 84.14, 84.69, 85.02, 84.54, 85.23, 85.5, 85.8, 86.03, 85.86, 85.17, 84.82, 85.55, 86.3, 86.1, 86.09, 86.58], [0, 0.005372893996536732, 0.001577466377057135, 0.00054861546959728, 0.0002773029264062643, 0.00020458227663766593, 0.00017760819173417985, 0.000161469288286753, 0.00016999653598759323, 0.0001782540639396757, 0.00016739110287744552, 0.00017160562856588513, 0.0001768573565641418, 0.00020401153597049415, 0, 0, 0.00014008220750838518, 0.0001690054778009653, 0.00016249847249127924, 0.0001729041978251189, 0.00016268737090285867]]], "alpha": 0.5, "beta": 0.5, "gamma": 0.0, "num_samples": 6000, "node_count": 10, "density": 0.15, "startup_delay": 0.0, "forward_prob": 0}