{"nodes_data": [[[0, 1, 2, 3, 4, 5, 6, 7, 8, 9, 10, 11, 12, 13, 14, 15, 16, 17, 18, 19, 20], [12.98, 53.41, 79.0, 82.48, 82.78, 83.15, 84.3, 83.53, 85.23, 84.34, 86.01, 85.23, 86.1, 83.49, 84.24, 86.52, 86.93, 86.85, 86.75, 87.62, 87.64], [0, 0.0042287735268473625, 0, 7.579456723760813e-05, 8.189207437681034e-05, 0.00013754282554145902, 0.00013688291073776782, 0, 8.130006608553231e-05, 0, 8.403877291129902e-05, 0, 9.4287381216418e-05, 4.850789991905913e-05, 4.35243418905884e-05, 0.00011962513235630468, 7.923628436401486e-05, 7.851972623029724e-05, 8.178902498912066e-05, 8.234372944571078e-05, 6.632729491684586e-05]], [[0, 1, 2, 3, 4, 5, 6, 7, 8, 9, 10, 11, 12, 13, 14, 15, 16, 17, 18, 19, 20], [11.85, 22.1, 79.0, 80.62, 83.61, 83.6, 84.83, 85.17, 85.56, 86.18, 86.23, 86.85, 86.92, 86.87, 87.13, 86.84, 86.1, 86.66, 87.48, 86.64, 87.29], [0, 0.005336945876479149, 0.0013542447704821825, 6.556177686434239e-05, 0.00010134719923371449, 8.933583012549207e-05, 6.261924863792956e-05, 7.288608321687207e-05, 7.673344225622714e-05, 8.289676043204963e-05, 0.0001021058633341454, 0.00014250853564590216, 8.389233698835596e-05, 7.239539991132915e-05, 7.540018850704655e-05, 7.268542685778812e-05, 0.00011137114779558033, 0, 9.925002086674795e-05, 0.00011353125591995195, 0.00010867026867344975]]], "msds": [[[0, 1, 2, 3, 4, 5, 6, 7, 8, 9, 10, 11, 12, 13, 14, 15, 16, 17, 18, 19, 20], [12.98, 53.41, 79.0, 82.48, 82.78, 83.15, 84.3, 83.53, 85.23, 84.34, 86.01, 85.23, 86.1, 83.49, 84.24, 86.52, 86.93, 86.85, 86.75, 87.62, 87.64], [0, 0.0042287735268473625, 0, 7.579456723760813e-05, 8.189207437681034e-05, 0.00013754282554145902, 0.00013688291073776782, 0, 8.130006608553231e-05, 0, 8.403877291129902e-05, 0, 9.4287381216418e-05, 4.850789991905913e-05, 4.35243418905884e-05, 0.00011962513235630468, 7.923628436401486e-05, 7.851972623029724e-05, 8.178902498912066e-05, 8.234372944571078e-05, 6.632729491684586e-05]], [[0, 1, 2, 3, 4, 5, 6, 7, 8, 9, 10, 11, 12, 13, 14, 15, 16, 17, 18, 19, 20], [4.12, 58.51, 81.86, 83.15, 81.75, 84.53, 85.92, 85.65, 86.27, 85.72, 86.26, 84.36, 84.46, 85.91, 86.97, 86.66, 85.7, 86.83, 87.18, 86.74, 86.01], [0, 0.0036943808663636446, 0.0019200464012101293, 6.283531547524035e-05, 6.0015488998033106e-05, 4.862384594161995e-05, 5.414147744886577e-05, 5.5625554523430765e-05, 6.269582081586123e-05, 0, 0.00010698760888772085, 0.00010616558574838564, 7.055187597870827e-05, 7.214943616418168e-05, 6.327142909867689e-05, 0.00017097496311180294, 9.920833690557629e-05, 0.0001293258392252028, 0.00015829801850486547, 9.791279444471002e-05, 4.1244707972509786e-05]]], "alpha": 1.0, "beta": 0.0, "gamma": 3.0, "num_samples": 6000, "node_count": 10, "density": 0.0, "startup_delay": 0.0, "forward_prob": 0}