{"nodes_data": [[[0, 1, 2, 3, 4, 5, 6, 7, 8, 9, 10, 11, 12, 13, 14, 15, 16, 17, 18, 19, 20], [8.72, 43.06, 81.47, 82.86, 82.43, 84.31, 84.64, 84.42, 85.16, 85.83, 85.98, 86.55, 86.54, 86.51, 86.54, 86.96, 86.88, 86.95, 87.11, 86.67, 87.16], [0, 0.005351172760128975, 0.0009142385679297149, 0.0003660318907350302, 0.0004016162420157343, 0.0003666542761493474, 0.00028955211746506393, 0.00018903381715063006, 0.00017010020383168012, 0.0001406055234838277, 0.00014293543063104153, 0.00013450397818814963, 0.00013516886974684894, 0.00012845182209275663, 0.0001356716238660738, 0.00013384591147769243, 0.00011936666851397604, 0.0001329072256339714, 0.00013439696340356022, 0.0001259583659702912, 0.00012414804950822145]], [[0, 1, 2, 3, 4, 5, 6, 7, 8, 9, 10, 11, 12, 13, 14, 15, 16, 17, 18, 19, 20], [14.49, 61.33, 76.28, 82.17, 82.41, 82.7, 83.57, 84.79, 85.62, 86.26, 85.42, 86.06, 86.62, 85.72, 86.47, 86.97, 86.51, 86.76, 87.08, 87.19, 86.83], [0, 0.004428218584507704, 0.0011827590642496943, 0.000613975862506777, 0.0005207683425396681, 0.0002765945391729474, 0.00019504503870848566, 0.00016321531438734382, 0.00019349070498719811, 0.00019674914074130356, 0.00017680239398032427, 0.0001869419647846371, 0.0001736892299959436, 0.00018703547539189458, 0.00019839504966512322, 0.00014335829473566264, 0.0001563711412018165, 0.00013260765990708023, 0.00014462682884186506, 0.00015588363748975098, 0.00013301327999215573]]], "msds": [[[0, 1, 2, 3, 4, 5, 6, 7, 8, 9, 10, 11, 12, 13, 14, 15, 16, 17, 18, 19, 20], [8.72, 43.06, 81.47, 82.86, 82.43, 84.31, 84.64, 84.42, 85.16, 85.83, 85.98, 86.55, 86.54, 86.51, 86.54, 86.96, 86.88, 86.95, 87.11, 86.67, 87.16], [0, 0.005351172760128975, 0.0009142385679297149, 0.0003660318907350302, 0.0004016162420157343, 0.0003666542761493474, 0.00028955211746506393, 0.00018903381715063006, 0.00017010020383168012, 0.0001406055234838277, 0.00014293543063104153, 0.00013450397818814963, 0.00013516886974684894, 0.00012845182209275663, 0.0001356716238660738, 0.00013384591147769243, 0.00011936666851397604, 0.0001329072256339714, 0.00013439696340356022, 0.0001259583659702912, 0.00012414804950822145]], [[0, 1, 2, 3, 4, 5, 6, 7, 8, 9, 10, 11, 12, 13, 14, 15, 16, 17, 18, 19, 20], [9.58, 64.32, 77.19, 81.85, 82.58, 83.47, 82.48, 82.37, 83.3, 84.91, 85.48, 85.43, 86.09, 85.5, 86.54, 86.33, 86.42, 86.59, 86.77, 87.04, 87.01], [0, 0.004444833379238844, 0.001396889565512538, 0.0006980096804909408, 0.0005258357850834727, 0.000332920957589522, 0.00033662226633168757, 0, 0, 0.00016474942094646394, 9.80146141955629e-05, 0.00012959186278749257, 0.00015027151675894856, 0.00015264810645021498, 0.00019421207252889872, 0.00018991611432284117, 0.00033061043359339237, 0.0002315984311280772, 0.0002695668372325599, 0.0002298874023836106, 0.00022674571664538234]]], "alpha": 0.5, "beta": 0.5, "gamma": 2.0, "num_samples": 6000, "node_count": 10, "density": 0.0, "startup_delay": 0.0, "forward_prob": 0}