{"nodes_data": [[[0, 1, 2, 3, 4, 5, 6, 7, 8, 9, 10, 11, 12, 13, 14, 15, 16, 17, 18, 19, 20], [11.04, 13.07, 60.13, 80.96, 82.53, 83.07, 83.51, 83.9, 84.61, 84.96, 84.97, 85.49, 85.21, 85.87, 85.72, 85.89, 86.05, 86.51, 86.75, 86.28, 86.37], [0, 0.005373066291213036, 0.00201604887843132, 0.0007993958424776793, 0.0002984002640005201, 0.00017067907901946455, 0.00011702137999236584, 0.00010757160634966567, 9.381470590597019e-05, 9.978425077861175e-05, 9.450707875657827e-05, 9.351834160042927e-05, 0.0001004415680654347, 0.00011353803711244836, 0.00010429856774862856, 0.00010581566311884671, 0.00010029664554167539, 9.96877352008596e-05, 0.00010778043360915035, 0.00010323833703296259, 0.00010618927626637742]], [[0, 1, 2, 3, 4, 5, 6, 7, 8, 9, 10, 11, 12, 13, 14, 15, 16, 17, 18, 19, 20], [10.06, 10.0, 55.82, 81.68, 82.43, 83.75, 84.22, 84.34, 85.01, 85.04, 85.26, 85.82, 86.33, 86.05, 86.43, 86.59, 86.86, 86.46, 86.71, 87.02, 87.36], [0, 0.005367810372263193, 0.0024334159679710865, 0.000585617555771023, 0.00033946576877497137, 0.00019673978385981172, 0.00014637775893788785, 0.00012323651753831655, 0.00011818842176580802, 0.00011550475028343499, 0.00011119890405097976, 0.00010906178795266896, 0.00010659371764631942, 0.00010935631871689111, 0.0001069724967237562, 0.00010329943324904889, 0.00011142728908453137, 0.00010107855632668361, 0.0001013575674733147, 0.00011114610242657363, 9.757560474099591e-05]]], "msds": [[[0, 1, 2, 3, 4, 5, 6, 7, 8, 9, 10, 11, 12, 13, 14, 15, 16, 17, 18, 19, 20], [11.04, 13.07, 60.13, 80.96, 82.53, 83.07, 83.51, 83.9, 84.61, 84.96, 84.97, 85.49, 85.21, 85.87, 85.72, 85.89, 86.05, 86.51, 86.75, 86.28, 86.37], [0, 0.005373066291213036, 0.00201604887843132, 0.0007993958424776793, 0.0002984002640005201, 0.00017067907901946455, 0.00011702137999236584, 0.00010757160634966567, 9.381470590597019e-05, 9.978425077861175e-05, 9.450707875657827e-05, 9.351834160042927e-05, 0.0001004415680654347, 0.00011353803711244836, 0.00010429856774862856, 0.00010581566311884671, 0.00010029664554167539, 9.96877352008596e-05, 0.00010778043360915035, 0.00010323833703296259, 0.00010618927626637742]], [[0, 1, 2, 3, 4, 5, 6, 7, 8, 9, 10, 11, 12, 13, 14, 15, 16, 17, 18, 19, 20], [10.73, 34.25, 73.14, 80.26, 81.62, 83.33, 83.63, 84.01, 84.78, 85.09, 85.1, 85.45, 85.86, 85.57, 85.91, 86.31, 86.49, 86.95, 86.74, 86.93, 86.51], [0, 0.005386675707995892, 0.0009074323461391032, 0.0005678499001078308, 0.00028655087226070464, 0.00017610473150853068, 0.00011743100913008675, 0.00012022860755678266, 0.00010664486035238951, 0.0001069768113666214, 0.00010429165558889508, 0.00010561176168266684, 0.00012149378744652495, 0.00010657172242645174, 0.00010935530735878274, 0.00011096942034782842, 0.00010694437514757738, 0.00010527714039199054, 9.857129043666646e-05, 0.0001016365786199458, 0.00010191009641857818]]], "alpha": 0.0, "beta": 1.0, "gamma": 3.0, "num_samples": 6000, "node_count": 10, "density": 0.15, "startup_delay": 0.0, "forward_prob": 0}