{"nodes_data": [[[0, 1, 2, 3, 4, 5, 6, 7, 8, 9, 10, 11, 12, 13, 14, 15, 16, 17, 18, 19, 20], [5.46, 78.93, 16.52, 74.27, 81.89, 81.98, 83.32, 83.87, 84.43, 84.5, 84.72, 85.07, 85.12, 85.45, 85.87, 86.07, 85.89, 86.23, 86.43, 86.51, 86.69], [0, 0.005345974117517471, 0.004237212240695953, 0.0009403739240951836, 0.00028376092086546123, 9.708601282909513e-05, 7.333452231250703e-05, 7.030810957076028e-05, 7.265477324835956e-05, 7.12227847543545e-05, 7.486611139029264e-05, 7.250822818605229e-05, 8.560468268115073e-05, 7.752589590381831e-05, 8.367172267753631e-05, 8.057257218752056e-05, 8.812913438305259e-05, 8.600201545050368e-05, 8.959867409430444e-05, 9.100657189264894e-05, 9.149438847089186e-05]], [[0, 1, 2, 3, 4, 5, 6, 7, 8, 9, 10, 11, 12, 13, 14, 15, 16, 17, 18, 19, 20], [9.86, 53.45, 57.01, 79.13, 82.14, 82.86, 83.37, 83.93, 84.42, 84.68, 84.61, 85.02, 85.53, 85.39, 85.95, 85.74, 85.87, 86.53, 86.23, 86.47, 86.76], [0, 0.005345746409147978, 0.0024411773774772882, 0.000614464224781841, 0.00011086632002843544, 8.54643076309003e-05, 7.185838330769911e-05, 7.126723357941955e-05, 6.844288145657629e-05, 7.33784181647934e-05, 7.281791476998478e-05, 7.527045090682805e-05, 8.096614328678697e-05, 7.861255289753899e-05, 8.341075590578839e-05, 8.410115697188303e-05, 8.875409548636526e-05, 8.600050932727754e-05, 9.187483374262229e-05, 9.163307549897581e-05, 9.606051025912166e-05]]], "msds": [[[0, 1, 2, 3, 4, 5, 6, 7, 8, 9, 10, 11, 12, 13, 14, 15, 16, 17, 18, 19, 20], [5.46, 78.93, 16.52, 74.27, 81.89, 81.98, 83.32, 83.87, 84.43, 84.5, 84.72, 85.07, 85.12, 85.45, 85.87, 86.07, 85.89, 86.23, 86.43, 86.51, 86.69], [0, 0.005345974117517471, 0.004237212240695953, 0.0009403739240951836, 0.00028376092086546123, 9.708601282909513e-05, 7.333452231250703e-05, 7.030810957076028e-05, 7.265477324835956e-05, 7.12227847543545e-05, 7.486611139029264e-05, 7.250822818605229e-05, 8.560468268115073e-05, 7.752589590381831e-05, 8.367172267753631e-05, 8.057257218752056e-05, 8.812913438305259e-05, 8.600201545050368e-05, 8.959867409430444e-05, 9.100657189264894e-05, 9.149438847089186e-05]], [[0, 1, 2, 3, 4, 5, 6, 7, 8, 9, 10, 11, 12, 13, 14, 15, 16, 17, 18, 19, 20], [12.11, 23.42, 62.85, 76.35, 82.39, 83.27, 83.29, 83.79, 84.51, 84.8, 84.6, 85.11, 85.45, 85.62, 86.19, 85.93, 85.98, 86.47, 86.47, 86.46, 86.7], [0, 0.005369401536881924, 0.0017156150424852967, 0.0007338766590692103, 0.00013247183233033866, 8.680592873133719e-05, 7.97351312940009e-05, 7.48731181374751e-05, 7.142620597733185e-05, 7.243940490297973e-05, 7.523839303757995e-05, 7.45417273719795e-05, 8.37933985167183e-05, 8.324546070070937e-05, 8.414670446654782e-05, 8.639386942377314e-05, 8.614575199317187e-05, 9.065575432032347e-05, 9.197546751238406e-05, 9.279623918700963e-05, 9.77428353508003e-05]]], "alpha": 0.9, "beta": 2.0, "gamma": 0.0, "num_samples": 6000, "node_count": 10, "density": 1.0, "startup_delay": 0.0, "forward_prob": 0}