{"nodes_data": [[[0, 1, 2, 3, 4, 5, 6, 7, 8, 9, 10, 11, 12, 13, 14, 15, 16, 17, 18, 19, 20], [9.78, 22.67, 41.17, 75.13, 80.75, 82.55, 83.11, 82.9, 83.51, 84.02, 85.11, 84.33, 84.71, 85.03, 84.96, 85.78, 85.49, 86.27, 85.82, 85.88, 86.57], [0, 0.005362320691347122, 0.0020033803302794695, 0.0009006103500723839, 0.0013261514250189066, 0.0005550870555453002, 0.000422224635258317, 0.0006696767522953451, 0.00023852546291891485, 0.00025279485271312296, 0.00022915410227142274, 0.000129147112602368, 9.926500206347555e-05, 0.0001524588733445853, 0.00015159462054725736, 0.0001053876694641076, 0.00012220602366141975, 0.00011569378693820909, 0.00010540094081079587, 0.0001149285162682645, 0.00011635328701231629]], [[0, 1, 2, 3, 4, 5, 6, 7, 8, 9, 10, 11, 12, 13, 14, 15, 16, 17, 18, 19, 20], [9.98, 52.91, 68.71, 53.89, 74.08, 80.7, 82.51, 81.78, 82.95, 84.08, 84.34, 84.38, 84.64, 84.47, 85.02, 85.14, 84.88, 85.52, 85.71, 85.62, 85.87], [0, 0.005386353470385075, 0.0015716380439698696, 0.002110451227054, 0.0013062298530712724, 0.0006645204848609865, 0.00040800267015583813, 0.0005632956163026392, 0.00028309784829616547, 0.00018982221081387252, 0.00025319893029518425, 0.00010916939936578274, 9.890930232359096e-05, 0.0001295201655011624, 9.650230640545487e-05, 9.294917981605977e-05, 0.00011013668699888512, 9.889094508253038e-05, 0.00011179545253980905, 0.00011810565774794668, 0.0001072553641279228]]], "msds": [[[0, 1, 2, 3, 4, 5, 6, 7, 8, 9, 10, 11, 12, 13, 14, 15, 16, 17, 18, 19, 20], [9.78, 22.67, 41.17, 75.13, 80.75, 82.55, 83.11, 82.9, 83.51, 84.02, 85.11, 84.33, 84.71, 85.03, 84.96, 85.78, 85.49, 86.27, 85.82, 85.88, 86.57], [0, 0.005362320691347122, 0.0020033803302794695, 0.0009006103500723839, 0.0013261514250189066, 0.0005550870555453002, 0.000422224635258317, 0.0006696767522953451, 0.00023852546291891485, 0.00025279485271312296, 0.00022915410227142274, 0.000129147112602368, 9.926500206347555e-05, 0.0001524588733445853, 0.00015159462054725736, 0.0001053876694641076, 0.00012220602366141975, 0.00011569378693820909, 0.00010540094081079587, 0.0001149285162682645, 0.00011635328701231629]], [[0, 1, 2, 3, 4, 5, 6, 7, 8, 9, 10, 11, 12, 13, 14, 15, 16, 17, 18, 19, 20], [12.36, 40.66, 53.34, 52.75, 80.36, 80.83, 81.89, 82.79, 82.43, 83.34, 84.68, 84.64, 84.94, 84.73, 84.67, 85.59, 84.75, 84.3, 85.99, 85.91, 86.09], [0, 0.005363698583096266, 0.0020970809273421764, 0.001658414606936276, 0.0009577212040312588, 0.0006882871966809034, 0.0004144382255617529, 0.00046217182534746826, 0.0002413943875581026, 0.00014546474267262965, 0.0001317249407293275, 0.00014429714065045118, 9.202393994200975e-05, 9.736698848428205e-05, 0.00010879821638809517, 0.00010771257802844048, 0.00010669877519831061, 0.00010051449498860165, 0.00010771363304229453, 0.00011047067528124899, 0.00010863980423891917]]], "alpha": 0.9, "beta": 2.0, "gamma": 2.0, "num_samples": 6000, "node_count": 10, "density": 0.15, "startup_delay": 0.0, "forward_prob": 0}