{"nodes_data": [[[0, 1, 2, 3, 4, 5, 6, 7, 8, 9, 10, 11, 12, 13, 14, 15, 16, 17, 18, 19, 20], [10.9, 51.42, 75.92, 81.76, 82.84, 84.37, 84.42, 84.72, 82.95, 84.94, 85.58, 86.12, 85.72, 85.86, 86.01, 86.13, 87.05, 87.06, 86.93, 86.49, 87.08], [0, 0.005379319656640291, 0.001146758790127933, 0.0003058899019379169, 0.0001512693561380729, 8.780340431258082e-05, 8.606589835835621e-05, 8.414954209001735e-05, 0, 0, 0.00018223439110442996, 8.506760786985978e-05, 0.0001202469429699704, 0.00013818555453326553, 0.0001290434447582811, 0.00011237417493248358, 0.00010991792078129947, 0.00010824417404364794, 0.00011467764124972746, 0.0002909597533289343, 0.00021795061184093356]], [[0, 1, 2, 3, 4, 5, 6, 7, 8, 9, 10, 11, 12, 13, 14, 15, 16, 17, 18, 19, 20], [10.5, 23.41, 63.96, 81.96, 83.44, 83.71, 83.54, 84.21, 85.11, 85.82, 86.22, 86.79, 86.7, 86.82, 86.78, 87.04, 86.92, 87.18, 84.02, 86.14, 87.18], [0, 0.005373912397772074, 0.0015614689327776432, 0.0006015816470608115, 0.0002946043387055397, 0.0001640907139517367, 0.00010390324314357713, 0.00015749118756502867, 0.00018203770741820335, 8.436429197899997e-05, 7.850333349779248e-05, 8.162315498339012e-05, 0.00010095710604218766, 9.411117935087532e-05, 8.816323679639027e-05, 7.547985296696424e-05, 7.385008939309046e-05, 8.012737816898152e-05, 0, 9.867823973763734e-05, 0.00015245139366015792]]], "msds": [[[0, 1, 2, 3, 4, 5, 6, 7, 8, 9, 10, 11, 12, 13, 14, 15, 16, 17, 18, 19, 20], [10.9, 51.42, 75.92, 81.76, 82.84, 84.37, 84.42, 84.72, 82.95, 84.94, 85.58, 86.12, 85.72, 85.86, 86.01, 86.13, 87.05, 87.06, 86.93, 86.49, 87.08], [0, 0.005379319656640291, 0.001146758790127933, 0.0003058899019379169, 0.0001512693561380729, 8.780340431258082e-05, 8.606589835835621e-05, 8.414954209001735e-05, 0, 0, 0.00018223439110442996, 8.506760786985978e-05, 0.0001202469429699704, 0.00013818555453326553, 0.0001290434447582811, 0.00011237417493248358, 0.00010991792078129947, 0.00010824417404364794, 0.00011467764124972746, 0.0002909597533289343, 0.00021795061184093356]], [[0, 1, 2, 3, 4, 5, 6, 7, 8, 9, 10, 11, 12, 13, 14, 15, 16, 17, 18, 19, 20], [13.51, 19.0, 64.58, 81.92, 82.84, 84.22, 84.33, 84.15, 84.63, 85.32, 85.65, 86.15, 86.39, 86.88, 86.59, 86.69, 87.07, 87.45, 86.74, 87.49, 87.38], [0, 0.0053694406524300575, 0.0010576104978099465, 0.00037191883893683553, 0.00016998736828099936, 0.00010716275573940948, 8.883068221621215e-05, 7.840114994905889e-05, 8.32218793220818e-05, 8.971806528279558e-05, 7.659367111045867e-05, 7.26119105820544e-05, 7.504957466153428e-05, 7.057316543068737e-05, 8.64641260704957e-05, 9.165258234133944e-05, 0.0001011168205877766, 9.18206715141423e-05, 9.863503510132432e-05, 0.00010923872468993068, 0.0001348138612229377]]], "alpha": 0.9, "beta": 0.5, "gamma": 5.0, "num_samples": 6000, "node_count": 10, "density": 0.15, "startup_delay": 0.0, "forward_prob": 0}