{"nodes_data": [[[0, 1, 2, 3, 4, 5, 6, 7, 8, 9, 10, 11, 12, 13, 14, 15, 16, 17, 18, 19, 20], [12.41, 10.0, 77.95, 80.98, 83.27, 83.88, 83.91, 84.73, 85.3, 85.38, 84.94, 86.0, 85.86, 85.93, 86.03, 86.73, 86.7, 86.65, 86.55, 87.14, 86.98], [0, 0.005376189481467009, 0.002126876497641206, 0.0014543560100719333, 0.001200455124489963, 0.0009709972655400634, 0.0008779198979027569, 0.0007510168943554163, 0.000695258320774883, 0.0006185705424286425, 0.0005764192319475114, 0.0005320958443917334, 0.0004892936558462679, 0.00045208915253169835, 0.00042760404176078737, 0.0003830060304608196, 0.0003145518130622804, 0.0002848865988198668, 0.00032904170802794397, 0.00032186415046453476, 0.00034701902768574655]], [[0, 1, 2, 3, 4, 5, 6, 7, 8, 9, 10, 11, 12, 13, 14, 15, 16, 17, 18, 19, 20], [8.12, 26.66, 71.03, 81.96, 82.6, 83.48, 84.24, 84.61, 84.93, 85.46, 85.35, 85.7, 85.58, 86.08, 85.96, 86.36, 86.73, 86.73, 87.13, 87.1, 86.83], [0, 0.005374296568334103, 0.0019752527587115765, 0.0014578992268070579, 0.0011282524792477489, 0.001017852919176221, 0.0008930833428166807, 0.0008258357993327081, 0.0007529605645686388, 0.0006889848737046123, 0.0006441427976824343, 0.0006005072500556707, 0.0005434682825580239, 0.0005029512685723603, 0.0004773576511070132, 0.000436753558460623, 0.0004013558791484684, 0.0003259946242906153, 0.00029716623248532414, 0.00028339464915916324, 0.000299514620564878]]], "msds": [[[0, 1, 2, 3, 4, 5, 6, 7, 8, 9, 10, 11, 12, 13, 14, 15, 16, 17, 18, 19, 20], [12.41, 10.0, 77.95, 80.98, 83.27, 83.88, 83.91, 84.73, 85.3, 85.38, 84.94, 86.0, 85.86, 85.93, 86.03, 86.73, 86.7, 86.65, 86.55, 87.14, 86.98], [0, 0.005376189481467009, 0.002126876497641206, 0.0014543560100719333, 0.001200455124489963, 0.0009709972655400634, 0.0008779198979027569, 0.0007510168943554163, 0.000695258320774883, 0.0006185705424286425, 0.0005764192319475114, 0.0005320958443917334, 0.0004892936558462679, 0.00045208915253169835, 0.00042760404176078737, 0.0003830060304608196, 0.0003145518130622804, 0.0002848865988198668, 0.00032904170802794397, 0.00032186415046453476, 0.00034701902768574655]], [[0, 1, 2, 3, 4, 5, 6, 7, 8, 9, 10, 11, 12, 13, 14, 15, 16, 17, 18, 19, 20], [8.43, 12.58, 77.5, 80.52, 83.64, 83.07, 83.81, 84.67, 85.41, 85.0, 84.89, 85.79, 85.91, 85.96, 86.38, 86.36, 86.48, 86.59, 86.68, 86.78, 87.51], [0, 0.005359367001801729, 0.002428780309855938, 0.0020418663043528795, 0.0019046454690396786, 0.0017461978131905198, 0.0016860389150679111, 0.001502961735241115, 0.001449822448194027, 0.0013083680532872677, 0.0012615981977432966, 0.0010981062659993768, 0.0010563541436567903, 0.0009519517188891768, 0.0009073349647223949, 0.0007920297794044018, 0.0007512459415011108, 0.0006551567930728197, 0.0005777461919933558, 0.000504853727761656, 0.0004913787706755102]]], "alpha": 1.0, "beta": 0.0, "gamma": 2.0, "num_samples": 6000, "node_count": 10, "density": 0.15, "startup_delay": 0.0, "forward_prob": 0}