{"nodes_data": [[[0, 1, 2, 3, 4, 5, 6, 7, 8, 9, 10, 11, 12, 13, 14, 15, 16, 17, 18, 19, 20], [7.41, 10.0, 55.36, 79.54, 79.71, 81.3, 82.75, 83.38, 83.81, 84.39, 84.93, 84.64, 85.26, 85.46, 85.9, 85.89, 85.97, 86.39, 86.21, 86.3, 86.51], [0, 0.0053641581907868385, 0.002008966635912657, 0.0006991446134634316, 0.00027658275212161243, 0.00014802842633798718, 9.282637620344758e-05, 7.232556527014822e-05, 7.420405017910525e-05, 6.947439396753907e-05, 7.671979983570054e-05, 7.494886085623875e-05, 7.417336746584624e-05, 7.89194309618324e-05, 7.925194222480059e-05, 8.503622666466981e-05, 8.252487168647349e-05, 8.637298014946282e-05, 9.027132909977809e-05, 9.262219828087837e-05, 9.135049913311377e-05]], [[0, 1, 2, 3, 4, 5, 6, 7, 8, 9, 10, 11, 12, 13, 14, 15, 16, 17, 18, 19, 20], [9.53, 17.33, 32.9, 78.24, 81.08, 81.94, 82.33, 82.96, 83.99, 83.71, 84.42, 84.89, 85.4, 85.53, 85.88, 86.05, 86.17, 86.28, 86.72, 86.51, 86.59], [0, 0.005375606473535299, 0.0027550850063562393, 0.0007233005599118769, 0.0003000013530254364, 0.00013659658725373447, 0.00010240769915981218, 8.328554395120591e-05, 7.534731412306428e-05, 7.646629819646478e-05, 7.623221608810127e-05, 7.832577830413356e-05, 8.137989061651751e-05, 8.824033284327015e-05, 8.352985605597496e-05, 8.565843018004671e-05, 8.882192196324468e-05, 9.4975097454153e-05, 9.845295426202938e-05, 9.177476022159681e-05, 9.593333379598334e-05]]], "msds": [[[0, 1, 2, 3, 4, 5, 6, 7, 8, 9, 10, 11, 12, 13, 14, 15, 16, 17, 18, 19, 20], [7.41, 10.0, 55.36, 79.54, 79.71, 81.3, 82.75, 83.38, 83.81, 84.39, 84.93, 84.64, 85.26, 85.46, 85.9, 85.89, 85.97, 86.39, 86.21, 86.3, 86.51], [0, 0.0053641581907868385, 0.002008966635912657, 0.0006991446134634316, 0.00027658275212161243, 0.00014802842633798718, 9.282637620344758e-05, 7.232556527014822e-05, 7.420405017910525e-05, 6.947439396753907e-05, 7.671979983570054e-05, 7.494886085623875e-05, 7.417336746584624e-05, 7.89194309618324e-05, 7.925194222480059e-05, 8.503622666466981e-05, 8.252487168647349e-05, 8.637298014946282e-05, 9.027132909977809e-05, 9.262219828087837e-05, 9.135049913311377e-05]], [[0, 1, 2, 3, 4, 5, 6, 7, 8, 9, 10, 11, 12, 13, 14, 15, 16, 17, 18, 19, 20], [11.32, 18.32, 59.71, 78.94, 81.0, 82.0, 82.85, 83.72, 84.08, 84.54, 84.63, 84.72, 85.41, 85.62, 85.6, 85.79, 85.92, 86.58, 86.73, 86.4, 86.37], [0, 0.005379850044846535, 0.0018925921758636832, 0.0006727917352691293, 0.00019618161604739726, 0.00011424123658798635, 8.553388033760712e-05, 7.579880184493959e-05, 7.477973122149706e-05, 7.367808575509116e-05, 8.041650289669633e-05, 8.038160012802109e-05, 8.197434362955391e-05, 8.301687194034457e-05, 8.337635517818853e-05, 8.982043073046952e-05, 8.950565097620711e-05, 9.612223220756277e-05, 9.340380347566679e-05, 9.363281424157321e-05, 9.70013061305508e-05]]], "alpha": 0.9, "beta": 1.0, "gamma": 5.0, "num_samples": 6000, "node_count": 10, "density": 0.75, "startup_delay": 0.0, "forward_prob": 0}