{"nodes_data": [[[0, 1, 2, 3, 4, 5, 6, 7, 8, 9, 10, 11, 12, 13, 14, 15, 16, 17, 18, 19, 20], [8.01, 16.35, 11.29, 67.77, 81.12, 82.56, 83.34, 83.44, 84.26, 84.7, 84.71, 84.88, 85.11, 85.54, 85.73, 85.83, 86.03, 86.21, 86.44, 86.4, 86.43], [0, 0.0053728679195046425, 0.0027979291044175625, 0.0005633840919472277, 0.0002640244201757014, 0.00010859361645998433, 8.832202001940459e-05, 8.847317076288164e-05, 7.70825135987252e-05, 7.034335430944338e-05, 7.940663635963574e-05, 7.336853013839573e-05, 7.567172724520788e-05, 7.850994734326378e-05, 8.138293196680024e-05, 8.234669076045975e-05, 8.659547165734693e-05, 8.647035429021344e-05, 8.741176134208217e-05, 9.800004045246169e-05, 8.757117757340893e-05]], [[0, 1, 2, 3, 4, 5, 6, 7, 8, 9, 10, 11, 12, 13, 14, 15, 16, 17, 18, 19, 20], [15.03, 15.8, 72.24, 72.68, 81.34, 81.96, 83.0, 83.62, 83.94, 84.69, 84.73, 84.91, 85.27, 85.59, 85.57, 85.96, 85.9, 86.31, 86.41, 86.53, 86.67], [0, 0.005376811139285564, 0.0017413278110325336, 0.0005961820716038346, 0.00025062996428459883, 0.00012045965559082106, 8.126086322590709e-05, 7.21845353837125e-05, 7.274603558471426e-05, 6.779211253160611e-05, 7.630725303897634e-05, 7.460886990884319e-05, 7.282662409124896e-05, 7.680756971240044e-05, 8.404886466450989e-05, 7.668785838177428e-05, 8.272764534922317e-05, 8.478974632453173e-05, 8.615235128672794e-05, 8.997080294648185e-05, 8.910462929634377e-05]]], "msds": [[[0, 1, 2, 3, 4, 5, 6, 7, 8, 9, 10, 11, 12, 13, 14, 15, 16, 17, 18, 19, 20], [8.01, 16.35, 11.29, 67.77, 81.12, 82.56, 83.34, 83.44, 84.26, 84.7, 84.71, 84.88, 85.11, 85.54, 85.73, 85.83, 86.03, 86.21, 86.44, 86.4, 86.43], [0, 0.0053728679195046425, 0.0027979291044175625, 0.0005633840919472277, 0.0002640244201757014, 0.00010859361645998433, 8.832202001940459e-05, 8.847317076288164e-05, 7.70825135987252e-05, 7.034335430944338e-05, 7.940663635963574e-05, 7.336853013839573e-05, 7.567172724520788e-05, 7.850994734326378e-05, 8.138293196680024e-05, 8.234669076045975e-05, 8.659547165734693e-05, 8.647035429021344e-05, 8.741176134208217e-05, 9.800004045246169e-05, 8.757117757340893e-05]], [[0, 1, 2, 3, 4, 5, 6, 7, 8, 9, 10, 11, 12, 13, 14, 15, 16, 17, 18, 19, 20], [10.82, 15.41, 39.52, 70.92, 81.74, 82.64, 83.51, 83.82, 84.22, 84.7, 84.55, 84.85, 85.28, 85.51, 85.6, 85.93, 85.92, 86.31, 86.5, 86.48, 86.8], [0, 0.005366723518818617, 0.002663335530087352, 0.000544598966371268, 0.00019452341075520962, 0.00010301715519744903, 8.56042024679482e-05, 7.365557394223288e-05, 6.74930342938751e-05, 7.287920743692666e-05, 7.270036439877003e-05, 7.866335363360122e-05, 7.698060653638095e-05, 7.893386646173894e-05, 7.790997187839821e-05, 7.803543121553957e-05, 8.274461288237944e-05, 8.463199628749862e-05, 8.920473192119971e-05, 8.726941450731829e-05, 9.072385728359222e-05]]], "alpha": 1.0, "beta": 1.0, "gamma": 5.0, "num_samples": 6000, "node_count": 10, "density": 1.0, "startup_delay": 0.0, "forward_prob": 0}