{"nodes_data": [[[0, 1, 2, 3, 4, 5, 6, 7, 8, 9, 10, 11, 12, 13, 14, 15, 16, 17, 18, 19, 20], [9.79, 15.2, 55.26, 79.57, 80.99, 82.63, 82.84, 83.57, 84.25, 84.09, 85.17, 85.31, 85.28, 85.42, 85.72, 85.94, 86.45, 86.25, 86.19, 86.83, 86.91], [0, 0.005362269934266806, 0.0026640831492841244, 0.0006161950877867639, 0.0002768386038951576, 0.00016953561862464994, 0.00011480758985271677, 0.00010296684922650456, 0.00010032930731540546, 0.00010405982175143436, 9.863398736342788e-05, 0.000108049571281299, 0.0001084638643078506, 0.00010478457988938317, 0.00010750276851467788, 0.00011029984307242557, 0.00010939018102362752, 0.00011283030471531674, 0.00011823311797343194, 0.000130310989334248, 0.00012047446216456592]], [[0, 1, 2, 3, 4, 5, 6, 7, 8, 9, 10, 11, 12, 13, 14, 15, 16, 17, 18, 19, 20], [11.7, 52.0, 77.46, 81.59, 82.37, 82.92, 83.48, 84.49, 84.49, 85.16, 85.14, 85.26, 85.9, 85.83, 85.83, 86.35, 86.11, 86.32, 86.31, 86.65, 87.03], [0, 0.0048152981325984, 0.0007014927105046809, 0.0003481624007690698, 0.00020397551998030394, 0.00011545373854460195, 0.00010690625640563667, 9.705692355055362e-05, 0.00010044989903690293, 0.00010121600644197315, 0.00010059790656669065, 0.00010564528201939538, 0.0001053982850862667, 0.00010666374146239832, 0.00011105652811238542, 0.00011567348701646551, 0.00010996491619152948, 0.0001137309373007156, 0.00011500455730129033, 0.00011583075684029609, 0.00011549432383617386]]], "msds": [[[0, 1, 2, 3, 4, 5, 6, 7, 8, 9, 10, 11, 12, 13, 14, 15, 16, 17, 18, 19, 20], [9.79, 15.2, 55.26, 79.57, 80.99, 82.63, 82.84, 83.57, 84.25, 84.09, 85.17, 85.31, 85.28, 85.42, 85.72, 85.94, 86.45, 86.25, 86.19, 86.83, 86.91], [0, 0.005362269934266806, 0.0026640831492841244, 0.0006161950877867639, 0.0002768386038951576, 0.00016953561862464994, 0.00011480758985271677, 0.00010296684922650456, 0.00010032930731540546, 0.00010405982175143436, 9.863398736342788e-05, 0.000108049571281299, 0.0001084638643078506, 0.00010478457988938317, 0.00010750276851467788, 0.00011029984307242557, 0.00010939018102362752, 0.00011283030471531674, 0.00011823311797343194, 0.000130310989334248, 0.00012047446216456592]], [[0, 1, 2, 3, 4, 5, 6, 7, 8, 9, 10, 11, 12, 13, 14, 15, 16, 17, 18, 19, 20], [9.82, 33.68, 60.37, 77.36, 81.2, 83.02, 83.1, 84.17, 84.31, 84.59, 85.19, 85.26, 85.64, 85.94, 85.8, 86.34, 86.08, 86.25, 86.51, 86.85, 86.91], [0, 0.005377278663218021, 0.002675776369869709, 0.0006463044555857778, 0.00022878906747791916, 0.00013091933215036988, 0.0001152544718934223, 9.933431283570826e-05, 9.742809925228357e-05, 9.967882215278223e-05, 9.98501927824691e-05, 0.00010677071986719966, 0.00010309154458809644, 0.00010478365584276617, 0.00010576711792964488, 0.00011090529733337462, 0.00011121349962195382, 0.0001126510469475761, 0.00011175676627317443, 0.00011426448327256367, 0.00012146971857873723]]], "alpha": 0.7, "beta": 1.0, "gamma": 5.0, "num_samples": 6000, "node_count": 10, "density": 0.75, "startup_delay": 0.0, "forward_prob": 0}