{"nodes_data": [[[0, 1, 2, 3, 4, 5, 6, 7, 8, 9, 10, 11, 12, 13, 14, 15, 16, 17, 18, 19, 20], [10.03, 26.87, 65.7, 81.42, 83.29, 83.32, 84.32, 84.66, 85.48, 85.39, 85.53, 86.02, 86.45, 86.53, 86.79, 86.09, 86.55, 86.83, 87.1, 86.59, 86.88], [0, 0.0053594158962368965, 0.0009501625900156796, 0.0002969078777823597, 0.00011862525570904836, 9.656698966864496e-05, 8.213456021621823e-05, 8.542396244592965e-05, 8.433238690486178e-05, 9.145650255959481e-05, 9.3278125859797e-05, 9.464465983910486e-05, 9.66121006058529e-05, 9.342200064565986e-05, 9.51126785366796e-05, 0.00010606636351440102, 0.00010085311805596575, 0.00010211157496087253, 0.00010939977801172063, 0.00010914000449702144, 0.00011039252422051504]], [[0, 1, 2, 3, 4, 5, 6, 7, 8, 9, 10, 11, 12, 13, 14, 15, 16, 17, 18, 19, 20], [8.53, 23.89, 65.51, 81.73, 82.98, 83.04, 84.09, 84.62, 85.32, 85.23, 86.04, 85.9, 86.21, 86.41, 86.72, 86.45, 86.58, 86.75, 87.03, 86.98, 86.83], [0, 0.005379625130444765, 0.0009993009734898806, 0.00027122499886900187, 0.00012875758693553507, 9.9388555099722e-05, 8.37839106679894e-05, 8.838961366564035e-05, 8.53521705721505e-05, 9.372708154842257e-05, 9.985133510781452e-05, 0.00010865053627640009, 0.00010212334018433467, 0.00010224732977803797, 9.893603419186547e-05, 0.00010107119305757806, 0.000108757296402473, 0.00011074199574068189, 0.00012028296623611823, 0.00012210424756631255, 0.00010770841618068516]]], "msds": [[[0, 1, 2, 3, 4, 5, 6, 7, 8, 9, 10, 11, 12, 13, 14, 15, 16, 17, 18, 19, 20], [10.03, 26.87, 65.7, 81.42, 83.29, 83.32, 84.32, 84.66, 85.48, 85.39, 85.53, 86.02, 86.45, 86.53, 86.79, 86.09, 86.55, 86.83, 87.1, 86.59, 86.88], [0, 0.0053594158962368965, 0.0009501625900156796, 0.0002969078777823597, 0.00011862525570904836, 9.656698966864496e-05, 8.213456021621823e-05, 8.542396244592965e-05, 8.433238690486178e-05, 9.145650255959481e-05, 9.3278125859797e-05, 9.464465983910486e-05, 9.66121006058529e-05, 9.342200064565986e-05, 9.51126785366796e-05, 0.00010606636351440102, 0.00010085311805596575, 0.00010211157496087253, 0.00010939977801172063, 0.00010914000449702144, 0.00011039252422051504]], [[0, 1, 2, 3, 4, 5, 6, 7, 8, 9, 10, 11, 12, 13, 14, 15, 16, 17, 18, 19, 20], [8.86, 29.37, 60.25, 81.51, 82.86, 83.29, 84.08, 84.98, 85.35, 85.38, 85.82, 85.79, 86.17, 86.49, 86.4, 86.16, 86.8, 86.77, 86.98, 86.67, 86.88], [0, 0.005367340985685587, 0.0009691707673482597, 0.0003218284109607339, 0.00010845789802260697, 8.849378355080262e-05, 8.387306297663599e-05, 8.400456135859713e-05, 8.937107486417517e-05, 8.714750583749264e-05, 9.224657696904615e-05, 9.132283594226465e-05, 9.423762821825221e-05, 9.148998651653528e-05, 9.80085605988279e-05, 0.00010187282896367833, 0.00010348367504775524, 0.00010670662595657632, 0.00010991920134983957, 0.00011131478095194325, 0.00011584860476432368]]], "alpha": 0.7, "beta": 0.0, "gamma": 3.0, "num_samples": 6000, "node_count": 10, "density": 1.0, "startup_delay": 0.0, "forward_prob": 0}