{"nodes_data": [[[0, 1, 2, 3, 4, 5, 6, 7, 8, 9, 10, 11, 12, 13, 14, 15, 16, 17, 18, 19, 20], [4.07, 50.27, 80.2, 77.53, 82.05, 81.88, 82.33, 84.06, 84.35, 85.06, 84.38, 83.85, 84.98, 84.88, 86.07, 84.49, 85.37, 84.61, 85.77, 86.08, 85.74], [0, 0.005395655054599047, 0.0015235035680234432, 0.0010050125420093536, 0.0005955793312750757, 0.00029188540065661073, 0.0001750709634507075, 0.00016023627540562302, 0.00015466008335351944, 0.00014775371528230608, 0.00014048907905817032, 0.00013738905545324087, 0.0001389685639878735, 0.00013216712977737188, 0.0001335128181381151, 0.00013427108933683485, 0.00013547911657951772, 0.0001298554998356849, 0.0001436544262105599, 0.0001409539399901405, 0.00014064251445233822]], [[0, 1, 2, 3, 4, 5, 6, 7, 8, 9, 10, 11, 12, 13, 14, 15, 16, 17, 18, 19, 20], [19.66, 36.14, 68.65, 74.08, 81.77, 78.68, 81.04, 83.29, 80.56, 84.38, 84.08, 83.46, 84.85, 84.33, 85.21, 84.8, 85.3, 85.26, 85.72, 85.1, 86.21], [0, 0.0053748213686048985, 0.003065764904022217, 0.0011717375600710511, 0.0007919360650703311, 0.0006368004833348095, 0.0005874076159670949, 0.0005809551803395152, 0.0005535041564144194, 0.0005434756749309599, 0.0005359991337172687, 0.0005246625514701009, 0.0005352464504539967, 0.0005389351863414049, 0.0005247979424893856, 0.0005306201637722552, 0.0005376343033276498, 0.0005248580710031092, 0.0005331383435986936, 0.0005403320537880063, 0.0005334326415322721]]], "msds": [[[0, 1, 2, 3, 4, 5, 6, 7, 8, 9, 10, 11, 12, 13, 14, 15, 16, 17, 18, 19, 20], [4.07, 50.27, 80.2, 77.53, 82.05, 81.88, 82.33, 84.06, 84.35, 85.06, 84.38, 83.85, 84.98, 84.88, 86.07, 84.49, 85.37, 84.61, 85.77, 86.08, 85.74], [0, 0.005395655054599047, 0.0015235035680234432, 0.0010050125420093536, 0.0005955793312750757, 0.00029188540065661073, 0.0001750709634507075, 0.00016023627540562302, 0.00015466008335351944, 0.00014775371528230608, 0.00014048907905817032, 0.00013738905545324087, 0.0001389685639878735, 0.00013216712977737188, 0.0001335128181381151, 0.00013427108933683485, 0.00013547911657951772, 0.0001298554998356849, 0.0001436544262105599, 0.0001409539399901405, 0.00014064251445233822]], [[0, 1, 2, 3, 4, 5, 6, 7, 8, 9, 10, 11, 12, 13, 14, 15, 16, 17, 18, 19, 20], [17.84, 79.8, 34.1, 81.19, 83.09, 82.32, 81.6, 83.67, 83.53, 84.42, 84.31, 84.96, 85.0, 85.28, 84.67, 85.59, 86.01, 86.05, 85.28, 85.01, 85.93], [0, 0, 0.00554991140961647, 0.0008129084599204361, 0.0004143599362578243, 0.00021112085960339755, 0.0001839775504777208, 0.00015291690942831337, 0.0001495611504651606, 0.0001428168179700151, 0.00013842964835930616, 0.0001341738534392789, 0.00011436429485911503, 0.00014131981879472733, 0.00013481896894518286, 0.0001367487566312775, 0.0001373573613818735, 0.0001240139245055616, 0.00013599000521935523, 0.00013411807594820857, 0.00012327525473665446]]], "alpha": 0.5, "beta": 2.0, "gamma": 0.0, "num_samples": 6000, "node_count": 10, "density": 0.0, "startup_delay": 0.0, "forward_prob": 0}