{"nodes_data": [[[0, 1, 2, 3, 4, 5, 6, 7, 8, 9, 10, 11, 12, 13, 14, 15, 16, 17, 18, 19, 20], [11.0, 10.0, 53.89, 75.06, 80.72, 82.34, 83.08, 83.65, 84.41, 84.34, 85.21, 85.42, 85.44, 85.96, 85.79, 86.42, 86.45, 86.33, 86.47, 86.67, 86.56], [0, 0.005361431278288364, 0.002437158487737179, 0.000554764992557466, 0.00021372252376750112, 0.00010918634507106617, 7.662220014026389e-05, 7.208645547507331e-05, 7.383992488030344e-05, 7.468373951269314e-05, 7.50260369386524e-05, 8.005343988770619e-05, 8.297597378259525e-05, 8.338980114785954e-05, 8.476118819089606e-05, 8.403728861594573e-05, 8.857793727656826e-05, 8.568236080463976e-05, 9.302996477345005e-05, 9.327851148555055e-05, 9.602537465980276e-05]], [[0, 1, 2, 3, 4, 5, 6, 7, 8, 9, 10, 11, 12, 13, 14, 15, 16, 17, 18, 19, 20], [8.91, 10.0, 22.54, 75.35, 80.23, 82.09, 82.99, 83.46, 84.17, 84.46, 84.9, 85.6, 85.62, 86.01, 85.8, 86.35, 86.26, 86.49, 86.31, 86.83, 86.67], [0, 0.005362886004149914, 0.0029582479037344456, 0.0005714170401915908, 0.000238139764405787, 0.00012052019155817106, 7.846941298339516e-05, 7.757063576718792e-05, 7.898821058915928e-05, 7.877849566284567e-05, 7.888076652307063e-05, 8.205563062801957e-05, 8.235013228841126e-05, 8.633861580165103e-05, 8.773944136919454e-05, 8.74130564625375e-05, 8.80255684023723e-05, 8.888953016139567e-05, 9.681938536232337e-05, 8.711595728527755e-05, 9.942852921085432e-05]]], "msds": [[[0, 1, 2, 3, 4, 5, 6, 7, 8, 9, 10, 11, 12, 13, 14, 15, 16, 17, 18, 19, 20], [11.0, 10.0, 53.89, 75.06, 80.72, 82.34, 83.08, 83.65, 84.41, 84.34, 85.21, 85.42, 85.44, 85.96, 85.79, 86.42, 86.45, 86.33, 86.47, 86.67, 86.56], [0, 0.005361431278288364, 0.002437158487737179, 0.000554764992557466, 0.00021372252376750112, 0.00010918634507106617, 7.662220014026389e-05, 7.208645547507331e-05, 7.383992488030344e-05, 7.468373951269314e-05, 7.50260369386524e-05, 8.005343988770619e-05, 8.297597378259525e-05, 8.338980114785954e-05, 8.476118819089606e-05, 8.403728861594573e-05, 8.857793727656826e-05, 8.568236080463976e-05, 9.302996477345005e-05, 9.327851148555055e-05, 9.602537465980276e-05]], [[0, 1, 2, 3, 4, 5, 6, 7, 8, 9, 10, 11, 12, 13, 14, 15, 16, 17, 18, 19, 20], [10.41, 10.0, 57.5, 76.73, 81.27, 82.43, 83.32, 84.09, 84.36, 84.54, 85.33, 85.63, 85.67, 86.18, 85.87, 86.29, 86.45, 86.43, 86.5, 86.89, 86.71], [0, 0.005368854384869337, 0.0021380239631980658, 0.0005247246590442955, 0.0001905535173136741, 0.00011213724792469293, 7.751458906568587e-05, 7.694804662605748e-05, 7.972432649694383e-05, 7.661345443921164e-05, 7.963467942317948e-05, 8.151333895511925e-05, 8.446257561445236e-05, 8.615506521891803e-05, 8.814606553642079e-05, 8.937633538153023e-05, 9.139200847130269e-05, 9.220030187861994e-05, 9.653544839238748e-05, 9.150156256509945e-05, 0.00010663527791621163]]], "alpha": 0.9, "beta": 1.0, "gamma": 3.0, "num_samples": 6000, "node_count": 10, "density": 1.0, "startup_delay": 0.0, "forward_prob": 0}