{"nodes_data": [[[0, 1, 2, 3, 4, 5, 6, 7, 8, 9, 10, 11, 12, 13, 14, 15, 16, 17, 18, 19, 20], [5.28, 18.94, 18.94, 18.94, 18.94, 64.64, 81.66, 82.89, 83.42, 83.98, 84.46, 85.11, 84.8, 85.49, 85.4, 85.5, 86.05, 86.03, 86.13, 86.32, 86.75], [0, 0.0053752027451992035, 0.002458123257383704, 0.0023931930772960186, 0.0023838751949369907, 0.0014678231673315167, 0.0005466520669870079, 0.00037698150845244527, 0.00019942293874919415, 8.455719944322482e-05, 0.00011795308819273487, 7.884342630859464e-05, 6.96729839546606e-05, 6.589230906683952e-05, 7.41134281270206e-05, 7.206101872725412e-05, 7.61053161113523e-05, 7.343502511503175e-05, 8.122077269945294e-05, 7.550134614575654e-05, 6.763447890989482e-05]], [[0, 1, 2, 3, 4, 5, 6, 7, 8, 9, 10, 11, 12, 13, 14, 15, 16, 17, 18, 19, 20], [5.58, 20.5, 82.43, 82.77, 83.26, 84.13, 85.14, 85.43, 85.63, 85.45, 85.84, 85.92, 86.18, 86.62, 86.33, 86.5, 86.69, 86.99, 86.94, 87.05, 87.25], [0, 0.004855028819292784, 0.00036926325992681086, 0.00014750854461453855, 7.37257651053369e-05, 7.944271783344448e-05, 8.272327977465466e-05, 7.179247040767223e-05, 6.694412149954587e-05, 7.494831515941769e-05, 7.990963058546185e-05, 7.999635272426531e-05, 8.119730046018958e-05, 7.843007188057527e-05, 8.223343320423737e-05, 8.503743447363377e-05, 7.685142918489873e-05, 8.405846892856061e-05, 7.047726103337482e-05, 8.850597805576399e-05, 8.259127935161814e-05]]], "msds": [[[0, 1, 2, 3, 4, 5, 6, 7, 8, 9, 10, 11, 12, 13, 14, 15, 16, 17, 18, 19, 20], [5.28, 18.94, 18.94, 18.94, 18.94, 64.64, 81.66, 82.89, 83.42, 83.98, 84.46, 85.11, 84.8, 85.49, 85.4, 85.5, 86.05, 86.03, 86.13, 86.32, 86.75], [0, 0.0053752027451992035, 0.002458123257383704, 0.0023931930772960186, 0.0023838751949369907, 0.0014678231673315167, 0.0005466520669870079, 0.00037698150845244527, 0.00019942293874919415, 8.455719944322482e-05, 0.00011795308819273487, 7.884342630859464e-05, 6.96729839546606e-05, 6.589230906683952e-05, 7.41134281270206e-05, 7.206101872725412e-05, 7.61053161113523e-05, 7.343502511503175e-05, 8.122077269945294e-05, 7.550134614575654e-05, 6.763447890989482e-05]], [[0, 1, 2, 3, 4, 5, 6, 7, 8, 9, 10, 11, 12, 13, 14, 15, 16, 17, 18, 19, 20], [12.21, 57.12, 77.67, 79.87, 83.43, 83.53, 84.69, 84.88, 84.9, 85.16, 85.29, 85.63, 86.16, 86.59, 86.01, 86.74, 86.79, 86.89, 86.43, 86.8, 86.24], [0, 0.0046251993626356125, 0.001257662195712328, 0.0002709099790081382, 0.0001228227192768827, 0.00010510037827771157, 6.431387737393379e-05, 7.536453631473705e-05, 7.395661668851972e-05, 7.588158769067377e-05, 7.472209836123511e-05, 7.5491116149351e-05, 6.302321708062664e-05, 8.257929584942758e-05, 7.372543041128665e-05, 6.456105620600283e-05, 8.145662286551669e-05, 6.441099685616791e-05, 6.866853800602257e-05, 7.139754598028958e-05, 4.5880409743404016e-05]]], "alpha": 1.0, "beta": 1.0, "gamma": 3.0, "num_samples": 6000, "node_count": 10, "density": 0.15, "startup_delay": 0.0, "forward_prob": 0}