{"nodes_data": [[[0, 1, 2, 3, 4, 5, 6, 7, 8, 9, 10, 11, 12, 13, 14, 15, 16, 17, 18, 19, 20], [9.61, 10.0, 78.06, 77.13, 83.18, 82.9, 81.17, 82.89, 81.05, 84.1, 84.48, 84.96, 84.73, 85.21, 85.45, 84.51, 85.21, 85.72, 85.74, 85.5, 86.08], [0, 0.005374102387577295, 0.0018113806145265698, 0.0007481365464627743, 8.540378621546552e-05, 7.58729365770705e-05, 7.943351374706253e-05, 8.148015331244096e-05, 8.10532146715559e-05, 8.054110367083922e-05, 8.904075366444886e-05, 9.754592610988766e-05, 0, 6.982304330449551e-05, 8.37712868815288e-05, 0, 7.118504436220974e-05, 6.0260605096118525e-05, 6.376537930918857e-05, 6.47198103251867e-05, 9.946412319550291e-05]], [[0, 1, 2, 3, 4, 5, 6, 7, 8, 9, 10, 11, 12, 13, 14, 15, 16, 17, 18, 19, 20], [7.64, 79.12, 79.57, 77.13, 83.18, 82.9, 81.17, 82.89, 81.05, 84.1, 84.48, 83.16, 84.73, 85.21, 85.44, 86.22, 86.31, 86.73, 86.67, 86.66, 86.87], [0, 0.005358160473406315, 0, 0, 0, 0, 0, 0, 0, 0, 0, 0, 0.00012117333972128108, 0, 0, 0.00011192640522494912, 9.985840006265789e-05, 8.791688742348924e-05, 0.00011531071504577994, 9.591870184522122e-05, 9.956648864317685e-05]]], "msds": [[[0, 1, 2, 3, 4, 5, 6, 7, 8, 9, 10, 11, 12, 13, 14, 15, 16, 17, 18, 19, 20], [9.61, 10.0, 78.06, 77.13, 83.18, 82.9, 81.17, 82.89, 81.05, 84.1, 84.48, 84.96, 84.73, 85.21, 85.45, 84.51, 85.21, 85.72, 85.74, 85.5, 86.08], [0, 0.005374102387577295, 0.0018113806145265698, 0.0007481365464627743, 8.540378621546552e-05, 7.58729365770705e-05, 7.943351374706253e-05, 8.148015331244096e-05, 8.10532146715559e-05, 8.054110367083922e-05, 8.904075366444886e-05, 9.754592610988766e-05, 0, 6.982304330449551e-05, 8.37712868815288e-05, 0, 7.118504436220974e-05, 6.0260605096118525e-05, 6.376537930918857e-05, 6.47198103251867e-05, 9.946412319550291e-05]], [[0, 1, 2, 3, 4, 5, 6, 7, 8, 9, 10, 11, 12, 13, 14, 15, 16, 17, 18, 19, 20], [12.22, 11.48, 79.16, 82.39, 83.05, 84.67, 84.53, 85.38, 85.28, 85.16, 85.43, 85.58, 86.0, 86.36, 86.64, 86.83, 87.09, 86.72, 87.09, 87.11, 87.33], [0, 0.0053637586534023285, 0.0012607233365997672, 0.0007478850311599672, 0.0002610144147183746, 0.00022157108469400555, 0.00010848780948435888, 0.000117545023385901, 0.00010444404324516654, 0.00010224511061096564, 0.0001069780410034582, 0.00011426192213548347, 0.00010102146188728511, 0.0001010332562145777, 0.00010273271618643776, 0.00010327906056772918, 0.000105963961686939, 0.00010323831520508975, 0.00010089952411362901, 0.00010126677807420492, 0.00010070117423310876]]], "alpha": 1.0, "beta": 0.0, "gamma": 0.0, "num_samples": 6000, "node_count": 10, "density": 1.0, "startup_delay": 0.0, "forward_prob": 0}