{"nodes_data": [[[0, 1, 2, 3, 4, 5, 6, 7, 8, 9, 10, 11, 12, 13, 14, 15, 16, 17, 18, 19, 20], [9.19, 57.2, 32.22, 59.01, 79.41, 81.72, 82.91, 83.55, 84.17, 84.45, 84.71, 84.97, 85.03, 85.42, 85.68, 86.12, 85.28, 85.59, 85.75, 86.67, 86.49], [0, 0.005352297332137823, 0.003455732949078083, 0.0013578681973740458, 0.0007938614580780268, 0.0005168011412024498, 0.0002598955761641264, 0.0002236352738691494, 0.0001602357078809291, 0.00014355620078276843, 0.00012738659279420972, 0.00012174795847386122, 0.00011649051157291979, 0.00011473109771031886, 0.00012706368579529226, 0.00014523624849971384, 0.00014139458653517067, 0.000125706079415977, 0.000138673436595127, 0.00013490149285644293, 0.00013858174497727305]], [[0, 1, 2, 3, 4, 5, 6, 7, 8, 9, 10, 11, 12, 13, 14, 15, 16, 17, 18, 19, 20], [7.32, 55.26, 35.92, 73.8, 80.81, 81.32, 82.96, 83.29, 84.35, 84.19, 85.1, 84.99, 85.31, 84.28, 83.81, 85.79, 84.67, 86.07, 85.85, 86.5, 86.56], [0, 0.005346082150936127, 0.0033663874492049217, 0.0014932042686268687, 0.0007313602836802602, 0.0005084769218228757, 0.00032663412275724113, 0.00024474403471685946, 0.0002121899597113952, 0.0001811646798159927, 0.00015704796533100307, 0.00014433689648285508, 0.0001318771974183619, 0, 0, 0.00021074236428830773, 0.00014637292770203203, 0.0001140309395850636, 0.00012668798444792628, 0.0001565274433232844, 0.00012881738075520843]]], "msds": [[[0, 1, 2, 3, 4, 5, 6, 7, 8, 9, 10, 11, 12, 13, 14, 15, 16, 17, 18, 19, 20], [9.19, 57.2, 32.22, 59.01, 79.41, 81.72, 82.91, 83.55, 84.17, 84.45, 84.71, 84.97, 85.03, 85.42, 85.68, 86.12, 85.28, 85.59, 85.75, 86.67, 86.49], [0, 0.005352297332137823, 0.003455732949078083, 0.0013578681973740458, 0.0007938614580780268, 0.0005168011412024498, 0.0002598955761641264, 0.0002236352738691494, 0.0001602357078809291, 0.00014355620078276843, 0.00012738659279420972, 0.00012174795847386122, 0.00011649051157291979, 0.00011473109771031886, 0.00012706368579529226, 0.00014523624849971384, 0.00014139458653517067, 0.000125706079415977, 0.000138673436595127, 0.00013490149285644293, 0.00013858174497727305]], [[0, 1, 2, 3, 4, 5, 6, 7, 8, 9, 10, 11, 12, 13, 14, 15, 16, 17, 18, 19, 20], [11.07, 10.0, 71.57, 60.47, 79.98, 82.07, 83.2, 83.26, 83.72, 84.54, 85.01, 84.95, 85.11, 85.31, 85.81, 85.92, 85.61, 86.22, 86.55, 86.61, 86.52], [0, 0.00538734020665288, 0.0020748735405504704, 0.0012782870326191187, 0.0005644456250593066, 0.00032148027094081044, 0.00023812538711354136, 0.00020147612667642534, 0.0001612352061783895, 0.0001344826159765944, 0.000133838300826028, 0.00012562183837871999, 0.00011876404460053891, 0.00011490335600683466, 0.00010542960808379576, 0.00011574267409741879, 0.00011451060709077865, 0.00011483452544780448, 0.0001175560537376441, 0.00012218921619933099, 0.00011698885646183044]]], "alpha": 0.0, "beta": 1.0, "gamma": 0.0, "num_samples": 6000, "node_count": 10, "density": 0.15, "startup_delay": 0.0, "forward_prob": 0}