{"nodes_data": [[[0, 1, 2, 3, 4, 5, 6, 7, 8, 9, 10, 11, 12, 13, 14, 15, 16, 17, 18, 19, 20], [8.09, 69.61, 72.77, 60.82, 75.34, 79.54, 82.54, 83.25, 84.03, 83.93, 84.49, 84.8, 84.85, 85.64, 85.53, 85.79, 85.37, 85.75, 86.16, 86.21, 86.9], [0, 0.005369806196540594, 0.0034345989115536213, 0.0013152937171980739, 0.0007841433980502188, 0.0005327698308974504, 0.0003262472164351493, 0.0002257816813653335, 0.00019187545694876462, 0.0001646443415665999, 0.00015916455595288426, 0.00015513434482272714, 0.00015150272520259023, 0.00014524687139783055, 0.0001461665378883481, 0.00015801088011357933, 0.00015708929277025163, 0.00015371110930573195, 0.00015816582890693098, 0.00015592497948091477, 0.000171145104104653]], [[0, 1, 2, 3, 4, 5, 6, 7, 8, 9, 10, 11, 12, 13, 14, 15, 16, 17, 18, 19, 20], [12.5, 63.39, 66.5, 65.39, 79.38, 81.43, 81.88, 82.56, 84.01, 84.52, 84.0, 85.13, 85.34, 85.59, 85.9, 85.33, 85.57, 85.91, 86.03, 85.78, 86.31], [0, 0.0053819590248167515, 0.002604101551696658, 0.0011463520349934697, 0.0007313917740248144, 0.0004667235189117491, 0.0003105189825873822, 0.00021179956092964858, 0.00017972940986510366, 0.00016850631800480187, 0.00015669803542550653, 0.00015480910951737314, 0.00015623211220372468, 0.00014692566765006632, 0.000155868154251948, 0.00015776275540702045, 0.00015274893667083234, 0.00015944283222779632, 0.00015525096387136728, 0.00015579214959871024, 0.00015946209896355867]]], "msds": [[[0, 1, 2, 3, 4, 5, 6, 7, 8, 9, 10, 11, 12, 13, 14, 15, 16, 17, 18, 19, 20], [8.09, 69.61, 72.77, 60.82, 75.34, 79.54, 82.54, 83.25, 84.03, 83.93, 84.49, 84.8, 84.85, 85.64, 85.53, 85.79, 85.37, 85.75, 86.16, 86.21, 86.9], [0, 0.005369806196540594, 0.0034345989115536213, 0.0013152937171980739, 0.0007841433980502188, 0.0005327698308974504, 0.0003262472164351493, 0.0002257816813653335, 0.00019187545694876462, 0.0001646443415665999, 0.00015916455595288426, 0.00015513434482272714, 0.00015150272520259023, 0.00014524687139783055, 0.0001461665378883481, 0.00015801088011357933, 0.00015708929277025163, 0.00015371110930573195, 0.00015816582890693098, 0.00015592497948091477, 0.000171145104104653]], [[0, 1, 2, 3, 4, 5, 6, 7, 8, 9, 10, 11, 12, 13, 14, 15, 16, 17, 18, 19, 20], [10.47, 66.61, 67.28, 65.91, 77.72, 81.06, 83.08, 83.17, 83.52, 84.47, 84.56, 85.11, 85.64, 85.13, 85.46, 86.16, 85.99, 86.3, 86.67, 85.81, 86.31], [0, 0.005357109475880861, 0.0028597782365977764, 0.0011004843981936574, 0.0007837414741516113, 0.0005471717449836433, 0.0003509596863295883, 0.00023830370628274977, 0.00019980128854513168, 0.00017307701637037098, 0.00016166931891348213, 0.00015632313443347812, 0.00015286795678548515, 0.0001469811104470864, 0.00014794293383602053, 0.00014821125660091639, 0.00014800515782553703, 0.00015455015818588436, 0.00015191224520094693, 0.00015774049097672105, 0.00015729803999420255]]], "alpha": 0.5, "beta": 1.0, "gamma": 5.0, "num_samples": 6000, "node_count": 10, "density": 1.0, "startup_delay": 0.0, "forward_prob": 0}