{"nodes_data": [[[0, 1, 2, 3, 4, 5, 6, 7, 8, 9, 10, 11, 12, 13, 14, 15, 16, 17, 18, 19, 20], [4.64, 10.02, 10.0, 72.17, 80.49, 81.72, 83.1, 83.66, 84.33, 84.46, 85.01, 85.29, 85.03, 85.45, 85.37, 85.81, 86.07, 85.87, 86.35, 86.51, 86.44], [0, 0.005366455763578415, 0.0024391179904341698, 0.0008084833389148116, 0.0003065697383135557, 0.00022577009804081172, 0.00011865475971717387, 7.546552660642192e-05, 8.011018508113921e-05, 7.229641050798818e-05, 7.167377043515444e-05, 7.349928637268022e-05, 7.420146721415222e-05, 7.714352977927774e-05, 7.560514495708048e-05, 7.932205335237086e-05, 8.187830098904669e-05, 8.533089567208663e-05, 8.833165338728577e-05, 8.784604142419994e-05, 9.227046393789351e-05]], [[0, 1, 2, 3, 4, 5, 6, 7, 8, 9, 10, 11, 12, 13, 14, 15, 16, 17, 18, 19, 20], [10.03, 37.77, 49.97, 70.41, 80.97, 82.44, 82.99, 83.5, 84.14, 84.45, 84.67, 85.15, 85.26, 85.15, 85.58, 85.8, 86.19, 85.87, 86.24, 86.05, 86.5], [0, 0.005391974467784166, 0.002176685957238078, 0.0007801945903338492, 0.0004085456021130085, 0.00017997667600866407, 9.273146133637056e-05, 8.856424392433837e-05, 7.302818994503468e-05, 7.065785030135885e-05, 7.038482726784423e-05, 6.898481660755351e-05, 7.030994311207905e-05, 7.31051477487199e-05, 7.544509571744129e-05, 8.133642404573038e-05, 8.499317482346669e-05, 8.035931386984885e-05, 8.799508213996887e-05, 8.409316069446504e-05, 8.91803574631922e-05]]], "msds": [[[0, 1, 2, 3, 4, 5, 6, 7, 8, 9, 10, 11, 12, 13, 14, 15, 16, 17, 18, 19, 20], [4.64, 10.02, 10.0, 72.17, 80.49, 81.72, 83.1, 83.66, 84.33, 84.46, 85.01, 85.29, 85.03, 85.45, 85.37, 85.81, 86.07, 85.87, 86.35, 86.51, 86.44], [0, 0.005366455763578415, 0.0024391179904341698, 0.0008084833389148116, 0.0003065697383135557, 0.00022577009804081172, 0.00011865475971717387, 7.546552660642192e-05, 8.011018508113921e-05, 7.229641050798818e-05, 7.167377043515444e-05, 7.349928637268022e-05, 7.420146721415222e-05, 7.714352977927774e-05, 7.560514495708048e-05, 7.932205335237086e-05, 8.187830098904669e-05, 8.533089567208663e-05, 8.833165338728577e-05, 8.784604142419994e-05, 9.227046393789351e-05]], [[0, 1, 2, 3, 4, 5, 6, 7, 8, 9, 10, 11, 12, 13, 14, 15, 16, 17, 18, 19, 20], [2.68, 10.0, 10.0, 67.67, 81.67, 82.48, 83.07, 83.71, 84.47, 84.2, 85.0, 85.18, 85.22, 85.48, 85.69, 85.83, 86.13, 85.89, 86.35, 86.47, 86.5], [0, 0.005371139384806156, 0.0028744051232934, 0.0007865595980547369, 0.00022342214651871473, 0.00015057952259667218, 9.842874715104699e-05, 7.726449257461354e-05, 7.12864930392243e-05, 6.964048225199804e-05, 7.070381252560765e-05, 7.089255086611956e-05, 7.446280505973846e-05, 7.099880167515948e-05, 7.713884406257421e-05, 8.204420009860769e-05, 8.299479668494314e-05, 8.651964890304953e-05, 8.179419819498435e-05, 8.843847899697721e-05, 8.9695917267818e-05]]], "alpha": 1.0, "beta": 1.0, "gamma": 3.0, "num_samples": 6000, "node_count": 10, "density": 0.75, "startup_delay": 0.0, "forward_prob": 0}