{"nodes_data": [[[0, 1, 2, 3, 4, 5, 6, 7, 8, 9, 10, 11, 12, 13, 14, 15, 16, 17, 18, 19, 20], [10.88, 71.78, 68.23, 73.7, 76.5, 80.52, 82.31, 83.12, 83.07, 83.11, 83.58, 84.35, 84.43, 83.73, 84.5, 84.92, 85.28, 85.4, 85.49, 86.03, 86.23], [0, 0.005386275239288807, 0.0032719713635742664, 0.0027803010307252407, 0.002352465409785509, 0.0022405011113733053, 0.000891299219802022, 0.0008684786153025925, 0.0008603418245911598, 0.0007414756109938025, 0.0005066766170784831, 0.0004959157668054104, 0.000281248678220436, 0.0003825349558610469, 0.00025294627994298935, 0.00029749993700534105, 0.0002072641800623387, 0.0002625317720230669, 0.0001843534264480695, 0.00016778452845755965, 0.00023301801411435008]], [[0, 1, 2, 3, 4, 5, 6, 7, 8, 9, 10, 11, 12, 13, 14, 15, 16, 17, 18, 19, 20], [10.12, 62.09, 66.34, 70.49, 81.06, 82.19, 81.47, 82.98, 83.9, 84.09, 84.42, 84.83, 83.79, 85.23, 85.2, 85.37, 85.83, 86.04, 85.16, 85.93, 85.13], [0, 0.004956699442118406, 0.002853776328265667, 0.0023595013190060854, 0.0009515677229501307, 0.0009078705334104598, 0.000876660633366555, 0.0007727639167569578, 0.0005715183215215802, 0.00046374613884836435, 0.00038910467992536724, 0.0003294492489658296, 0.000300519575830549, 0.0002337284677196294, 0.0002555041864980012, 0.00020733832207042724, 0.00023217106354422867, 0.00019525710376910865, 0.00020945435971952975, 0.00019441579934209585, 0.00019631448958534747]]], "msds": [[[0, 1, 2, 3, 4, 5, 6, 7, 8, 9, 10, 11, 12, 13, 14, 15, 16, 17, 18, 19, 20], [10.88, 71.78, 68.23, 73.7, 76.5, 80.52, 82.31, 83.12, 83.07, 83.11, 83.58, 84.35, 84.43, 83.73, 84.5, 84.92, 85.28, 85.4, 85.49, 86.03, 86.23], [0, 0.005386275239288807, 0.0032719713635742664, 0.0027803010307252407, 0.002352465409785509, 0.0022405011113733053, 0.000891299219802022, 0.0008684786153025925, 0.0008603418245911598, 0.0007414756109938025, 0.0005066766170784831, 0.0004959157668054104, 0.000281248678220436, 0.0003825349558610469, 0.00025294627994298935, 0.00029749993700534105, 0.0002072641800623387, 0.0002625317720230669, 0.0001843534264480695, 0.00016778452845755965, 0.00023301801411435008]], [[0, 1, 2, 3, 4, 5, 6, 7, 8, 9, 10, 11, 12, 13, 14, 15, 16, 17, 18, 19, 20], [3.8, 54.5, 81.18, 82.51, 83.98, 84.3, 84.21, 85.75, 85.47, 85.44, 85.66, 85.9, 85.49, 86.24, 86.34, 85.63, 86.25, 86.53, 86.09, 86.15, 86.99], [0, 0.004029674455523491, 0.0009477634448558092, 0.0005510883638635278, 0.0003424497554078698, 0.0002613136311993003, 0.0002262447087559849, 0.000200950336875394, 0.00018753731274046004, 0.00016040676564443856, 0.00014436233323067427, 0.0001407073432346806, 0.00013664932339452207, 0.00013368330837693065, 0.00011825696856249124, 9.904625767376274e-05, 0.00011468301090644673, 0.00011883350816788152, 0.00011983946023974568, 0.00011669538071146235, 0.00011202217865502462]]], "alpha": 0.5, "beta": 2.0, "gamma": 5.0, "num_samples": 6000, "node_count": 10, "density": 0.15, "startup_delay": 0.0, "forward_prob": 0}