{"nodes_data": [[[0, 1, 2, 3, 4, 5, 6, 7, 8, 9, 10, 11, 12, 13, 14, 15, 16, 17, 18, 19, 20], [10.8, 10.0, 66.28, 81.42, 83.56, 82.99, 84.85, 85.15, 85.56, 85.86, 85.75, 85.71, 86.03, 86.53, 86.64, 87.18, 86.67, 86.8, 86.91, 87.13, 87.22], [0, 0.005362886004149914, 0.0009934436529874802, 0.00023150676861405373, 0.0001188360110973008, 0.00011696643196046352, 9.120293543674052e-05, 7.146920688683167e-05, 7.836207078071311e-05, 8.461796824121848e-05, 8.126613829517737e-05, 8.675926801515743e-05, 8.802357478998601e-05, 8.75417681527324e-05, 9.198659245157614e-05, 9.561917977407575e-05, 9.297655924456194e-05, 0.0001041895811795257, 0.00010874239524127916, 0.00010614656639518216, 0.00010618379747029394]], [[0, 1, 2, 3, 4, 5, 6, 7, 8, 9, 10, 11, 12, 13, 14, 15, 16, 17, 18, 19, 20], [9.88, 20.31, 67.04, 81.59, 83.56, 84.0, 84.39, 85.47, 85.28, 85.88, 86.11, 85.95, 86.14, 86.65, 86.73, 87.12, 86.82, 86.57, 87.07, 87.15, 87.41], [0, 0.005371834617108107, 0.0007948816055431962, 0.000198961075511761, 0.00013381955795921385, 9.203801164403558e-05, 8.899653039406985e-05, 9.453570237383246e-05, 7.055611786199734e-05, 8.11304707895033e-05, 7.988669676706195e-05, 8.649411029182374e-05, 9.164192306343466e-05, 8.922949928091839e-05, 9.305812272941694e-05, 9.990490070777014e-05, 0.00010085420217365026, 0.00010556900087976828, 0.00010991034650942311, 0.0001041907089529559, 0.00010251947969663888]]], "msds": [[[0, 1, 2, 3, 4, 5, 6, 7, 8, 9, 10, 11, 12, 13, 14, 15, 16, 17, 18, 19, 20], [10.8, 10.0, 66.28, 81.42, 83.56, 82.99, 84.85, 85.15, 85.56, 85.86, 85.75, 85.71, 86.03, 86.53, 86.64, 87.18, 86.67, 86.8, 86.91, 87.13, 87.22], [0, 0.005362886004149914, 0.0009934436529874802, 0.00023150676861405373, 0.0001188360110973008, 0.00011696643196046352, 9.120293543674052e-05, 7.146920688683167e-05, 7.836207078071311e-05, 8.461796824121848e-05, 8.126613829517737e-05, 8.675926801515743e-05, 8.802357478998601e-05, 8.75417681527324e-05, 9.198659245157614e-05, 9.561917977407575e-05, 9.297655924456194e-05, 0.0001041895811795257, 0.00010874239524127916, 0.00010614656639518216, 0.00010618379747029394]], [[0, 1, 2, 3, 4, 5, 6, 7, 8, 9, 10, 11, 12, 13, 14, 15, 16, 17, 18, 19, 20], [11.99, 10.05, 77.87, 81.84, 83.55, 84.36, 84.69, 84.18, 85.26, 84.96, 85.56, 85.44, 85.25, 85.84, 86.75, 86.63, 86.82, 86.94, 87.17, 87.35, 87.33], [0, 0.005386393517255783, 0.0012488901847973466, 0.0003761189873330295, 0.00010448927787365392, 8.401730883633718e-05, 8.083792636170983e-05, 8.32291116239503e-05, 8.480437099933624e-05, 8.880501263774931e-05, 9.164070797851309e-05, 8.901699038688093e-05, 8.983027510112152e-05, 9.350525215268135e-05, 9.917239367496222e-05, 9.401464922120795e-05, 9.805097215576097e-05, 0.00010007678065449, 0.00010615611245157197, 0.00010444130748510361, 0.00010549544094828889]]], "alpha": 0.0, "beta": 0.0, "gamma": 1.0, "num_samples": 6000, "node_count": 10, "density": 1.0, "startup_delay": 0.0, "forward_prob": 0}