{"nodes_data": [[[0, 1, 2, 3, 4, 5, 6, 7, 8, 9, 10, 11, 12, 13, 14, 15, 16, 17, 18, 19, 20], [5.54, 16.2, 41.67, 76.1, 81.86, 82.11, 83.28, 83.56, 84.12, 84.71, 84.7, 85.21, 85.28, 84.64, 85.72, 85.73, 85.72, 86.25, 85.77, 85.9, 86.61], [0, 0.005370904691517353, 0.002558463253080845, 0.0007230400806292892, 0.00027027586475014687, 0.00011416639608796686, 9.175034938380122e-05, 7.70508122514002e-05, 7.468232797691599e-05, 7.59736867621541e-05, 7.605773134855554e-05, 7.91372440289706e-05, 8.471959881717339e-05, 8.713296119822189e-05, 8.6012645624578e-05, 8.705270738573745e-05, 9.168541146209463e-05, 9.397959365742281e-05, 9.780134132597595e-05, 9.78043899522163e-05, 9.607165702618659e-05]], [[0, 1, 2, 3, 4, 5, 6, 7, 8, 9, 10, 11, 12, 13, 14, 15, 16, 17, 18, 19, 20], [10.97, 10.0, 60.89, 80.38, 81.42, 83.02, 82.75, 83.78, 84.21, 84.85, 84.57, 85.14, 85.16, 85.23, 85.67, 85.44, 85.9, 86.11, 86.12, 86.19, 86.45], [0, 0.005365077871829271, 0.0013254375662654638, 0.0005101196002215147, 0.00018925531185232103, 0.00010877342720050365, 9.040549048222601e-05, 7.633060886291787e-05, 7.826703222235665e-05, 7.818443555152044e-05, 7.613721390953287e-05, 8.614671969553456e-05, 8.644450281281024e-05, 9.671451698523015e-05, 8.660507592139766e-05, 8.988407353172079e-05, 9.000197314890102e-05, 9.285868145525455e-05, 9.614125156076625e-05, 0.00010479737829882652, 0.00010497395851416513]]], "msds": [[[0, 1, 2, 3, 4, 5, 6, 7, 8, 9, 10, 11, 12, 13, 14, 15, 16, 17, 18, 19, 20], [5.54, 16.2, 41.67, 76.1, 81.86, 82.11, 83.28, 83.56, 84.12, 84.71, 84.7, 85.21, 85.28, 84.64, 85.72, 85.73, 85.72, 86.25, 85.77, 85.9, 86.61], [0, 0.005370904691517353, 0.002558463253080845, 0.0007230400806292892, 0.00027027586475014687, 0.00011416639608796686, 9.175034938380122e-05, 7.70508122514002e-05, 7.468232797691599e-05, 7.59736867621541e-05, 7.605773134855554e-05, 7.91372440289706e-05, 8.471959881717339e-05, 8.713296119822189e-05, 8.6012645624578e-05, 8.705270738573745e-05, 9.168541146209463e-05, 9.397959365742281e-05, 9.780134132597595e-05, 9.78043899522163e-05, 9.607165702618659e-05]], [[0, 1, 2, 3, 4, 5, 6, 7, 8, 9, 10, 11, 12, 13, 14, 15, 16, 17, 18, 19, 20], [8.46, 10.0, 33.7, 70.26, 81.65, 82.08, 83.17, 83.34, 84.07, 84.56, 84.77, 85.23, 85.23, 85.11, 85.67, 85.74, 85.9, 86.27, 86.08, 86.0, 86.58], [0, 0.0053661782294511795, 0.0027552242390811443, 0.0007496103644371033, 0.00030419169343076646, 0.00012551159306894988, 9.009874338516966e-05, 7.882386853452772e-05, 7.522387750213966e-05, 7.495717727579176e-05, 7.508906855946407e-05, 7.945208926685154e-05, 8.16301180748269e-05, 8.601244917372242e-05, 8.687813533470035e-05, 8.872312173480168e-05, 9.27323053474538e-05, 9.634322486817837e-05, 9.662246884545311e-05, 9.720687376102433e-05, 9.922317985910922e-05]]], "alpha": 0.0, "beta": 1.0, "gamma": 3.0, "num_samples": 6000, "node_count": 10, "density": 0.75, "startup_delay": 0.0, "forward_prob": 0}