{"nodes_data": [[[0, 1, 2, 3, 4, 5, 6, 7, 8, 9, 10, 11, 12, 13, 14, 15, 16, 17, 18, 19, 20], [7.92, 58.64, 71.69, 65.19, 71.42, 80.59, 82.38, 83.47, 83.66, 82.82, 84.83, 84.62, 85.73, 85.57, 85.42, 85.69, 86.03, 86.17, 86.01, 86.63, 86.27], [0, 0.005376848392188549, 0.0034483589697629213, 0.0013873603893443942, 0.0008165460894815624, 0.0005312747089192271, 0.0003371871425770223, 0.00023911976313684136, 0.0001961467060027644, 0.00017804576782509685, 0.00015872722724452615, 0.0001566273276694119, 0.00015336487558670342, 0.0001475581811973825, 0.0001510050642536953, 0.00015655816241633147, 0.0001522720413049683, 0.00015715506742708385, 0.00015428500773850828, 0.0001680588466115296, 0.00015547932707704604]], [[0, 1, 2, 3, 4, 5, 6, 7, 8, 9, 10, 11, 12, 13, 14, 15, 16, 17, 18, 19, 20], [10.1, 58.7, 63.07, 63.16, 75.24, 81.67, 83.04, 83.82, 84.12, 84.27, 84.35, 84.78, 85.13, 84.53, 85.53, 85.57, 86.04, 86.37, 86.45, 86.43, 86.91], [0, 0.005370502360165119, 0.002958944533020258, 0.0012651958968490362, 0.0008091493509709835, 0.0005403511459007859, 0.0003512923722155392, 0.0002524335286580026, 0.00019886299560312182, 0.00017885174020193517, 0.00017085499712266028, 0.00016042683273553848, 0.00015897264529485255, 0.00015657543553970754, 0.0001508164859842509, 0.00015878210251685232, 0.00015356665244325995, 0.0001496059849159792, 0.00015207707474473864, 0.00015555172285530716, 0.000157347007188946]]], "msds": [[[0, 1, 2, 3, 4, 5, 6, 7, 8, 9, 10, 11, 12, 13, 14, 15, 16, 17, 18, 19, 20], [7.92, 58.64, 71.69, 65.19, 71.42, 80.59, 82.38, 83.47, 83.66, 82.82, 84.83, 84.62, 85.73, 85.57, 85.42, 85.69, 86.03, 86.17, 86.01, 86.63, 86.27], [0, 0.005376848392188549, 0.0034483589697629213, 0.0013873603893443942, 0.0008165460894815624, 0.0005312747089192271, 0.0003371871425770223, 0.00023911976313684136, 0.0001961467060027644, 0.00017804576782509685, 0.00015872722724452615, 0.0001566273276694119, 0.00015336487558670342, 0.0001475581811973825, 0.0001510050642536953, 0.00015655816241633147, 0.0001522720413049683, 0.00015715506742708385, 0.00015428500773850828, 0.0001680588466115296, 0.00015547932707704604]], [[0, 1, 2, 3, 4, 5, 6, 7, 8, 9, 10, 11, 12, 13, 14, 15, 16, 17, 18, 19, 20], [11.58, 55.27, 69.18, 65.01, 77.06, 82.32, 83.48, 84.1, 84.1, 84.97, 84.27, 85.28, 85.48, 85.27, 85.74, 86.11, 85.53, 86.75, 86.56, 86.38, 86.94], [0, 0.005371867213398218, 0.0034911208786070347, 0.00089598901104182, 0.0006947159999981523, 0.00044073944445699453, 0.0002633892581798136, 0.00020692804537247866, 0.00017946517618838698, 0.00016369491640944034, 0.00016168627189472318, 0.00015545009227935225, 0.00014792177535127848, 0.000143816476338543, 0.00015134370187297463, 0.00015295777120627463, 0.00015006470493972301, 0.00014994318189565092, 0.00015566164802294225, 0.0001616963854758069, 0.00015374751819763333]]], "alpha": 0.5, "beta": 1.0, "gamma": 2.0, "num_samples": 6000, "node_count": 10, "density": 1.0, "startup_delay": 0.0, "forward_prob": 0}