{"nodes_data": [[[0, 1, 2, 3, 4, 5, 6, 7, 8, 9, 10, 11, 12, 13, 14, 15, 16, 17, 18, 19, 20], [10.2, 67.98, 45.97, 79.87, 82.32, 82.23, 83.69, 83.99, 84.47, 85.41, 85.48, 86.18, 85.51, 86.38, 86.16, 86.45, 86.68, 86.65, 86.2, 86.8, 86.99], [0, 0.0053580142557621, 0.0017814983148127794, 0.0008830434526316822, 0.000503566290717572, 0.0003178291954100132, 0.00021182032651267946, 0.00017318769823759794, 0.00016225299623329192, 0.00015735183842480183, 0.00015639980847481638, 0.00015236317995004356, 0.00014879179070703685, 0.00015126321522984654, 0.00015838207036722451, 0.00015263511158991605, 0.0001540766388643533, 0.00015861648716963828, 0.00015152890409808606, 0.00015265152615029365, 0.00015747536963317543]], [[0, 1, 2, 3, 4, 5, 6, 7, 8, 9, 10, 11, 12, 13, 14, 15, 16, 17, 18, 19, 20], [10.82, 66.42, 54.42, 74.28, 81.42, 82.62, 83.36, 84.29, 85.26, 85.26, 84.74, 85.27, 85.45, 86.21, 86.08, 86.59, 86.74, 85.49, 87.0, 86.7, 86.83], [0, 0.005368900019675493, 0.0016894408036023378, 0.0008716284646652639, 0.000527155352756381, 0.00030643356149084866, 0.00021687333355657756, 0.0001710055221337825, 0.00015617614553775638, 0.000149447878357023, 0.00015564791101496667, 0.0001534187322249636, 0.0001511769078206271, 0.00015536227147094905, 0.00015776659711264074, 0.00015550333773717284, 0.00014956522500142455, 0.00016298878472298384, 0.00015487424388993531, 0.0001568217558087781, 0.00015831171185709536]]], "msds": [[[0, 1, 2, 3, 4, 5, 6, 7, 8, 9, 10, 11, 12, 13, 14, 15, 16, 17, 18, 19, 20], [10.2, 67.98, 45.97, 79.87, 82.32, 82.23, 83.69, 83.99, 84.47, 85.41, 85.48, 86.18, 85.51, 86.38, 86.16, 86.45, 86.68, 86.65, 86.2, 86.8, 86.99], [0, 0.0053580142557621, 0.0017814983148127794, 0.0008830434526316822, 0.000503566290717572, 0.0003178291954100132, 0.00021182032651267946, 0.00017318769823759794, 0.00016225299623329192, 0.00015735183842480183, 0.00015639980847481638, 0.00015236317995004356, 0.00014879179070703685, 0.00015126321522984654, 0.00015838207036722451, 0.00015263511158991605, 0.0001540766388643533, 0.00015861648716963828, 0.00015152890409808606, 0.00015265152615029365, 0.00015747536963317543]], [[0, 1, 2, 3, 4, 5, 6, 7, 8, 9, 10, 11, 12, 13, 14, 15, 16, 17, 18, 19, 20], [9.31, 62.63, 57.07, 77.77, 82.89, 82.05, 82.7, 84.33, 84.61, 85.41, 85.37, 85.66, 84.67, 86.1, 85.75, 86.23, 86.57, 86.16, 86.82, 86.5, 86.36], [0, 0.005364402197301388, 0.0016123283421620727, 0.0009183090878650546, 0.0005310112028382719, 0.0003044517361558974, 0.0002159701834898442, 0.00017379324708599597, 0.00015851747593842447, 0.00015581722254864872, 0.0001547838473925367, 0.00015286673442460597, 0.00014811193977948278, 0.0001542925601825118, 0.00015031808288767934, 0.00015359344251919538, 0.00015081209130585194, 0.00016339172725565732, 0.0001599247771082446, 0.00016592646716162562, 0.0001530469598947093]]], "alpha": 0.5, "beta": 0.0, "gamma": 5.0, "num_samples": 6000, "node_count": 10, "density": 1.0, "startup_delay": 0.0, "forward_prob": 0}