{"nodes_data": [[[0, 1, 2, 3, 4, 5, 6, 7, 8, 9, 10, 11, 12, 13, 14, 15, 16, 17, 18, 19, 20], [5.48, 52.81, 74.49, 80.62, 82.06, 83.5, 84.26, 84.5, 84.54, 85.28, 85.52, 85.56, 85.71, 85.78, 85.81, 85.99, 86.46, 86.63, 86.86, 86.98, 86.93], [0, 0.005377640947699547, 0.0015013767406344414, 0.0009078994044102728, 0.00045572558883577585, 0.00028807358467020094, 0.00021817047672811896, 0.0001794065465219319, 0.0001657769171288237, 0.00016792735550552607, 0.00015918623830657452, 0.0001503660751041025, 0.00013028067769482732, 0.00013868915266357362, 0.00014718700549565256, 0.0001546224666526541, 0.0001449624396627769, 0.00015658467600587755, 0.0001558607182232663, 0.00015360144607257098, 0.00016102916561067104]], [[0, 1, 2, 3, 4, 5, 6, 7, 8, 9, 10, 11, 12, 13, 14, 15, 16, 17, 18, 19, 20], [10.14, 72.14, 59.75, 77.24, 82.49, 83.28, 83.91, 84.23, 84.59, 85.08, 85.67, 86.07, 86.25, 85.92, 86.13, 86.28, 85.97, 86.15, 87.2, 86.39, 86.35], [0, 0.005369340069591999, 0.0020955423824489117, 0.0009107082150876522, 0.0005348427221179008, 0.00033658146276138723, 0.00024220228078775108, 0.0002084533334709704, 0.00016792694805189967, 0.00015125080244615674, 0.00015453343803528696, 0.0001331514067715034, 0.0001435681333532557, 0.00015270797302946448, 0.00015411118511110544, 0.00016682074056006968, 0.00015791674377396703, 0.00016668437456246465, 0.00016358251741621643, 0.00016093201702460647, 0.00015818123938515782]]], "msds": [[[0, 1, 2, 3, 4, 5, 6, 7, 8, 9, 10, 11, 12, 13, 14, 15, 16, 17, 18, 19, 20], [5.48, 52.81, 74.49, 80.62, 82.06, 83.5, 84.26, 84.5, 84.54, 85.28, 85.52, 85.56, 85.71, 85.78, 85.81, 85.99, 86.46, 86.63, 86.86, 86.98, 86.93], [0, 0.005377640947699547, 0.0015013767406344414, 0.0009078994044102728, 0.00045572558883577585, 0.00028807358467020094, 0.00021817047672811896, 0.0001794065465219319, 0.0001657769171288237, 0.00016792735550552607, 0.00015918623830657452, 0.0001503660751041025, 0.00013028067769482732, 0.00013868915266357362, 0.00014718700549565256, 0.0001546224666526541, 0.0001449624396627769, 0.00015658467600587755, 0.0001558607182232663, 0.00015360144607257098, 0.00016102916561067104]], [[0, 1, 2, 3, 4, 5, 6, 7, 8, 9, 10, 11, 12, 13, 14, 15, 16, 17, 18, 19, 20], [11.91, 45.71, 65.89, 78.75, 82.26, 82.69, 84.46, 84.37, 85.12, 84.81, 85.21, 85.31, 85.59, 86.19, 85.48, 85.92, 86.62, 86.78, 86.27, 86.38, 87.02], [0, 0.005375664681196213, 0.0017308909446001053, 0.000686007784679532, 0.0003583448997233063, 0.0002910458133555949, 0.0001796800352167338, 0.0001565717248013243, 0.000155262925545685, 0.0001612373598618433, 0.0001471538853365928, 0.00015413059736602008, 0.00014271499821916223, 0.00015046659973450005, 0.00015712187450844795, 0.000158576644025743, 0.0001335552951786667, 0.0001494492607889697, 0.0001620240363990888, 0.00016214739298447967, 0.0001774449337972328]]], "alpha": 0.5, "beta": 0.0, "gamma": 1.0, "num_samples": 6000, "node_count": 10, "density": 1.0, "startup_delay": 0.0, "forward_prob": 0}