{"nodes_data": [[[0, 1, 2, 3, 4, 5, 6, 7, 8, 9, 10, 11, 12, 13, 14, 15, 16, 17, 18, 19, 20], [10.93, 10.0, 61.92, 78.03, 81.61, 82.51, 82.98, 83.58, 84.49, 84.62, 84.52, 85.2, 85.24, 85.59, 85.73, 85.84, 86.04, 86.3, 86.47, 86.47, 86.21], [0, 0.005395394749939442, 0.001838305382989347, 0.000493227387778461, 0.00015267122944351286, 9.360519470646977e-05, 8.29912896733731e-05, 7.276520045707002e-05, 7.319554424611852e-05, 7.61850897106342e-05, 7.967404235387221e-05, 8.360907668247819e-05, 8.188150968635455e-05, 8.458312368020415e-05, 8.939172403188422e-05, 9.12470422917977e-05, 9.009426867123693e-05, 0.0001002525314106606, 9.379601397085935e-05, 9.423933079233393e-05, 0.00010341269080527127]], [[0, 1, 2, 3, 4, 5, 6, 7, 8, 9, 10, 11, 12, 13, 14, 15, 16, 17, 18, 19, 20], [14.95, 10.0, 56.46, 75.33, 81.47, 82.38, 83.01, 83.59, 84.38, 84.44, 84.86, 85.1, 85.72, 85.49, 85.63, 85.72, 86.14, 86.39, 86.62, 86.5, 86.48], [0, 0.005370453465729952, 0.002115452429279685, 0.000527268392033875, 0.00016562371456529945, 9.55379000515677e-05, 8.20787317934446e-05, 7.236534293042496e-05, 7.287287007784471e-05, 7.489565905416384e-05, 7.557548815384507e-05, 7.955916225910187e-05, 7.871021807659417e-05, 7.994718180270866e-05, 8.509083272656426e-05, 8.814621105557308e-05, 0.00010409225797047839, 9.469306678511202e-05, 9.320846584159881e-05, 9.482642053626478e-05, 0.00010140979429706931]]], "msds": [[[0, 1, 2, 3, 4, 5, 6, 7, 8, 9, 10, 11, 12, 13, 14, 15, 16, 17, 18, 19, 20], [10.93, 10.0, 61.92, 78.03, 81.61, 82.51, 82.98, 83.58, 84.49, 84.62, 84.52, 85.2, 85.24, 85.59, 85.73, 85.84, 86.04, 86.3, 86.47, 86.47, 86.21], [0, 0.005395394749939442, 0.001838305382989347, 0.000493227387778461, 0.00015267122944351286, 9.360519470646977e-05, 8.29912896733731e-05, 7.276520045707002e-05, 7.319554424611852e-05, 7.61850897106342e-05, 7.967404235387221e-05, 8.360907668247819e-05, 8.188150968635455e-05, 8.458312368020415e-05, 8.939172403188422e-05, 9.12470422917977e-05, 9.009426867123693e-05, 0.0001002525314106606, 9.379601397085935e-05, 9.423933079233393e-05, 0.00010341269080527127]], [[0, 1, 2, 3, 4, 5, 6, 7, 8, 9, 10, 11, 12, 13, 14, 15, 16, 17, 18, 19, 20], [7.59, 10.0, 49.19, 76.84, 81.39, 82.21, 82.92, 83.83, 84.38, 84.72, 85.01, 85.12, 85.68, 85.54, 85.55, 85.7, 86.17, 86.19, 86.44, 86.5, 86.4], [0, 0.005369001533836126, 0.0023600582499057055, 0.0004912817385047674, 0.00022671290207654238, 0.00010646093869581819, 7.851577538531274e-05, 7.688940968364477e-05, 7.155640923883766e-05, 7.404557982226834e-05, 7.473664300050586e-05, 7.888827531132847e-05, 8.320195047417656e-05, 8.300819899886847e-05, 8.642440661787987e-05, 8.847886783769354e-05, 9.1691552370321e-05, 9.496132406638935e-05, 0.00010325918992748484, 9.469974611420184e-05, 9.664289245847613e-05]]], "alpha": 0.0, "beta": 1.0, "gamma": 5.0, "num_samples": 6000, "node_count": 10, "density": 1.0, "startup_delay": 0.0, "forward_prob": 0}