{"nodes_data": [[[0, 1, 2, 3, 4, 5, 6, 7, 8, 9, 10, 11, 12, 13, 14, 15, 16, 17, 18, 19, 20], [4.24, 10.0, 10.0, 70.8, 80.92, 82.17, 83.3, 83.9, 84.47, 84.59, 84.87, 85.03, 85.21, 85.45, 85.54, 86.07, 86.2, 86.34, 86.29, 86.75, 86.44], [0, 0.005373326130211353, 0.002824753290042281, 0.000509846315253526, 0.00033566131605766714, 0.0001376043655909598, 8.1149599282071e-05, 7.328116771532223e-05, 6.641117943217978e-05, 7.206324517028406e-05, 7.306838961085305e-05, 7.091502629918978e-05, 7.152735634008422e-05, 7.579919474665076e-05, 7.848555105738342e-05, 8.117810648400337e-05, 8.399234502576292e-05, 8.041255205171183e-05, 8.483577403239906e-05, 8.39074346004054e-05, 8.679016900714487e-05]], [[0, 1, 2, 3, 4, 5, 6, 7, 8, 9, 10, 11, 12, 13, 14, 15, 16, 17, 18, 19, 20], [7.81, 10.0, 65.51, 73.58, 81.6, 82.0, 83.12, 83.89, 84.39, 84.7, 84.88, 85.07, 84.94, 85.88, 85.78, 86.24, 86.55, 86.26, 86.76, 86.41, 86.42], [0, 0.005362245719879866, 0.001979605993255973, 0.0005894165369682014, 0.0002169390645576641, 0.00010512315202504396, 7.361655298154801e-05, 7.477359031327069e-05, 6.722933903802186e-05, 6.726553692715243e-05, 7.035283488221467e-05, 7.230602204799652e-05, 7.516708865296096e-05, 7.496271427953616e-05, 7.966512930579484e-05, 8.105465531116351e-05, 8.073512435657904e-05, 8.475210051983595e-05, 8.942256681621075e-05, 8.687705121701583e-05, 8.890680328477174e-05]]], "msds": [[[0, 1, 2, 3, 4, 5, 6, 7, 8, 9, 10, 11, 12, 13, 14, 15, 16, 17, 18, 19, 20], [4.24, 10.0, 10.0, 70.8, 80.92, 82.17, 83.3, 83.9, 84.47, 84.59, 84.87, 85.03, 85.21, 85.45, 85.54, 86.07, 86.2, 86.34, 86.29, 86.75, 86.44], [0, 0.005373326130211353, 0.002824753290042281, 0.000509846315253526, 0.00033566131605766714, 0.0001376043655909598, 8.1149599282071e-05, 7.328116771532223e-05, 6.641117943217978e-05, 7.206324517028406e-05, 7.306838961085305e-05, 7.091502629918978e-05, 7.152735634008422e-05, 7.579919474665076e-05, 7.848555105738342e-05, 8.117810648400337e-05, 8.399234502576292e-05, 8.041255205171183e-05, 8.483577403239906e-05, 8.39074346004054e-05, 8.679016900714487e-05]], [[0, 1, 2, 3, 4, 5, 6, 7, 8, 9, 10, 11, 12, 13, 14, 15, 16, 17, 18, 19, 20], [7.69, 10.0, 28.44, 68.41, 81.43, 82.06, 83.05, 83.89, 84.05, 84.75, 84.98, 85.06, 84.92, 85.46, 85.52, 86.18, 86.32, 86.13, 86.5, 86.45, 87.01], [0, 0.005357908550649881, 0.002550986362621188, 0.0005825195694342256, 0.00021878383995499462, 0.0001273947418667376, 8.675087883602828e-05, 6.843882147222757e-05, 7.21812029951252e-05, 6.998153548920527e-05, 6.916939310031012e-05, 7.240792911034077e-05, 7.413681305479258e-05, 7.818545418558642e-05, 7.552201714133844e-05, 8.324236841872334e-05, 8.294468716485426e-05, 8.332722063641995e-05, 8.541560237063095e-05, 8.608956704847515e-05, 8.845204138197005e-05]]], "alpha": 1.0, "beta": 1.0, "gamma": 5.0, "num_samples": 6000, "node_count": 10, "density": 1.0, "startup_delay": 0.0, "forward_prob": 0}