{"nodes_data": [[[0, 1, 2, 3, 4, 5, 6, 7, 8, 9, 10, 11, 12, 13, 14, 15, 16, 17, 18, 19, 20], [9.12, 10.12, 73.4, 82.14, 83.38, 83.75, 84.74, 85.14, 85.47, 85.52, 85.77, 86.12, 85.97, 86.14, 86.52, 86.59, 86.99, 87.27, 87.11, 87.06, 87.23], [0, 0.00536248879507184, 0.0006272238097153604, 0.00012702973617706448, 7.136153726605698e-05, 6.818604015279561e-05, 6.613985897274688e-05, 8.01326023065485e-05, 7.887749234214425e-05, 8.125053864205256e-05, 7.579122029710561e-05, 8.303547656396404e-05, 8.134131348924711e-05, 9.00721424841322e-05, 9.194252197630703e-05, 9.508481161901727e-05, 9.627262625144795e-05, 9.468461212236434e-05, 9.701628005132079e-05, 0.00010149185982299969, 0.00010137810750165954]], [[0, 1, 2, 3, 4, 5, 6, 7, 8, 9, 10, 11, 12, 13, 14, 15, 16, 17, 18, 19, 20], [8.39, 10.07, 73.42, 82.09, 82.88, 83.78, 84.67, 85.18, 85.33, 85.37, 85.77, 86.0, 86.04, 86.31, 86.73, 86.61, 87.01, 87.3, 87.18, 87.12, 87.33], [0, 0.005369321443140507, 0.0006623817607760429, 0.00014846007979940623, 7.246460154419765e-05, 7.513938908232376e-05, 7.086082041496411e-05, 7.598121737828478e-05, 7.692616782151163e-05, 7.83768409746699e-05, 8.124940359266475e-05, 8.738490578252822e-05, 8.892385085346177e-05, 8.654666453367099e-05, 9.297919314121827e-05, 9.680130460765213e-05, 9.293818584410474e-05, 9.273510659113526e-05, 0.00010133093019248918, 0.00010265283344779164, 0.00010397339065093547]]], "msds": [[[0, 1, 2, 3, 4, 5, 6, 7, 8, 9, 10, 11, 12, 13, 14, 15, 16, 17, 18, 19, 20], [9.12, 10.12, 73.4, 82.14, 83.38, 83.75, 84.74, 85.14, 85.47, 85.52, 85.77, 86.12, 85.97, 86.14, 86.52, 86.59, 86.99, 87.27, 87.11, 87.06, 87.23], [0, 0.00536248879507184, 0.0006272238097153604, 0.00012702973617706448, 7.136153726605698e-05, 6.818604015279561e-05, 6.613985897274688e-05, 8.01326023065485e-05, 7.887749234214425e-05, 8.125053864205256e-05, 7.579122029710561e-05, 8.303547656396404e-05, 8.134131348924711e-05, 9.00721424841322e-05, 9.194252197630703e-05, 9.508481161901727e-05, 9.627262625144795e-05, 9.468461212236434e-05, 9.701628005132079e-05, 0.00010149185982299969, 0.00010137810750165954]], [[0, 1, 2, 3, 4, 5, 6, 7, 8, 9, 10, 11, 12, 13, 14, 15, 16, 17, 18, 19, 20], [7.32, 10.0, 75.23, 82.22, 83.17, 83.75, 84.67, 85.06, 85.4, 85.6, 85.87, 85.81, 86.04, 86.27, 86.57, 86.79, 86.99, 87.3, 87.19, 86.8, 87.36], [0, 0.005371687468141317, 0.0006110279937274754, 0.00015661257202737033, 7.343329343711957e-05, 7.152868056437e-05, 6.992382259340957e-05, 7.432188431266695e-05, 7.810519309714437e-05, 7.858825847506523e-05, 7.530386210419238e-05, 8.530069317203015e-05, 8.21452122181654e-05, 8.801697549642995e-05, 9.01719176908955e-05, 9.061562013812363e-05, 9.407200559508055e-05, 9.598996985005215e-05, 9.843488078331575e-05, 9.371403575642034e-05, 0.00010546439443714917]]], "alpha": 0.0, "beta": 0.5, "gamma": 5.0, "num_samples": 6000, "node_count": 10, "density": 0.75, "startup_delay": 0.0, "forward_prob": 0}