{"nodes_data": [[[0, 1, 2, 3, 4, 5, 6, 7, 8, 9, 10, 11, 12, 13, 14, 15, 16, 17, 18, 19, 20], [9.53, 48.87, 10.0, 72.35, 80.39, 82.4, 83.34, 83.31, 84.29, 84.54, 84.8, 84.95, 85.13, 85.44, 85.25, 85.56, 85.97, 86.12, 85.98, 86.21, 86.58], [0, 0.005365487188100815, 0.0037155193276703358, 0.0010739510180428624, 0.00035644310992211103, 0.00013560567458625883, 7.956232730066404e-05, 6.916665734024718e-05, 6.08368864050135e-05, 6.508161459350958e-05, 6.881182343931869e-05, 6.837450200691819e-05, 7.054986781440675e-05, 7.576312054879963e-05, 7.569014996988699e-05, 7.904390076873824e-05, 8.50248834467493e-05, 8.269446698250249e-05, 8.367249392904341e-05, 8.579195127822459e-05, 9.363293793285266e-05]], [[0, 1, 2, 3, 4, 5, 6, 7, 8, 9, 10, 11, 12, 13, 14, 15, 16, 17, 18, 19, 20], [13.19, 10.0, 56.15, 76.53, 82.24, 83.36, 83.59, 83.75, 84.44, 84.51, 85.09, 85.28, 85.47, 85.4, 85.42, 85.72, 86.1, 86.18, 85.99, 86.18, 86.68], [0, 0.005378061439841986, 0.002043171552941203, 0.0008143923478201032, 0.00016020616749301553, 7.792035466991365e-05, 7.53168496885337e-05, 6.436165131162852e-05, 6.915280391694978e-05, 6.649058195762336e-05, 7.006536907283589e-05, 7.012507558101788e-05, 7.230148185044527e-05, 7.214971265057102e-05, 7.898711919551715e-05, 8.239351882366464e-05, 7.786027708789334e-05, 8.316909952554852e-05, 8.393469761358574e-05, 9.049118671100587e-05, 8.902397530619055e-05]]], "msds": [[[0, 1, 2, 3, 4, 5, 6, 7, 8, 9, 10, 11, 12, 13, 14, 15, 16, 17, 18, 19, 20], [9.53, 48.87, 10.0, 72.35, 80.39, 82.4, 83.34, 83.31, 84.29, 84.54, 84.8, 84.95, 85.13, 85.44, 85.25, 85.56, 85.97, 86.12, 85.98, 86.21, 86.58], [0, 0.005365487188100815, 0.0037155193276703358, 0.0010739510180428624, 0.00035644310992211103, 0.00013560567458625883, 7.956232730066404e-05, 6.916665734024718e-05, 6.08368864050135e-05, 6.508161459350958e-05, 6.881182343931869e-05, 6.837450200691819e-05, 7.054986781440675e-05, 7.576312054879963e-05, 7.569014996988699e-05, 7.904390076873824e-05, 8.50248834467493e-05, 8.269446698250249e-05, 8.367249392904341e-05, 8.579195127822459e-05, 9.363293793285266e-05]], [[0, 1, 2, 3, 4, 5, 6, 7, 8, 9, 10, 11, 12, 13, 14, 15, 16, 17, 18, 19, 20], [10.08, 10.01, 53.87, 80.85, 81.0, 82.62, 83.55, 83.34, 84.44, 84.52, 84.83, 85.15, 85.27, 85.46, 85.16, 85.48, 86.12, 85.97, 86.08, 86.16, 86.76], [0, 0.005364490207284689, 0.002369458554312587, 0.00048004346899688244, 0.00024913210654631257, 0.000121790319099091, 7.581284444313496e-05, 7.331231608986855e-05, 6.606437091249973e-05, 6.725980347255245e-05, 6.806089368183166e-05, 7.369212835328653e-05, 7.662213465664536e-05, 7.696280954405665e-05, 8.014358900254592e-05, 8.300215267809108e-05, 8.279991743620485e-05, 8.302109927171841e-05, 8.495165820932016e-05, 8.89250441105105e-05, 9.126454824581742e-05]]], "alpha": 1.0, "beta": 2.0, "gamma": 1.0, "num_samples": 6000, "node_count": 10, "density": 1.0, "startup_delay": 0.0, "forward_prob": 0}