{"nodes_data": [[[0, 1, 2, 3, 4, 5, 6, 7, 8, 9, 10, 11, 12, 13, 14, 15, 16, 17, 18, 19, 20], [5.73, 53.28, 78.8, 81.34, 82.08, 80.01, 83.37, 83.48, 83.67, 83.86, 83.74, 84.38, 83.53, 85.29, 84.43, 84.42, 84.15, 84.51, 83.91, 85.29, 84.84], [0, 0.005334700923413038, 0.0005788463749922812, 0.0008066523587331176, 0.00013169957674108446, 0.00016838376177474856, 0.00019031962438020855, 0.00011072670895373449, 0.0001804990752134472, 0, 0, 0, 0, 0, 0, 0, 0, 0, 0, 0, 0]], [[0, 1, 2, 3, 4, 5, 6, 7, 8, 9, 10, 11, 12, 13, 14, 15, 16, 17, 18, 19, 20], [10.27, 75.86, 64.63, 82.72, 82.95, 82.35, 84.38, 83.43, 84.05, 84.94, 85.03, 85.65, 85.16, 85.92, 85.08, 85.02, 85.13, 86.14, 85.15, 85.83, 85.9], [0, 0, 0.003065193071961403, 0.0004699285782407969, 0.00021305095287971199, 0.0003105097566731274, 0.00012701888044830412, 0.00022433752019423991, 0.00021625962108373642, 0.00010791357635753229, 0.00011501216067699715, 0.00018383307906333357, 0.00019449161482043564, 0.00020759817562066019, 0.00026764688664115965, 0.00013093595043756068, 0.00011458293010946363, 0.00012502285244408995, 0.000124721133033745, 0.00012177471217000857, 0.0001258291449630633]]], "msds": [[[0, 1, 2, 3, 4, 5, 6, 7, 8, 9, 10, 11, 12, 13, 14, 15, 16, 17, 18, 19, 20], [5.73, 53.28, 78.8, 81.34, 82.08, 80.01, 83.37, 83.48, 83.67, 83.86, 83.74, 84.38, 83.53, 85.29, 84.43, 84.42, 84.15, 84.51, 83.91, 85.29, 84.84], [0, 0.005334700923413038, 0.0005788463749922812, 0.0008066523587331176, 0.00013169957674108446, 0.00016838376177474856, 0.00019031962438020855, 0.00011072670895373449, 0.0001804990752134472, 0, 0, 0, 0, 0, 0, 0, 0, 0, 0, 0, 0]], [[0, 1, 2, 3, 4, 5, 6, 7, 8, 9, 10, 11, 12, 13, 14, 15, 16, 17, 18, 19, 20], [9.77, 55.64, 81.06, 81.39, 81.34, 83.51, 83.14, 83.4, 80.55, 83.74, 84.29, 84.58, 81.92, 83.76, 84.56, 85.02, 84.73, 85.35, 83.89, 85.14, 84.09], [0, 0.00536034069955349, 0.002487354213371873, 0.0007614837377332151, 0, 0, 0.00040659093065187335, 0.00019545602845028043, 0, 0, 0, 0, 0, 0, 0, 0, 0, 0, 0, 0, 0]]], "alpha": 0.7, "beta": 1.0, "gamma": 0.0, "num_samples": 6000, "node_count": 10, "density": 0.0, "startup_delay": 0.0, "forward_prob": 0}