{"nodes_data": [[[0, 1, 2, 3, 4, 5, 6, 7, 8, 9, 10, 11, 12, 13, 14, 15, 16, 17, 18, 19, 20], [7.12, 42.62, 81.36, 81.43, 82.96, 82.61, 84.14, 83.0, 84.4, 84.58, 84.18, 84.89, 84.43, 84.73, 84.6, 85.43, 85.0, 85.91, 85.64, 85.49, 86.12], [0, 0.005362451542168856, 0.001566634513437748, 0.0005803899257443845, 0.0002899640239775181, 0.00014824546815361828, 0.0001450522249797359, 0.00014895717322360724, 0.00014430019655264914, 0.00010474403097759932, 0.00014297068992163986, 0.00014528135943692178, 0.00015438642003573477, 0.0001528908178443089, 0.00015381422417704016, 0.00014889417798258364, 0.00016977492487058043, 0.00015795703802723438, 0.00012773512571584433, 0.0001408322132192552, 0.00015683496894780546]], [[0, 1, 2, 3, 4, 5, 6, 7, 8, 9, 10, 11, 12, 13, 14, 15, 16, 17, 18, 19, 20], [14.53, 26.65, 56.81, 68.74, 80.53, 82.69, 79.5, 79.29, 81.63, 81.96, 83.27, 84.76, 84.34, 84.81, 85.52, 84.6, 85.66, 85.89, 86.03, 85.82, 85.14], [0, 0.005388154648244381, 0.002247254364192486, 0.001030072453431785, 0.0007827357039786875, 0.0006955222925171256, 0.000649704656098038, 0.0006248997524380684, 0.0005913192871958017, 0.0005479422979988158, 0.0005200675805099308, 0.0004949914873577654, 0.0004654977237805724, 0.00044262700248509645, 0.00043648312566801906, 0.0004140991950407624, 0.00039856042712926865, 0.00038782189949415624, 0.00038768534432165325, 0.0003820437123067677, 0.00037311005871742964]]], "msds": [[[0, 1, 2, 3, 4, 5, 6, 7, 8, 9, 10, 11, 12, 13, 14, 15, 16, 17, 18, 19, 20], [7.12, 42.62, 81.36, 81.43, 82.96, 82.61, 84.14, 83.0, 84.4, 84.58, 84.18, 84.89, 84.43, 84.73, 84.6, 85.43, 85.0, 85.91, 85.64, 85.49, 86.12], [0, 0.005362451542168856, 0.001566634513437748, 0.0005803899257443845, 0.0002899640239775181, 0.00014824546815361828, 0.0001450522249797359, 0.00014895717322360724, 0.00014430019655264914, 0.00010474403097759932, 0.00014297068992163986, 0.00014528135943692178, 0.00015438642003573477, 0.0001528908178443089, 0.00015381422417704016, 0.00014889417798258364, 0.00016977492487058043, 0.00015795703802723438, 0.00012773512571584433, 0.0001408322132192552, 0.00015683496894780546]], [[0, 1, 2, 3, 4, 5, 6, 7, 8, 9, 10, 11, 12, 13, 14, 15, 16, 17, 18, 19, 20], [11.93, 52.32, 67.91, 81.35, 80.99, 82.28, 83.36, 83.33, 83.98, 84.1, 83.96, 85.07, 84.89, 84.87, 85.48, 85.13, 85.37, 86.02, 86.49, 86.49, 86.21], [0, 0.005397091154009104, 0.002935216296464205, 0.001422164961695671, 0.0009508418152108788, 0.0005900723044760525, 0.0004065076063852757, 0.0003008648054674268, 0.00025161574012599885, 0.00021841337729711086, 0.00019635100034065545, 0.00018593472486827523, 0.00017404879326932132, 0.00016876618610695004, 0.00016534746100660414, 0.0001599450479261577, 0.00015980546595528722, 0.00016274017980322242, 0.00016793150280136615, 0.00017537448729854077, 0.0001685876923147589]]], "alpha": 0.5, "beta": 2.0, "gamma": 0.0, "num_samples": 6000, "node_count": 10, "density": 0.15, "startup_delay": 0.0, "forward_prob": 0}