{"nodes_data": [[[0, 1, 2, 3, 4, 5, 6, 7, 8, 9, 10, 11, 12, 13, 14, 15, 16, 17, 18, 19, 20], [10.57, 10.04, 42.11, 76.79, 81.53, 82.62, 83.25, 83.98, 84.04, 84.89, 84.92, 85.28, 85.14, 85.65, 85.62, 85.94, 86.04, 86.38, 86.14, 86.28, 86.4], [0, 0.00535136042162776, 0.002222961513325572, 0.0008245927165262401, 0.00023361557396128774, 0.00010141637903871015, 6.918302096892148e-05, 6.872011726954952e-05, 6.750362081220374e-05, 7.321510929614305e-05, 7.457731408067048e-05, 7.201802509371191e-05, 8.15033636172302e-05, 8.098306716419756e-05, 8.188899664673954e-05, 8.551993232686073e-05, 8.355965110240504e-05, 8.856132626533508e-05, 9.17473662411794e-05, 8.539334521628916e-05, 9.25331623875536e-05]], [[0, 1, 2, 3, 4, 5, 6, 7, 8, 9, 10, 11, 12, 13, 14, 15, 16, 17, 18, 19, 20], [10.0, 36.99, 10.0, 62.56, 80.99, 82.13, 83.19, 83.94, 83.76, 84.43, 84.86, 85.11, 85.29, 85.28, 85.89, 85.81, 86.0, 86.42, 86.28, 86.24, 86.44], [0, 0.005368715152144432, 0.0035771767143160105, 0.001097201369702816, 0.0002862021210603416, 0.0001315801782766357, 7.625030411873013e-05, 7.320419535972178e-05, 7.153084152378142e-05, 7.321307202801108e-05, 7.655283116037026e-05, 7.825282227713615e-05, 7.449861732311547e-05, 8.314658043673262e-05, 8.212045941036195e-05, 8.324001828441396e-05, 8.960079139797017e-05, 8.414433978032321e-05, 8.619975415058434e-05, 9.325040446128696e-05, 9.239335486199707e-05]]], "msds": [[[0, 1, 2, 3, 4, 5, 6, 7, 8, 9, 10, 11, 12, 13, 14, 15, 16, 17, 18, 19, 20], [10.57, 10.04, 42.11, 76.79, 81.53, 82.62, 83.25, 83.98, 84.04, 84.89, 84.92, 85.28, 85.14, 85.65, 85.62, 85.94, 86.04, 86.38, 86.14, 86.28, 86.4], [0, 0.00535136042162776, 0.002222961513325572, 0.0008245927165262401, 0.00023361557396128774, 0.00010141637903871015, 6.918302096892148e-05, 6.872011726954952e-05, 6.750362081220374e-05, 7.321510929614305e-05, 7.457731408067048e-05, 7.201802509371191e-05, 8.15033636172302e-05, 8.098306716419756e-05, 8.188899664673954e-05, 8.551993232686073e-05, 8.355965110240504e-05, 8.856132626533508e-05, 9.17473662411794e-05, 8.539334521628916e-05, 9.25331623875536e-05]], [[0, 1, 2, 3, 4, 5, 6, 7, 8, 9, 10, 11, 12, 13, 14, 15, 16, 17, 18, 19, 20], [7.8, 10.0, 17.86, 70.81, 81.85, 82.4, 82.94, 83.87, 83.94, 84.58, 84.84, 85.22, 85.09, 85.26, 85.71, 85.79, 85.96, 86.38, 86.09, 86.23, 86.53], [0, 0.005365685094147921, 0.002788263140246272, 0.0009486511698924005, 0.0001851126435212791, 0.00011232273391215131, 7.561282109236345e-05, 7.328749779844657e-05, 7.08097213646397e-05, 7.23040648153983e-05, 7.888727850513533e-05, 7.566902786493301e-05, 7.620942778885365e-05, 8.331704884767532e-05, 8.255210559582338e-05, 8.20164495962672e-05, 8.796010661171749e-05, 8.787883416516706e-05, 8.68533825268969e-05, 9.042913734447211e-05, 0.00010292935621691868]]], "alpha": 0.9, "beta": 2.0, "gamma": 0.0, "num_samples": 6000, "node_count": 10, "density": 1.0, "startup_delay": 0.0, "forward_prob": 0}