{"nodes_data": [[[0, 1, 2, 3, 4, 5, 6, 7, 8, 9, 10, 11, 12, 13, 14, 15, 16, 17, 18, 19, 20], [12.44, 78.08, 79.71, 80.58, 82.68, 81.51, 83.97, 83.6, 85.21, 82.85, 83.91, 84.68, 83.84, 83.98, 83.7, 83.88, 84.23, 84.72, 85.04, 84.19, 84.47], [0, 0.005367535166442394, 0, 0, 0, 0, 0, 0, 0, 0, 0, 0, 0, 0, 0, 0, 0, 0, 0, 0, 0]], [[0, 1, 2, 3, 4, 5, 6, 7, 8, 9, 10, 11, 12, 13, 14, 15, 16, 17, 18, 19, 20], [9.75, 78.42, 80.38, 81.54, 82.96, 82.53, 84.4, 83.9, 85.48, 83.81, 84.33, 84.87, 84.23, 84.31, 83.98, 84.45, 84.7, 84.97, 85.13, 84.63, 84.89], [0, 0, 0.00015736473142169416, 7.730873767286539e-05, 6.854980892967433e-05, 7.387423102045432e-05, 8.217884169425815e-05, 8.45275935716927e-05, 8.845591946737841e-05, 8.010587771423161e-05, 0.00010744687460828573, 9.54324787016958e-05, 9.232229058397934e-05, 0.00010593489423627034, 0.00010176983050769195, 0.0001002064673230052, 0.00010912041034316644, 0.0001251552312169224, 9.940203017322347e-05, 0.00010724332241807133, 0.00010089986608363688]]], "msds": [[[0, 1, 2, 3, 4, 5, 6, 7, 8, 9, 10, 11, 12, 13, 14, 15, 16, 17, 18, 19, 20], [12.44, 78.08, 79.71, 80.58, 82.68, 81.51, 83.97, 83.6, 85.21, 82.85, 83.91, 84.68, 83.84, 83.98, 83.7, 83.88, 84.23, 84.72, 85.04, 84.19, 84.47], [0, 0.005367535166442394, 0, 0, 0, 0, 0, 0, 0, 0, 0, 0, 0, 0, 0, 0, 0, 0, 0, 0, 0]], [[0, 1, 2, 3, 4, 5, 6, 7, 8, 9, 10, 11, 12, 13, 14, 15, 16, 17, 18, 19, 20], [10.35, 79.1, 80.85, 81.17, 82.59, 81.53, 84.54, 84.89, 83.86, 84.79, 85.42, 84.63, 85.34, 82.21, 85.46, 83.61, 84.24, 84.78, 83.9, 85.26, 84.77], [0, 0.00534948892891407, 0.004388915840536356, 0.0003161295026075095, 0.00018299536895938218, 0, 0, 0.0001409780525136739, 0, 0, 0, 0, 0, 0, 0, 0, 0, 0, 0, 0, 0]]], "alpha": 0.9, "beta": 0.0, "gamma": 0.0, "num_samples": 6000, "node_count": 10, "density": 0.0, "startup_delay": 0.0, "forward_prob": 0}