{"nodes_data": [[[0, 1, 2, 3, 4, 5, 6, 7, 8, 9, 10, 11, 12, 13, 14, 15, 16, 17, 18, 19, 20], [10.02, 37.69, 78.27, 82.24, 81.62, 83.33, 83.52, 84.66, 84.41, 84.89, 83.7, 85.32, 85.55, 85.82, 85.53, 86.72, 86.45, 86.01, 86.5, 86.62, 86.67], [0, 0.00425924314185977, 0.0011238893494009972, 0.0012487879721447825, 0, 7.7046912338119e-05, 0, 6.939972809050232e-05, 5.4462605476146564e-05, 4.3206902773818e-05, 3.8872040022397414e-05, 4.260432251612656e-05, 6.56253396300599e-05, 9.504549962002784e-05, 0, 9.343917918158695e-05, 0.00010917771578533575, 7.12205728632398e-05, 6.917858991073444e-05, 7.284161983989179e-05, 6.796350498916581e-05]], [[0, 1, 2, 3, 4, 5, 6, 7, 8, 9, 10, 11, 12, 13, 14, 15, 16, 17, 18, 19, 20], [9.28, 25.37, 81.31, 81.98, 83.52, 84.4, 84.7, 85.15, 85.03, 85.27, 86.2, 86.91, 86.97, 87.1, 87.33, 87.01, 86.58, 87.26, 87.36, 87.18, 87.32], [0, 0.005357497371733189, 0.0011238893494009972, 0.0001584074052516371, 7.01454991940409e-05, 5.927150778006762e-05, 9.86859158729203e-05, 8.873948536347598e-05, 9.680277435109019e-05, 0.00010025761730503291, 0.0001225183514179662, 0.00010187310545006767, 6.466829654527828e-05, 6.616164318984374e-05, 7.47076774132438e-05, 6.935639248695225e-05, 0, 0.00010739967547124252, 9.637496259529144e-05, 0.00013254315126687288, 0.00011210125376237556]]], "msds": [[[0, 1, 2, 3, 4, 5, 6, 7, 8, 9, 10, 11, 12, 13, 14, 15, 16, 17, 18, 19, 20], [10.02, 37.69, 78.27, 82.24, 81.62, 83.33, 83.52, 84.66, 84.41, 84.89, 83.7, 85.32, 85.55, 85.82, 85.53, 86.72, 86.45, 86.01, 86.5, 86.62, 86.67], [0, 0.00425924314185977, 0.0011238893494009972, 0.0012487879721447825, 0, 7.7046912338119e-05, 0, 6.939972809050232e-05, 5.4462605476146564e-05, 4.3206902773818e-05, 3.8872040022397414e-05, 4.260432251612656e-05, 6.56253396300599e-05, 9.504549962002784e-05, 0, 9.343917918158695e-05, 0.00010917771578533575, 7.12205728632398e-05, 6.917858991073444e-05, 7.284161983989179e-05, 6.796350498916581e-05]], [[0, 1, 2, 3, 4, 5, 6, 7, 8, 9, 10, 11, 12, 13, 14, 15, 16, 17, 18, 19, 20], [6.89, 79.57, 81.59, 83.73, 84.59, 84.57, 85.19, 84.93, 85.09, 85.34, 85.77, 84.84, 86.56, 86.13, 86.33, 86.15, 86.06, 86.46, 85.99, 86.58, 86.59], [0, 0.0019774590618908405, 0.00021369833848439157, 7.59107933845371e-05, 6.600575579795986e-05, 3.83427795895841e-05, 3.681984162540175e-05, 4.2752169974846765e-05, 0, 6.56253396300599e-05, 6.320324609987438e-05, 6.426947948057204e-05, 0.00015014401287771761, 0.00012742185208480805, 0.00013650055916514248, 0.00012856529792770743, 0, 0, 0, 0, 0]]], "alpha": 0.9, "beta": 0.5, "gamma": 3.0, "num_samples": 6000, "node_count": 10, "density": 0.0, "startup_delay": 0.0, "forward_prob": 0}