{"nodes_data": [[[0, 1, 2, 3, 4, 5, 6, 7, 8, 9, 10, 11, 12, 13, 14, 15, 16, 17, 18, 19, 20], [7.9, 43.33, 80.33, 79.88, 83.13, 83.3, 83.9, 83.53, 84.68, 85.25, 84.61, 86.04, 86.44, 86.45, 86.69, 86.62, 87.47, 86.75, 87.12, 87.01, 87.26], [0, 0.0053882659412920475, 0.003738924628123641, 0.0032260261941701174, 0.003051361534744501, 0.002984501188620925, 0.0030490027274936438, 0.00041087891440838575, 0.00011766968964366242, 0.00017345488595310599, 9.472967212786898e-05, 8.593758684583008e-05, 7.78854446252808e-05, 7.984520925674587e-05, 7.817581354174763e-05, 8.15537860034965e-05, 9.434433741262183e-05, 0.00010748444037744775, 0.00012273895845282823, 8.289312245324254e-05, 7.347992504946887e-05]], [[0, 1, 2, 3, 4, 5, 6, 7, 8, 9, 10, 11, 12, 13, 14, 15, 16, 17, 18, 19, 20], [9.96, 51.93, 81.21, 82.97, 82.91, 83.25, 83.9, 83.96, 84.59, 85.24, 85.55, 86.05, 86.17, 86.13, 86.36, 86.78, 87.05, 87.16, 86.73, 86.93, 87.58], [0, 0.005385351832956076, 0.0037200013175606728, 0.00338488700799644, 0.003249804489314556, 0.0032320767641067505, 0.00020903431868646294, 0.00010181875404668972, 9.309782763011754e-05, 8.287471428047866e-05, 7.896111492300406e-05, 8.837261702865362e-05, 9.099060844164342e-05, 9.885014878818765e-05, 9.877778211375698e-05, 0.00010672122880350798, 0.0001319996517850086, 0.00010600388486636803, 0.0001189058821182698, 8.212745160562918e-05, 9.476069681113586e-05]]], "msds": [[[0, 1, 2, 3, 4, 5, 6, 7, 8, 9, 10, 11, 12, 13, 14, 15, 16, 17, 18, 19, 20], [7.9, 43.33, 80.33, 79.88, 83.13, 83.3, 83.9, 83.53, 84.68, 85.25, 84.61, 86.04, 86.44, 86.45, 86.69, 86.62, 87.47, 86.75, 87.12, 87.01, 87.26], [0, 0.0053882659412920475, 0.003738924628123641, 0.0032260261941701174, 0.003051361534744501, 0.002984501188620925, 0.0030490027274936438, 0.00041087891440838575, 0.00011766968964366242, 0.00017345488595310599, 9.472967212786898e-05, 8.593758684583008e-05, 7.78854446252808e-05, 7.984520925674587e-05, 7.817581354174763e-05, 8.15537860034965e-05, 9.434433741262183e-05, 0.00010748444037744775, 0.00012273895845282823, 8.289312245324254e-05, 7.347992504946887e-05]], [[0, 1, 2, 3, 4, 5, 6, 7, 8, 9, 10, 11, 12, 13, 14, 15, 16, 17, 18, 19, 20], [16.18, 25.39, 74.96, 80.8, 82.9, 83.59, 74.96, 84.51, 85.26, 85.84, 85.27, 85.87, 85.87, 87.01, 87.25, 87.37, 86.96, 87.27, 87.17, 87.29, 86.77], [0, 0.00538367684930563, 0.002767337951809168, 0.002646801760420203, 0.002606448717415333, 0.0026509719900786877, 0.0012275141198188066, 0.0005753599689342082, 0.0006237119087018073, 0.0003825006715487689, 0.00015792650810908526, 0.00011353212903486565, 8.708406676305458e-05, 9.013784438138828e-05, 8.977998368209228e-05, 8.640053420094773e-05, 9.208513802150264e-05, 0.00012395567318890244, 0.00010347868374083191, 9.92592831607908e-05, 0.00019011790573131293]]], "alpha": 1.0, "beta": 1.0, "gamma": 5.0, "num_samples": 6000, "node_count": 10, "density": 0.0, "startup_delay": 0.0, "forward_prob": 0}