{"nodes_data": [[[0, 1, 2, 3, 4, 5, 6, 7, 8, 9, 10, 11, 12, 13, 14, 15, 16, 17, 18, 19, 20], [17.42, 48.93, 68.13, 83.09, 84.59, 83.93, 85.67, 85.78, 86.03, 86.39, 86.57, 86.88, 87.03, 87.0, 86.81, 87.42, 87.63, 87.84, 87.23, 87.44, 87.53], [0, 0.005368520505726337, 0.0012674946337938309, 0.00026641570730134845, 8.464478742098436e-05, 5.742588109569624e-05, 5.708398748538457e-05, 4.9731384933693334e-05, 7.312173693208024e-05, 5.995371611788869e-05, 5.391864033299498e-05, 7.429445395246148e-05, 6.274462793953717e-05, 5.775529643869959e-05, 7.806039502611384e-05, 7.143610855564475e-05, 6.567779928445816e-05, 8.388340211240575e-05, 7.765637565171346e-05, 8.759131742408499e-05, 8.885970601113513e-05]], [[0, 1, 2, 3, 4, 5, 6, 7, 8, 9, 10, 11, 12, 13, 14, 15, 16, 17, 18, 19, 20], [6.26, 40.69, 81.23, 83.21, 84.57, 84.69, 85.89, 86.11, 85.72, 86.41, 86.42, 86.86, 86.9, 86.79, 87.04, 87.36, 87.4, 87.41, 87.22, 87.48, 87.27], [0, 0.004525274969637394, 0.000726335565559566, 9.182545181829482e-05, 6.10698843956925e-05, 6.231728912098333e-05, 5.943396899965592e-05, 7.199398532975465e-05, 6.639461207669228e-05, 6.336670776363462e-05, 7.2221620939672e-05, 6.626707909163088e-05, 6.583538925042376e-05, 7.339938019867986e-05, 7.345170160988346e-05, 8.029743912629783e-05, 8.205244375858456e-05, 7.945182005641982e-05, 8.893238555174321e-05, 7.923488738015294e-05, 8.940600673668087e-05]]], "msds": [[[0, 1, 2, 3, 4, 5, 6, 7, 8, 9, 10, 11, 12, 13, 14, 15, 16, 17, 18, 19, 20], [17.42, 48.93, 68.13, 83.09, 84.59, 83.93, 85.67, 85.78, 86.03, 86.39, 86.57, 86.88, 87.03, 87.0, 86.81, 87.42, 87.63, 87.84, 87.23, 87.44, 87.53], [0, 0.005368520505726337, 0.0012674946337938309, 0.00026641570730134845, 8.464478742098436e-05, 5.742588109569624e-05, 5.708398748538457e-05, 4.9731384933693334e-05, 7.312173693208024e-05, 5.995371611788869e-05, 5.391864033299498e-05, 7.429445395246148e-05, 6.274462793953717e-05, 5.775529643869959e-05, 7.806039502611384e-05, 7.143610855564475e-05, 6.567779928445816e-05, 8.388340211240575e-05, 7.765637565171346e-05, 8.759131742408499e-05, 8.885970601113513e-05]], [[0, 1, 2, 3, 4, 5, 6, 7, 8, 9, 10, 11, 12, 13, 14, 15, 16, 17, 18, 19, 20], [6.62, 36.22, 78.4, 83.21, 84.67, 85.19, 85.66, 85.97, 85.72, 86.41, 86.42, 86.86, 86.9, 86.79, 87.04, 87.36, 87.4, 87.41, 87.22, 87.52, 87.27], [0, 0.005391889717429876, 0.0011848530266433954, 0.00014614210522267967, 6.310743629001081e-05, 6.035255501046777e-05, 5.746036549680866e-05, 6.55032999929972e-05, 6.232094165170565e-05, 6.05041605012957e-05, 6.99687225278467e-05, 6.726864376105368e-05, 6.57154232612811e-05, 7.44854987715371e-05, 7.699453999521211e-05, 7.76725064497441e-05, 8.093701035249978e-05, 7.914532034192234e-05, 8.363800588995218e-05, 8.742836507735774e-05, 8.54960162541829e-05]]], "alpha": 1.0, "beta": 0.0, "gamma": 3.0, "num_samples": 6000, "node_count": 10, "density": 0.15, "startup_delay": 0.0, "forward_prob": 0}