{"nodes_data": [[[0, 1, 2, 3, 4, 5, 6, 7, 8, 9, 10, 11, 12, 13, 14, 15, 16, 17, 18, 19, 20], [19.96, 19.62, 70.56, 75.5, 77.4, 76.2, 74.78, 77.36, 77.3, 79.14, 77.94, 78.81, 77.29, 79.28, 75.52, 77.82, 78.46, 76.62, 80.39, 81.76, 81.34], [0, 0.005363530479371548, 0.0023738769814372063, 0.0020812905859202147, 0.0020346995443105698, 0.002032875083386898, 0.002018227241933346, 0.002016874495893717, 0.0020274058915674686, 0.0020314890425652266, 0.0020348401740193367, 0.0020253455732017756, 0.0020400278735905886, 0.0020387235563248396, 0.002035458106547594, 0.002031527226790786, 0.002028802176937461, 0.00203036074526608, 0.0006617220933549106, 0.0005430703167803586, 0.0005520732956938446]], [[0, 1, 2, 3, 4, 5, 6, 7, 8, 9, 10, 11, 12, 13, 14, 15, 16, 17, 18, 19, 20], [8.92, 66.92, 74.52, 81.54, 80.64, 82.61, 83.38, 83.21, 84.56, 84.74, 85.24, 84.59, 85.85, 85.45, 86.03, 86.24, 85.64, 86.2, 86.76, 86.93, 86.1], [0, 0.005361610557883978, 0.0011908505111932755, 0.00028501113411039114, 0.00014542329881805927, 0.00010187752195633948, 9.075900743482634e-05, 9.567791857989505e-05, 8.920409891288728e-05, 9.151994890999049e-05, 0.00010203323472524062, 8.564684685552493e-05, 8.863266702974215e-05, 8.525585144525394e-05, 9.012158261612058e-05, 9.080172458197922e-05, 8.556590910302475e-05, 6.856083928141743e-05, 0.00010342341556679457, 9.068901999853551e-05, 9.774167119758204e-05]]], "msds": [[[0, 1, 2, 3, 4, 5, 6, 7, 8, 9, 10, 11, 12, 13, 14, 15, 16, 17, 18, 19, 20], [19.96, 19.62, 70.56, 75.5, 77.4, 76.2, 74.78, 77.36, 77.3, 79.14, 77.94, 78.81, 77.29, 79.28, 75.52, 77.82, 78.46, 76.62, 80.39, 81.76, 81.34], [0, 0.005363530479371548, 0.0023738769814372063, 0.0020812905859202147, 0.0020346995443105698, 0.002032875083386898, 0.002018227241933346, 0.002016874495893717, 0.0020274058915674686, 0.0020314890425652266, 0.0020348401740193367, 0.0020253455732017756, 0.0020400278735905886, 0.0020387235563248396, 0.002035458106547594, 0.002031527226790786, 0.002028802176937461, 0.00203036074526608, 0.0006617220933549106, 0.0005430703167803586, 0.0005520732956938446]], [[0, 1, 2, 3, 4, 5, 6, 7, 8, 9, 10, 11, 12, 13, 14, 15, 16, 17, 18, 19, 20], [10.53, 61.49, 80.32, 83.2, 82.98, 82.85, 84.92, 84.26, 84.15, 85.55, 85.85, 85.69, 85.6, 85.54, 85.47, 86.12, 86.13, 86.38, 85.69, 86.09, 85.8], [0, 0.0036799139343202114, 0.0006205026293173432, 0.0003078244917560369, 0.0002280563785461709, 0.00019090854038950056, 9.054115071194246e-05, 5.390294245444238e-05, 4.9947600928135216e-05, 4.602837725542486e-05, 4.9804373702500015e-05, 5.3775333071826026e-05, 6.096210199757479e-05, 7.0839625550434e-05, 7.495373574784026e-05, 7.895039016148075e-05, 5.45245420653373e-05, 5.732999852625653e-05, 5.22350674145855e-05, 5.3311763622332364e-05, 5.952794526820071e-05]]], "alpha": 0.7, "beta": 2.0, "gamma": 3.0, "num_samples": 6000, "node_count": 10, "density": 0.0, "startup_delay": 0.0, "forward_prob": 0}